variant_code,work_code,interval_km,interval_months,interval_source,review_status,reviewer,reviewed_on
vmm-998cc47d299197a0919d5ca6333248a35bb44e84fe9881df350ab3fca92f47b0,BRAKE_FLUID,,24,OEM_MARKET_REFERENCE_DE | German-registered Kia; all models in table; confirm HR/VIN plan; source model-year/VIN is not the dataset production-year. https://eu-www.kia.com/content/dam/kwcms/kme/de/de/assets/contents/service/service-wartung/Kia_Wartungsintervalle-Fahrzeuge_Stand-2025-09.pdf,DRAFT_MARKET_AND_MODEL_YEAR_REVIEW,,
vmm-3b135e8db6d2f97fb4e3ce54a0ee6be533cb5f29b4b57abc393ef091a9f1d422,BRAKE_FLUID,,24,OEM_MARKET_REFERENCE_DE | German-registered Kia; all models in table; confirm HR/VIN plan; source model-year/VIN is not the dataset production-year. https://eu-www.kia.com/content/dam/kwcms/kme/de/de/assets/contents/service/service-wartung/Kia_Wartungsintervalle-Fahrzeuge_Stand-2025-09.pdf,DRAFT_MARKET_AND_MODEL_YEAR_REVIEW,,
vmm-df414e7920d721b0f189fc3cc88c0120ebeb6a87c31f4a4c29fc73767c25ceb8,BRAKE_FLUID,,24,OEM_MARKET_REFERENCE_DE | German-registered Kia; all models in table; confirm HR/VIN plan; source model-year/VIN is not the dataset production-year. https://eu-www.kia.com/content/dam/kwcms/kme/de/de/assets/contents/service/service-wartung/Kia_Wartungsintervalle-Fahrzeuge_Stand-2025-09.pdf,DRAFT_MARKET_AND_MODEL_YEAR_REVIEW,,
vmm-f3001b3737b6c1edc5fa7cb6b2aae4129b8707f4c9046515a3df96a06eadf82b,BRAKE_FLUID,,24,OEM_MARKET_REFERENCE_DE | German-registered Kia; all models in table; confirm HR/VIN plan; source model-year/VIN is not the dataset production-year. https://eu-www.kia.com/content/dam/kwcms/kme/de/de/assets/contents/service/service-wartung/Kia_Wartungsintervalle-Fahrzeuge_Stand-2025-09.pdf,DRAFT_MARKET_AND_MODEL_YEAR_REVIEW,,
vmm-1e534daccc2f263aa6b19c4df88df3e93d166773563554b2fac5663ac0f64c83,BRAKE_FLUID,,24,OEM_MARKET_REFERENCE_DE | German-registered Kia; all models in table; confirm HR/VIN plan; source model-year/VIN is not the dataset production-year. https://eu-www.kia.com/content/dam/kwcms/kme/de/de/assets/contents/service/service-wartung/Kia_Wartungsintervalle-Fahrzeuge_Stand-2025-09.pdf,DRAFT_MARKET_AND_MODEL_YEAR_REVIEW,,
vmm-126062e6bdf54a2bd5629902ec59484131ffe4f6229a7fbaac417e0557e183eb,BRAKE_FLUID,,24,OEM_MARKET_REFERENCE_DE | German-registered Kia; all models in table; confirm HR/VIN plan; source model-year/VIN is not the dataset production-year. https://eu-www.kia.com/content/dam/kwcms/kme/de/de/assets/contents/service/service-wartung/Kia_Wartungsintervalle-Fahrzeuge_Stand-2025-09.pdf,DRAFT_MARKET_AND_MODEL_YEAR_REVIEW,,
vmm-06635374041df2c9bab44574a7019e93c838d6b846cf47713837742684d4423d,BRAKE_FLUID,,24,OEM_MARKET_REFERENCE_DE | German-registered Kia; all models in table; confirm HR/VIN plan; source model-year/VIN is not the dataset production-year. https://eu-www.kia.com/content/dam/kwcms/kme/de/de/assets/contents/service/service-wartung/Kia_Wartungsintervalle-Fahrzeuge_Stand-2025-09.pdf,DRAFT_MARKET_AND_MODEL_YEAR_REVIEW,,
vmm-6191db341ebdd05eda97cfa564f71e975bb74e41725e6e3c487804514cbacbb3,BRAKE_FLUID,,24,OEM_MARKET_REFERENCE_DE | German-registered Kia; all models in table; confirm HR/VIN plan; source model-year/VIN is not the dataset production-year. https://eu-www.kia.com/content/dam/kwcms/kme/de/de/assets/contents/service/service-wartung/Kia_Wartungsintervalle-Fahrzeuge_Stand-2025-09.pdf,DRAFT_MARKET_AND_MODEL_YEAR_REVIEW,,
vmm-4d3904a480a35ef4b21b5f10d93242ce73a38c0da6700eb489d9ed914e344a15,BRAKE_FLUID,,24,OEM_MARKET_REFERENCE_DE | German-registered Kia; all models in table; confirm HR/VIN plan; source model-year/VIN is not the dataset production-year. https://eu-www.kia.com/content/dam/kwcms/kme/de/de/assets/contents/service/service-wartung/Kia_Wartungsintervalle-Fahrzeuge_Stand-2025-09.pdf,DRAFT_MARKET_AND_MODEL_YEAR_REVIEW,,
vmm-f3bb8ad32e452cf4a4959d5ed4134967ce1bdfa26afba6f833c138f6070c9976,BRAKE_FLUID,,24,OEM_MARKET_REFERENCE_DE | German-registered Kia; all models in table; confirm HR/VIN plan; source model-year/VIN is not the dataset production-year. https://eu-www.kia.com/content/dam/kwcms/kme/de/de/assets/contents/service/service-wartung/Kia_Wartungsintervalle-Fahrzeuge_Stand-2025-09.pdf,DRAFT_MARKET_AND_MODEL_YEAR_REVIEW,,
vmm-b34bb085e1136e32e894a6b6577023fbe270b53fcde4c0e2a7302f1cc0935185,BRAKE_FLUID,,24,OEM_MARKET_REFERENCE_DE | German-registered Kia; all models in table; confirm HR/VIN plan; source model-year/VIN is not the dataset production-year. https://eu-www.kia.com/content/dam/kwcms/kme/de/de/assets/contents/service/service-wartung/Kia_Wartungsintervalle-Fahrzeuge_Stand-2025-09.pdf,DRAFT_MARKET_AND_MODEL_YEAR_REVIEW,,
vmm-63d148006505ac5cdfd8c79c91e9007469477fb24655d10406235169f9203c8c,BRAKE_FLUID,,24,OEM_MARKET_REFERENCE_DE | German-registered Kia; all models in table; confirm HR/VIN plan; source model-year/VIN is not the dataset production-year. https://eu-www.kia.com/content/dam/kwcms/kme/de/de/assets/contents/service/service-wartung/Kia_Wartungsintervalle-Fahrzeuge_Stand-2025-09.pdf,DRAFT_MARKET_AND_MODEL_YEAR_REVIEW,,
vmm-11c5666ab8c4c403c8958062b9674b7cbf1f3adae581750ee0e91f4ae7f73ef7,BRAKE_FLUID,,24,OEM_MARKET_REFERENCE_DE | German-registered Kia; all models in table; confirm HR/VIN plan; source model-year/VIN is not the dataset production-year. https://eu-www.kia.com/content/dam/kwcms/kme/de/de/assets/contents/service/service-wartung/Kia_Wartungsintervalle-Fahrzeuge_Stand-2025-09.pdf,DRAFT_MARKET_AND_MODEL_YEAR_REVIEW,,
vmm-d951c1c9a3951cd523d79e1e8df428f65d9db53ab5eae5e8bf735223acfae845,BRAKE_FLUID,,24,OEM_MARKET_REFERENCE_DE | German-registered Kia; all models in table; confirm HR/VIN plan; source model-year/VIN is not the dataset production-year. https://eu-www.kia.com/content/dam/kwcms/kme/de/de/assets/contents/service/service-wartung/Kia_Wartungsintervalle-Fahrzeuge_Stand-2025-09.pdf,DRAFT_MARKET_AND_MODEL_YEAR_REVIEW,,
vmm-5ebc3f2823d52974ef2b49cb226f0026b38f6960bccee1322f1521560865e2c4,BRAKE_FLUID,,24,OEM_MARKET_REFERENCE_DE | German-registered Kia; all models in table; confirm HR/VIN plan; source model-year/VIN is not the dataset production-year. https://eu-www.kia.com/content/dam/kwcms/kme/de/de/assets/contents/service/service-wartung/Kia_Wartungsintervalle-Fahrzeuge_Stand-2025-09.pdf,DRAFT_MARKET_AND_MODEL_YEAR_REVIEW,,
vmm-dbaac5e8b84a196189227dc0530d03b70c9259682ab36f0c1a3e61ec58eb9d57,BRAKE_FLUID,,24,OEM_MARKET_REFERENCE_DE | German-registered Kia; all models in table; confirm HR/VIN plan; source model-year/VIN is not the dataset production-year. https://eu-www.kia.com/content/dam/kwcms/kme/de/de/assets/contents/service/service-wartung/Kia_Wartungsintervalle-Fahrzeuge_Stand-2025-09.pdf,DRAFT_MARKET_AND_MODEL_YEAR_REVIEW,,
vmm-3d59307e9dead5b7d16fb347fbcf9fd707fbab9918e60ad8e8318d04286e313f,BRAKE_FLUID,,24,OEM_MARKET_REFERENCE_DE | German-registered Kia; all models in table; confirm HR/VIN plan; source model-year/VIN is not the dataset production-year. https://eu-www.kia.com/content/dam/kwcms/kme/de/de/assets/contents/service/service-wartung/Kia_Wartungsintervalle-Fahrzeuge_Stand-2025-09.pdf,DRAFT_MARKET_AND_MODEL_YEAR_REVIEW,,
vmm-b5d8d3e9c7994bd962d71b3685e4b81d8f21e3df9f796ae999e893e952b9634d,BRAKE_FLUID,,24,OEM_MARKET_REFERENCE_DE | German-registered Kia; all models in table; confirm HR/VIN plan; source model-year/VIN is not the dataset production-year. https://eu-www.kia.com/content/dam/kwcms/kme/de/de/assets/contents/service/service-wartung/Kia_Wartungsintervalle-Fahrzeuge_Stand-2025-09.pdf,DRAFT_MARKET_AND_MODEL_YEAR_REVIEW,,
vmm-e0e2c4670a1d446e9fbb1d8cfa2d73a8f6f81c29db37585b29c51c6b68c48345,BRAKE_FLUID,,24,OEM_MARKET_REFERENCE_DE | German-registered Kia; all models in table; confirm HR/VIN plan; source model-year/VIN is not the dataset production-year. https://eu-www.kia.com/content/dam/kwcms/kme/de/de/assets/contents/service/service-wartung/Kia_Wartungsintervalle-Fahrzeuge_Stand-2025-09.pdf,DRAFT_MARKET_AND_MODEL_YEAR_REVIEW,,
vmm-75158f25098031d4e467b345db0680e58a5017cce706d671625d7b14ef7e90cd,BRAKE_FLUID,,24,OEM_MARKET_REFERENCE_DE | German-registered Kia; all models in table; confirm HR/VIN plan; source model-year/VIN is not the dataset production-year. https://eu-www.kia.com/content/dam/kwcms/kme/de/de/assets/contents/service/service-wartung/Kia_Wartungsintervalle-Fahrzeuge_Stand-2025-09.pdf,DRAFT_MARKET_AND_MODEL_YEAR_REVIEW,,
vmm-8bd6b7eabf6bff9c358577d4be43717096207f5d7540c2a9d7191ddcc97e16b9,BRAKE_FLUID,,24,OEM_MARKET_REFERENCE_DE | German-registered Kia; all models in table; confirm HR/VIN plan; source model-year/VIN is not the dataset production-year. https://eu-www.kia.com/content/dam/kwcms/kme/de/de/assets/contents/service/service-wartung/Kia_Wartungsintervalle-Fahrzeuge_Stand-2025-09.pdf,DRAFT_MARKET_AND_MODEL_YEAR_REVIEW,,
vmm-1b4007921449c139450b0fc4970b3a3c7745c116e38563df7ad282afb2574149,BRAKE_FLUID,,24,OEM_MARKET_REFERENCE_DE | German-registered Kia; all models in table; confirm HR/VIN plan; source model-year/VIN is not the dataset production-year. https://eu-www.kia.com/content/dam/kwcms/kme/de/de/assets/contents/service/service-wartung/Kia_Wartungsintervalle-Fahrzeuge_Stand-2025-09.pdf,DRAFT_MARKET_AND_MODEL_YEAR_REVIEW,,
vmm-b6b13786665853d1528b3769aeaabb96c501e13890052e54c3d5e6ebc4622393,BRAKE_FLUID,,24,OEM_MARKET_REFERENCE_DE | German-registered Kia; all models in table; confirm HR/VIN plan; source model-year/VIN is not the dataset production-year. https://eu-www.kia.com/content/dam/kwcms/kme/de/de/assets/contents/service/service-wartung/Kia_Wartungsintervalle-Fahrzeuge_Stand-2025-09.pdf,DRAFT_MARKET_AND_MODEL_YEAR_REVIEW,,
vmm-11e9deb1c060528c1c0ee30d0b9a3ad1194d5662a4e0bda82863de05baf95755,BRAKE_FLUID,,24,OEM_MARKET_REFERENCE_DE | German-registered Kia; all models in table; confirm HR/VIN plan; source model-year/VIN is not the dataset production-year. https://eu-www.kia.com/content/dam/kwcms/kme/de/de/assets/contents/service/service-wartung/Kia_Wartungsintervalle-Fahrzeuge_Stand-2025-09.pdf,DRAFT_MARKET_AND_MODEL_YEAR_REVIEW,,
vmm-597a446b16593a6ff74e66cf108cb311e215609b33692d20cbbbf72887553d32,BRAKE_FLUID,,24,OEM_MARKET_REFERENCE_DE | German-registered Kia; all models in table; confirm HR/VIN plan; source model-year/VIN is not the dataset production-year. https://eu-www.kia.com/content/dam/kwcms/kme/de/de/assets/contents/service/service-wartung/Kia_Wartungsintervalle-Fahrzeuge_Stand-2025-09.pdf,DRAFT_MARKET_AND_MODEL_YEAR_REVIEW,,
vmm-f539c5f2eff1def66bc96f8b9a08e10c8ae827a13987bf1f207aba4689b4ccf2,BRAKE_FLUID,,24,OEM_MARKET_REFERENCE_DE | German-registered Kia; all models in table; confirm HR/VIN plan; source model-year/VIN is not the dataset production-year. https://eu-www.kia.com/content/dam/kwcms/kme/de/de/assets/contents/service/service-wartung/Kia_Wartungsintervalle-Fahrzeuge_Stand-2025-09.pdf,DRAFT_MARKET_AND_MODEL_YEAR_REVIEW,,
vmm-bd359906b1d9ca4c24672ba1ab86567bb88c3a3c50d75b391582c4d9bf598eb8,BRAKE_FLUID,,24,OEM_MARKET_REFERENCE_DE | German-registered Kia; all models in table; confirm HR/VIN plan; source model-year/VIN is not the dataset production-year. https://eu-www.kia.com/content/dam/kwcms/kme/de/de/assets/contents/service/service-wartung/Kia_Wartungsintervalle-Fahrzeuge_Stand-2025-09.pdf,DRAFT_MARKET_AND_MODEL_YEAR_REVIEW,,
vmm-b7637c8ec537b508f44b23f1bcda9683a76aa8a60a1b290b29612a8b55e302d5,BRAKE_FLUID,,24,OEM_MARKET_REFERENCE_DE | German-registered Kia; all models in table; confirm HR/VIN plan; source model-year/VIN is not the dataset production-year. https://eu-www.kia.com/content/dam/kwcms/kme/de/de/assets/contents/service/service-wartung/Kia_Wartungsintervalle-Fahrzeuge_Stand-2025-09.pdf,DRAFT_MARKET_AND_MODEL_YEAR_REVIEW,,
vmm-b0ab54d3bbbe8cfd26d6bf7d19aa4aa1f7caa4bc0c1d01b28f7bede3738556df,BRAKE_FLUID,,24,OEM_MARKET_REFERENCE_DE | German-registered Kia; all models in table; confirm HR/VIN plan; source model-year/VIN is not the dataset production-year. https://eu-www.kia.com/content/dam/kwcms/kme/de/de/assets/contents/service/service-wartung/Kia_Wartungsintervalle-Fahrzeuge_Stand-2025-09.pdf,DRAFT_MARKET_AND_MODEL_YEAR_REVIEW,,
vmm-902ce27441cd1b0f5b4e2cd36db0fdca72a57353b12279ab47f55a0fadfb4772,BRAKE_FLUID,,24,OEM_MARKET_REFERENCE_DE | German-registered Kia; all models in table; confirm HR/VIN plan; source model-year/VIN is not the dataset production-year. https://eu-www.kia.com/content/dam/kwcms/kme/de/de/assets/contents/service/service-wartung/Kia_Wartungsintervalle-Fahrzeuge_Stand-2025-09.pdf,DRAFT_MARKET_AND_MODEL_YEAR_REVIEW,,
vmm-c4337883469b625727c55a7d7de901613a7f476af65106273996d5dce068a17a,BRAKE_FLUID,,24,OEM_MARKET_REFERENCE_DE | German-registered Kia; all models in table; confirm HR/VIN plan; source model-year/VIN is not the dataset production-year. https://eu-www.kia.com/content/dam/kwcms/kme/de/de/assets/contents/service/service-wartung/Kia_Wartungsintervalle-Fahrzeuge_Stand-2025-09.pdf,DRAFT_MARKET_AND_MODEL_YEAR_REVIEW,,
vmm-57bb54ca37285fda9255f202ba3c022345da51f9cb98cab05c4532295b02f383,BRAKE_FLUID,,24,OEM_MARKET_REFERENCE_DE | German-registered Kia; all models in table; confirm HR/VIN plan; source model-year/VIN is not the dataset production-year. https://eu-www.kia.com/content/dam/kwcms/kme/de/de/assets/contents/service/service-wartung/Kia_Wartungsintervalle-Fahrzeuge_Stand-2025-09.pdf,DRAFT_MARKET_AND_MODEL_YEAR_REVIEW,,
vmm-205e985e9ddb1c0ea7a40ef5f0b5689a52c1bc7477b5e48453002c8d58c4ba17,BRAKE_FLUID,,24,OEM_MARKET_REFERENCE_DE | German-registered Kia; all models in table; confirm HR/VIN plan; source model-year/VIN is not the dataset production-year. https://eu-www.kia.com/content/dam/kwcms/kme/de/de/assets/contents/service/service-wartung/Kia_Wartungsintervalle-Fahrzeuge_Stand-2025-09.pdf,DRAFT_MARKET_AND_MODEL_YEAR_REVIEW,,
vmm-131544d47e9c720cbb2bab535a44d77505c5f262dad66dd3c03dac20037ff111,BRAKE_FLUID,,24,OEM_MARKET_REFERENCE_DE | German-registered Kia; all models in table; confirm HR/VIN plan; source model-year/VIN is not the dataset production-year. https://eu-www.kia.com/content/dam/kwcms/kme/de/de/assets/contents/service/service-wartung/Kia_Wartungsintervalle-Fahrzeuge_Stand-2025-09.pdf,DRAFT_MARKET_AND_MODEL_YEAR_REVIEW,,
vmm-00eb982635491dc59b6c7df283d37ae4d1b6ad1670193f725d95777d8d97cc97,BRAKE_FLUID,,24,OEM_MARKET_REFERENCE_DE | German-registered Kia; all models in table; confirm HR/VIN plan; source model-year/VIN is not the dataset production-year. https://eu-www.kia.com/content/dam/kwcms/kme/de/de/assets/contents/service/service-wartung/Kia_Wartungsintervalle-Fahrzeuge_Stand-2025-09.pdf,DRAFT_MARKET_AND_MODEL_YEAR_REVIEW,,
vmm-5f59addef7fe119fd5982a9866640621472409e49575669ae139c01e89b642a2,BRAKE_FLUID,,24,OEM_MARKET_REFERENCE_DE | German-registered Kia; all models in table; confirm HR/VIN plan; source model-year/VIN is not the dataset production-year. https://eu-www.kia.com/content/dam/kwcms/kme/de/de/assets/contents/service/service-wartung/Kia_Wartungsintervalle-Fahrzeuge_Stand-2025-09.pdf,DRAFT_MARKET_AND_MODEL_YEAR_REVIEW,,
vmm-adef5e227b0d845496938e4c4227863e0704c36de0bc867c785d135aa1c78633,BRAKE_FLUID,,24,OEM_MARKET_REFERENCE_DE | German-registered Kia; all models in table; confirm HR/VIN plan; source model-year/VIN is not the dataset production-year. https://eu-www.kia.com/content/dam/kwcms/kme/de/de/assets/contents/service/service-wartung/Kia_Wartungsintervalle-Fahrzeuge_Stand-2025-09.pdf,DRAFT_MARKET_AND_MODEL_YEAR_REVIEW,,
vmm-6c4cc061749123e18413fb5048f5c51d87b4e2da9533c7b289fe06052ea2f625,BRAKE_FLUID,,24,OEM_MARKET_REFERENCE_DE | German-registered Kia; all models in table; confirm HR/VIN plan; source model-year/VIN is not the dataset production-year. https://eu-www.kia.com/content/dam/kwcms/kme/de/de/assets/contents/service/service-wartung/Kia_Wartungsintervalle-Fahrzeuge_Stand-2025-09.pdf,DRAFT_MARKET_AND_MODEL_YEAR_REVIEW,,
vmm-10eee1d80d485af1321c0e0fe1b585ba49a9c01cf0f6b83804d7c786bd18e9be,BRAKE_FLUID,,24,OEM_MARKET_REFERENCE_DE | German-registered Kia; all models in table; confirm HR/VIN plan; source model-year/VIN is not the dataset production-year. https://eu-www.kia.com/content/dam/kwcms/kme/de/de/assets/contents/service/service-wartung/Kia_Wartungsintervalle-Fahrzeuge_Stand-2025-09.pdf,DRAFT_MARKET_AND_MODEL_YEAR_REVIEW,,
vmm-3ef6ccbf6b5465ac4bc4cf65f8aeee6aa11dc85ad45737ccdd584c281de9dff5,BRAKE_FLUID,,24,OEM_MARKET_REFERENCE_DE | German-registered Kia; all models in table; confirm HR/VIN plan; source model-year/VIN is not the dataset production-year. https://eu-www.kia.com/content/dam/kwcms/kme/de/de/assets/contents/service/service-wartung/Kia_Wartungsintervalle-Fahrzeuge_Stand-2025-09.pdf,DRAFT_MARKET_AND_MODEL_YEAR_REVIEW,,
vmm-17fb8e2e206d42fe83ee613fb4fa70de405fa8efdb65177a55a8ac856426148d,BRAKE_FLUID,,24,OEM_MARKET_REFERENCE_DE | German-registered Kia; all models in table; confirm HR/VIN plan; source model-year/VIN is not the dataset production-year. https://eu-www.kia.com/content/dam/kwcms/kme/de/de/assets/contents/service/service-wartung/Kia_Wartungsintervalle-Fahrzeuge_Stand-2025-09.pdf,DRAFT_MARKET_AND_MODEL_YEAR_REVIEW,,
vmm-64eabecb2b8b3c4e1146d29b43129063eed8c995e9795e5f678d7f25c20e6ab4,BRAKE_FLUID,,24,OEM_MARKET_REFERENCE_DE | German-registered Kia; all models in table; confirm HR/VIN plan; source model-year/VIN is not the dataset production-year. https://eu-www.kia.com/content/dam/kwcms/kme/de/de/assets/contents/service/service-wartung/Kia_Wartungsintervalle-Fahrzeuge_Stand-2025-09.pdf,DRAFT_MARKET_AND_MODEL_YEAR_REVIEW,,
vmm-71e6f8e44e2d3ce85ad45fbda349a134503360269b22d510bc810d66fbc79a85,BRAKE_FLUID,,24,OEM_MARKET_REFERENCE_DE | German-registered Kia; all models in table; confirm HR/VIN plan; source model-year/VIN is not the dataset production-year. https://eu-www.kia.com/content/dam/kwcms/kme/de/de/assets/contents/service/service-wartung/Kia_Wartungsintervalle-Fahrzeuge_Stand-2025-09.pdf,DRAFT_MARKET_AND_MODEL_YEAR_REVIEW,,
vmm-942d50fe3aab5e259e724d0de4109d034ebafee1a27633b357df1aadad6bf172,BRAKE_FLUID,,24,OEM_MARKET_REFERENCE_DE | German-registered Kia; all models in table; confirm HR/VIN plan; source model-year/VIN is not the dataset production-year. https://eu-www.kia.com/content/dam/kwcms/kme/de/de/assets/contents/service/service-wartung/Kia_Wartungsintervalle-Fahrzeuge_Stand-2025-09.pdf,DRAFT_MARKET_AND_MODEL_YEAR_REVIEW,,
vmm-0313e443a72f31b1097016ac317d8b22a46339f3a3f8ed744814b3b15ffe0eda,BRAKE_FLUID,,24,OEM_MARKET_REFERENCE_DE | German-registered Kia; all models in table; confirm HR/VIN plan; source model-year/VIN is not the dataset production-year. https://eu-www.kia.com/content/dam/kwcms/kme/de/de/assets/contents/service/service-wartung/Kia_Wartungsintervalle-Fahrzeuge_Stand-2025-09.pdf,DRAFT_MARKET_AND_MODEL_YEAR_REVIEW,,
vmm-47cd0e95ebb9cff2722fc58bf3f36d997fe031aa8c412bbdec4d4b54a8733923,BRAKE_FLUID,,24,OEM_MARKET_REFERENCE_DE | German-registered Kia; all models in table; confirm HR/VIN plan; source model-year/VIN is not the dataset production-year. https://eu-www.kia.com/content/dam/kwcms/kme/de/de/assets/contents/service/service-wartung/Kia_Wartungsintervalle-Fahrzeuge_Stand-2025-09.pdf,DRAFT_MARKET_AND_MODEL_YEAR_REVIEW,,
vmm-a5255fcf8d378bb247ec94a92b82d1602bda9d5b05d4899aaf6013a1312ac11a,BRAKE_FLUID,,24,OEM_MARKET_REFERENCE_DE | German-registered Kia; all models in table; confirm HR/VIN plan; source model-year/VIN is not the dataset production-year. https://eu-www.kia.com/content/dam/kwcms/kme/de/de/assets/contents/service/service-wartung/Kia_Wartungsintervalle-Fahrzeuge_Stand-2025-09.pdf,DRAFT_MARKET_AND_MODEL_YEAR_REVIEW,,
vmm-835c8a08908002024ea86c64393166d03070a06b92ce65b9b5276463a9c4a538,BRAKE_FLUID,,24,OEM_MARKET_REFERENCE_DE | German-registered Kia; all models in table; confirm HR/VIN plan; source model-year/VIN is not the dataset production-year. https://eu-www.kia.com/content/dam/kwcms/kme/de/de/assets/contents/service/service-wartung/Kia_Wartungsintervalle-Fahrzeuge_Stand-2025-09.pdf,DRAFT_MARKET_AND_MODEL_YEAR_REVIEW,,
vmm-d939cb6acfda7b2c59b77e4495b529045ccaf468a66ab3296194aa4a00ed61af,BRAKE_FLUID,,24,OEM_MARKET_REFERENCE_DE | German-registered Kia; all models in table; confirm HR/VIN plan; source model-year/VIN is not the dataset production-year. https://eu-www.kia.com/content/dam/kwcms/kme/de/de/assets/contents/service/service-wartung/Kia_Wartungsintervalle-Fahrzeuge_Stand-2025-09.pdf,DRAFT_MARKET_AND_MODEL_YEAR_REVIEW,,
vmm-9c204ad25dc5c1324cf51590baec8e2ac11945c6c0acc61eeb0d1d4dca772358,BRAKE_FLUID,,24,OEM_MARKET_REFERENCE_DE | German-registered Kia; all models in table; confirm HR/VIN plan; source model-year/VIN is not the dataset production-year. https://eu-www.kia.com/content/dam/kwcms/kme/de/de/assets/contents/service/service-wartung/Kia_Wartungsintervalle-Fahrzeuge_Stand-2025-09.pdf,DRAFT_MARKET_AND_MODEL_YEAR_REVIEW,,
vmm-33451bb3f9095ba08cc473a0f4f038bd16634acc0f4e870ee8e4da713ef4661d,BRAKE_FLUID,,24,OEM_MARKET_REFERENCE_DE | German-registered Kia; all models in table; confirm HR/VIN plan; source model-year/VIN is not the dataset production-year. https://eu-www.kia.com/content/dam/kwcms/kme/de/de/assets/contents/service/service-wartung/Kia_Wartungsintervalle-Fahrzeuge_Stand-2025-09.pdf,DRAFT_MARKET_AND_MODEL_YEAR_REVIEW,,
vmm-856cdf7303e4ac45db6cca4cbdd0e7ea783b48ef5a509f10dc67eab68f03a754,BRAKE_FLUID,,24,OEM_MARKET_REFERENCE_DE | German-registered Kia; all models in table; confirm HR/VIN plan; source model-year/VIN is not the dataset production-year. https://eu-www.kia.com/content/dam/kwcms/kme/de/de/assets/contents/service/service-wartung/Kia_Wartungsintervalle-Fahrzeuge_Stand-2025-09.pdf,DRAFT_MARKET_AND_MODEL_YEAR_REVIEW,,
vmm-fbb501c4adaaf0463d42dd15df1a9f3f94f011a101a2ae90598ceb1eaf873afe,BRAKE_FLUID,,24,OEM_MARKET_REFERENCE_DE | German-registered Kia; all models in table; confirm HR/VIN plan; source model-year/VIN is not the dataset production-year. https://eu-www.kia.com/content/dam/kwcms/kme/de/de/assets/contents/service/service-wartung/Kia_Wartungsintervalle-Fahrzeuge_Stand-2025-09.pdf,DRAFT_MARKET_AND_MODEL_YEAR_REVIEW,,
vmm-e5cfdfa6f351e93787f3d7310a561779fb9f35c71c5f9ddf63d49537c0f2991b,BRAKE_FLUID,,24,OEM_MARKET_REFERENCE_DE | German-registered Kia; all models in table; confirm HR/VIN plan; source model-year/VIN is not the dataset production-year. https://eu-www.kia.com/content/dam/kwcms/kme/de/de/assets/contents/service/service-wartung/Kia_Wartungsintervalle-Fahrzeuge_Stand-2025-09.pdf,DRAFT_MARKET_AND_MODEL_YEAR_REVIEW,,
vmm-9797bd27806373a7da76213df4dff296c70af3f19f507f5f7214a61136f81a26,BRAKE_FLUID,,24,OEM_MARKET_REFERENCE_DE | German-registered Kia; all models in table; confirm HR/VIN plan; source model-year/VIN is not the dataset production-year. https://eu-www.kia.com/content/dam/kwcms/kme/de/de/assets/contents/service/service-wartung/Kia_Wartungsintervalle-Fahrzeuge_Stand-2025-09.pdf,DRAFT_MARKET_AND_MODEL_YEAR_REVIEW,,
vmm-48709ead00dd08b396c1d1b0f4a14ffe3b34b2a623a699330a8dd74259528c9c,BRAKE_FLUID,,24,OEM_MARKET_REFERENCE_DE | German-registered Kia; all models in table; confirm HR/VIN plan; source model-year/VIN is not the dataset production-year. https://eu-www.kia.com/content/dam/kwcms/kme/de/de/assets/contents/service/service-wartung/Kia_Wartungsintervalle-Fahrzeuge_Stand-2025-09.pdf,DRAFT_MARKET_AND_MODEL_YEAR_REVIEW,,
vmm-84a8b902636f0366ee775bc32867043ddd9234ca900b5da8e238bda30b7c5538,BRAKE_FLUID,,24,OEM_MARKET_REFERENCE_DE | German-registered Kia; all models in table; confirm HR/VIN plan; source model-year/VIN is not the dataset production-year. https://eu-www.kia.com/content/dam/kwcms/kme/de/de/assets/contents/service/service-wartung/Kia_Wartungsintervalle-Fahrzeuge_Stand-2025-09.pdf,DRAFT_MARKET_AND_MODEL_YEAR_REVIEW,,
vmm-bc89da153c9625d33a47f6803bf4176a973ac520625ab23edf173b6e4240174c,BRAKE_FLUID,,24,OEM_MARKET_REFERENCE_DE | German-registered Kia; all models in table; confirm HR/VIN plan; source model-year/VIN is not the dataset production-year. https://eu-www.kia.com/content/dam/kwcms/kme/de/de/assets/contents/service/service-wartung/Kia_Wartungsintervalle-Fahrzeuge_Stand-2025-09.pdf,DRAFT_MARKET_AND_MODEL_YEAR_REVIEW,,
vmm-f26fcef5ec3ea6a22f4e342f7f8853cde10cb4fcb71a1bc24b834952cd195e6f,BRAKE_FLUID,,24,OEM_MARKET_REFERENCE_DE | German-registered Kia; all models in table; confirm HR/VIN plan; source model-year/VIN is not the dataset production-year. https://eu-www.kia.com/content/dam/kwcms/kme/de/de/assets/contents/service/service-wartung/Kia_Wartungsintervalle-Fahrzeuge_Stand-2025-09.pdf,DRAFT_MARKET_AND_MODEL_YEAR_REVIEW,,
vmm-1a79df3f55789fa436c7754d051fb96ce9fb4eb8da6fff9ce0325a4449afcef5,BRAKE_FLUID,,24,OEM_MARKET_REFERENCE_DE | German-registered Kia; all models in table; confirm HR/VIN plan; source model-year/VIN is not the dataset production-year. https://eu-www.kia.com/content/dam/kwcms/kme/de/de/assets/contents/service/service-wartung/Kia_Wartungsintervalle-Fahrzeuge_Stand-2025-09.pdf,DRAFT_MARKET_AND_MODEL_YEAR_REVIEW,,
vmm-0f6162ac831dd9c659155216f4d344c2ca8fd5c721fa4d0ba0babc743890293a,BRAKE_FLUID,,24,OEM_MARKET_REFERENCE_DE | German-registered Kia; all models in table; confirm HR/VIN plan; source model-year/VIN is not the dataset production-year. https://eu-www.kia.com/content/dam/kwcms/kme/de/de/assets/contents/service/service-wartung/Kia_Wartungsintervalle-Fahrzeuge_Stand-2025-09.pdf,DRAFT_MARKET_AND_MODEL_YEAR_REVIEW,,
vmm-b0d1d3d88ea9a1202e30e8707088466437c9db9e233d7ec75962f887a9eb53de,BRAKE_FLUID,,24,OEM_MARKET_REFERENCE_DE | German-registered Kia; all models in table; confirm HR/VIN plan; source model-year/VIN is not the dataset production-year. https://eu-www.kia.com/content/dam/kwcms/kme/de/de/assets/contents/service/service-wartung/Kia_Wartungsintervalle-Fahrzeuge_Stand-2025-09.pdf,DRAFT_MARKET_AND_MODEL_YEAR_REVIEW,,
vmm-cb6d7e0b8ffdce182505273dd2855199a7a6a0309e8ffd2d437d4bdc8ea454f9,BRAKE_FLUID,,24,OEM_MARKET_REFERENCE_DE | German-registered Kia; all models in table; confirm HR/VIN plan; source model-year/VIN is not the dataset production-year. https://eu-www.kia.com/content/dam/kwcms/kme/de/de/assets/contents/service/service-wartung/Kia_Wartungsintervalle-Fahrzeuge_Stand-2025-09.pdf,DRAFT_MARKET_AND_MODEL_YEAR_REVIEW,,
vmm-a01f77a2e0ff2e7d4010074993900d05adf18a8e3f1daaf942d5ef55b0412cf7,BRAKE_FLUID,,24,OEM_MARKET_REFERENCE_DE | German-registered Kia; all models in table; confirm HR/VIN plan; source model-year/VIN is not the dataset production-year. https://eu-www.kia.com/content/dam/kwcms/kme/de/de/assets/contents/service/service-wartung/Kia_Wartungsintervalle-Fahrzeuge_Stand-2025-09.pdf,DRAFT_MARKET_AND_MODEL_YEAR_REVIEW,,
vmm-44431159272a4c6413c1c470d9c13af699967f8fca12d990a18318ae196ff9fb,BRAKE_FLUID,,24,OEM_MARKET_REFERENCE_DE | German-registered Kia; all models in table; confirm HR/VIN plan; source model-year/VIN is not the dataset production-year. https://eu-www.kia.com/content/dam/kwcms/kme/de/de/assets/contents/service/service-wartung/Kia_Wartungsintervalle-Fahrzeuge_Stand-2025-09.pdf,DRAFT_MARKET_AND_MODEL_YEAR_REVIEW,,
vmm-322ecd7e5235b19c1492f95af0fe352003205390ce3e5b0ba83a77f49a26056e,BRAKE_FLUID,,24,OEM_MARKET_REFERENCE_DE | German-registered Kia; all models in table; confirm HR/VIN plan; source model-year/VIN is not the dataset production-year. https://eu-www.kia.com/content/dam/kwcms/kme/de/de/assets/contents/service/service-wartung/Kia_Wartungsintervalle-Fahrzeuge_Stand-2025-09.pdf,DRAFT_MARKET_AND_MODEL_YEAR_REVIEW,,
vmm-523ee41b13ee066ec3c9dd63c9c55f4bce0ed7dc845dcc7b89baa5063741ce97,BRAKE_FLUID,,24,OEM_MARKET_REFERENCE_DE | German-registered Kia; all models in table; confirm HR/VIN plan; source model-year/VIN is not the dataset production-year. https://eu-www.kia.com/content/dam/kwcms/kme/de/de/assets/contents/service/service-wartung/Kia_Wartungsintervalle-Fahrzeuge_Stand-2025-09.pdf,DRAFT_MARKET_AND_MODEL_YEAR_REVIEW,,
vmm-74437be855d683d020b3a9eb7b85f3e97d786f6390c838bc9c8e0a66a2f8f67b,BRAKE_FLUID,,24,OEM_MARKET_REFERENCE_DE | German-registered Kia; all models in table; confirm HR/VIN plan; source model-year/VIN is not the dataset production-year. https://eu-www.kia.com/content/dam/kwcms/kme/de/de/assets/contents/service/service-wartung/Kia_Wartungsintervalle-Fahrzeuge_Stand-2025-09.pdf,DRAFT_MARKET_AND_MODEL_YEAR_REVIEW,,
vmm-cede2300155f801baf8d40d821297d60c368d1bb1c28eedd41be9b6cd6783ba1,BRAKE_FLUID,,24,OEM_MARKET_REFERENCE_DE | German-registered Kia; all models in table; confirm HR/VIN plan; source model-year/VIN is not the dataset production-year. https://eu-www.kia.com/content/dam/kwcms/kme/de/de/assets/contents/service/service-wartung/Kia_Wartungsintervalle-Fahrzeuge_Stand-2025-09.pdf,DRAFT_MARKET_AND_MODEL_YEAR_REVIEW,,
vmm-7de90b91f83454962ba1fa953458892e0dc956b18b847e98c15b3cd5dbf7ac5d,BRAKE_FLUID,,24,OEM_MARKET_REFERENCE_DE | German-registered Kia; all models in table; confirm HR/VIN plan; source model-year/VIN is not the dataset production-year. https://eu-www.kia.com/content/dam/kwcms/kme/de/de/assets/contents/service/service-wartung/Kia_Wartungsintervalle-Fahrzeuge_Stand-2025-09.pdf,DRAFT_MARKET_AND_MODEL_YEAR_REVIEW,,
vmm-4c10664d514c7e6f89361f46203b40f9f2fb6ba3c86638ec9583efa9bbefa242,BRAKE_FLUID,,24,OEM_MARKET_REFERENCE_DE | German-registered Kia; all models in table; confirm HR/VIN plan; source model-year/VIN is not the dataset production-year. https://eu-www.kia.com/content/dam/kwcms/kme/de/de/assets/contents/service/service-wartung/Kia_Wartungsintervalle-Fahrzeuge_Stand-2025-09.pdf,DRAFT_MARKET_AND_MODEL_YEAR_REVIEW,,
vmm-dcfbeb605730d25e99fb81eb613cd0805ac313efd1241a9d62d060f680449167,BRAKE_FLUID,,24,OEM_MARKET_REFERENCE_DE | German-registered Kia; all models in table; confirm HR/VIN plan; source model-year/VIN is not the dataset production-year. https://eu-www.kia.com/content/dam/kwcms/kme/de/de/assets/contents/service/service-wartung/Kia_Wartungsintervalle-Fahrzeuge_Stand-2025-09.pdf,DRAFT_MARKET_AND_MODEL_YEAR_REVIEW,,
vmm-16a12322c89af39b26c670930e49648bf5e24658295fadd66336498b40f55c30,BRAKE_FLUID,,24,OEM_MARKET_REFERENCE_DE | German-registered Kia; all models in table; confirm HR/VIN plan; source model-year/VIN is not the dataset production-year. https://eu-www.kia.com/content/dam/kwcms/kme/de/de/assets/contents/service/service-wartung/Kia_Wartungsintervalle-Fahrzeuge_Stand-2025-09.pdf,DRAFT_MARKET_AND_MODEL_YEAR_REVIEW,,
vmm-3256054e131dde8c93bf26008b5221d3cca105c01a60437cc44e2bdabd01238f,BRAKE_FLUID,,24,OEM_MARKET_REFERENCE_DE | German-registered Kia; all models in table; confirm HR/VIN plan; source model-year/VIN is not the dataset production-year. https://eu-www.kia.com/content/dam/kwcms/kme/de/de/assets/contents/service/service-wartung/Kia_Wartungsintervalle-Fahrzeuge_Stand-2025-09.pdf,DRAFT_MARKET_AND_MODEL_YEAR_REVIEW,,
vmm-478a2f14bcd1d6c3353fd933f813cd0b0a832e6cb12880cf92b8da7592f7734a,BRAKE_FLUID,,24,OEM_MARKET_REFERENCE_DE | German-registered Kia; all models in table; confirm HR/VIN plan; source model-year/VIN is not the dataset production-year. https://eu-www.kia.com/content/dam/kwcms/kme/de/de/assets/contents/service/service-wartung/Kia_Wartungsintervalle-Fahrzeuge_Stand-2025-09.pdf,DRAFT_MARKET_AND_MODEL_YEAR_REVIEW,,
vmm-506a5fafe31a4ff49e3a2928bf89d96b53d16789d49a1afa38883b97a190bc02,BRAKE_FLUID,,24,OEM_MARKET_REFERENCE_DE | German-registered Kia; all models in table; confirm HR/VIN plan; source model-year/VIN is not the dataset production-year. https://eu-www.kia.com/content/dam/kwcms/kme/de/de/assets/contents/service/service-wartung/Kia_Wartungsintervalle-Fahrzeuge_Stand-2025-09.pdf,DRAFT_MARKET_AND_MODEL_YEAR_REVIEW,,
vmm-af8115b4df2fef20982e411d92415ad774a9b5632f17ee55784a1aadf3359e4f,BRAKE_FLUID,,24,OEM_MARKET_REFERENCE_DE | German-registered Kia; all models in table; confirm HR/VIN plan; source model-year/VIN is not the dataset production-year. https://eu-www.kia.com/content/dam/kwcms/kme/de/de/assets/contents/service/service-wartung/Kia_Wartungsintervalle-Fahrzeuge_Stand-2025-09.pdf,DRAFT_MARKET_AND_MODEL_YEAR_REVIEW,,
vmm-c618885261b0c739077fd122d96b3e1e2709e703665f70155c1da20dd3ba3a25,BRAKE_FLUID,,24,OEM_MARKET_REFERENCE_DE | German-registered Kia; all models in table; confirm HR/VIN plan; source model-year/VIN is not the dataset production-year. https://eu-www.kia.com/content/dam/kwcms/kme/de/de/assets/contents/service/service-wartung/Kia_Wartungsintervalle-Fahrzeuge_Stand-2025-09.pdf,DRAFT_MARKET_AND_MODEL_YEAR_REVIEW,,
vmm-9422cdee969a445d660d956b4a519f52e8555653115b1a5125586b22cf240c01,BRAKE_FLUID,,24,OEM_MARKET_REFERENCE_DE | German-registered Kia; all models in table; confirm HR/VIN plan; source model-year/VIN is not the dataset production-year. https://eu-www.kia.com/content/dam/kwcms/kme/de/de/assets/contents/service/service-wartung/Kia_Wartungsintervalle-Fahrzeuge_Stand-2025-09.pdf,DRAFT_MARKET_AND_MODEL_YEAR_REVIEW,,
vmm-822b9d92eadd92e1d3b3a0dd37d78c50d9f1d9169b75f3fcf2a45a12203f6443,BRAKE_FLUID,,24,OEM_MARKET_REFERENCE_DE | German-registered Kia; all models in table; confirm HR/VIN plan; source model-year/VIN is not the dataset production-year. https://eu-www.kia.com/content/dam/kwcms/kme/de/de/assets/contents/service/service-wartung/Kia_Wartungsintervalle-Fahrzeuge_Stand-2025-09.pdf,DRAFT_MARKET_AND_MODEL_YEAR_REVIEW,,
vmm-be984302305969a229b0b9186126573eef18417e0834a78cb5b2d39000333148,BRAKE_FLUID,,24,OEM_MARKET_REFERENCE_DE | German-registered Kia; all models in table; confirm HR/VIN plan; source model-year/VIN is not the dataset production-year. https://eu-www.kia.com/content/dam/kwcms/kme/de/de/assets/contents/service/service-wartung/Kia_Wartungsintervalle-Fahrzeuge_Stand-2025-09.pdf,DRAFT_MARKET_AND_MODEL_YEAR_REVIEW,,
vmm-3545b52a6689a07639392ffee6871e296f3d1b52ee69fdc79c00aacfbe6c6e75,BRAKE_FLUID,,24,OEM_MARKET_REFERENCE_DE | German-registered Kia; all models in table; confirm HR/VIN plan; source model-year/VIN is not the dataset production-year. https://eu-www.kia.com/content/dam/kwcms/kme/de/de/assets/contents/service/service-wartung/Kia_Wartungsintervalle-Fahrzeuge_Stand-2025-09.pdf,DRAFT_MARKET_AND_MODEL_YEAR_REVIEW,,
vmm-dcd5e8adb8e6e7b92539020c7133f95e9b93f3c290b21d2a8e29e9c3dfafb390,BRAKE_FLUID,,24,OEM_MARKET_REFERENCE_DE | German-registered Kia; all models in table; confirm HR/VIN plan; source model-year/VIN is not the dataset production-year. https://eu-www.kia.com/content/dam/kwcms/kme/de/de/assets/contents/service/service-wartung/Kia_Wartungsintervalle-Fahrzeuge_Stand-2025-09.pdf,DRAFT_MARKET_AND_MODEL_YEAR_REVIEW,,
vmm-93df0eba9a5cad2268d390f486403e72ee80c797c665937287adb9f95bdc4cbd,BRAKE_FLUID,,24,OEM_MARKET_REFERENCE_DE | German-registered Kia; all models in table; confirm HR/VIN plan; source model-year/VIN is not the dataset production-year. https://eu-www.kia.com/content/dam/kwcms/kme/de/de/assets/contents/service/service-wartung/Kia_Wartungsintervalle-Fahrzeuge_Stand-2025-09.pdf,DRAFT_MARKET_AND_MODEL_YEAR_REVIEW,,
vmm-efc0e6fc8b2efee91e5e304659eb52c5996b3029596bdf4d8bfe7f651b94de9c,BRAKE_FLUID,,24,OEM_MARKET_REFERENCE_DE | German-registered Kia; all models in table; confirm HR/VIN plan; source model-year/VIN is not the dataset production-year. https://eu-www.kia.com/content/dam/kwcms/kme/de/de/assets/contents/service/service-wartung/Kia_Wartungsintervalle-Fahrzeuge_Stand-2025-09.pdf,DRAFT_MARKET_AND_MODEL_YEAR_REVIEW,,
vmm-9a127dbbf934bc2202c3df9e7ab1549b564218a98156ff89191154357bde33df,BRAKE_FLUID,,24,OEM_MARKET_REFERENCE_DE | German-registered Kia; all models in table; confirm HR/VIN plan; source model-year/VIN is not the dataset production-year. https://eu-www.kia.com/content/dam/kwcms/kme/de/de/assets/contents/service/service-wartung/Kia_Wartungsintervalle-Fahrzeuge_Stand-2025-09.pdf,DRAFT_MARKET_AND_MODEL_YEAR_REVIEW,,
vmm-7fb5e876992de8493f1b44a039f21c4758a68bda8ed6d3fa8ba2f47d6e7c9489,BRAKE_FLUID,,24,OEM_MARKET_REFERENCE_DE | German-registered Kia; all models in table; confirm HR/VIN plan; source model-year/VIN is not the dataset production-year. https://eu-www.kia.com/content/dam/kwcms/kme/de/de/assets/contents/service/service-wartung/Kia_Wartungsintervalle-Fahrzeuge_Stand-2025-09.pdf,DRAFT_MARKET_AND_MODEL_YEAR_REVIEW,,
vmm-dba8f76c911eb99765b493b03a0f0fed177590b78ab50ac2f7896364a3fe2496,BRAKE_FLUID,,24,OEM_MARKET_REFERENCE_DE | German-registered Kia; all models in table; confirm HR/VIN plan; source model-year/VIN is not the dataset production-year. https://eu-www.kia.com/content/dam/kwcms/kme/de/de/assets/contents/service/service-wartung/Kia_Wartungsintervalle-Fahrzeuge_Stand-2025-09.pdf,DRAFT_MARKET_AND_MODEL_YEAR_REVIEW,,
vmm-4d7548bce1c94579826d77fedeea0aa12e3a473236f3ee44c3a560c64ece914e,BRAKE_FLUID,,24,OEM_MARKET_REFERENCE_DE | German-registered Kia; all models in table; confirm HR/VIN plan; source model-year/VIN is not the dataset production-year. https://eu-www.kia.com/content/dam/kwcms/kme/de/de/assets/contents/service/service-wartung/Kia_Wartungsintervalle-Fahrzeuge_Stand-2025-09.pdf,DRAFT_MARKET_AND_MODEL_YEAR_REVIEW,,
vmm-7757382e594ab943284b378d2f90e848d9a7a6968ee35035a9dcc83cf998fc9d,BRAKE_FLUID,,24,OEM_MARKET_REFERENCE_DE | German-registered Kia; all models in table; confirm HR/VIN plan; source model-year/VIN is not the dataset production-year. https://eu-www.kia.com/content/dam/kwcms/kme/de/de/assets/contents/service/service-wartung/Kia_Wartungsintervalle-Fahrzeuge_Stand-2025-09.pdf,DRAFT_MARKET_AND_MODEL_YEAR_REVIEW,,
vmm-f7f9a27ec368c8b9653ccf3e7a1309dfa0be295baa7426fa409265dcb8ee137f,BRAKE_FLUID,,24,OEM_MARKET_REFERENCE_DE | German-registered Kia; all models in table; confirm HR/VIN plan; source model-year/VIN is not the dataset production-year. https://eu-www.kia.com/content/dam/kwcms/kme/de/de/assets/contents/service/service-wartung/Kia_Wartungsintervalle-Fahrzeuge_Stand-2025-09.pdf,DRAFT_MARKET_AND_MODEL_YEAR_REVIEW,,
vmm-70502f1274bc4bcdcceb0fafc8ccee900e7a7d213d38b2a848b43d7644e6cdb3,BRAKE_FLUID,,24,OEM_MARKET_REFERENCE_DE | German-registered Kia; all models in table; confirm HR/VIN plan; source model-year/VIN is not the dataset production-year. https://eu-www.kia.com/content/dam/kwcms/kme/de/de/assets/contents/service/service-wartung/Kia_Wartungsintervalle-Fahrzeuge_Stand-2025-09.pdf,DRAFT_MARKET_AND_MODEL_YEAR_REVIEW,,
vmm-8addab5a5ef195f685738068732877995df2063a1a041a1773c8a87945ae0e88,BRAKE_FLUID,,24,OEM_MARKET_REFERENCE_DE | German-registered Kia; all models in table; confirm HR/VIN plan; source model-year/VIN is not the dataset production-year. https://eu-www.kia.com/content/dam/kwcms/kme/de/de/assets/contents/service/service-wartung/Kia_Wartungsintervalle-Fahrzeuge_Stand-2025-09.pdf,DRAFT_MARKET_AND_MODEL_YEAR_REVIEW,,
vmm-21cf788560e88e3dc6d9f0564d5c3d414c8b8d1e8b6ef154511d3feaff1eba9b,BRAKE_FLUID,,24,OEM_MARKET_REFERENCE_DE | German-registered Kia; all models in table; confirm HR/VIN plan; source model-year/VIN is not the dataset production-year. https://eu-www.kia.com/content/dam/kwcms/kme/de/de/assets/contents/service/service-wartung/Kia_Wartungsintervalle-Fahrzeuge_Stand-2025-09.pdf,DRAFT_MARKET_AND_MODEL_YEAR_REVIEW,,
vmm-4a933e4d77e37f625ecf4d6b66687c0b46071094d941f1e149f57f302d73570e,BRAKE_FLUID,,24,OEM_MARKET_REFERENCE_DE | German-registered Kia; all models in table; confirm HR/VIN plan; source model-year/VIN is not the dataset production-year. https://eu-www.kia.com/content/dam/kwcms/kme/de/de/assets/contents/service/service-wartung/Kia_Wartungsintervalle-Fahrzeuge_Stand-2025-09.pdf,DRAFT_MARKET_AND_MODEL_YEAR_REVIEW,,
vmm-5e5445a829360c01023ebff7fba33353049d0acb8e27b778e604be61b4311c24,BRAKE_FLUID,,24,OEM_MARKET_REFERENCE_DE | German-registered Kia; all models in table; confirm HR/VIN plan; source model-year/VIN is not the dataset production-year. https://eu-www.kia.com/content/dam/kwcms/kme/de/de/assets/contents/service/service-wartung/Kia_Wartungsintervalle-Fahrzeuge_Stand-2025-09.pdf,DRAFT_MARKET_AND_MODEL_YEAR_REVIEW,,
vmm-37cd9dde7f93afdfd993235205547323d27cd06767b5b04da1a0807329027dc7,BRAKE_FLUID,,24,OEM_MARKET_REFERENCE_DE | German-registered Kia; all models in table; confirm HR/VIN plan; source model-year/VIN is not the dataset production-year. https://eu-www.kia.com/content/dam/kwcms/kme/de/de/assets/contents/service/service-wartung/Kia_Wartungsintervalle-Fahrzeuge_Stand-2025-09.pdf,DRAFT_MARKET_AND_MODEL_YEAR_REVIEW,,
vmm-1c3d2ccf946704397734f40570c89fa113503684d7881efd8aacfa20e4ad123b,BRAKE_FLUID,,24,OEM_MARKET_REFERENCE_DE | German-registered Kia; all models in table; confirm HR/VIN plan; source model-year/VIN is not the dataset production-year. https://eu-www.kia.com/content/dam/kwcms/kme/de/de/assets/contents/service/service-wartung/Kia_Wartungsintervalle-Fahrzeuge_Stand-2025-09.pdf,DRAFT_MARKET_AND_MODEL_YEAR_REVIEW,,
vmm-65b475e22cfbe055b72e17839c67b8d12891cea62103c56a53ed6f0e29db75dd,BRAKE_FLUID,,24,OEM_MARKET_REFERENCE_DE | German-registered Kia; all models in table; confirm HR/VIN plan; source model-year/VIN is not the dataset production-year. https://eu-www.kia.com/content/dam/kwcms/kme/de/de/assets/contents/service/service-wartung/Kia_Wartungsintervalle-Fahrzeuge_Stand-2025-09.pdf,DRAFT_MARKET_AND_MODEL_YEAR_REVIEW,,
vmm-119fcb014e311b7dda9602e13f32b6aeff26f6de9cf738d6868015e8087b8397,BRAKE_FLUID,,24,OEM_MARKET_REFERENCE_DE | German-registered Kia; all models in table; confirm HR/VIN plan; source model-year/VIN is not the dataset production-year. https://eu-www.kia.com/content/dam/kwcms/kme/de/de/assets/contents/service/service-wartung/Kia_Wartungsintervalle-Fahrzeuge_Stand-2025-09.pdf,DRAFT_MARKET_AND_MODEL_YEAR_REVIEW,,
vmm-cfa3cc1e92257a9fb482f8de4f4fdce35a75b9cb60115ddc900c8114ec994d38,BRAKE_FLUID,,24,OEM_MARKET_REFERENCE_DE | German-registered Kia; all models in table; confirm HR/VIN plan; source model-year/VIN is not the dataset production-year. https://eu-www.kia.com/content/dam/kwcms/kme/de/de/assets/contents/service/service-wartung/Kia_Wartungsintervalle-Fahrzeuge_Stand-2025-09.pdf,DRAFT_MARKET_AND_MODEL_YEAR_REVIEW,,
vmm-6dc492e3f1e3e17d6522bdb4008f19b05f2e79d088d45f6ebf606e2dfb4f9654,BRAKE_FLUID,,24,OEM_MARKET_REFERENCE_DE | German-registered Kia; all models in table; confirm HR/VIN plan; source model-year/VIN is not the dataset production-year. https://eu-www.kia.com/content/dam/kwcms/kme/de/de/assets/contents/service/service-wartung/Kia_Wartungsintervalle-Fahrzeuge_Stand-2025-09.pdf,DRAFT_MARKET_AND_MODEL_YEAR_REVIEW,,
vmm-fd41ed7954340d6627c41f03a33daa5363aea1b5b09d44610b13d55dcbf703c8,BRAKE_FLUID,,24,OEM_MARKET_REFERENCE_DE | German-registered Kia; all models in table; confirm HR/VIN plan; source model-year/VIN is not the dataset production-year. https://eu-www.kia.com/content/dam/kwcms/kme/de/de/assets/contents/service/service-wartung/Kia_Wartungsintervalle-Fahrzeuge_Stand-2025-09.pdf,DRAFT_MARKET_AND_MODEL_YEAR_REVIEW,,
vmm-2ed4d3898b8d2e7ab68d7a145f5f48c4dd07c6762447c1c596b61541ae914dee,BRAKE_FLUID,,24,OEM_MARKET_REFERENCE_DE | German-registered Kia; all models in table; confirm HR/VIN plan; source model-year/VIN is not the dataset production-year. https://eu-www.kia.com/content/dam/kwcms/kme/de/de/assets/contents/service/service-wartung/Kia_Wartungsintervalle-Fahrzeuge_Stand-2025-09.pdf,DRAFT_MARKET_AND_MODEL_YEAR_REVIEW,,
vmm-29d7165a5de6550d7e20c5298ebc70d92a5ea7b928d01af7bbf58d2b2b01e25a,BRAKE_FLUID,,24,OEM_MARKET_REFERENCE_DE | German-registered Kia; all models in table; confirm HR/VIN plan; source model-year/VIN is not the dataset production-year. https://eu-www.kia.com/content/dam/kwcms/kme/de/de/assets/contents/service/service-wartung/Kia_Wartungsintervalle-Fahrzeuge_Stand-2025-09.pdf,DRAFT_MARKET_AND_MODEL_YEAR_REVIEW,,
vmm-f353035502ab1daedcb0c06a815f0033a674b6b0a796fb40da23cfc6d8691cf3,BRAKE_FLUID,,24,OEM_MARKET_REFERENCE_DE | German-registered Kia; all models in table; confirm HR/VIN plan; source model-year/VIN is not the dataset production-year. https://eu-www.kia.com/content/dam/kwcms/kme/de/de/assets/contents/service/service-wartung/Kia_Wartungsintervalle-Fahrzeuge_Stand-2025-09.pdf,DRAFT_MARKET_AND_MODEL_YEAR_REVIEW,,
vmm-f353035502ab1daedcb0c06a815f0033a674b6b0a796fb40da23cfc6d8691cf3,SCHEDULED_INSPECTION,15000,12,OEM_MARKET_REFERENCE_DE | Ceed CD T-GDI MY2019-2025; match displacement/year; source model-year/VIN is not the dataset production-year. https://eu-www.kia.com/content/dam/kwcms/kme/de/de/assets/contents/service/service-wartung/Kia_Wartungsintervalle-Fahrzeuge_Stand-2025-09.pdf,DRAFT_MARKET_AND_MODEL_YEAR_REVIEW,,
vmm-b437fde58d801908e0bcdd3b9b181a820b58f7710c4c74464239f5e15ce9a100,BRAKE_FLUID,,24,OEM_MARKET_REFERENCE_DE | German-registered Kia; all models in table; confirm HR/VIN plan; source model-year/VIN is not the dataset production-year. https://eu-www.kia.com/content/dam/kwcms/kme/de/de/assets/contents/service/service-wartung/Kia_Wartungsintervalle-Fahrzeuge_Stand-2025-09.pdf,DRAFT_MARKET_AND_MODEL_YEAR_REVIEW,,
vmm-b437fde58d801908e0bcdd3b9b181a820b58f7710c4c74464239f5e15ce9a100,SCHEDULED_INSPECTION,15000,12,OEM_MARKET_REFERENCE_DE | Ceed CD T-GDI MY2019-2025; match displacement/year; source model-year/VIN is not the dataset production-year. https://eu-www.kia.com/content/dam/kwcms/kme/de/de/assets/contents/service/service-wartung/Kia_Wartungsintervalle-Fahrzeuge_Stand-2025-09.pdf,DRAFT_MARKET_AND_MODEL_YEAR_REVIEW,,
vmm-94083ec8b7f8a773018b58faa7cfb19f3aa41b21882937082809f70c8206de21,BRAKE_FLUID,,24,OEM_MARKET_REFERENCE_DE | German-registered Kia; all models in table; confirm HR/VIN plan; source model-year/VIN is not the dataset production-year. https://eu-www.kia.com/content/dam/kwcms/kme/de/de/assets/contents/service/service-wartung/Kia_Wartungsintervalle-Fahrzeuge_Stand-2025-09.pdf,DRAFT_MARKET_AND_MODEL_YEAR_REVIEW,,
vmm-94083ec8b7f8a773018b58faa7cfb19f3aa41b21882937082809f70c8206de21,SCHEDULED_INSPECTION,15000,12,OEM_MARKET_REFERENCE_DE | Ceed CD T-GDI MY2019-2025; match displacement/year; source model-year/VIN is not the dataset production-year. https://eu-www.kia.com/content/dam/kwcms/kme/de/de/assets/contents/service/service-wartung/Kia_Wartungsintervalle-Fahrzeuge_Stand-2025-09.pdf,DRAFT_MARKET_AND_MODEL_YEAR_REVIEW,,
vmm-2c1ae958a24c09dc671d834de12f683c3115aec4bb6d50c6ccc20c3ab89fbc5b,BRAKE_FLUID,,24,OEM_MARKET_REFERENCE_DE | German-registered Kia; all models in table; confirm HR/VIN plan; source model-year/VIN is not the dataset production-year. https://eu-www.kia.com/content/dam/kwcms/kme/de/de/assets/contents/service/service-wartung/Kia_Wartungsintervalle-Fahrzeuge_Stand-2025-09.pdf,DRAFT_MARKET_AND_MODEL_YEAR_REVIEW,,
vmm-9f673a1fbb06bd668242b1c89ff8a88a3cf6c5c19e256f7d1be37ba48a040867,BRAKE_FLUID,,24,OEM_MARKET_REFERENCE_DE | German-registered Kia; all models in table; confirm HR/VIN plan; source model-year/VIN is not the dataset production-year. https://eu-www.kia.com/content/dam/kwcms/kme/de/de/assets/contents/service/service-wartung/Kia_Wartungsintervalle-Fahrzeuge_Stand-2025-09.pdf,DRAFT_MARKET_AND_MODEL_YEAR_REVIEW,,
vmm-c8547b787de7c3bd084cea17b9ae43c007419841d7072b63b96e34e147f2b99c,BRAKE_FLUID,,24,OEM_MARKET_REFERENCE_DE | German-registered Kia; all models in table; confirm HR/VIN plan; source model-year/VIN is not the dataset production-year. https://eu-www.kia.com/content/dam/kwcms/kme/de/de/assets/contents/service/service-wartung/Kia_Wartungsintervalle-Fahrzeuge_Stand-2025-09.pdf,DRAFT_MARKET_AND_MODEL_YEAR_REVIEW,,
vmm-c8547b787de7c3bd084cea17b9ae43c007419841d7072b63b96e34e147f2b99c,SCHEDULED_INSPECTION,15000,12,OEM_MARKET_REFERENCE_DE | Ceed CD T-GDI MY2019-2025; match displacement/year; source model-year/VIN is not the dataset production-year. https://eu-www.kia.com/content/dam/kwcms/kme/de/de/assets/contents/service/service-wartung/Kia_Wartungsintervalle-Fahrzeuge_Stand-2025-09.pdf,DRAFT_MARKET_AND_MODEL_YEAR_REVIEW,,
vmm-461cb6256c473a4997add39e81fe03774611690c1d41041822c0efbe69af3595,BRAKE_FLUID,,24,OEM_MARKET_REFERENCE_DE | German-registered Kia; all models in table; confirm HR/VIN plan; source model-year/VIN is not the dataset production-year. https://eu-www.kia.com/content/dam/kwcms/kme/de/de/assets/contents/service/service-wartung/Kia_Wartungsintervalle-Fahrzeuge_Stand-2025-09.pdf,DRAFT_MARKET_AND_MODEL_YEAR_REVIEW,,
vmm-461cb6256c473a4997add39e81fe03774611690c1d41041822c0efbe69af3595,SCHEDULED_INSPECTION,15000,12,OEM_MARKET_REFERENCE_DE | Ceed CD T-GDI MY2019-2025; match displacement/year; source model-year/VIN is not the dataset production-year. https://eu-www.kia.com/content/dam/kwcms/kme/de/de/assets/contents/service/service-wartung/Kia_Wartungsintervalle-Fahrzeuge_Stand-2025-09.pdf,DRAFT_MARKET_AND_MODEL_YEAR_REVIEW,,
vmm-b73c701b59d79d2acc05d9ea353eb84135778f1894b4508203dfe259afa4ee54,BRAKE_FLUID,,24,OEM_MARKET_REFERENCE_DE | German-registered Kia; all models in table; confirm HR/VIN plan; source model-year/VIN is not the dataset production-year. https://eu-www.kia.com/content/dam/kwcms/kme/de/de/assets/contents/service/service-wartung/Kia_Wartungsintervalle-Fahrzeuge_Stand-2025-09.pdf,DRAFT_MARKET_AND_MODEL_YEAR_REVIEW,,
vmm-c124c600e59be530a4589fb65904f2606c25b507818043db320848188a47eedf,BRAKE_FLUID,,24,OEM_MARKET_REFERENCE_DE | German-registered Kia; all models in table; confirm HR/VIN plan; source model-year/VIN is not the dataset production-year. https://eu-www.kia.com/content/dam/kwcms/kme/de/de/assets/contents/service/service-wartung/Kia_Wartungsintervalle-Fahrzeuge_Stand-2025-09.pdf,DRAFT_MARKET_AND_MODEL_YEAR_REVIEW,,
vmm-79a4ed4cb2aa94f7e5b135ae3a1fdf974932a08d8f5f6188bf9c545dfc6539e5,BRAKE_FLUID,,24,OEM_MARKET_REFERENCE_DE | German-registered Kia; all models in table; confirm HR/VIN plan; source model-year/VIN is not the dataset production-year. https://eu-www.kia.com/content/dam/kwcms/kme/de/de/assets/contents/service/service-wartung/Kia_Wartungsintervalle-Fahrzeuge_Stand-2025-09.pdf,DRAFT_MARKET_AND_MODEL_YEAR_REVIEW,,
vmm-4aaf9727bfac0f7da36dc6bcf86059e71cb464e1c518a95311342a61ef48dbf3,BRAKE_FLUID,,24,OEM_MARKET_REFERENCE_DE | German-registered Kia; all models in table; confirm HR/VIN plan; source model-year/VIN is not the dataset production-year. https://eu-www.kia.com/content/dam/kwcms/kme/de/de/assets/contents/service/service-wartung/Kia_Wartungsintervalle-Fahrzeuge_Stand-2025-09.pdf,DRAFT_MARKET_AND_MODEL_YEAR_REVIEW,,
vmm-9ab86dcdc14ca59aa981a0063bedb9d544814b6a194015d22a8865d747b7d902,BRAKE_FLUID,,24,OEM_MARKET_REFERENCE_DE | German-registered Kia; all models in table; confirm HR/VIN plan; source model-year/VIN is not the dataset production-year. https://eu-www.kia.com/content/dam/kwcms/kme/de/de/assets/contents/service/service-wartung/Kia_Wartungsintervalle-Fahrzeuge_Stand-2025-09.pdf,DRAFT_MARKET_AND_MODEL_YEAR_REVIEW,,
vmm-77a6005f7e5c891c4a928246035a004e0d2bbe1dd48e6fe5c73230a3972a9d66,BRAKE_FLUID,,24,OEM_MARKET_REFERENCE_DE | German-registered Kia; all models in table; confirm HR/VIN plan; source model-year/VIN is not the dataset production-year. https://eu-www.kia.com/content/dam/kwcms/kme/de/de/assets/contents/service/service-wartung/Kia_Wartungsintervalle-Fahrzeuge_Stand-2025-09.pdf,DRAFT_MARKET_AND_MODEL_YEAR_REVIEW,,
vmm-424a145526c53f423ea01675aab34c4affbfb1fe9fdcd59df3c0edc1cd4f972f,BRAKE_FLUID,,24,OEM_MARKET_REFERENCE_DE | German-registered Kia; all models in table; confirm HR/VIN plan; source model-year/VIN is not the dataset production-year. https://eu-www.kia.com/content/dam/kwcms/kme/de/de/assets/contents/service/service-wartung/Kia_Wartungsintervalle-Fahrzeuge_Stand-2025-09.pdf,DRAFT_MARKET_AND_MODEL_YEAR_REVIEW,,
vmm-824772d073cd0d8a8412625050940b77035705eabc68d95370447ea8b18bae95,BRAKE_FLUID,,24,OEM_MARKET_REFERENCE_DE | German-registered Kia; all models in table; confirm HR/VIN plan; source model-year/VIN is not the dataset production-year. https://eu-www.kia.com/content/dam/kwcms/kme/de/de/assets/contents/service/service-wartung/Kia_Wartungsintervalle-Fahrzeuge_Stand-2025-09.pdf,DRAFT_MARKET_AND_MODEL_YEAR_REVIEW,,
vmm-bda4d58041db9f2e8672e1e70bc72d1cd9d12d00fea98f3bc064e0cf75a5b805,BRAKE_FLUID,,24,OEM_MARKET_REFERENCE_DE | German-registered Kia; all models in table; confirm HR/VIN plan; source model-year/VIN is not the dataset production-year. https://eu-www.kia.com/content/dam/kwcms/kme/de/de/assets/contents/service/service-wartung/Kia_Wartungsintervalle-Fahrzeuge_Stand-2025-09.pdf,DRAFT_MARKET_AND_MODEL_YEAR_REVIEW,,
vmm-6275d5f1772189cca65a366de1f0a5d123215e8bb043187d5ab86170a7f0b4f3,BRAKE_FLUID,,24,OEM_MARKET_REFERENCE_DE | German-registered Kia; all models in table; confirm HR/VIN plan; source model-year/VIN is not the dataset production-year. https://eu-www.kia.com/content/dam/kwcms/kme/de/de/assets/contents/service/service-wartung/Kia_Wartungsintervalle-Fahrzeuge_Stand-2025-09.pdf,DRAFT_MARKET_AND_MODEL_YEAR_REVIEW,,
vmm-a69ee8255a265e9b9b290c72372d679c5296b71f3fe9af8af21f194d3e7401a3,BRAKE_FLUID,,24,OEM_MARKET_REFERENCE_DE | German-registered Kia; all models in table; confirm HR/VIN plan; source model-year/VIN is not the dataset production-year. https://eu-www.kia.com/content/dam/kwcms/kme/de/de/assets/contents/service/service-wartung/Kia_Wartungsintervalle-Fahrzeuge_Stand-2025-09.pdf,DRAFT_MARKET_AND_MODEL_YEAR_REVIEW,,
vmm-58c90aa0277d5f4cac6e1da7482712566956ae6a7b32f7af42bf3bd0f05afe9e,BRAKE_FLUID,,24,OEM_MARKET_REFERENCE_DE | German-registered Kia; all models in table; confirm HR/VIN plan; source model-year/VIN is not the dataset production-year. https://eu-www.kia.com/content/dam/kwcms/kme/de/de/assets/contents/service/service-wartung/Kia_Wartungsintervalle-Fahrzeuge_Stand-2025-09.pdf,DRAFT_MARKET_AND_MODEL_YEAR_REVIEW,,
vmm-ba6bf0602b49a731686e929132bbee68eb500187025975ba427c1e9a60a3ea99,BRAKE_FLUID,,24,OEM_MARKET_REFERENCE_DE | German-registered Kia; all models in table; confirm HR/VIN plan; source model-year/VIN is not the dataset production-year. https://eu-www.kia.com/content/dam/kwcms/kme/de/de/assets/contents/service/service-wartung/Kia_Wartungsintervalle-Fahrzeuge_Stand-2025-09.pdf,DRAFT_MARKET_AND_MODEL_YEAR_REVIEW,,
vmm-d63c12221a716b8e6711b803ff96eeafe7fe4966e66afeec6974b904cf85504b,BRAKE_FLUID,,24,OEM_MARKET_REFERENCE_DE | German-registered Kia; all models in table; confirm HR/VIN plan; source model-year/VIN is not the dataset production-year. https://eu-www.kia.com/content/dam/kwcms/kme/de/de/assets/contents/service/service-wartung/Kia_Wartungsintervalle-Fahrzeuge_Stand-2025-09.pdf,DRAFT_MARKET_AND_MODEL_YEAR_REVIEW,,
vmm-ac533aa1d9a4b70ca0fd227262622ab3dccd458354d5fc3d83452224269eb8ec,BRAKE_FLUID,,24,OEM_MARKET_REFERENCE_DE | German-registered Kia; all models in table; confirm HR/VIN plan; source model-year/VIN is not the dataset production-year. https://eu-www.kia.com/content/dam/kwcms/kme/de/de/assets/contents/service/service-wartung/Kia_Wartungsintervalle-Fahrzeuge_Stand-2025-09.pdf,DRAFT_MARKET_AND_MODEL_YEAR_REVIEW,,
vmm-03f84431841d8dc1b6fb82027fecd277bc6d3bc727363aed3816e7e71aa91c39,BRAKE_FLUID,,24,OEM_MARKET_REFERENCE_DE | German-registered Kia; all models in table; confirm HR/VIN plan; source model-year/VIN is not the dataset production-year. https://eu-www.kia.com/content/dam/kwcms/kme/de/de/assets/contents/service/service-wartung/Kia_Wartungsintervalle-Fahrzeuge_Stand-2025-09.pdf,DRAFT_MARKET_AND_MODEL_YEAR_REVIEW,,
vmm-dd433adf8b258c88d38c588f5ed0cff89ed02dd9a052c7ae44be3951b2bad4b3,BRAKE_FLUID,,24,OEM_MARKET_REFERENCE_DE | German-registered Kia; all models in table; confirm HR/VIN plan; source model-year/VIN is not the dataset production-year. https://eu-www.kia.com/content/dam/kwcms/kme/de/de/assets/contents/service/service-wartung/Kia_Wartungsintervalle-Fahrzeuge_Stand-2025-09.pdf,DRAFT_MARKET_AND_MODEL_YEAR_REVIEW,,
vmm-11d76d8563090a68dbcf128824bd717eb7cf34463ba8385e0e69f63573dcd2b9,BRAKE_FLUID,,24,OEM_MARKET_REFERENCE_DE | German-registered Kia; all models in table; confirm HR/VIN plan; source model-year/VIN is not the dataset production-year. https://eu-www.kia.com/content/dam/kwcms/kme/de/de/assets/contents/service/service-wartung/Kia_Wartungsintervalle-Fahrzeuge_Stand-2025-09.pdf,DRAFT_MARKET_AND_MODEL_YEAR_REVIEW,,
vmm-a5040af70a7604d311d5c2eaab71a86092cf5daaf62ae0b878f1395fcfafd885,BRAKE_FLUID,,24,OEM_MARKET_REFERENCE_DE | German-registered Kia; all models in table; confirm HR/VIN plan; source model-year/VIN is not the dataset production-year. https://eu-www.kia.com/content/dam/kwcms/kme/de/de/assets/contents/service/service-wartung/Kia_Wartungsintervalle-Fahrzeuge_Stand-2025-09.pdf,DRAFT_MARKET_AND_MODEL_YEAR_REVIEW,,
vmm-18200e91a05f659d9f1ba925ff4381c15977dda5888eec54393431479b4cae9c,BRAKE_FLUID,,24,OEM_MARKET_REFERENCE_DE | German-registered Kia; all models in table; confirm HR/VIN plan; source model-year/VIN is not the dataset production-year. https://eu-www.kia.com/content/dam/kwcms/kme/de/de/assets/contents/service/service-wartung/Kia_Wartungsintervalle-Fahrzeuge_Stand-2025-09.pdf,DRAFT_MARKET_AND_MODEL_YEAR_REVIEW,,
vmm-22393c574b9deada9f709b088a332b494c2f6a47530632fabc7a7788796269fd,BRAKE_FLUID,,24,OEM_MARKET_REFERENCE_DE | German-registered Kia; all models in table; confirm HR/VIN plan; source model-year/VIN is not the dataset production-year. https://eu-www.kia.com/content/dam/kwcms/kme/de/de/assets/contents/service/service-wartung/Kia_Wartungsintervalle-Fahrzeuge_Stand-2025-09.pdf,DRAFT_MARKET_AND_MODEL_YEAR_REVIEW,,
vmm-341be5dc422ff5eecf3db129288820d377507de291bbf8a786eb624f5983c96e,BRAKE_FLUID,,24,OEM_MARKET_REFERENCE_DE | German-registered Kia; all models in table; confirm HR/VIN plan; source model-year/VIN is not the dataset production-year. https://eu-www.kia.com/content/dam/kwcms/kme/de/de/assets/contents/service/service-wartung/Kia_Wartungsintervalle-Fahrzeuge_Stand-2025-09.pdf,DRAFT_MARKET_AND_MODEL_YEAR_REVIEW,,
vmm-30d7ea9f31fa5739b3565b9dddbcf5055e69dcc76b8ac69f5a5689af10794cb1,BRAKE_FLUID,,24,OEM_MARKET_REFERENCE_DE | German-registered Kia; all models in table; confirm HR/VIN plan; source model-year/VIN is not the dataset production-year. https://eu-www.kia.com/content/dam/kwcms/kme/de/de/assets/contents/service/service-wartung/Kia_Wartungsintervalle-Fahrzeuge_Stand-2025-09.pdf,DRAFT_MARKET_AND_MODEL_YEAR_REVIEW,,
vmm-9f83c1f4c3e46d1e38d3e0e2f19b2e72376752b23de865cb02455399133f1466,BRAKE_FLUID,,24,OEM_MARKET_REFERENCE_DE | German-registered Kia; all models in table; confirm HR/VIN plan; source model-year/VIN is not the dataset production-year. https://eu-www.kia.com/content/dam/kwcms/kme/de/de/assets/contents/service/service-wartung/Kia_Wartungsintervalle-Fahrzeuge_Stand-2025-09.pdf,DRAFT_MARKET_AND_MODEL_YEAR_REVIEW,,
vmm-5f1928a2f6af2276c441ab44adec6f56b43953c3b58361c6375b37eccff25d3a,BRAKE_FLUID,,24,OEM_MARKET_REFERENCE_DE | German-registered Kia; all models in table; confirm HR/VIN plan; source model-year/VIN is not the dataset production-year. https://eu-www.kia.com/content/dam/kwcms/kme/de/de/assets/contents/service/service-wartung/Kia_Wartungsintervalle-Fahrzeuge_Stand-2025-09.pdf,DRAFT_MARKET_AND_MODEL_YEAR_REVIEW,,
vmm-f5d4714097e961dd6462e0f2d09bd653475db4bafffa7aae720cf301d739aa1a,BRAKE_FLUID,,24,OEM_MARKET_REFERENCE_DE | German-registered Kia; all models in table; confirm HR/VIN plan; source model-year/VIN is not the dataset production-year. https://eu-www.kia.com/content/dam/kwcms/kme/de/de/assets/contents/service/service-wartung/Kia_Wartungsintervalle-Fahrzeuge_Stand-2025-09.pdf,DRAFT_MARKET_AND_MODEL_YEAR_REVIEW,,
vmm-d8d65a19c89dacca18c954751cfc9010b36ead21c58d72614fa2e8d0de90e489,BRAKE_FLUID,,24,OEM_MARKET_REFERENCE_DE | German-registered Kia; all models in table; confirm HR/VIN plan; source model-year/VIN is not the dataset production-year. https://eu-www.kia.com/content/dam/kwcms/kme/de/de/assets/contents/service/service-wartung/Kia_Wartungsintervalle-Fahrzeuge_Stand-2025-09.pdf,DRAFT_MARKET_AND_MODEL_YEAR_REVIEW,,
vmm-4c9a92572d3c0f5b1c950d68e05eb07a38c4ef30bf179f4d3ba1620793cba66f,BRAKE_FLUID,,24,OEM_MARKET_REFERENCE_DE | German-registered Kia; all models in table; confirm HR/VIN plan; source model-year/VIN is not the dataset production-year. https://eu-www.kia.com/content/dam/kwcms/kme/de/de/assets/contents/service/service-wartung/Kia_Wartungsintervalle-Fahrzeuge_Stand-2025-09.pdf,DRAFT_MARKET_AND_MODEL_YEAR_REVIEW,,
vmm-476b91fbcb8e1dd5677d70d27082b65ad5cd1d478448576b5f067f6dccb4a306,BRAKE_FLUID,,24,OEM_MARKET_REFERENCE_DE | German-registered Kia; all models in table; confirm HR/VIN plan; source model-year/VIN is not the dataset production-year. https://eu-www.kia.com/content/dam/kwcms/kme/de/de/assets/contents/service/service-wartung/Kia_Wartungsintervalle-Fahrzeuge_Stand-2025-09.pdf,DRAFT_MARKET_AND_MODEL_YEAR_REVIEW,,
vmm-451d722d7232fa70c3624a38de2d60c1b9d8f735c97b010ea2da93c56049b801,BRAKE_FLUID,,24,OEM_MARKET_REFERENCE_DE | German-registered Kia; all models in table; confirm HR/VIN plan; source model-year/VIN is not the dataset production-year. https://eu-www.kia.com/content/dam/kwcms/kme/de/de/assets/contents/service/service-wartung/Kia_Wartungsintervalle-Fahrzeuge_Stand-2025-09.pdf,DRAFT_MARKET_AND_MODEL_YEAR_REVIEW,,
vmm-5f1428e3b18cebc84332ed9628e64f8c6f5620618562165a4ccc8cbf66c47c3d,BRAKE_FLUID,,24,OEM_MARKET_REFERENCE_DE | German-registered Kia; all models in table; confirm HR/VIN plan; source model-year/VIN is not the dataset production-year. https://eu-www.kia.com/content/dam/kwcms/kme/de/de/assets/contents/service/service-wartung/Kia_Wartungsintervalle-Fahrzeuge_Stand-2025-09.pdf,DRAFT_MARKET_AND_MODEL_YEAR_REVIEW,,
vmm-0a0e1340a372315ad413e750db3e85343bc7ab724f6ce579a3c2741369d823b0,BRAKE_FLUID,,24,OEM_MARKET_REFERENCE_DE | German-registered Kia; all models in table; confirm HR/VIN plan; source model-year/VIN is not the dataset production-year. https://eu-www.kia.com/content/dam/kwcms/kme/de/de/assets/contents/service/service-wartung/Kia_Wartungsintervalle-Fahrzeuge_Stand-2025-09.pdf,DRAFT_MARKET_AND_MODEL_YEAR_REVIEW,,
vmm-3935d8eebbde0e6ad278162ae931a9f9755aeca304042c6d810188bb183b93d4,BRAKE_FLUID,,24,OEM_MARKET_REFERENCE_DE | German-registered Kia; all models in table; confirm HR/VIN plan; source model-year/VIN is not the dataset production-year. https://eu-www.kia.com/content/dam/kwcms/kme/de/de/assets/contents/service/service-wartung/Kia_Wartungsintervalle-Fahrzeuge_Stand-2025-09.pdf,DRAFT_MARKET_AND_MODEL_YEAR_REVIEW,,
vmm-0531790087606c2c82fce5b24a39ed151121a6f54b98906e935e92d1ecfb08bc,BRAKE_FLUID,,24,OEM_MARKET_REFERENCE_DE | German-registered Kia; all models in table; confirm HR/VIN plan; source model-year/VIN is not the dataset production-year. https://eu-www.kia.com/content/dam/kwcms/kme/de/de/assets/contents/service/service-wartung/Kia_Wartungsintervalle-Fahrzeuge_Stand-2025-09.pdf,DRAFT_MARKET_AND_MODEL_YEAR_REVIEW,,
vmm-eb6df6de69a619a7d38b77078709c5a9481a2aa00fd3c82998dcb3adfdf72c93,BRAKE_FLUID,,24,OEM_MARKET_REFERENCE_DE | German-registered Kia; all models in table; confirm HR/VIN plan; source model-year/VIN is not the dataset production-year. https://eu-www.kia.com/content/dam/kwcms/kme/de/de/assets/contents/service/service-wartung/Kia_Wartungsintervalle-Fahrzeuge_Stand-2025-09.pdf,DRAFT_MARKET_AND_MODEL_YEAR_REVIEW,,
vmm-16b92aae66bced81a7086bcf86d948a34f41916b52c2aaa10ceac7555326373d,BRAKE_FLUID,,24,OEM_MARKET_REFERENCE_DE | German-registered Kia; all models in table; confirm HR/VIN plan; source model-year/VIN is not the dataset production-year. https://eu-www.kia.com/content/dam/kwcms/kme/de/de/assets/contents/service/service-wartung/Kia_Wartungsintervalle-Fahrzeuge_Stand-2025-09.pdf,DRAFT_MARKET_AND_MODEL_YEAR_REVIEW,,
vmm-16e3bf1f8c9851a95083cf699c9b1d71154ab6748958021ffce0624503da5375,BRAKE_FLUID,,24,OEM_MARKET_REFERENCE_DE | German-registered Kia; all models in table; confirm HR/VIN plan; source model-year/VIN is not the dataset production-year. https://eu-www.kia.com/content/dam/kwcms/kme/de/de/assets/contents/service/service-wartung/Kia_Wartungsintervalle-Fahrzeuge_Stand-2025-09.pdf,DRAFT_MARKET_AND_MODEL_YEAR_REVIEW,,
vmm-365ae6eb41b8cc50d946efee9e9dfee2dfd047442404ca6a81d5f0d0602eea4a,BRAKE_FLUID,,24,OEM_MARKET_REFERENCE_DE | German-registered Kia; all models in table; confirm HR/VIN plan; source model-year/VIN is not the dataset production-year. https://eu-www.kia.com/content/dam/kwcms/kme/de/de/assets/contents/service/service-wartung/Kia_Wartungsintervalle-Fahrzeuge_Stand-2025-09.pdf,DRAFT_MARKET_AND_MODEL_YEAR_REVIEW,,
vmm-365ae6eb41b8cc50d946efee9e9dfee2dfd047442404ca6a81d5f0d0602eea4a,SCHEDULED_INSPECTION,30000,24,"OEM_MARKET_REFERENCE_DE | EV6 electric CV/MV, DE schedule; source model-year/VIN is not the dataset production-year. https://eu-www.kia.com/content/dam/kwcms/kme/de/de/assets/contents/service/service-wartung/Kia_Wartungsintervalle-Fahrzeuge_Stand-2025-09.pdf",DRAFT_MARKET_AND_MODEL_YEAR_REVIEW,,
vmm-f299a800ff63f9ad235389c5ae87425ba850c08b41d32ab7e4b44292d55d8d95,BRAKE_FLUID,,24,OEM_MARKET_REFERENCE_DE | German-registered Kia; all models in table; confirm HR/VIN plan; source model-year/VIN is not the dataset production-year. https://eu-www.kia.com/content/dam/kwcms/kme/de/de/assets/contents/service/service-wartung/Kia_Wartungsintervalle-Fahrzeuge_Stand-2025-09.pdf,DRAFT_MARKET_AND_MODEL_YEAR_REVIEW,,
vmm-f299a800ff63f9ad235389c5ae87425ba850c08b41d32ab7e4b44292d55d8d95,SCHEDULED_INSPECTION,30000,24,"OEM_MARKET_REFERENCE_DE | EV6 electric CV/MV, DE schedule; source model-year/VIN is not the dataset production-year. https://eu-www.kia.com/content/dam/kwcms/kme/de/de/assets/contents/service/service-wartung/Kia_Wartungsintervalle-Fahrzeuge_Stand-2025-09.pdf",DRAFT_MARKET_AND_MODEL_YEAR_REVIEW,,
vmm-e3dc5cc29f8306b00bc13d4c529dc8b3626dab8aa1f401ec8e0838a1a472c1c9,BRAKE_FLUID,,24,OEM_MARKET_REFERENCE_DE | German-registered Kia; all models in table; confirm HR/VIN plan; source model-year/VIN is not the dataset production-year. https://eu-www.kia.com/content/dam/kwcms/kme/de/de/assets/contents/service/service-wartung/Kia_Wartungsintervalle-Fahrzeuge_Stand-2025-09.pdf,DRAFT_MARKET_AND_MODEL_YEAR_REVIEW,,
vmm-e3dc5cc29f8306b00bc13d4c529dc8b3626dab8aa1f401ec8e0838a1a472c1c9,SCHEDULED_INSPECTION,30000,24,"OEM_MARKET_REFERENCE_DE | EV6 electric CV/MV, DE schedule; source model-year/VIN is not the dataset production-year. https://eu-www.kia.com/content/dam/kwcms/kme/de/de/assets/contents/service/service-wartung/Kia_Wartungsintervalle-Fahrzeuge_Stand-2025-09.pdf",DRAFT_MARKET_AND_MODEL_YEAR_REVIEW,,
vmm-23a049d11dc2790fe21c56957c8e58f0162c3e1185a56497753fac8612feb96d,BRAKE_FLUID,,24,OEM_MARKET_REFERENCE_DE | German-registered Kia; all models in table; confirm HR/VIN plan; source model-year/VIN is not the dataset production-year. https://eu-www.kia.com/content/dam/kwcms/kme/de/de/assets/contents/service/service-wartung/Kia_Wartungsintervalle-Fahrzeuge_Stand-2025-09.pdf,DRAFT_MARKET_AND_MODEL_YEAR_REVIEW,,
vmm-23a049d11dc2790fe21c56957c8e58f0162c3e1185a56497753fac8612feb96d,SCHEDULED_INSPECTION,30000,24,"OEM_MARKET_REFERENCE_DE | EV6 electric CV/MV, DE schedule; source model-year/VIN is not the dataset production-year. https://eu-www.kia.com/content/dam/kwcms/kme/de/de/assets/contents/service/service-wartung/Kia_Wartungsintervalle-Fahrzeuge_Stand-2025-09.pdf",DRAFT_MARKET_AND_MODEL_YEAR_REVIEW,,
vmm-7d95f31da2c08d0a4b52450f2bde8a435bd11cbb76638cd0cad5351e1b11bbbc,BRAKE_FLUID,,24,OEM_MARKET_REFERENCE_DE | German-registered Kia; all models in table; confirm HR/VIN plan; source model-year/VIN is not the dataset production-year. https://eu-www.kia.com/content/dam/kwcms/kme/de/de/assets/contents/service/service-wartung/Kia_Wartungsintervalle-Fahrzeuge_Stand-2025-09.pdf,DRAFT_MARKET_AND_MODEL_YEAR_REVIEW,,
vmm-7d95f31da2c08d0a4b52450f2bde8a435bd11cbb76638cd0cad5351e1b11bbbc,SCHEDULED_INSPECTION,30000,24,"OEM_MARKET_REFERENCE_DE | EV6 electric CV/MV, DE schedule; source model-year/VIN is not the dataset production-year. https://eu-www.kia.com/content/dam/kwcms/kme/de/de/assets/contents/service/service-wartung/Kia_Wartungsintervalle-Fahrzeuge_Stand-2025-09.pdf",DRAFT_MARKET_AND_MODEL_YEAR_REVIEW,,
vmm-435833172648ed20408ebc626f3e529b24d833a329c594d824617f48d18a7ba6,BRAKE_FLUID,,24,OEM_MARKET_REFERENCE_DE | German-registered Kia; all models in table; confirm HR/VIN plan; source model-year/VIN is not the dataset production-year. https://eu-www.kia.com/content/dam/kwcms/kme/de/de/assets/contents/service/service-wartung/Kia_Wartungsintervalle-Fahrzeuge_Stand-2025-09.pdf,DRAFT_MARKET_AND_MODEL_YEAR_REVIEW,,
vmm-435833172648ed20408ebc626f3e529b24d833a329c594d824617f48d18a7ba6,SCHEDULED_INSPECTION,30000,24,"OEM_MARKET_REFERENCE_DE | EV9 electric CV/MV, DE schedule; source model-year/VIN is not the dataset production-year. https://eu-www.kia.com/content/dam/kwcms/kme/de/de/assets/contents/service/service-wartung/Kia_Wartungsintervalle-Fahrzeuge_Stand-2025-09.pdf",DRAFT_MARKET_AND_MODEL_YEAR_REVIEW,,
vmm-4b80dd481ce0612d02184e1dfe30be7b44dfe5ab6fb682735dd714090a7941e3,BRAKE_FLUID,,24,OEM_MARKET_REFERENCE_DE | German-registered Kia; all models in table; confirm HR/VIN plan; source model-year/VIN is not the dataset production-year. https://eu-www.kia.com/content/dam/kwcms/kme/de/de/assets/contents/service/service-wartung/Kia_Wartungsintervalle-Fahrzeuge_Stand-2025-09.pdf,DRAFT_MARKET_AND_MODEL_YEAR_REVIEW,,
vmm-4b80dd481ce0612d02184e1dfe30be7b44dfe5ab6fb682735dd714090a7941e3,SCHEDULED_INSPECTION,30000,24,"OEM_MARKET_REFERENCE_DE | EV9 electric CV/MV, DE schedule; source model-year/VIN is not the dataset production-year. https://eu-www.kia.com/content/dam/kwcms/kme/de/de/assets/contents/service/service-wartung/Kia_Wartungsintervalle-Fahrzeuge_Stand-2025-09.pdf",DRAFT_MARKET_AND_MODEL_YEAR_REVIEW,,
vmm-bfa6e7cf99b1feea51ee5c68f7ce9967a27904cf8629faac6fc1ec60323ca6d5,BRAKE_FLUID,,24,OEM_MARKET_REFERENCE_DE | German-registered Kia; all models in table; confirm HR/VIN plan; source model-year/VIN is not the dataset production-year. https://eu-www.kia.com/content/dam/kwcms/kme/de/de/assets/contents/service/service-wartung/Kia_Wartungsintervalle-Fahrzeuge_Stand-2025-09.pdf,DRAFT_MARKET_AND_MODEL_YEAR_REVIEW,,
vmm-bfa6e7cf99b1feea51ee5c68f7ce9967a27904cf8629faac6fc1ec60323ca6d5,SCHEDULED_INSPECTION,30000,24,"OEM_MARKET_REFERENCE_DE | EV9 electric CV/MV, DE schedule; source model-year/VIN is not the dataset production-year. https://eu-www.kia.com/content/dam/kwcms/kme/de/de/assets/contents/service/service-wartung/Kia_Wartungsintervalle-Fahrzeuge_Stand-2025-09.pdf",DRAFT_MARKET_AND_MODEL_YEAR_REVIEW,,
vmm-c5481bd8b2514f09a7727c2fa93f7c8eea061e6b3cf15f490e45f5c2e15d3da6,BRAKE_FLUID,,24,OEM_MARKET_REFERENCE_DE | German-registered Kia; all models in table; confirm HR/VIN plan; source model-year/VIN is not the dataset production-year. https://eu-www.kia.com/content/dam/kwcms/kme/de/de/assets/contents/service/service-wartung/Kia_Wartungsintervalle-Fahrzeuge_Stand-2025-09.pdf,DRAFT_MARKET_AND_MODEL_YEAR_REVIEW,,
vmm-c5481bd8b2514f09a7727c2fa93f7c8eea061e6b3cf15f490e45f5c2e15d3da6,SCHEDULED_INSPECTION,30000,24,"OEM_MARKET_REFERENCE_DE | EV9 electric CV/MV, DE schedule; source model-year/VIN is not the dataset production-year. https://eu-www.kia.com/content/dam/kwcms/kme/de/de/assets/contents/service/service-wartung/Kia_Wartungsintervalle-Fahrzeuge_Stand-2025-09.pdf",DRAFT_MARKET_AND_MODEL_YEAR_REVIEW,,
vmm-ce92008090ada3e4f3016708e613afaae243e4ac3a2ba54114c5cceca91a02b1,BRAKE_FLUID,,24,OEM_MARKET_REFERENCE_DE | German-registered Kia; all models in table; confirm HR/VIN plan; source model-year/VIN is not the dataset production-year. https://eu-www.kia.com/content/dam/kwcms/kme/de/de/assets/contents/service/service-wartung/Kia_Wartungsintervalle-Fahrzeuge_Stand-2025-09.pdf,DRAFT_MARKET_AND_MODEL_YEAR_REVIEW,,
vmm-75131a546f3ca6f3e2b2f0c6d3a7d404fca1f1e5f046738ecd867848d85705f9,BRAKE_FLUID,,24,OEM_MARKET_REFERENCE_DE | German-registered Kia; all models in table; confirm HR/VIN plan; source model-year/VIN is not the dataset production-year. https://eu-www.kia.com/content/dam/kwcms/kme/de/de/assets/contents/service/service-wartung/Kia_Wartungsintervalle-Fahrzeuge_Stand-2025-09.pdf,DRAFT_MARKET_AND_MODEL_YEAR_REVIEW,,
vmm-42ceafde7b994a539bd8e4b72cc38efa3988f8ae30955d971be65c89da8c510e,BRAKE_FLUID,,24,OEM_MARKET_REFERENCE_DE | German-registered Kia; all models in table; confirm HR/VIN plan; source model-year/VIN is not the dataset production-year. https://eu-www.kia.com/content/dam/kwcms/kme/de/de/assets/contents/service/service-wartung/Kia_Wartungsintervalle-Fahrzeuge_Stand-2025-09.pdf,DRAFT_MARKET_AND_MODEL_YEAR_REVIEW,,
vmm-a11d673463ea3f1eb4ac8e70c3ed2324fc7598839b53a254caeea3bca70e1f9d,BRAKE_FLUID,,24,OEM_MARKET_REFERENCE_DE | German-registered Kia; all models in table; confirm HR/VIN plan; source model-year/VIN is not the dataset production-year. https://eu-www.kia.com/content/dam/kwcms/kme/de/de/assets/contents/service/service-wartung/Kia_Wartungsintervalle-Fahrzeuge_Stand-2025-09.pdf,DRAFT_MARKET_AND_MODEL_YEAR_REVIEW,,
vmm-f25ab3487da319abf5fac6ddcf13569889bc0960ea6dfa173fb76bbaad395816,BRAKE_FLUID,,24,OEM_MARKET_REFERENCE_DE | German-registered Kia; all models in table; confirm HR/VIN plan; source model-year/VIN is not the dataset production-year. https://eu-www.kia.com/content/dam/kwcms/kme/de/de/assets/contents/service/service-wartung/Kia_Wartungsintervalle-Fahrzeuge_Stand-2025-09.pdf,DRAFT_MARKET_AND_MODEL_YEAR_REVIEW,,
vmm-0fc1f5c964cd319e13cc87520be92b564e2d65b5f9c3c9bd353f8ec108fef177,BRAKE_FLUID,,24,OEM_MARKET_REFERENCE_DE | German-registered Kia; all models in table; confirm HR/VIN plan; source model-year/VIN is not the dataset production-year. https://eu-www.kia.com/content/dam/kwcms/kme/de/de/assets/contents/service/service-wartung/Kia_Wartungsintervalle-Fahrzeuge_Stand-2025-09.pdf,DRAFT_MARKET_AND_MODEL_YEAR_REVIEW,,
vmm-af6e5b26ebc94cc3094901e1cb38a36b7395cd277c9a7530d5782fe834c7921a,BRAKE_FLUID,,24,OEM_MARKET_REFERENCE_DE | German-registered Kia; all models in table; confirm HR/VIN plan; source model-year/VIN is not the dataset production-year. https://eu-www.kia.com/content/dam/kwcms/kme/de/de/assets/contents/service/service-wartung/Kia_Wartungsintervalle-Fahrzeuge_Stand-2025-09.pdf,DRAFT_MARKET_AND_MODEL_YEAR_REVIEW,,
vmm-665f313955b9b2caa29a8de56c8d70cb6c78472a6293046dd4e089ca3422be5d,BRAKE_FLUID,,24,OEM_MARKET_REFERENCE_DE | German-registered Kia; all models in table; confirm HR/VIN plan; source model-year/VIN is not the dataset production-year. https://eu-www.kia.com/content/dam/kwcms/kme/de/de/assets/contents/service/service-wartung/Kia_Wartungsintervalle-Fahrzeuge_Stand-2025-09.pdf,DRAFT_MARKET_AND_MODEL_YEAR_REVIEW,,
vmm-806d97b6875c9fecb216417178370d559e1f276c37e237955938c8ef9b35eed7,BRAKE_FLUID,,24,OEM_MARKET_REFERENCE_DE | German-registered Kia; all models in table; confirm HR/VIN plan; source model-year/VIN is not the dataset production-year. https://eu-www.kia.com/content/dam/kwcms/kme/de/de/assets/contents/service/service-wartung/Kia_Wartungsintervalle-Fahrzeuge_Stand-2025-09.pdf,DRAFT_MARKET_AND_MODEL_YEAR_REVIEW,,
vmm-ef909b6b9fe79fcf72d1dbc2833f50ed16e0c784a21db3b85c1c774500976a61,BRAKE_FLUID,,24,OEM_MARKET_REFERENCE_DE | German-registered Kia; all models in table; confirm HR/VIN plan; source model-year/VIN is not the dataset production-year. https://eu-www.kia.com/content/dam/kwcms/kme/de/de/assets/contents/service/service-wartung/Kia_Wartungsintervalle-Fahrzeuge_Stand-2025-09.pdf,DRAFT_MARKET_AND_MODEL_YEAR_REVIEW,,
vmm-43baf2b73e0449a27def5309ac7fc5459654c69ffe921731483c60c1163b5784,BRAKE_FLUID,,24,OEM_MARKET_REFERENCE_DE | German-registered Kia; all models in table; confirm HR/VIN plan; source model-year/VIN is not the dataset production-year. https://eu-www.kia.com/content/dam/kwcms/kme/de/de/assets/contents/service/service-wartung/Kia_Wartungsintervalle-Fahrzeuge_Stand-2025-09.pdf,DRAFT_MARKET_AND_MODEL_YEAR_REVIEW,,
vmm-f8fd5463e46fd873e84955ed03c33aec43d6e3edfc3a1c587b6e3dcf77327059,BRAKE_FLUID,,24,OEM_MARKET_REFERENCE_DE | German-registered Kia; all models in table; confirm HR/VIN plan; source model-year/VIN is not the dataset production-year. https://eu-www.kia.com/content/dam/kwcms/kme/de/de/assets/contents/service/service-wartung/Kia_Wartungsintervalle-Fahrzeuge_Stand-2025-09.pdf,DRAFT_MARKET_AND_MODEL_YEAR_REVIEW,,
vmm-b09ea6379e3fa698e12f4d514a8a3ceb124b59766859598ea609025786eb67c0,BRAKE_FLUID,,24,OEM_MARKET_REFERENCE_DE | German-registered Kia; all models in table; confirm HR/VIN plan; source model-year/VIN is not the dataset production-year. https://eu-www.kia.com/content/dam/kwcms/kme/de/de/assets/contents/service/service-wartung/Kia_Wartungsintervalle-Fahrzeuge_Stand-2025-09.pdf,DRAFT_MARKET_AND_MODEL_YEAR_REVIEW,,
vmm-c75363704e9cc7264fd91df773ec72a30eb9cf5c257013cb2a7ebebe2319510e,BRAKE_FLUID,,24,OEM_MARKET_REFERENCE_DE | German-registered Kia; all models in table; confirm HR/VIN plan; source model-year/VIN is not the dataset production-year. https://eu-www.kia.com/content/dam/kwcms/kme/de/de/assets/contents/service/service-wartung/Kia_Wartungsintervalle-Fahrzeuge_Stand-2025-09.pdf,DRAFT_MARKET_AND_MODEL_YEAR_REVIEW,,
vmm-29dd900d1b772bc32cc5f26638ed765999092645695d548b633e8716d82e6dca,BRAKE_FLUID,,24,OEM_MARKET_REFERENCE_DE | German-registered Kia; all models in table; confirm HR/VIN plan; source model-year/VIN is not the dataset production-year. https://eu-www.kia.com/content/dam/kwcms/kme/de/de/assets/contents/service/service-wartung/Kia_Wartungsintervalle-Fahrzeuge_Stand-2025-09.pdf,DRAFT_MARKET_AND_MODEL_YEAR_REVIEW,,
vmm-795958c7a45f263dd0293e861d196264591a74049308692d34ba146c690a7efd,BRAKE_FLUID,,24,OEM_MARKET_REFERENCE_DE | German-registered Kia; all models in table; confirm HR/VIN plan; source model-year/VIN is not the dataset production-year. https://eu-www.kia.com/content/dam/kwcms/kme/de/de/assets/contents/service/service-wartung/Kia_Wartungsintervalle-Fahrzeuge_Stand-2025-09.pdf,DRAFT_MARKET_AND_MODEL_YEAR_REVIEW,,
vmm-73496a7baa2a35789f53f5efe6541bcceaeaa881ff23c617a9414216bd380d7e,BRAKE_FLUID,,24,OEM_MARKET_REFERENCE_DE | German-registered Kia; all models in table; confirm HR/VIN plan; source model-year/VIN is not the dataset production-year. https://eu-www.kia.com/content/dam/kwcms/kme/de/de/assets/contents/service/service-wartung/Kia_Wartungsintervalle-Fahrzeuge_Stand-2025-09.pdf,DRAFT_MARKET_AND_MODEL_YEAR_REVIEW,,
vmm-a5ae30200d980ddf639fe99e64767fe2cfb8540d9a6018c2184f2b38e1208614,BRAKE_FLUID,,24,OEM_MARKET_REFERENCE_DE | German-registered Kia; all models in table; confirm HR/VIN plan; source model-year/VIN is not the dataset production-year. https://eu-www.kia.com/content/dam/kwcms/kme/de/de/assets/contents/service/service-wartung/Kia_Wartungsintervalle-Fahrzeuge_Stand-2025-09.pdf,DRAFT_MARKET_AND_MODEL_YEAR_REVIEW,,
vmm-7961bf25c7dfaaf15abb914951667c2a240e8b046ec5139f94c8924a02940623,BRAKE_FLUID,,24,OEM_MARKET_REFERENCE_DE | German-registered Kia; all models in table; confirm HR/VIN plan; source model-year/VIN is not the dataset production-year. https://eu-www.kia.com/content/dam/kwcms/kme/de/de/assets/contents/service/service-wartung/Kia_Wartungsintervalle-Fahrzeuge_Stand-2025-09.pdf,DRAFT_MARKET_AND_MODEL_YEAR_REVIEW,,
vmm-290785a00e82d4059f30e8db077acc9b20b82e5bee71acc5420529a716531051,BRAKE_FLUID,,24,OEM_MARKET_REFERENCE_DE | German-registered Kia; all models in table; confirm HR/VIN plan; source model-year/VIN is not the dataset production-year. https://eu-www.kia.com/content/dam/kwcms/kme/de/de/assets/contents/service/service-wartung/Kia_Wartungsintervalle-Fahrzeuge_Stand-2025-09.pdf,DRAFT_MARKET_AND_MODEL_YEAR_REVIEW,,
vmm-914eb8d92e763213040c95eca8ad3321d9a8ae8541f3f1806b803bbae6f91005,BRAKE_FLUID,,24,OEM_MARKET_REFERENCE_DE | German-registered Kia; all models in table; confirm HR/VIN plan; source model-year/VIN is not the dataset production-year. https://eu-www.kia.com/content/dam/kwcms/kme/de/de/assets/contents/service/service-wartung/Kia_Wartungsintervalle-Fahrzeuge_Stand-2025-09.pdf,DRAFT_MARKET_AND_MODEL_YEAR_REVIEW,,
vmm-9a339eef43ae70faf15b912837186f959d904eca35afcd950003590e9d7e0994,BRAKE_FLUID,,24,OEM_MARKET_REFERENCE_DE | German-registered Kia; all models in table; confirm HR/VIN plan; source model-year/VIN is not the dataset production-year. https://eu-www.kia.com/content/dam/kwcms/kme/de/de/assets/contents/service/service-wartung/Kia_Wartungsintervalle-Fahrzeuge_Stand-2025-09.pdf,DRAFT_MARKET_AND_MODEL_YEAR_REVIEW,,
vmm-3274a68ab3567f0ed59f4a7f2749173041cc7b395744f761869610fceeb5d800,BRAKE_FLUID,,24,OEM_MARKET_REFERENCE_DE | German-registered Kia; all models in table; confirm HR/VIN plan; source model-year/VIN is not the dataset production-year. https://eu-www.kia.com/content/dam/kwcms/kme/de/de/assets/contents/service/service-wartung/Kia_Wartungsintervalle-Fahrzeuge_Stand-2025-09.pdf,DRAFT_MARKET_AND_MODEL_YEAR_REVIEW,,
vmm-625670954ed4709e574950c7043ac8fe234c33ad0236e67da3f3628988030355,BRAKE_FLUID,,24,OEM_MARKET_REFERENCE_DE | German-registered Kia; all models in table; confirm HR/VIN plan; source model-year/VIN is not the dataset production-year. https://eu-www.kia.com/content/dam/kwcms/kme/de/de/assets/contents/service/service-wartung/Kia_Wartungsintervalle-Fahrzeuge_Stand-2025-09.pdf,DRAFT_MARKET_AND_MODEL_YEAR_REVIEW,,
vmm-b23254638e2246a2e72def4e66d7c68ce1bc97b26a89b7c16de85920913f6927,BRAKE_FLUID,,24,OEM_MARKET_REFERENCE_DE | German-registered Kia; all models in table; confirm HR/VIN plan; source model-year/VIN is not the dataset production-year. https://eu-www.kia.com/content/dam/kwcms/kme/de/de/assets/contents/service/service-wartung/Kia_Wartungsintervalle-Fahrzeuge_Stand-2025-09.pdf,DRAFT_MARKET_AND_MODEL_YEAR_REVIEW,,
vmm-558f303fc2bd1c0ecdc7f3db0bb319ef47a2146617c46d3f262fc8297daab53e,BRAKE_FLUID,,24,OEM_MARKET_REFERENCE_DE | German-registered Kia; all models in table; confirm HR/VIN plan; source model-year/VIN is not the dataset production-year. https://eu-www.kia.com/content/dam/kwcms/kme/de/de/assets/contents/service/service-wartung/Kia_Wartungsintervalle-Fahrzeuge_Stand-2025-09.pdf,DRAFT_MARKET_AND_MODEL_YEAR_REVIEW,,
vmm-f2cbf0bd3d2804559e2fa7c6b828fffd7d6a2943946ab99dfc673c28d4d0e4c1,BRAKE_FLUID,,24,OEM_MARKET_REFERENCE_DE | German-registered Kia; all models in table; confirm HR/VIN plan; source model-year/VIN is not the dataset production-year. https://eu-www.kia.com/content/dam/kwcms/kme/de/de/assets/contents/service/service-wartung/Kia_Wartungsintervalle-Fahrzeuge_Stand-2025-09.pdf,DRAFT_MARKET_AND_MODEL_YEAR_REVIEW,,
vmm-882723c4e5a26a15eda7f011676b4a31d51441454c18f705b723ead7e0e37414,BRAKE_FLUID,,24,OEM_MARKET_REFERENCE_DE | German-registered Kia; all models in table; confirm HR/VIN plan; source model-year/VIN is not the dataset production-year. https://eu-www.kia.com/content/dam/kwcms/kme/de/de/assets/contents/service/service-wartung/Kia_Wartungsintervalle-Fahrzeuge_Stand-2025-09.pdf,DRAFT_MARKET_AND_MODEL_YEAR_REVIEW,,
vmm-f0d83b137c9f4a02d9b2177338975526b2dd989067d12df862e5b60a001bda71,BRAKE_FLUID,,24,OEM_MARKET_REFERENCE_DE | German-registered Kia; all models in table; confirm HR/VIN plan; source model-year/VIN is not the dataset production-year. https://eu-www.kia.com/content/dam/kwcms/kme/de/de/assets/contents/service/service-wartung/Kia_Wartungsintervalle-Fahrzeuge_Stand-2025-09.pdf,DRAFT_MARKET_AND_MODEL_YEAR_REVIEW,,
vmm-97f37f31cf625461e4a8bd0f54c7a753bba5c3b68b0e7fddc6534811e6813cf3,BRAKE_FLUID,,24,OEM_MARKET_REFERENCE_DE | German-registered Kia; all models in table; confirm HR/VIN plan; source model-year/VIN is not the dataset production-year. https://eu-www.kia.com/content/dam/kwcms/kme/de/de/assets/contents/service/service-wartung/Kia_Wartungsintervalle-Fahrzeuge_Stand-2025-09.pdf,DRAFT_MARKET_AND_MODEL_YEAR_REVIEW,,
vmm-de05553223d86a2082e58b7d420be5ddd89115a97907cc8228bc908483fa118b,BRAKE_FLUID,,24,OEM_MARKET_REFERENCE_DE | German-registered Kia; all models in table; confirm HR/VIN plan; source model-year/VIN is not the dataset production-year. https://eu-www.kia.com/content/dam/kwcms/kme/de/de/assets/contents/service/service-wartung/Kia_Wartungsintervalle-Fahrzeuge_Stand-2025-09.pdf,DRAFT_MARKET_AND_MODEL_YEAR_REVIEW,,
vmm-6bebb62ebab22d25b95c087501afbc0ab0e674c23223c6d7bca29e07b9709332,BRAKE_FLUID,,24,OEM_MARKET_REFERENCE_DE | German-registered Kia; all models in table; confirm HR/VIN plan; source model-year/VIN is not the dataset production-year. https://eu-www.kia.com/content/dam/kwcms/kme/de/de/assets/contents/service/service-wartung/Kia_Wartungsintervalle-Fahrzeuge_Stand-2025-09.pdf,DRAFT_MARKET_AND_MODEL_YEAR_REVIEW,,
vmm-61b02a9174695aeefaaab69d84f6b1e93241292aeb0a6e5a68b0451e0fd55df8,BRAKE_FLUID,,24,OEM_MARKET_REFERENCE_DE | German-registered Kia; all models in table; confirm HR/VIN plan; source model-year/VIN is not the dataset production-year. https://eu-www.kia.com/content/dam/kwcms/kme/de/de/assets/contents/service/service-wartung/Kia_Wartungsintervalle-Fahrzeuge_Stand-2025-09.pdf,DRAFT_MARKET_AND_MODEL_YEAR_REVIEW,,
vmm-e5567e61460256666113a1557d111e86d402c278b17c4f982ddbb3365dd7977b,BRAKE_FLUID,,24,OEM_MARKET_REFERENCE_DE | German-registered Kia; all models in table; confirm HR/VIN plan; source model-year/VIN is not the dataset production-year. https://eu-www.kia.com/content/dam/kwcms/kme/de/de/assets/contents/service/service-wartung/Kia_Wartungsintervalle-Fahrzeuge_Stand-2025-09.pdf,DRAFT_MARKET_AND_MODEL_YEAR_REVIEW,,
vmm-10c08fae6a00e4e2635da2c8c354b68675500ada3ade10a2298eba0c8c4f049c,BRAKE_FLUID,,24,OEM_MARKET_REFERENCE_DE | German-registered Kia; all models in table; confirm HR/VIN plan; source model-year/VIN is not the dataset production-year. https://eu-www.kia.com/content/dam/kwcms/kme/de/de/assets/contents/service/service-wartung/Kia_Wartungsintervalle-Fahrzeuge_Stand-2025-09.pdf,DRAFT_MARKET_AND_MODEL_YEAR_REVIEW,,
vmm-e85436619d556abe10b2328f906b30e363a15f8ff8622e2fd868b3ccbbd21971,BRAKE_FLUID,,24,OEM_MARKET_REFERENCE_DE | German-registered Kia; all models in table; confirm HR/VIN plan; source model-year/VIN is not the dataset production-year. https://eu-www.kia.com/content/dam/kwcms/kme/de/de/assets/contents/service/service-wartung/Kia_Wartungsintervalle-Fahrzeuge_Stand-2025-09.pdf,DRAFT_MARKET_AND_MODEL_YEAR_REVIEW,,
vmm-32f5fe485810d4ed30f37c43a3b57ae5cb5857a52295f6feae2e60db42ad20d5,BRAKE_FLUID,,24,OEM_MARKET_REFERENCE_DE | German-registered Kia; all models in table; confirm HR/VIN plan; source model-year/VIN is not the dataset production-year. https://eu-www.kia.com/content/dam/kwcms/kme/de/de/assets/contents/service/service-wartung/Kia_Wartungsintervalle-Fahrzeuge_Stand-2025-09.pdf,DRAFT_MARKET_AND_MODEL_YEAR_REVIEW,,
vmm-28429ced60150fd6269ff40d98a7bc9e4c776748f9afeb0f3167b060eed70f30,BRAKE_FLUID,,24,OEM_MARKET_REFERENCE_DE | German-registered Kia; all models in table; confirm HR/VIN plan; source model-year/VIN is not the dataset production-year. https://eu-www.kia.com/content/dam/kwcms/kme/de/de/assets/contents/service/service-wartung/Kia_Wartungsintervalle-Fahrzeuge_Stand-2025-09.pdf,DRAFT_MARKET_AND_MODEL_YEAR_REVIEW,,
vmm-7e11c645d94e6a465c01eb2faec9c917b1a3fc8a43511ace25cf6ef8e6e07d1a,BRAKE_FLUID,,24,OEM_MARKET_REFERENCE_DE | German-registered Kia; all models in table; confirm HR/VIN plan; source model-year/VIN is not the dataset production-year. https://eu-www.kia.com/content/dam/kwcms/kme/de/de/assets/contents/service/service-wartung/Kia_Wartungsintervalle-Fahrzeuge_Stand-2025-09.pdf,DRAFT_MARKET_AND_MODEL_YEAR_REVIEW,,
vmm-c156493cc6e05dec2d770590abe987833ab3f2e5358a26f5dafa44629733b28f,BRAKE_FLUID,,24,OEM_MARKET_REFERENCE_DE | German-registered Kia; all models in table; confirm HR/VIN plan; source model-year/VIN is not the dataset production-year. https://eu-www.kia.com/content/dam/kwcms/kme/de/de/assets/contents/service/service-wartung/Kia_Wartungsintervalle-Fahrzeuge_Stand-2025-09.pdf,DRAFT_MARKET_AND_MODEL_YEAR_REVIEW,,
vmm-690545a6f4534aa4705dba4f138938994a46501f6cfab96343d70b10f53e6ac2,BRAKE_FLUID,,24,OEM_MARKET_REFERENCE_DE | German-registered Kia; all models in table; confirm HR/VIN plan; source model-year/VIN is not the dataset production-year. https://eu-www.kia.com/content/dam/kwcms/kme/de/de/assets/contents/service/service-wartung/Kia_Wartungsintervalle-Fahrzeuge_Stand-2025-09.pdf,DRAFT_MARKET_AND_MODEL_YEAR_REVIEW,,
vmm-1b2f74c96e9a2930de36b76a67393cb4f35420e8131caa37f6ec3bec937736b8,BRAKE_FLUID,,24,OEM_MARKET_REFERENCE_DE | German-registered Kia; all models in table; confirm HR/VIN plan; source model-year/VIN is not the dataset production-year. https://eu-www.kia.com/content/dam/kwcms/kme/de/de/assets/contents/service/service-wartung/Kia_Wartungsintervalle-Fahrzeuge_Stand-2025-09.pdf,DRAFT_MARKET_AND_MODEL_YEAR_REVIEW,,
vmm-300093785151d1a40a21fd1b90139ce222749befd1ea432be6efd09abafd8ecd,BRAKE_FLUID,,24,OEM_MARKET_REFERENCE_DE | German-registered Kia; all models in table; confirm HR/VIN plan; source model-year/VIN is not the dataset production-year. https://eu-www.kia.com/content/dam/kwcms/kme/de/de/assets/contents/service/service-wartung/Kia_Wartungsintervalle-Fahrzeuge_Stand-2025-09.pdf,DRAFT_MARKET_AND_MODEL_YEAR_REVIEW,,
vmm-772392bb33dd219aee970e08a68916a95da80f2765297de98f587778657ee280,BRAKE_FLUID,,24,OEM_MARKET_REFERENCE_DE | German-registered Kia; all models in table; confirm HR/VIN plan; source model-year/VIN is not the dataset production-year. https://eu-www.kia.com/content/dam/kwcms/kme/de/de/assets/contents/service/service-wartung/Kia_Wartungsintervalle-Fahrzeuge_Stand-2025-09.pdf,DRAFT_MARKET_AND_MODEL_YEAR_REVIEW,,
vmm-901ee0e262c79260180595fa67a2f21b9af451f82f23f50197eea5c03e743819,BRAKE_FLUID,,24,OEM_MARKET_REFERENCE_DE | German-registered Kia; all models in table; confirm HR/VIN plan; source model-year/VIN is not the dataset production-year. https://eu-www.kia.com/content/dam/kwcms/kme/de/de/assets/contents/service/service-wartung/Kia_Wartungsintervalle-Fahrzeuge_Stand-2025-09.pdf,DRAFT_MARKET_AND_MODEL_YEAR_REVIEW,,
vmm-c42ce2fe5135e0c17f111346e7f3887ea70b1cace59c5c14370de1c41b78c5bc,BRAKE_FLUID,,24,OEM_MARKET_REFERENCE_DE | German-registered Kia; all models in table; confirm HR/VIN plan; source model-year/VIN is not the dataset production-year. https://eu-www.kia.com/content/dam/kwcms/kme/de/de/assets/contents/service/service-wartung/Kia_Wartungsintervalle-Fahrzeuge_Stand-2025-09.pdf,DRAFT_MARKET_AND_MODEL_YEAR_REVIEW,,
vmm-8e2ccc37a4b674a189efa3880e75cc5c14644562a2e55f89441484fa1123a193,BRAKE_FLUID,,24,OEM_MARKET_REFERENCE_DE | German-registered Kia; all models in table; confirm HR/VIN plan; source model-year/VIN is not the dataset production-year. https://eu-www.kia.com/content/dam/kwcms/kme/de/de/assets/contents/service/service-wartung/Kia_Wartungsintervalle-Fahrzeuge_Stand-2025-09.pdf,DRAFT_MARKET_AND_MODEL_YEAR_REVIEW,,
vmm-223528f0f34597193089ab6e2062890b3f1eaacf1e8b70f7ffe8fcaa96514fa9,BRAKE_FLUID,,24,OEM_MARKET_REFERENCE_DE | German-registered Kia; all models in table; confirm HR/VIN plan; source model-year/VIN is not the dataset production-year. https://eu-www.kia.com/content/dam/kwcms/kme/de/de/assets/contents/service/service-wartung/Kia_Wartungsintervalle-Fahrzeuge_Stand-2025-09.pdf,DRAFT_MARKET_AND_MODEL_YEAR_REVIEW,,
vmm-3a5d8c67f7726b392a115263db362b26615092794e0a51d2df44af6db77871df,BRAKE_FLUID,,24,OEM_MARKET_REFERENCE_DE | German-registered Kia; all models in table; confirm HR/VIN plan; source model-year/VIN is not the dataset production-year. https://eu-www.kia.com/content/dam/kwcms/kme/de/de/assets/contents/service/service-wartung/Kia_Wartungsintervalle-Fahrzeuge_Stand-2025-09.pdf,DRAFT_MARKET_AND_MODEL_YEAR_REVIEW,,
vmm-6753a342f5bf853d632801a1cc6e81d734309f09622cbd411684cb7b4b7caa9a,BRAKE_FLUID,,24,OEM_MARKET_REFERENCE_DE | German-registered Kia; all models in table; confirm HR/VIN plan; source model-year/VIN is not the dataset production-year. https://eu-www.kia.com/content/dam/kwcms/kme/de/de/assets/contents/service/service-wartung/Kia_Wartungsintervalle-Fahrzeuge_Stand-2025-09.pdf,DRAFT_MARKET_AND_MODEL_YEAR_REVIEW,,
vmm-13a0d2d9926e12f3a0febdff5e67fb29d4a5f36ea5f84d395fd4ac1661591610,BRAKE_FLUID,,24,OEM_MARKET_REFERENCE_DE | German-registered Kia; all models in table; confirm HR/VIN plan; source model-year/VIN is not the dataset production-year. https://eu-www.kia.com/content/dam/kwcms/kme/de/de/assets/contents/service/service-wartung/Kia_Wartungsintervalle-Fahrzeuge_Stand-2025-09.pdf,DRAFT_MARKET_AND_MODEL_YEAR_REVIEW,,
vmm-789525f01bc805ffe0b48bd96c302181c758b71595ce1a778aeb68db057fff9c,BRAKE_FLUID,,24,OEM_MARKET_REFERENCE_DE | German-registered Kia; all models in table; confirm HR/VIN plan; source model-year/VIN is not the dataset production-year. https://eu-www.kia.com/content/dam/kwcms/kme/de/de/assets/contents/service/service-wartung/Kia_Wartungsintervalle-Fahrzeuge_Stand-2025-09.pdf,DRAFT_MARKET_AND_MODEL_YEAR_REVIEW,,
vmm-ad98c492c1f041b9bbc71369d8ca91db69b2b2ed9df5d1746e79d688e2ad9beb,BRAKE_FLUID,,24,OEM_MARKET_REFERENCE_DE | German-registered Kia; all models in table; confirm HR/VIN plan; source model-year/VIN is not the dataset production-year. https://eu-www.kia.com/content/dam/kwcms/kme/de/de/assets/contents/service/service-wartung/Kia_Wartungsintervalle-Fahrzeuge_Stand-2025-09.pdf,DRAFT_MARKET_AND_MODEL_YEAR_REVIEW,,
vmm-a66f6e1f7c4ae8446c80c7d5c0ef35353ccb7ab01b3467cae70cb883b820de01,BRAKE_FLUID,,24,OEM_MARKET_REFERENCE_DE | German-registered Kia; all models in table; confirm HR/VIN plan; source model-year/VIN is not the dataset production-year. https://eu-www.kia.com/content/dam/kwcms/kme/de/de/assets/contents/service/service-wartung/Kia_Wartungsintervalle-Fahrzeuge_Stand-2025-09.pdf,DRAFT_MARKET_AND_MODEL_YEAR_REVIEW,,
vmm-7c13bda58b3258614f20559c3ca2cceaceaf433026ab469d5852e242eacae248,BRAKE_FLUID,,24,OEM_MARKET_REFERENCE_DE | German-registered Kia; all models in table; confirm HR/VIN plan; source model-year/VIN is not the dataset production-year. https://eu-www.kia.com/content/dam/kwcms/kme/de/de/assets/contents/service/service-wartung/Kia_Wartungsintervalle-Fahrzeuge_Stand-2025-09.pdf,DRAFT_MARKET_AND_MODEL_YEAR_REVIEW,,
vmm-7e5339dafa4226ace66d416c7e62410a033b578b338019f7b0ea7cd4853ff5db,BRAKE_FLUID,,24,OEM_MARKET_REFERENCE_DE | German-registered Kia; all models in table; confirm HR/VIN plan; source model-year/VIN is not the dataset production-year. https://eu-www.kia.com/content/dam/kwcms/kme/de/de/assets/contents/service/service-wartung/Kia_Wartungsintervalle-Fahrzeuge_Stand-2025-09.pdf,DRAFT_MARKET_AND_MODEL_YEAR_REVIEW,,
vmm-d6acb70a5cf6caf91c5ab669d211910d0f9837a86bbe866089f669f28c82fde1,BRAKE_FLUID,,24,OEM_MARKET_REFERENCE_DE | German-registered Kia; all models in table; confirm HR/VIN plan; source model-year/VIN is not the dataset production-year. https://eu-www.kia.com/content/dam/kwcms/kme/de/de/assets/contents/service/service-wartung/Kia_Wartungsintervalle-Fahrzeuge_Stand-2025-09.pdf,DRAFT_MARKET_AND_MODEL_YEAR_REVIEW,,
vmm-938f21308595d52ec1059a8fcc8135dd4695c1562bc5b5c3cf03554ef1764d21,BRAKE_FLUID,,24,OEM_MARKET_REFERENCE_DE | German-registered Kia; all models in table; confirm HR/VIN plan; source model-year/VIN is not the dataset production-year. https://eu-www.kia.com/content/dam/kwcms/kme/de/de/assets/contents/service/service-wartung/Kia_Wartungsintervalle-Fahrzeuge_Stand-2025-09.pdf,DRAFT_MARKET_AND_MODEL_YEAR_REVIEW,,
vmm-fc5e0705c2ba6064b9b7d9c8ed0333589b861aa7f921d003173c9978969da7a8,BRAKE_FLUID,,24,OEM_MARKET_REFERENCE_DE | German-registered Kia; all models in table; confirm HR/VIN plan; source model-year/VIN is not the dataset production-year. https://eu-www.kia.com/content/dam/kwcms/kme/de/de/assets/contents/service/service-wartung/Kia_Wartungsintervalle-Fahrzeuge_Stand-2025-09.pdf,DRAFT_MARKET_AND_MODEL_YEAR_REVIEW,,
vmm-7a108f7e72bf61b4b4cc721e837a45ce09bc8e04803694b359d662c2ad9a394a,BRAKE_FLUID,,24,OEM_MARKET_REFERENCE_DE | German-registered Kia; all models in table; confirm HR/VIN plan; source model-year/VIN is not the dataset production-year. https://eu-www.kia.com/content/dam/kwcms/kme/de/de/assets/contents/service/service-wartung/Kia_Wartungsintervalle-Fahrzeuge_Stand-2025-09.pdf,DRAFT_MARKET_AND_MODEL_YEAR_REVIEW,,
vmm-4cd85b4fdd38550c1ea09daaa5de076f8c862999ef7c8a61b005307d39b82a6d,BRAKE_FLUID,,24,OEM_MARKET_REFERENCE_DE | German-registered Kia; all models in table; confirm HR/VIN plan; source model-year/VIN is not the dataset production-year. https://eu-www.kia.com/content/dam/kwcms/kme/de/de/assets/contents/service/service-wartung/Kia_Wartungsintervalle-Fahrzeuge_Stand-2025-09.pdf,DRAFT_MARKET_AND_MODEL_YEAR_REVIEW,,
vmm-4cd85b4fdd38550c1ea09daaa5de076f8c862999ef7c8a61b005307d39b82a6d,SCHEDULED_INSPECTION,15000,12,OEM_MARKET_REFERENCE_DE | e-Niro DE EV MY2019-2022; source model-year/VIN is not the dataset production-year. https://eu-www.kia.com/content/dam/kwcms/kme/de/de/assets/contents/service/service-wartung/Kia_Wartungsintervalle-Fahrzeuge_Stand-2025-09.pdf,DRAFT_MARKET_AND_MODEL_YEAR_REVIEW,,
vmm-24e9a229f79ce17bebdfaaf29b9c72cfe390a514ea95b86c1e60b5e1ff7bcc1a,BRAKE_FLUID,,24,OEM_MARKET_REFERENCE_DE | German-registered Kia; all models in table; confirm HR/VIN plan; source model-year/VIN is not the dataset production-year. https://eu-www.kia.com/content/dam/kwcms/kme/de/de/assets/contents/service/service-wartung/Kia_Wartungsintervalle-Fahrzeuge_Stand-2025-09.pdf,DRAFT_MARKET_AND_MODEL_YEAR_REVIEW,,
vmm-24e9a229f79ce17bebdfaaf29b9c72cfe390a514ea95b86c1e60b5e1ff7bcc1a,SCHEDULED_INSPECTION,15000,12,OEM_MARKET_REFERENCE_DE | e-Niro DE EV MY2019-2022; source model-year/VIN is not the dataset production-year. https://eu-www.kia.com/content/dam/kwcms/kme/de/de/assets/contents/service/service-wartung/Kia_Wartungsintervalle-Fahrzeuge_Stand-2025-09.pdf,DRAFT_MARKET_AND_MODEL_YEAR_REVIEW,,
vmm-86d6d4c49f9f134c8a38270ff73d223525c6e350e2a5c53724afa99620fc073e,BRAKE_FLUID,,24,OEM_MARKET_REFERENCE_DE | German-registered Kia; all models in table; confirm HR/VIN plan; source model-year/VIN is not the dataset production-year. https://eu-www.kia.com/content/dam/kwcms/kme/de/de/assets/contents/service/service-wartung/Kia_Wartungsintervalle-Fahrzeuge_Stand-2025-09.pdf,DRAFT_MARKET_AND_MODEL_YEAR_REVIEW,,
vmm-86d6d4c49f9f134c8a38270ff73d223525c6e350e2a5c53724afa99620fc073e,SCHEDULED_INSPECTION,15000,12,OEM_MARKET_REFERENCE_DE | Niro DE HEV/PHEV MY2016-2022; source model-year/VIN is not the dataset production-year. https://eu-www.kia.com/content/dam/kwcms/kme/de/de/assets/contents/service/service-wartung/Kia_Wartungsintervalle-Fahrzeuge_Stand-2025-09.pdf,DRAFT_MARKET_AND_MODEL_YEAR_REVIEW,,
vmm-c4a0f056fd6d2fe0ff2f150684ab2792782ea11c8aa93a6c71e50555a072dba4,BRAKE_FLUID,,24,OEM_MARKET_REFERENCE_DE | German-registered Kia; all models in table; confirm HR/VIN plan; source model-year/VIN is not the dataset production-year. https://eu-www.kia.com/content/dam/kwcms/kme/de/de/assets/contents/service/service-wartung/Kia_Wartungsintervalle-Fahrzeuge_Stand-2025-09.pdf,DRAFT_MARKET_AND_MODEL_YEAR_REVIEW,,
vmm-c4a0f056fd6d2fe0ff2f150684ab2792782ea11c8aa93a6c71e50555a072dba4,SCHEDULED_INSPECTION,15000,12,OEM_MARKET_REFERENCE_DE | Niro DE HEV/PHEV MY2016-2022; source model-year/VIN is not the dataset production-year. https://eu-www.kia.com/content/dam/kwcms/kme/de/de/assets/contents/service/service-wartung/Kia_Wartungsintervalle-Fahrzeuge_Stand-2025-09.pdf,DRAFT_MARKET_AND_MODEL_YEAR_REVIEW,,
vmm-4e2435200bf13d5c25a6e40ff3fd90955f3b379a5b4704eca2696ecf9d5f0e3b,BRAKE_FLUID,,24,OEM_MARKET_REFERENCE_DE | German-registered Kia; all models in table; confirm HR/VIN plan; source model-year/VIN is not the dataset production-year. https://eu-www.kia.com/content/dam/kwcms/kme/de/de/assets/contents/service/service-wartung/Kia_Wartungsintervalle-Fahrzeuge_Stand-2025-09.pdf,DRAFT_MARKET_AND_MODEL_YEAR_REVIEW,,
vmm-4e2435200bf13d5c25a6e40ff3fd90955f3b379a5b4704eca2696ecf9d5f0e3b,SCHEDULED_INSPECTION,15000,12,OEM_MARKET_REFERENCE_DE | Niro DE HEV/PHEV MY2016-2022; source model-year/VIN is not the dataset production-year. https://eu-www.kia.com/content/dam/kwcms/kme/de/de/assets/contents/service/service-wartung/Kia_Wartungsintervalle-Fahrzeuge_Stand-2025-09.pdf,DRAFT_MARKET_AND_MODEL_YEAR_REVIEW,,
vmm-68fc681fe82b4d3182a335e5575a420105a6a0b593c68af0ccafdbe98bd53976,BRAKE_FLUID,,24,OEM_MARKET_REFERENCE_DE | German-registered Kia; all models in table; confirm HR/VIN plan; source model-year/VIN is not the dataset production-year. https://eu-www.kia.com/content/dam/kwcms/kme/de/de/assets/contents/service/service-wartung/Kia_Wartungsintervalle-Fahrzeuge_Stand-2025-09.pdf,DRAFT_MARKET_AND_MODEL_YEAR_REVIEW,,
vmm-ee63a0c0b333addddb0110ce40af0665fef4cbe766cd19075e1ef5739b9d49c7,BRAKE_FLUID,,24,OEM_MARKET_REFERENCE_DE | German-registered Kia; all models in table; confirm HR/VIN plan; source model-year/VIN is not the dataset production-year. https://eu-www.kia.com/content/dam/kwcms/kme/de/de/assets/contents/service/service-wartung/Kia_Wartungsintervalle-Fahrzeuge_Stand-2025-09.pdf,DRAFT_MARKET_AND_MODEL_YEAR_REVIEW,,
vmm-e48ecb7df8eac7a888b635072e3da3448417d2f5b6ed41ef38b79af78ba3edc1,BRAKE_FLUID,,24,OEM_MARKET_REFERENCE_DE | German-registered Kia; all models in table; confirm HR/VIN plan; source model-year/VIN is not the dataset production-year. https://eu-www.kia.com/content/dam/kwcms/kme/de/de/assets/contents/service/service-wartung/Kia_Wartungsintervalle-Fahrzeuge_Stand-2025-09.pdf,DRAFT_MARKET_AND_MODEL_YEAR_REVIEW,,
vmm-d06227930c73dd6b94afe546aa08ab6031c45e1941705c45171a82f20c8e3dd3,BRAKE_FLUID,,24,OEM_MARKET_REFERENCE_DE | German-registered Kia; all models in table; confirm HR/VIN plan; source model-year/VIN is not the dataset production-year. https://eu-www.kia.com/content/dam/kwcms/kme/de/de/assets/contents/service/service-wartung/Kia_Wartungsintervalle-Fahrzeuge_Stand-2025-09.pdf,DRAFT_MARKET_AND_MODEL_YEAR_REVIEW,,
vmm-67624424bbbd029b118b6f3ea2cd64bb5043ff8ee5d7b3e52faa02ac1ed61dfe,BRAKE_FLUID,,24,OEM_MARKET_REFERENCE_DE | German-registered Kia; all models in table; confirm HR/VIN plan; source model-year/VIN is not the dataset production-year. https://eu-www.kia.com/content/dam/kwcms/kme/de/de/assets/contents/service/service-wartung/Kia_Wartungsintervalle-Fahrzeuge_Stand-2025-09.pdf,DRAFT_MARKET_AND_MODEL_YEAR_REVIEW,,
vmm-9006b5f37ae8a75b4444cbda12516eddf4eff906c732a8841e39c4f5c071a315,BRAKE_FLUID,,24,OEM_MARKET_REFERENCE_DE | German-registered Kia; all models in table; confirm HR/VIN plan; source model-year/VIN is not the dataset production-year. https://eu-www.kia.com/content/dam/kwcms/kme/de/de/assets/contents/service/service-wartung/Kia_Wartungsintervalle-Fahrzeuge_Stand-2025-09.pdf,DRAFT_MARKET_AND_MODEL_YEAR_REVIEW,,
vmm-75b0d9f1d9baecd12abb5a3592e4b2810fb9d8924bdb81e5bf21493e3412a46b,BRAKE_FLUID,,24,OEM_MARKET_REFERENCE_DE | German-registered Kia; all models in table; confirm HR/VIN plan; source model-year/VIN is not the dataset production-year. https://eu-www.kia.com/content/dam/kwcms/kme/de/de/assets/contents/service/service-wartung/Kia_Wartungsintervalle-Fahrzeuge_Stand-2025-09.pdf,DRAFT_MARKET_AND_MODEL_YEAR_REVIEW,,
vmm-314a9903245da6ecfe5f3de3820ec7bafec1fc507f9e789a51cd483678725031,BRAKE_FLUID,,24,OEM_MARKET_REFERENCE_DE | German-registered Kia; all models in table; confirm HR/VIN plan; source model-year/VIN is not the dataset production-year. https://eu-www.kia.com/content/dam/kwcms/kme/de/de/assets/contents/service/service-wartung/Kia_Wartungsintervalle-Fahrzeuge_Stand-2025-09.pdf,DRAFT_MARKET_AND_MODEL_YEAR_REVIEW,,
vmm-b5bf0883363dbf5919601a14bcc32cde5e509bf257e7931243561be5b7276aac,BRAKE_FLUID,,24,OEM_MARKET_REFERENCE_DE | German-registered Kia; all models in table; confirm HR/VIN plan; source model-year/VIN is not the dataset production-year. https://eu-www.kia.com/content/dam/kwcms/kme/de/de/assets/contents/service/service-wartung/Kia_Wartungsintervalle-Fahrzeuge_Stand-2025-09.pdf,DRAFT_MARKET_AND_MODEL_YEAR_REVIEW,,
vmm-670bd3e8d2156eecaa6291f3b2580c73c979bb6d1102e60ab5f4ab6f1bcc746c,BRAKE_FLUID,,24,OEM_MARKET_REFERENCE_DE | German-registered Kia; all models in table; confirm HR/VIN plan; source model-year/VIN is not the dataset production-year. https://eu-www.kia.com/content/dam/kwcms/kme/de/de/assets/contents/service/service-wartung/Kia_Wartungsintervalle-Fahrzeuge_Stand-2025-09.pdf,DRAFT_MARKET_AND_MODEL_YEAR_REVIEW,,
vmm-7b19316a1acfeaced27bb928d96d72781e0558f58a12f6b99a6326ae08a0877c,BRAKE_FLUID,,24,OEM_MARKET_REFERENCE_DE | German-registered Kia; all models in table; confirm HR/VIN plan; source model-year/VIN is not the dataset production-year. https://eu-www.kia.com/content/dam/kwcms/kme/de/de/assets/contents/service/service-wartung/Kia_Wartungsintervalle-Fahrzeuge_Stand-2025-09.pdf,DRAFT_MARKET_AND_MODEL_YEAR_REVIEW,,
vmm-a2ea33f6c360d5fc3e85ddf2e137cbd27c4977d691490a736bf9ab3a1194dbbe,BRAKE_FLUID,,24,OEM_MARKET_REFERENCE_DE | German-registered Kia; all models in table; confirm HR/VIN plan; source model-year/VIN is not the dataset production-year. https://eu-www.kia.com/content/dam/kwcms/kme/de/de/assets/contents/service/service-wartung/Kia_Wartungsintervalle-Fahrzeuge_Stand-2025-09.pdf,DRAFT_MARKET_AND_MODEL_YEAR_REVIEW,,
vmm-539a50aa46fddf134d540ba6f25c7251318651a5c8ba0329e0e04e7b8ce01ef1,BRAKE_FLUID,,24,OEM_MARKET_REFERENCE_DE | German-registered Kia; all models in table; confirm HR/VIN plan; source model-year/VIN is not the dataset production-year. https://eu-www.kia.com/content/dam/kwcms/kme/de/de/assets/contents/service/service-wartung/Kia_Wartungsintervalle-Fahrzeuge_Stand-2025-09.pdf,DRAFT_MARKET_AND_MODEL_YEAR_REVIEW,,
vmm-0d50b66db6a60fa16f7b92eb7ee333e44de169af87780bb557bcdfc5de61fa6d,BRAKE_FLUID,,24,OEM_MARKET_REFERENCE_DE | German-registered Kia; all models in table; confirm HR/VIN plan; source model-year/VIN is not the dataset production-year. https://eu-www.kia.com/content/dam/kwcms/kme/de/de/assets/contents/service/service-wartung/Kia_Wartungsintervalle-Fahrzeuge_Stand-2025-09.pdf,DRAFT_MARKET_AND_MODEL_YEAR_REVIEW,,
vmm-25f7336111666d3722707c58e7c2d13c1229f5285d6ad9366c23bdd2f4e4cf86,BRAKE_FLUID,,24,OEM_MARKET_REFERENCE_DE | German-registered Kia; all models in table; confirm HR/VIN plan; source model-year/VIN is not the dataset production-year. https://eu-www.kia.com/content/dam/kwcms/kme/de/de/assets/contents/service/service-wartung/Kia_Wartungsintervalle-Fahrzeuge_Stand-2025-09.pdf,DRAFT_MARKET_AND_MODEL_YEAR_REVIEW,,
vmm-08dc8f7a0c7054ff1c71004e0e43e5920362dbb2a4b26f16c0860a39b8ba4d9d,BRAKE_FLUID,,24,OEM_MARKET_REFERENCE_DE | German-registered Kia; all models in table; confirm HR/VIN plan; source model-year/VIN is not the dataset production-year. https://eu-www.kia.com/content/dam/kwcms/kme/de/de/assets/contents/service/service-wartung/Kia_Wartungsintervalle-Fahrzeuge_Stand-2025-09.pdf,DRAFT_MARKET_AND_MODEL_YEAR_REVIEW,,
vmm-c38a766a7e898666c73c91900337d8f342bc1b6f30d6190a7715a4838ba7e96a,BRAKE_FLUID,,24,OEM_MARKET_REFERENCE_DE | German-registered Kia; all models in table; confirm HR/VIN plan; source model-year/VIN is not the dataset production-year. https://eu-www.kia.com/content/dam/kwcms/kme/de/de/assets/contents/service/service-wartung/Kia_Wartungsintervalle-Fahrzeuge_Stand-2025-09.pdf,DRAFT_MARKET_AND_MODEL_YEAR_REVIEW,,
vmm-e06530807285c591cac52df18766fd9f8cc7df2b90be070fa97dbfbdb13e5985,BRAKE_FLUID,,24,OEM_MARKET_REFERENCE_DE | German-registered Kia; all models in table; confirm HR/VIN plan; source model-year/VIN is not the dataset production-year. https://eu-www.kia.com/content/dam/kwcms/kme/de/de/assets/contents/service/service-wartung/Kia_Wartungsintervalle-Fahrzeuge_Stand-2025-09.pdf,DRAFT_MARKET_AND_MODEL_YEAR_REVIEW,,
vmm-5e95c8a0b4dbb801e5e6eff9ea02db5addaf8b5ba90c7e2a639677ff079bb9a5,BRAKE_FLUID,,24,OEM_MARKET_REFERENCE_DE | German-registered Kia; all models in table; confirm HR/VIN plan; source model-year/VIN is not the dataset production-year. https://eu-www.kia.com/content/dam/kwcms/kme/de/de/assets/contents/service/service-wartung/Kia_Wartungsintervalle-Fahrzeuge_Stand-2025-09.pdf,DRAFT_MARKET_AND_MODEL_YEAR_REVIEW,,
vmm-97e19e55b3dc326c0e6cc9de2786038397b3b1e5e2390e933b98224a5ba6b2e0,BRAKE_FLUID,,24,OEM_MARKET_REFERENCE_DE | German-registered Kia; all models in table; confirm HR/VIN plan; source model-year/VIN is not the dataset production-year. https://eu-www.kia.com/content/dam/kwcms/kme/de/de/assets/contents/service/service-wartung/Kia_Wartungsintervalle-Fahrzeuge_Stand-2025-09.pdf,DRAFT_MARKET_AND_MODEL_YEAR_REVIEW,,
vmm-392239312c28f255c99772f0f2314c5148dd439ca500cdfcccbd3294ed11aecd,BRAKE_FLUID,,24,OEM_MARKET_REFERENCE_DE | German-registered Kia; all models in table; confirm HR/VIN plan; source model-year/VIN is not the dataset production-year. https://eu-www.kia.com/content/dam/kwcms/kme/de/de/assets/contents/service/service-wartung/Kia_Wartungsintervalle-Fahrzeuge_Stand-2025-09.pdf,DRAFT_MARKET_AND_MODEL_YEAR_REVIEW,,
vmm-e7ad5ae72e5b739d17649f55e11c4ff490a98d1deec8b52b7073cc9f8e1a5175,BRAKE_FLUID,,24,OEM_MARKET_REFERENCE_DE | German-registered Kia; all models in table; confirm HR/VIN plan; source model-year/VIN is not the dataset production-year. https://eu-www.kia.com/content/dam/kwcms/kme/de/de/assets/contents/service/service-wartung/Kia_Wartungsintervalle-Fahrzeuge_Stand-2025-09.pdf,DRAFT_MARKET_AND_MODEL_YEAR_REVIEW,,
vmm-c027ccc56b1ebcece4a9425eb61c154869eaa2c02b4cf3af710a3009c66d8c14,BRAKE_FLUID,,24,OEM_MARKET_REFERENCE_DE | German-registered Kia; all models in table; confirm HR/VIN plan; source model-year/VIN is not the dataset production-year. https://eu-www.kia.com/content/dam/kwcms/kme/de/de/assets/contents/service/service-wartung/Kia_Wartungsintervalle-Fahrzeuge_Stand-2025-09.pdf,DRAFT_MARKET_AND_MODEL_YEAR_REVIEW,,
vmm-84dcd43d6db299cf6cb6d867749d30fea288706401453e7e8ccfee2dee8ba57a,BRAKE_FLUID,,24,OEM_MARKET_REFERENCE_DE | German-registered Kia; all models in table; confirm HR/VIN plan; source model-year/VIN is not the dataset production-year. https://eu-www.kia.com/content/dam/kwcms/kme/de/de/assets/contents/service/service-wartung/Kia_Wartungsintervalle-Fahrzeuge_Stand-2025-09.pdf,DRAFT_MARKET_AND_MODEL_YEAR_REVIEW,,
vmm-ec05d18702baef573e8b1a42c32fec6b8d71629deac0d615001be40749a45bd8,BRAKE_FLUID,,24,OEM_MARKET_REFERENCE_DE | German-registered Kia; all models in table; confirm HR/VIN plan; source model-year/VIN is not the dataset production-year. https://eu-www.kia.com/content/dam/kwcms/kme/de/de/assets/contents/service/service-wartung/Kia_Wartungsintervalle-Fahrzeuge_Stand-2025-09.pdf,DRAFT_MARKET_AND_MODEL_YEAR_REVIEW,,
vmm-770d79fa71df263f3ca72e30831893cb8d566571bf3876ba39ba4df6d0364bc8,BRAKE_FLUID,,24,OEM_MARKET_REFERENCE_DE | German-registered Kia; all models in table; confirm HR/VIN plan; source model-year/VIN is not the dataset production-year. https://eu-www.kia.com/content/dam/kwcms/kme/de/de/assets/contents/service/service-wartung/Kia_Wartungsintervalle-Fahrzeuge_Stand-2025-09.pdf,DRAFT_MARKET_AND_MODEL_YEAR_REVIEW,,
vmm-6e2044eb96ad36c824b11a8ac4aab52e51dbf5e1e86fa41f75ef14dbf43baa8c,BRAKE_FLUID,,24,OEM_MARKET_REFERENCE_DE | German-registered Kia; all models in table; confirm HR/VIN plan; source model-year/VIN is not the dataset production-year. https://eu-www.kia.com/content/dam/kwcms/kme/de/de/assets/contents/service/service-wartung/Kia_Wartungsintervalle-Fahrzeuge_Stand-2025-09.pdf,DRAFT_MARKET_AND_MODEL_YEAR_REVIEW,,
vmm-5dd76d03d5539be59c4d41b60853f47fd4b5e3554d13501dbb350bc97d52e212,BRAKE_FLUID,,24,OEM_MARKET_REFERENCE_DE | German-registered Kia; all models in table; confirm HR/VIN plan; source model-year/VIN is not the dataset production-year. https://eu-www.kia.com/content/dam/kwcms/kme/de/de/assets/contents/service/service-wartung/Kia_Wartungsintervalle-Fahrzeuge_Stand-2025-09.pdf,DRAFT_MARKET_AND_MODEL_YEAR_REVIEW,,
vmm-ebcf44f2c1d4548787c38d1e88de3cdb055ee6f203e5e6c84a08fdd3fc05b2ba,BRAKE_FLUID,,24,OEM_MARKET_REFERENCE_DE | German-registered Kia; all models in table; confirm HR/VIN plan; source model-year/VIN is not the dataset production-year. https://eu-www.kia.com/content/dam/kwcms/kme/de/de/assets/contents/service/service-wartung/Kia_Wartungsintervalle-Fahrzeuge_Stand-2025-09.pdf,DRAFT_MARKET_AND_MODEL_YEAR_REVIEW,,
vmm-d17cff0a75ed029617caa394a2e0607a41cdf434c0445879309610542a961050,BRAKE_FLUID,,24,OEM_MARKET_REFERENCE_DE | German-registered Kia; all models in table; confirm HR/VIN plan; source model-year/VIN is not the dataset production-year. https://eu-www.kia.com/content/dam/kwcms/kme/de/de/assets/contents/service/service-wartung/Kia_Wartungsintervalle-Fahrzeuge_Stand-2025-09.pdf,DRAFT_MARKET_AND_MODEL_YEAR_REVIEW,,
vmm-96e8107d5631edcee15b42fd52e362f9713fb235ba254695df47c73aeca7e8a0,BRAKE_FLUID,,24,OEM_MARKET_REFERENCE_DE | German-registered Kia; all models in table; confirm HR/VIN plan; source model-year/VIN is not the dataset production-year. https://eu-www.kia.com/content/dam/kwcms/kme/de/de/assets/contents/service/service-wartung/Kia_Wartungsintervalle-Fahrzeuge_Stand-2025-09.pdf,DRAFT_MARKET_AND_MODEL_YEAR_REVIEW,,
vmm-9ecd509a0064f72df902eb1ad6e2d8fec99db910f8407a0af2d7dfa536dd89e6,BRAKE_FLUID,,24,OEM_MARKET_REFERENCE_DE | German-registered Kia; all models in table; confirm HR/VIN plan; source model-year/VIN is not the dataset production-year. https://eu-www.kia.com/content/dam/kwcms/kme/de/de/assets/contents/service/service-wartung/Kia_Wartungsintervalle-Fahrzeuge_Stand-2025-09.pdf,DRAFT_MARKET_AND_MODEL_YEAR_REVIEW,,
vmm-6340662835f95c55c16ebcd5bd94af2be6de1e338ef05f2090fe97e9a93b3a09,BRAKE_FLUID,,24,OEM_MARKET_REFERENCE_DE | German-registered Kia; all models in table; confirm HR/VIN plan; source model-year/VIN is not the dataset production-year. https://eu-www.kia.com/content/dam/kwcms/kme/de/de/assets/contents/service/service-wartung/Kia_Wartungsintervalle-Fahrzeuge_Stand-2025-09.pdf,DRAFT_MARKET_AND_MODEL_YEAR_REVIEW,,
vmm-20edc46504ac5381dfd6b3a4eddd926f2a3d0159f5db69c36394e8a953970ebe,BRAKE_FLUID,,24,OEM_MARKET_REFERENCE_DE | German-registered Kia; all models in table; confirm HR/VIN plan; source model-year/VIN is not the dataset production-year. https://eu-www.kia.com/content/dam/kwcms/kme/de/de/assets/contents/service/service-wartung/Kia_Wartungsintervalle-Fahrzeuge_Stand-2025-09.pdf,DRAFT_MARKET_AND_MODEL_YEAR_REVIEW,,
vmm-e73b934168e5c1bd3bb0343c9cd33ee09c57ef14fe93a6e46fdc6ac196a845d5,BRAKE_FLUID,,24,OEM_MARKET_REFERENCE_DE | German-registered Kia; all models in table; confirm HR/VIN plan; source model-year/VIN is not the dataset production-year. https://eu-www.kia.com/content/dam/kwcms/kme/de/de/assets/contents/service/service-wartung/Kia_Wartungsintervalle-Fahrzeuge_Stand-2025-09.pdf,DRAFT_MARKET_AND_MODEL_YEAR_REVIEW,,
vmm-f3b7b3543089d3948e28fdc2b87eee3fae62fed5fae4c89551eb96ba42c19975,BRAKE_FLUID,,24,OEM_MARKET_REFERENCE_DE | German-registered Kia; all models in table; confirm HR/VIN plan; source model-year/VIN is not the dataset production-year. https://eu-www.kia.com/content/dam/kwcms/kme/de/de/assets/contents/service/service-wartung/Kia_Wartungsintervalle-Fahrzeuge_Stand-2025-09.pdf,DRAFT_MARKET_AND_MODEL_YEAR_REVIEW,,
vmm-023f9044feeed9122da5fd74c62df7bd6d6889884d77f87e911caffd809bfa12,BRAKE_FLUID,,24,OEM_MARKET_REFERENCE_DE | German-registered Kia; all models in table; confirm HR/VIN plan; source model-year/VIN is not the dataset production-year. https://eu-www.kia.com/content/dam/kwcms/kme/de/de/assets/contents/service/service-wartung/Kia_Wartungsintervalle-Fahrzeuge_Stand-2025-09.pdf,DRAFT_MARKET_AND_MODEL_YEAR_REVIEW,,
vmm-0e0d5da84dd565922ee994ea8c7f039b9a4bf7e2629249243c0b125a65d9ee46,BRAKE_FLUID,,24,OEM_MARKET_REFERENCE_DE | German-registered Kia; all models in table; confirm HR/VIN plan; source model-year/VIN is not the dataset production-year. https://eu-www.kia.com/content/dam/kwcms/kme/de/de/assets/contents/service/service-wartung/Kia_Wartungsintervalle-Fahrzeuge_Stand-2025-09.pdf,DRAFT_MARKET_AND_MODEL_YEAR_REVIEW,,
vmm-ddf5ea806877ce0441c5068ccf059fbea1e9d95175d13f0721e5f49fe6a691f4,BRAKE_FLUID,,24,OEM_MARKET_REFERENCE_DE | German-registered Kia; all models in table; confirm HR/VIN plan; source model-year/VIN is not the dataset production-year. https://eu-www.kia.com/content/dam/kwcms/kme/de/de/assets/contents/service/service-wartung/Kia_Wartungsintervalle-Fahrzeuge_Stand-2025-09.pdf,DRAFT_MARKET_AND_MODEL_YEAR_REVIEW,,
vmm-e78b1a821cef8fd4f8b52a5e604a2d051c8cc0187283ef1e4713db1a5ae000d9,BRAKE_FLUID,,24,OEM_MARKET_REFERENCE_DE | German-registered Kia; all models in table; confirm HR/VIN plan; source model-year/VIN is not the dataset production-year. https://eu-www.kia.com/content/dam/kwcms/kme/de/de/assets/contents/service/service-wartung/Kia_Wartungsintervalle-Fahrzeuge_Stand-2025-09.pdf,DRAFT_MARKET_AND_MODEL_YEAR_REVIEW,,
vmm-1540b9ea98c1bc085b448709124d7f67a46f6cf087b9a5ee05b50ec77b03e9fb,BRAKE_FLUID,,24,OEM_MARKET_REFERENCE_DE | German-registered Kia; all models in table; confirm HR/VIN plan; source model-year/VIN is not the dataset production-year. https://eu-www.kia.com/content/dam/kwcms/kme/de/de/assets/contents/service/service-wartung/Kia_Wartungsintervalle-Fahrzeuge_Stand-2025-09.pdf,DRAFT_MARKET_AND_MODEL_YEAR_REVIEW,,
vmm-8c9d0dad737d5a2f6546a02ef543b4c4253bc609641af88cfd1521acfcde2483,BRAKE_FLUID,,24,OEM_MARKET_REFERENCE_DE | German-registered Kia; all models in table; confirm HR/VIN plan; source model-year/VIN is not the dataset production-year. https://eu-www.kia.com/content/dam/kwcms/kme/de/de/assets/contents/service/service-wartung/Kia_Wartungsintervalle-Fahrzeuge_Stand-2025-09.pdf,DRAFT_MARKET_AND_MODEL_YEAR_REVIEW,,
vmm-a6045bf88841dc8314288959cd8a37aafb1f14c8acdb4a6beab7bf6de2fb4fc3,BRAKE_FLUID,,24,OEM_MARKET_REFERENCE_DE | German-registered Kia; all models in table; confirm HR/VIN plan; source model-year/VIN is not the dataset production-year. https://eu-www.kia.com/content/dam/kwcms/kme/de/de/assets/contents/service/service-wartung/Kia_Wartungsintervalle-Fahrzeuge_Stand-2025-09.pdf,DRAFT_MARKET_AND_MODEL_YEAR_REVIEW,,
vmm-56baf475e6b7bed75b21536e06ffcbc44b5f71eea4a0a26cf21637a73a0bb8c1,BRAKE_FLUID,,24,OEM_MARKET_REFERENCE_DE | German-registered Kia; all models in table; confirm HR/VIN plan; source model-year/VIN is not the dataset production-year. https://eu-www.kia.com/content/dam/kwcms/kme/de/de/assets/contents/service/service-wartung/Kia_Wartungsintervalle-Fahrzeuge_Stand-2025-09.pdf,DRAFT_MARKET_AND_MODEL_YEAR_REVIEW,,
vmm-7d89413ba0a1014d8d8a3702947fd83aea4019dbcae6810c307feda640375bcd,BRAKE_FLUID,,24,OEM_MARKET_REFERENCE_DE | German-registered Kia; all models in table; confirm HR/VIN plan; source model-year/VIN is not the dataset production-year. https://eu-www.kia.com/content/dam/kwcms/kme/de/de/assets/contents/service/service-wartung/Kia_Wartungsintervalle-Fahrzeuge_Stand-2025-09.pdf,DRAFT_MARKET_AND_MODEL_YEAR_REVIEW,,
vmm-bf3155aefffcd1b444f921a90bb7dbb8e88f48fc6129f00da3004caa3f6087f2,BRAKE_FLUID,,24,OEM_MARKET_REFERENCE_DE | German-registered Kia; all models in table; confirm HR/VIN plan; source model-year/VIN is not the dataset production-year. https://eu-www.kia.com/content/dam/kwcms/kme/de/de/assets/contents/service/service-wartung/Kia_Wartungsintervalle-Fahrzeuge_Stand-2025-09.pdf,DRAFT_MARKET_AND_MODEL_YEAR_REVIEW,,
vmm-082d3b8cb08748da66ef0ed00920191dd6a1b6ab62b3f22b6df0d9bdef299490,BRAKE_FLUID,,24,OEM_MARKET_REFERENCE_DE | German-registered Kia; all models in table; confirm HR/VIN plan; source model-year/VIN is not the dataset production-year. https://eu-www.kia.com/content/dam/kwcms/kme/de/de/assets/contents/service/service-wartung/Kia_Wartungsintervalle-Fahrzeuge_Stand-2025-09.pdf,DRAFT_MARKET_AND_MODEL_YEAR_REVIEW,,
vmm-29ae4981f0f692a9fb8fdd833a98a75755cfd9a5dc2d4bab08d6455ddf5c11d7,BRAKE_FLUID,,24,OEM_MARKET_REFERENCE_DE | German-registered Kia; all models in table; confirm HR/VIN plan; source model-year/VIN is not the dataset production-year. https://eu-www.kia.com/content/dam/kwcms/kme/de/de/assets/contents/service/service-wartung/Kia_Wartungsintervalle-Fahrzeuge_Stand-2025-09.pdf,DRAFT_MARKET_AND_MODEL_YEAR_REVIEW,,
vmm-d719ff74888967d7730c77777e5268a9bd99b0cd14ad60df64bca4528356421f,BRAKE_FLUID,,24,OEM_MARKET_REFERENCE_DE | German-registered Kia; all models in table; confirm HR/VIN plan; source model-year/VIN is not the dataset production-year. https://eu-www.kia.com/content/dam/kwcms/kme/de/de/assets/contents/service/service-wartung/Kia_Wartungsintervalle-Fahrzeuge_Stand-2025-09.pdf,DRAFT_MARKET_AND_MODEL_YEAR_REVIEW,,
vmm-92ba1725089fcdc62abd4dba4e95d69169ba76e4bacf3b26e883bd69fabea3e0,BRAKE_FLUID,,24,OEM_MARKET_REFERENCE_DE | German-registered Kia; all models in table; confirm HR/VIN plan; source model-year/VIN is not the dataset production-year. https://eu-www.kia.com/content/dam/kwcms/kme/de/de/assets/contents/service/service-wartung/Kia_Wartungsintervalle-Fahrzeuge_Stand-2025-09.pdf,DRAFT_MARKET_AND_MODEL_YEAR_REVIEW,,
vmm-7391b88f7a783a533a9e258aa3ffb35f2844c92390ca14d3528b2f6ee6841f60,BRAKE_FLUID,,24,OEM_MARKET_REFERENCE_DE | German-registered Kia; all models in table; confirm HR/VIN plan; source model-year/VIN is not the dataset production-year. https://eu-www.kia.com/content/dam/kwcms/kme/de/de/assets/contents/service/service-wartung/Kia_Wartungsintervalle-Fahrzeuge_Stand-2025-09.pdf,DRAFT_MARKET_AND_MODEL_YEAR_REVIEW,,
vmm-f8cc8c1047ab605c6df2166fc7ad15e3ed5c3af9e9ee509e8dd8ee251cd177eb,BRAKE_FLUID,,24,OEM_MARKET_REFERENCE_DE | German-registered Kia; all models in table; confirm HR/VIN plan; source model-year/VIN is not the dataset production-year. https://eu-www.kia.com/content/dam/kwcms/kme/de/de/assets/contents/service/service-wartung/Kia_Wartungsintervalle-Fahrzeuge_Stand-2025-09.pdf,DRAFT_MARKET_AND_MODEL_YEAR_REVIEW,,
vmm-3c960136412a2ebbc3149591a5bd92d920665f8e646b74e8c3cbd61ee8f1d56d,BRAKE_FLUID,,24,OEM_MARKET_REFERENCE_DE | German-registered Kia; all models in table; confirm HR/VIN plan; source model-year/VIN is not the dataset production-year. https://eu-www.kia.com/content/dam/kwcms/kme/de/de/assets/contents/service/service-wartung/Kia_Wartungsintervalle-Fahrzeuge_Stand-2025-09.pdf,DRAFT_MARKET_AND_MODEL_YEAR_REVIEW,,
vmm-7f3b020816ba106d760bb09ddaaa02a1c2a414da9a20721f7dababc2688470e0,BRAKE_FLUID,,24,OEM_MARKET_REFERENCE_DE | German-registered Kia; all models in table; confirm HR/VIN plan; source model-year/VIN is not the dataset production-year. https://eu-www.kia.com/content/dam/kwcms/kme/de/de/assets/contents/service/service-wartung/Kia_Wartungsintervalle-Fahrzeuge_Stand-2025-09.pdf,DRAFT_MARKET_AND_MODEL_YEAR_REVIEW,,
vmm-0068b1d5cb29d9afc555c407e295422612f93fa9e9c0da1cca15e7054403f210,BRAKE_FLUID,,24,OEM_MARKET_REFERENCE_DE | German-registered Kia; all models in table; confirm HR/VIN plan; source model-year/VIN is not the dataset production-year. https://eu-www.kia.com/content/dam/kwcms/kme/de/de/assets/contents/service/service-wartung/Kia_Wartungsintervalle-Fahrzeuge_Stand-2025-09.pdf,DRAFT_MARKET_AND_MODEL_YEAR_REVIEW,,
vmm-004161dc07291d5801589da0bb0c8854670512acdb251bd52a26a32adb8c6898,BRAKE_FLUID,,24,OEM_MARKET_REFERENCE_DE | German-registered Kia; all models in table; confirm HR/VIN plan; source model-year/VIN is not the dataset production-year. https://eu-www.kia.com/content/dam/kwcms/kme/de/de/assets/contents/service/service-wartung/Kia_Wartungsintervalle-Fahrzeuge_Stand-2025-09.pdf,DRAFT_MARKET_AND_MODEL_YEAR_REVIEW,,
vmm-48231d7eacc717d4b9bfd7d05137dcb962f57df98fd73cf903f93f9d7782850d,BRAKE_FLUID,,24,OEM_MARKET_REFERENCE_DE | German-registered Kia; all models in table; confirm HR/VIN plan; source model-year/VIN is not the dataset production-year. https://eu-www.kia.com/content/dam/kwcms/kme/de/de/assets/contents/service/service-wartung/Kia_Wartungsintervalle-Fahrzeuge_Stand-2025-09.pdf,DRAFT_MARKET_AND_MODEL_YEAR_REVIEW,,
vmm-90a94700f543f31ea0a390942ad04f743577ce79cb106be849cf05774229ba64,BRAKE_FLUID,,24,OEM_MARKET_REFERENCE_DE | German-registered Kia; all models in table; confirm HR/VIN plan; source model-year/VIN is not the dataset production-year. https://eu-www.kia.com/content/dam/kwcms/kme/de/de/assets/contents/service/service-wartung/Kia_Wartungsintervalle-Fahrzeuge_Stand-2025-09.pdf,DRAFT_MARKET_AND_MODEL_YEAR_REVIEW,,
vmm-1e1c76bda6781d6e208ca7ad1de7960284bb907469ab43dcda3d8c10d0e1c926,BRAKE_FLUID,,24,OEM_MARKET_REFERENCE_DE | German-registered Kia; all models in table; confirm HR/VIN plan; source model-year/VIN is not the dataset production-year. https://eu-www.kia.com/content/dam/kwcms/kme/de/de/assets/contents/service/service-wartung/Kia_Wartungsintervalle-Fahrzeuge_Stand-2025-09.pdf,DRAFT_MARKET_AND_MODEL_YEAR_REVIEW,,
vmm-7dd19598115f40d5395dd547b4beb6b179c0a4be9af610ec64b0e293eb7a440b,BRAKE_FLUID,,24,OEM_MARKET_REFERENCE_DE | German-registered Kia; all models in table; confirm HR/VIN plan; source model-year/VIN is not the dataset production-year. https://eu-www.kia.com/content/dam/kwcms/kme/de/de/assets/contents/service/service-wartung/Kia_Wartungsintervalle-Fahrzeuge_Stand-2025-09.pdf,DRAFT_MARKET_AND_MODEL_YEAR_REVIEW,,
vmm-7b7234e0f6e6de8fa7d2d23ab3fa25f76672b7a806857de1cfb99a9e5951f062,BRAKE_FLUID,,24,OEM_MARKET_REFERENCE_DE | German-registered Kia; all models in table; confirm HR/VIN plan; source model-year/VIN is not the dataset production-year. https://eu-www.kia.com/content/dam/kwcms/kme/de/de/assets/contents/service/service-wartung/Kia_Wartungsintervalle-Fahrzeuge_Stand-2025-09.pdf,DRAFT_MARKET_AND_MODEL_YEAR_REVIEW,,
vmm-594c68771e2edfb2f5df443c2658d4b10374aa9fe0d52d663a468ce62ca4e4a2,BRAKE_FLUID,,24,OEM_MARKET_REFERENCE_DE | German-registered Kia; all models in table; confirm HR/VIN plan; source model-year/VIN is not the dataset production-year. https://eu-www.kia.com/content/dam/kwcms/kme/de/de/assets/contents/service/service-wartung/Kia_Wartungsintervalle-Fahrzeuge_Stand-2025-09.pdf,DRAFT_MARKET_AND_MODEL_YEAR_REVIEW,,
vmm-02f696917d6453394f6b794e937bd48f00153edb3bacd01fe436e466f2256c93,BRAKE_FLUID,,24,OEM_MARKET_REFERENCE_DE | German-registered Kia; all models in table; confirm HR/VIN plan; source model-year/VIN is not the dataset production-year. https://eu-www.kia.com/content/dam/kwcms/kme/de/de/assets/contents/service/service-wartung/Kia_Wartungsintervalle-Fahrzeuge_Stand-2025-09.pdf,DRAFT_MARKET_AND_MODEL_YEAR_REVIEW,,
vmm-a2e5e125925399d68191e8418df9eb727c6400d460fede102d2acc68cb2c0bc2,BRAKE_FLUID,,24,OEM_MARKET_REFERENCE_DE | German-registered Kia; all models in table; confirm HR/VIN plan; source model-year/VIN is not the dataset production-year. https://eu-www.kia.com/content/dam/kwcms/kme/de/de/assets/contents/service/service-wartung/Kia_Wartungsintervalle-Fahrzeuge_Stand-2025-09.pdf,DRAFT_MARKET_AND_MODEL_YEAR_REVIEW,,
vmm-12295d94179202261b8777efde95056a5cc3da7e21e5876fbd8af94fd00c8f0f,BRAKE_FLUID,,24,OEM_MARKET_REFERENCE_DE | German-registered Kia; all models in table; confirm HR/VIN plan; source model-year/VIN is not the dataset production-year. https://eu-www.kia.com/content/dam/kwcms/kme/de/de/assets/contents/service/service-wartung/Kia_Wartungsintervalle-Fahrzeuge_Stand-2025-09.pdf,DRAFT_MARKET_AND_MODEL_YEAR_REVIEW,,
vmm-db834dbdd85e434d143baa23548bd7cc0797581c2aac3cde206e2132d44d453f,BRAKE_FLUID,,24,OEM_MARKET_REFERENCE_DE | German-registered Kia; all models in table; confirm HR/VIN plan; source model-year/VIN is not the dataset production-year. https://eu-www.kia.com/content/dam/kwcms/kme/de/de/assets/contents/service/service-wartung/Kia_Wartungsintervalle-Fahrzeuge_Stand-2025-09.pdf,DRAFT_MARKET_AND_MODEL_YEAR_REVIEW,,
vmm-221bf1e2a9822c2316443effb43093b0651c116b7ad1fb28a0efe8c412e43db5,BRAKE_FLUID,,24,OEM_MARKET_REFERENCE_DE | German-registered Kia; all models in table; confirm HR/VIN plan; source model-year/VIN is not the dataset production-year. https://eu-www.kia.com/content/dam/kwcms/kme/de/de/assets/contents/service/service-wartung/Kia_Wartungsintervalle-Fahrzeuge_Stand-2025-09.pdf,DRAFT_MARKET_AND_MODEL_YEAR_REVIEW,,
vmm-0000215af5c37cb6151df8c6a475c258cd9ca1155e3b4f99c323fcdd542722ae,BRAKE_FLUID,,24,OEM_MARKET_REFERENCE_DE | German-registered Kia; all models in table; confirm HR/VIN plan; source model-year/VIN is not the dataset production-year. https://eu-www.kia.com/content/dam/kwcms/kme/de/de/assets/contents/service/service-wartung/Kia_Wartungsintervalle-Fahrzeuge_Stand-2025-09.pdf,DRAFT_MARKET_AND_MODEL_YEAR_REVIEW,,
vmm-d19701480745cf29a48c6ba1694c50dfe99bda5c8a3ecda843210992e9b20933,BRAKE_FLUID,,24,OEM_MARKET_REFERENCE_DE | German-registered Kia; all models in table; confirm HR/VIN plan; source model-year/VIN is not the dataset production-year. https://eu-www.kia.com/content/dam/kwcms/kme/de/de/assets/contents/service/service-wartung/Kia_Wartungsintervalle-Fahrzeuge_Stand-2025-09.pdf,DRAFT_MARKET_AND_MODEL_YEAR_REVIEW,,
vmm-d19701480745cf29a48c6ba1694c50dfe99bda5c8a3ecda843210992e9b20933,SCHEDULED_INSPECTION,15000,12,OEM_MARKET_REFERENCE_DE | Picanto TA/JA petrol; MY2012-2025; source model-year/VIN is not the dataset production-year. https://eu-www.kia.com/content/dam/kwcms/kme/de/de/assets/contents/service/service-wartung/Kia_Wartungsintervalle-Fahrzeuge_Stand-2025-09.pdf,DRAFT_MARKET_AND_MODEL_YEAR_REVIEW,,
vmm-43294a357602189e3ec56293e409f8007267c3f219c4bd4550334a12b2c887e2,BRAKE_FLUID,,24,OEM_MARKET_REFERENCE_DE | German-registered Kia; all models in table; confirm HR/VIN plan; source model-year/VIN is not the dataset production-year. https://eu-www.kia.com/content/dam/kwcms/kme/de/de/assets/contents/service/service-wartung/Kia_Wartungsintervalle-Fahrzeuge_Stand-2025-09.pdf,DRAFT_MARKET_AND_MODEL_YEAR_REVIEW,,
vmm-43294a357602189e3ec56293e409f8007267c3f219c4bd4550334a12b2c887e2,SCHEDULED_INSPECTION,15000,12,OEM_MARKET_REFERENCE_DE | Picanto TA/JA petrol; MY2012-2025; source model-year/VIN is not the dataset production-year. https://eu-www.kia.com/content/dam/kwcms/kme/de/de/assets/contents/service/service-wartung/Kia_Wartungsintervalle-Fahrzeuge_Stand-2025-09.pdf,DRAFT_MARKET_AND_MODEL_YEAR_REVIEW,,
vmm-0c0252d4b558f31bef9758e63ca49015ac4c54236638e16c3d3079fd7143205a,BRAKE_FLUID,,24,OEM_MARKET_REFERENCE_DE | German-registered Kia; all models in table; confirm HR/VIN plan; source model-year/VIN is not the dataset production-year. https://eu-www.kia.com/content/dam/kwcms/kme/de/de/assets/contents/service/service-wartung/Kia_Wartungsintervalle-Fahrzeuge_Stand-2025-09.pdf,DRAFT_MARKET_AND_MODEL_YEAR_REVIEW,,
vmm-0c0252d4b558f31bef9758e63ca49015ac4c54236638e16c3d3079fd7143205a,SCHEDULED_INSPECTION,15000,12,OEM_MARKET_REFERENCE_DE | Picanto TA/JA petrol; MY2012-2025; source model-year/VIN is not the dataset production-year. https://eu-www.kia.com/content/dam/kwcms/kme/de/de/assets/contents/service/service-wartung/Kia_Wartungsintervalle-Fahrzeuge_Stand-2025-09.pdf,DRAFT_MARKET_AND_MODEL_YEAR_REVIEW,,
vmm-f425862cce8774fdb436944d7933c57220da559a7e53b6ea2c75498761d13225,BRAKE_FLUID,,24,OEM_MARKET_REFERENCE_DE | German-registered Kia; all models in table; confirm HR/VIN plan; source model-year/VIN is not the dataset production-year. https://eu-www.kia.com/content/dam/kwcms/kme/de/de/assets/contents/service/service-wartung/Kia_Wartungsintervalle-Fahrzeuge_Stand-2025-09.pdf,DRAFT_MARKET_AND_MODEL_YEAR_REVIEW,,
vmm-f425862cce8774fdb436944d7933c57220da559a7e53b6ea2c75498761d13225,SCHEDULED_INSPECTION,15000,12,OEM_MARKET_REFERENCE_DE | Picanto TA/JA petrol; MY2012-2025; source model-year/VIN is not the dataset production-year. https://eu-www.kia.com/content/dam/kwcms/kme/de/de/assets/contents/service/service-wartung/Kia_Wartungsintervalle-Fahrzeuge_Stand-2025-09.pdf,DRAFT_MARKET_AND_MODEL_YEAR_REVIEW,,
vmm-e4d9417b3a84dcdf5da1db9eb09433d78c216c67a2a4169580cfebf974378ad2,BRAKE_FLUID,,24,OEM_MARKET_REFERENCE_DE | German-registered Kia; all models in table; confirm HR/VIN plan; source model-year/VIN is not the dataset production-year. https://eu-www.kia.com/content/dam/kwcms/kme/de/de/assets/contents/service/service-wartung/Kia_Wartungsintervalle-Fahrzeuge_Stand-2025-09.pdf,DRAFT_MARKET_AND_MODEL_YEAR_REVIEW,,
vmm-e4d9417b3a84dcdf5da1db9eb09433d78c216c67a2a4169580cfebf974378ad2,SCHEDULED_INSPECTION,15000,12,OEM_MARKET_REFERENCE_DE | Picanto TA/JA petrol; MY2012-2025; source model-year/VIN is not the dataset production-year. https://eu-www.kia.com/content/dam/kwcms/kme/de/de/assets/contents/service/service-wartung/Kia_Wartungsintervalle-Fahrzeuge_Stand-2025-09.pdf,DRAFT_MARKET_AND_MODEL_YEAR_REVIEW,,
vmm-b6a2ca37bf57186e5f311598774423cce03489a23a0b6f040e1b19f6afa8d71b,BRAKE_FLUID,,24,OEM_MARKET_REFERENCE_DE | German-registered Kia; all models in table; confirm HR/VIN plan; source model-year/VIN is not the dataset production-year. https://eu-www.kia.com/content/dam/kwcms/kme/de/de/assets/contents/service/service-wartung/Kia_Wartungsintervalle-Fahrzeuge_Stand-2025-09.pdf,DRAFT_MARKET_AND_MODEL_YEAR_REVIEW,,
vmm-b6a2ca37bf57186e5f311598774423cce03489a23a0b6f040e1b19f6afa8d71b,SCHEDULED_INSPECTION,15000,12,OEM_MARKET_REFERENCE_DE | Picanto TA/JA petrol; MY2012-2025; source model-year/VIN is not the dataset production-year. https://eu-www.kia.com/content/dam/kwcms/kme/de/de/assets/contents/service/service-wartung/Kia_Wartungsintervalle-Fahrzeuge_Stand-2025-09.pdf,DRAFT_MARKET_AND_MODEL_YEAR_REVIEW,,
vmm-2071982f63e906d651a674112ba045cac6db4d2897f88545ff4a67772db5380c,BRAKE_FLUID,,24,OEM_MARKET_REFERENCE_DE | German-registered Kia; all models in table; confirm HR/VIN plan; source model-year/VIN is not the dataset production-year. https://eu-www.kia.com/content/dam/kwcms/kme/de/de/assets/contents/service/service-wartung/Kia_Wartungsintervalle-Fahrzeuge_Stand-2025-09.pdf,DRAFT_MARKET_AND_MODEL_YEAR_REVIEW,,
vmm-2071982f63e906d651a674112ba045cac6db4d2897f88545ff4a67772db5380c,SCHEDULED_INSPECTION,15000,12,OEM_MARKET_REFERENCE_DE | Picanto TA/JA petrol; MY2012-2025; source model-year/VIN is not the dataset production-year. https://eu-www.kia.com/content/dam/kwcms/kme/de/de/assets/contents/service/service-wartung/Kia_Wartungsintervalle-Fahrzeuge_Stand-2025-09.pdf,DRAFT_MARKET_AND_MODEL_YEAR_REVIEW,,
vmm-73d1782dbb83d28a0194d695b8532c2c52897377948e91de6df7b769d5c5798e,BRAKE_FLUID,,24,OEM_MARKET_REFERENCE_DE | German-registered Kia; all models in table; confirm HR/VIN plan; source model-year/VIN is not the dataset production-year. https://eu-www.kia.com/content/dam/kwcms/kme/de/de/assets/contents/service/service-wartung/Kia_Wartungsintervalle-Fahrzeuge_Stand-2025-09.pdf,DRAFT_MARKET_AND_MODEL_YEAR_REVIEW,,
vmm-73d1782dbb83d28a0194d695b8532c2c52897377948e91de6df7b769d5c5798e,SCHEDULED_INSPECTION,15000,12,OEM_MARKET_REFERENCE_DE | Picanto TA/JA petrol; MY2012-2025; source model-year/VIN is not the dataset production-year. https://eu-www.kia.com/content/dam/kwcms/kme/de/de/assets/contents/service/service-wartung/Kia_Wartungsintervalle-Fahrzeuge_Stand-2025-09.pdf,DRAFT_MARKET_AND_MODEL_YEAR_REVIEW,,
vmm-3deee170b7e8c56fb6972d495e001885990f27cb2fc3b8bd3e98992b8b6a0d78,BRAKE_FLUID,,24,OEM_MARKET_REFERENCE_DE | German-registered Kia; all models in table; confirm HR/VIN plan; source model-year/VIN is not the dataset production-year. https://eu-www.kia.com/content/dam/kwcms/kme/de/de/assets/contents/service/service-wartung/Kia_Wartungsintervalle-Fahrzeuge_Stand-2025-09.pdf,DRAFT_MARKET_AND_MODEL_YEAR_REVIEW,,
vmm-3deee170b7e8c56fb6972d495e001885990f27cb2fc3b8bd3e98992b8b6a0d78,SCHEDULED_INSPECTION,15000,12,OEM_MARKET_REFERENCE_DE | Picanto TA/JA petrol; MY2012-2025; source model-year/VIN is not the dataset production-year. https://eu-www.kia.com/content/dam/kwcms/kme/de/de/assets/contents/service/service-wartung/Kia_Wartungsintervalle-Fahrzeuge_Stand-2025-09.pdf,DRAFT_MARKET_AND_MODEL_YEAR_REVIEW,,
vmm-4e4c0e76295929d252ca535254836f747ede4d83d49d3133bccfca49180dfdeb,BRAKE_FLUID,,24,OEM_MARKET_REFERENCE_DE | German-registered Kia; all models in table; confirm HR/VIN plan; source model-year/VIN is not the dataset production-year. https://eu-www.kia.com/content/dam/kwcms/kme/de/de/assets/contents/service/service-wartung/Kia_Wartungsintervalle-Fahrzeuge_Stand-2025-09.pdf,DRAFT_MARKET_AND_MODEL_YEAR_REVIEW,,
vmm-4e4c0e76295929d252ca535254836f747ede4d83d49d3133bccfca49180dfdeb,SCHEDULED_INSPECTION,15000,12,OEM_MARKET_REFERENCE_DE | Picanto TA/JA petrol; MY2012-2025; source model-year/VIN is not the dataset production-year. https://eu-www.kia.com/content/dam/kwcms/kme/de/de/assets/contents/service/service-wartung/Kia_Wartungsintervalle-Fahrzeuge_Stand-2025-09.pdf,DRAFT_MARKET_AND_MODEL_YEAR_REVIEW,,
vmm-ef1d55f3b73dda42a3d67f069d3a8750e9960be0ad4f45c7a9d6a17c0a9f2464,BRAKE_FLUID,,24,OEM_MARKET_REFERENCE_DE | German-registered Kia; all models in table; confirm HR/VIN plan; source model-year/VIN is not the dataset production-year. https://eu-www.kia.com/content/dam/kwcms/kme/de/de/assets/contents/service/service-wartung/Kia_Wartungsintervalle-Fahrzeuge_Stand-2025-09.pdf,DRAFT_MARKET_AND_MODEL_YEAR_REVIEW,,
vmm-ef1d55f3b73dda42a3d67f069d3a8750e9960be0ad4f45c7a9d6a17c0a9f2464,SCHEDULED_INSPECTION,15000,12,OEM_MARKET_REFERENCE_DE | Picanto TA/JA petrol; MY2012-2025; source model-year/VIN is not the dataset production-year. https://eu-www.kia.com/content/dam/kwcms/kme/de/de/assets/contents/service/service-wartung/Kia_Wartungsintervalle-Fahrzeuge_Stand-2025-09.pdf,DRAFT_MARKET_AND_MODEL_YEAR_REVIEW,,
vmm-394d94c240e7f5600ecbc20e1e7d86f6e79ba3136591b10b43b997442f6aeefa,BRAKE_FLUID,,24,OEM_MARKET_REFERENCE_DE | German-registered Kia; all models in table; confirm HR/VIN plan; source model-year/VIN is not the dataset production-year. https://eu-www.kia.com/content/dam/kwcms/kme/de/de/assets/contents/service/service-wartung/Kia_Wartungsintervalle-Fahrzeuge_Stand-2025-09.pdf,DRAFT_MARKET_AND_MODEL_YEAR_REVIEW,,
vmm-394d94c240e7f5600ecbc20e1e7d86f6e79ba3136591b10b43b997442f6aeefa,SCHEDULED_INSPECTION,15000,12,OEM_MARKET_REFERENCE_DE | Picanto TA/JA petrol; MY2012-2025; source model-year/VIN is not the dataset production-year. https://eu-www.kia.com/content/dam/kwcms/kme/de/de/assets/contents/service/service-wartung/Kia_Wartungsintervalle-Fahrzeuge_Stand-2025-09.pdf,DRAFT_MARKET_AND_MODEL_YEAR_REVIEW,,
vmm-86e1717941dbb8ced03547bc2f4cb20670853c7a06121780fc582b9b2289cb7f,BRAKE_FLUID,,24,OEM_MARKET_REFERENCE_DE | German-registered Kia; all models in table; confirm HR/VIN plan; source model-year/VIN is not the dataset production-year. https://eu-www.kia.com/content/dam/kwcms/kme/de/de/assets/contents/service/service-wartung/Kia_Wartungsintervalle-Fahrzeuge_Stand-2025-09.pdf,DRAFT_MARKET_AND_MODEL_YEAR_REVIEW,,
vmm-86e1717941dbb8ced03547bc2f4cb20670853c7a06121780fc582b9b2289cb7f,SCHEDULED_INSPECTION,15000,12,OEM_MARKET_REFERENCE_DE | Picanto TA/JA petrol; MY2012-2025; source model-year/VIN is not the dataset production-year. https://eu-www.kia.com/content/dam/kwcms/kme/de/de/assets/contents/service/service-wartung/Kia_Wartungsintervalle-Fahrzeuge_Stand-2025-09.pdf,DRAFT_MARKET_AND_MODEL_YEAR_REVIEW,,
vmm-0f708e37ed81c930e9a984b4f9e419f8d690b91e0d68103c016bdc0618697dce,BRAKE_FLUID,,24,OEM_MARKET_REFERENCE_DE | German-registered Kia; all models in table; confirm HR/VIN plan; source model-year/VIN is not the dataset production-year. https://eu-www.kia.com/content/dam/kwcms/kme/de/de/assets/contents/service/service-wartung/Kia_Wartungsintervalle-Fahrzeuge_Stand-2025-09.pdf,DRAFT_MARKET_AND_MODEL_YEAR_REVIEW,,
vmm-0f708e37ed81c930e9a984b4f9e419f8d690b91e0d68103c016bdc0618697dce,SCHEDULED_INSPECTION,15000,12,OEM_MARKET_REFERENCE_DE | Picanto TA/JA petrol; MY2012-2025; source model-year/VIN is not the dataset production-year. https://eu-www.kia.com/content/dam/kwcms/kme/de/de/assets/contents/service/service-wartung/Kia_Wartungsintervalle-Fahrzeuge_Stand-2025-09.pdf,DRAFT_MARKET_AND_MODEL_YEAR_REVIEW,,
vmm-f4be73f496a993d98c1fd06f22598f4a17fcb3042f038bea8ed7c83c4b4ac25d,BRAKE_FLUID,,24,OEM_MARKET_REFERENCE_DE | German-registered Kia; all models in table; confirm HR/VIN plan; source model-year/VIN is not the dataset production-year. https://eu-www.kia.com/content/dam/kwcms/kme/de/de/assets/contents/service/service-wartung/Kia_Wartungsintervalle-Fahrzeuge_Stand-2025-09.pdf,DRAFT_MARKET_AND_MODEL_YEAR_REVIEW,,
vmm-f4be73f496a993d98c1fd06f22598f4a17fcb3042f038bea8ed7c83c4b4ac25d,SCHEDULED_INSPECTION,15000,12,OEM_MARKET_REFERENCE_DE | Picanto TA/JA petrol; MY2012-2025; source model-year/VIN is not the dataset production-year. https://eu-www.kia.com/content/dam/kwcms/kme/de/de/assets/contents/service/service-wartung/Kia_Wartungsintervalle-Fahrzeuge_Stand-2025-09.pdf,DRAFT_MARKET_AND_MODEL_YEAR_REVIEW,,
vmm-4b2906381a3d24d3a9b94920c7e605af5fe3ecb2a0ade7c143112a3dc1e2ed2d,BRAKE_FLUID,,24,OEM_MARKET_REFERENCE_DE | German-registered Kia; all models in table; confirm HR/VIN plan; source model-year/VIN is not the dataset production-year. https://eu-www.kia.com/content/dam/kwcms/kme/de/de/assets/contents/service/service-wartung/Kia_Wartungsintervalle-Fahrzeuge_Stand-2025-09.pdf,DRAFT_MARKET_AND_MODEL_YEAR_REVIEW,,
vmm-4b2906381a3d24d3a9b94920c7e605af5fe3ecb2a0ade7c143112a3dc1e2ed2d,SCHEDULED_INSPECTION,15000,12,OEM_MARKET_REFERENCE_DE | Picanto TA/JA petrol; MY2012-2025; source model-year/VIN is not the dataset production-year. https://eu-www.kia.com/content/dam/kwcms/kme/de/de/assets/contents/service/service-wartung/Kia_Wartungsintervalle-Fahrzeuge_Stand-2025-09.pdf,DRAFT_MARKET_AND_MODEL_YEAR_REVIEW,,
vmm-ac6190717b83b1a43442185a3012da15564b332b8188fd2d38333c98561677c7,BRAKE_FLUID,,24,OEM_MARKET_REFERENCE_DE | German-registered Kia; all models in table; confirm HR/VIN plan; source model-year/VIN is not the dataset production-year. https://eu-www.kia.com/content/dam/kwcms/kme/de/de/assets/contents/service/service-wartung/Kia_Wartungsintervalle-Fahrzeuge_Stand-2025-09.pdf,DRAFT_MARKET_AND_MODEL_YEAR_REVIEW,,
vmm-ac6190717b83b1a43442185a3012da15564b332b8188fd2d38333c98561677c7,SCHEDULED_INSPECTION,15000,12,OEM_MARKET_REFERENCE_DE | Picanto TA/JA petrol; MY2012-2025; source model-year/VIN is not the dataset production-year. https://eu-www.kia.com/content/dam/kwcms/kme/de/de/assets/contents/service/service-wartung/Kia_Wartungsintervalle-Fahrzeuge_Stand-2025-09.pdf,DRAFT_MARKET_AND_MODEL_YEAR_REVIEW,,
vmm-4d9339d348efadc6d28c7185e9ef69250148106da62d96cae6fa8a66978e36bb,BRAKE_FLUID,,24,OEM_MARKET_REFERENCE_DE | German-registered Kia; all models in table; confirm HR/VIN plan; source model-year/VIN is not the dataset production-year. https://eu-www.kia.com/content/dam/kwcms/kme/de/de/assets/contents/service/service-wartung/Kia_Wartungsintervalle-Fahrzeuge_Stand-2025-09.pdf,DRAFT_MARKET_AND_MODEL_YEAR_REVIEW,,
vmm-4d9339d348efadc6d28c7185e9ef69250148106da62d96cae6fa8a66978e36bb,SCHEDULED_INSPECTION,15000,12,OEM_MARKET_REFERENCE_DE | Picanto TA/JA petrol; MY2012-2025; source model-year/VIN is not the dataset production-year. https://eu-www.kia.com/content/dam/kwcms/kme/de/de/assets/contents/service/service-wartung/Kia_Wartungsintervalle-Fahrzeuge_Stand-2025-09.pdf,DRAFT_MARKET_AND_MODEL_YEAR_REVIEW,,
vmm-45d35ebbda4aa1c77fff32a14c20c362aad47ccd11163167decd167b7d40b8ac,BRAKE_FLUID,,24,OEM_MARKET_REFERENCE_DE | German-registered Kia; all models in table; confirm HR/VIN plan; source model-year/VIN is not the dataset production-year. https://eu-www.kia.com/content/dam/kwcms/kme/de/de/assets/contents/service/service-wartung/Kia_Wartungsintervalle-Fahrzeuge_Stand-2025-09.pdf,DRAFT_MARKET_AND_MODEL_YEAR_REVIEW,,
vmm-45d35ebbda4aa1c77fff32a14c20c362aad47ccd11163167decd167b7d40b8ac,SCHEDULED_INSPECTION,15000,12,OEM_MARKET_REFERENCE_DE | Picanto TA/JA petrol; MY2012-2025; source model-year/VIN is not the dataset production-year. https://eu-www.kia.com/content/dam/kwcms/kme/de/de/assets/contents/service/service-wartung/Kia_Wartungsintervalle-Fahrzeuge_Stand-2025-09.pdf,DRAFT_MARKET_AND_MODEL_YEAR_REVIEW,,
vmm-40cadeaf4feae8f004372f1b68ba696dd8361d703659489a9a9b0e55fb5c4f41,BRAKE_FLUID,,24,OEM_MARKET_REFERENCE_DE | German-registered Kia; all models in table; confirm HR/VIN plan; source model-year/VIN is not the dataset production-year. https://eu-www.kia.com/content/dam/kwcms/kme/de/de/assets/contents/service/service-wartung/Kia_Wartungsintervalle-Fahrzeuge_Stand-2025-09.pdf,DRAFT_MARKET_AND_MODEL_YEAR_REVIEW,,
vmm-40cadeaf4feae8f004372f1b68ba696dd8361d703659489a9a9b0e55fb5c4f41,SCHEDULED_INSPECTION,15000,12,OEM_MARKET_REFERENCE_DE | Picanto TA/JA petrol; MY2012-2025; source model-year/VIN is not the dataset production-year. https://eu-www.kia.com/content/dam/kwcms/kme/de/de/assets/contents/service/service-wartung/Kia_Wartungsintervalle-Fahrzeuge_Stand-2025-09.pdf,DRAFT_MARKET_AND_MODEL_YEAR_REVIEW,,
vmm-35393aa05a86b948291f2f40d8109a5120447ed677a03bf7178517b719564eb7,BRAKE_FLUID,,24,OEM_MARKET_REFERENCE_DE | German-registered Kia; all models in table; confirm HR/VIN plan; source model-year/VIN is not the dataset production-year. https://eu-www.kia.com/content/dam/kwcms/kme/de/de/assets/contents/service/service-wartung/Kia_Wartungsintervalle-Fahrzeuge_Stand-2025-09.pdf,DRAFT_MARKET_AND_MODEL_YEAR_REVIEW,,
vmm-35393aa05a86b948291f2f40d8109a5120447ed677a03bf7178517b719564eb7,SCHEDULED_INSPECTION,15000,12,OEM_MARKET_REFERENCE_DE | Picanto TA/JA petrol; MY2012-2025; source model-year/VIN is not the dataset production-year. https://eu-www.kia.com/content/dam/kwcms/kme/de/de/assets/contents/service/service-wartung/Kia_Wartungsintervalle-Fahrzeuge_Stand-2025-09.pdf,DRAFT_MARKET_AND_MODEL_YEAR_REVIEW,,
vmm-7e0ed40dfd08f50480da43719f9b9c2924c2bbe4e4c03ba4828cffbcefd7cb2e,BRAKE_FLUID,,24,OEM_MARKET_REFERENCE_DE | German-registered Kia; all models in table; confirm HR/VIN plan; source model-year/VIN is not the dataset production-year. https://eu-www.kia.com/content/dam/kwcms/kme/de/de/assets/contents/service/service-wartung/Kia_Wartungsintervalle-Fahrzeuge_Stand-2025-09.pdf,DRAFT_MARKET_AND_MODEL_YEAR_REVIEW,,
vmm-7e0ed40dfd08f50480da43719f9b9c2924c2bbe4e4c03ba4828cffbcefd7cb2e,SCHEDULED_INSPECTION,15000,12,OEM_MARKET_REFERENCE_DE | Picanto TA/JA petrol; MY2012-2025; source model-year/VIN is not the dataset production-year. https://eu-www.kia.com/content/dam/kwcms/kme/de/de/assets/contents/service/service-wartung/Kia_Wartungsintervalle-Fahrzeuge_Stand-2025-09.pdf,DRAFT_MARKET_AND_MODEL_YEAR_REVIEW,,
vmm-730ffa525aca0f801c16bf9eb9f2ecb114f58c53f40e2dda5de4c9484ae0e29e,BRAKE_FLUID,,24,OEM_MARKET_REFERENCE_DE | German-registered Kia; all models in table; confirm HR/VIN plan; source model-year/VIN is not the dataset production-year. https://eu-www.kia.com/content/dam/kwcms/kme/de/de/assets/contents/service/service-wartung/Kia_Wartungsintervalle-Fahrzeuge_Stand-2025-09.pdf,DRAFT_MARKET_AND_MODEL_YEAR_REVIEW,,
vmm-730ffa525aca0f801c16bf9eb9f2ecb114f58c53f40e2dda5de4c9484ae0e29e,SCHEDULED_INSPECTION,15000,12,OEM_MARKET_REFERENCE_DE | Picanto TA/JA petrol; MY2012-2025; source model-year/VIN is not the dataset production-year. https://eu-www.kia.com/content/dam/kwcms/kme/de/de/assets/contents/service/service-wartung/Kia_Wartungsintervalle-Fahrzeuge_Stand-2025-09.pdf,DRAFT_MARKET_AND_MODEL_YEAR_REVIEW,,
vmm-d5670552613e31899641f96fed77d5df750c2a78e6e411600e098bdd308b4bfa,BRAKE_FLUID,,24,OEM_MARKET_REFERENCE_DE | German-registered Kia; all models in table; confirm HR/VIN plan; source model-year/VIN is not the dataset production-year. https://eu-www.kia.com/content/dam/kwcms/kme/de/de/assets/contents/service/service-wartung/Kia_Wartungsintervalle-Fahrzeuge_Stand-2025-09.pdf,DRAFT_MARKET_AND_MODEL_YEAR_REVIEW,,
vmm-d5670552613e31899641f96fed77d5df750c2a78e6e411600e098bdd308b4bfa,SCHEDULED_INSPECTION,15000,12,OEM_MARKET_REFERENCE_DE | Picanto TA/JA petrol; MY2012-2025; source model-year/VIN is not the dataset production-year. https://eu-www.kia.com/content/dam/kwcms/kme/de/de/assets/contents/service/service-wartung/Kia_Wartungsintervalle-Fahrzeuge_Stand-2025-09.pdf,DRAFT_MARKET_AND_MODEL_YEAR_REVIEW,,
vmm-2c20bced59c94dba2d6a0296f7676b04dd05294f00668eb4b2b84ff899ee5cc2,BRAKE_FLUID,,24,OEM_MARKET_REFERENCE_DE | German-registered Kia; all models in table; confirm HR/VIN plan; source model-year/VIN is not the dataset production-year. https://eu-www.kia.com/content/dam/kwcms/kme/de/de/assets/contents/service/service-wartung/Kia_Wartungsintervalle-Fahrzeuge_Stand-2025-09.pdf,DRAFT_MARKET_AND_MODEL_YEAR_REVIEW,,
vmm-2c20bced59c94dba2d6a0296f7676b04dd05294f00668eb4b2b84ff899ee5cc2,SCHEDULED_INSPECTION,15000,12,OEM_MARKET_REFERENCE_DE | Picanto TA/JA petrol; MY2012-2025; source model-year/VIN is not the dataset production-year. https://eu-www.kia.com/content/dam/kwcms/kme/de/de/assets/contents/service/service-wartung/Kia_Wartungsintervalle-Fahrzeuge_Stand-2025-09.pdf,DRAFT_MARKET_AND_MODEL_YEAR_REVIEW,,
vmm-3121223ce1cd96b56f1a6f2d72d81a67177bd4110851084bf2730948f3c685fd,BRAKE_FLUID,,24,OEM_MARKET_REFERENCE_DE | German-registered Kia; all models in table; confirm HR/VIN plan; source model-year/VIN is not the dataset production-year. https://eu-www.kia.com/content/dam/kwcms/kme/de/de/assets/contents/service/service-wartung/Kia_Wartungsintervalle-Fahrzeuge_Stand-2025-09.pdf,DRAFT_MARKET_AND_MODEL_YEAR_REVIEW,,
vmm-3121223ce1cd96b56f1a6f2d72d81a67177bd4110851084bf2730948f3c685fd,SCHEDULED_INSPECTION,15000,12,OEM_MARKET_REFERENCE_DE | Picanto TA/JA petrol; MY2012-2025; source model-year/VIN is not the dataset production-year. https://eu-www.kia.com/content/dam/kwcms/kme/de/de/assets/contents/service/service-wartung/Kia_Wartungsintervalle-Fahrzeuge_Stand-2025-09.pdf,DRAFT_MARKET_AND_MODEL_YEAR_REVIEW,,
vmm-e4bd177eb0f7bf4b4d3ffd9f56a6ed86746e6fd724bfcb7c9253a74bb9ac124c,BRAKE_FLUID,,24,OEM_MARKET_REFERENCE_DE | German-registered Kia; all models in table; confirm HR/VIN plan; source model-year/VIN is not the dataset production-year. https://eu-www.kia.com/content/dam/kwcms/kme/de/de/assets/contents/service/service-wartung/Kia_Wartungsintervalle-Fahrzeuge_Stand-2025-09.pdf,DRAFT_MARKET_AND_MODEL_YEAR_REVIEW,,
vmm-e4bd177eb0f7bf4b4d3ffd9f56a6ed86746e6fd724bfcb7c9253a74bb9ac124c,SCHEDULED_INSPECTION,15000,12,OEM_MARKET_REFERENCE_DE | Picanto TA/JA petrol; MY2012-2025; source model-year/VIN is not the dataset production-year. https://eu-www.kia.com/content/dam/kwcms/kme/de/de/assets/contents/service/service-wartung/Kia_Wartungsintervalle-Fahrzeuge_Stand-2025-09.pdf,DRAFT_MARKET_AND_MODEL_YEAR_REVIEW,,
vmm-4f3c2378655b598c7316900d7cef2bd0cc2086447d16837f8c6585f769880f7d,BRAKE_FLUID,,24,OEM_MARKET_REFERENCE_DE | German-registered Kia; all models in table; confirm HR/VIN plan; source model-year/VIN is not the dataset production-year. https://eu-www.kia.com/content/dam/kwcms/kme/de/de/assets/contents/service/service-wartung/Kia_Wartungsintervalle-Fahrzeuge_Stand-2025-09.pdf,DRAFT_MARKET_AND_MODEL_YEAR_REVIEW,,
vmm-4f3c2378655b598c7316900d7cef2bd0cc2086447d16837f8c6585f769880f7d,SCHEDULED_INSPECTION,15000,12,OEM_MARKET_REFERENCE_DE | Picanto TA/JA petrol; MY2012-2025; source model-year/VIN is not the dataset production-year. https://eu-www.kia.com/content/dam/kwcms/kme/de/de/assets/contents/service/service-wartung/Kia_Wartungsintervalle-Fahrzeuge_Stand-2025-09.pdf,DRAFT_MARKET_AND_MODEL_YEAR_REVIEW,,
vmm-1a4d539f08da01f827af8b57f9d18cca9d956bab2e9ded9b89450fee009bc27e,BRAKE_FLUID,,24,OEM_MARKET_REFERENCE_DE | German-registered Kia; all models in table; confirm HR/VIN plan; source model-year/VIN is not the dataset production-year. https://eu-www.kia.com/content/dam/kwcms/kme/de/de/assets/contents/service/service-wartung/Kia_Wartungsintervalle-Fahrzeuge_Stand-2025-09.pdf,DRAFT_MARKET_AND_MODEL_YEAR_REVIEW,,
vmm-c8809abe516862720a137646ddee936b1de58525a86af8bcafaf0fd639b19b10,BRAKE_FLUID,,24,OEM_MARKET_REFERENCE_DE | German-registered Kia; all models in table; confirm HR/VIN plan; source model-year/VIN is not the dataset production-year. https://eu-www.kia.com/content/dam/kwcms/kme/de/de/assets/contents/service/service-wartung/Kia_Wartungsintervalle-Fahrzeuge_Stand-2025-09.pdf,DRAFT_MARKET_AND_MODEL_YEAR_REVIEW,,
vmm-9f2961b96812da12e1e6b436a16d057f3a5e8c0aa30726345d24792b38856325,BRAKE_FLUID,,24,OEM_MARKET_REFERENCE_DE | German-registered Kia; all models in table; confirm HR/VIN plan; source model-year/VIN is not the dataset production-year. https://eu-www.kia.com/content/dam/kwcms/kme/de/de/assets/contents/service/service-wartung/Kia_Wartungsintervalle-Fahrzeuge_Stand-2025-09.pdf,DRAFT_MARKET_AND_MODEL_YEAR_REVIEW,,
vmm-db21ed87c601a0c66c67299181e06998cea8d0ff72b4945bd2b57e8b01666e86,BRAKE_FLUID,,24,OEM_MARKET_REFERENCE_DE | German-registered Kia; all models in table; confirm HR/VIN plan; source model-year/VIN is not the dataset production-year. https://eu-www.kia.com/content/dam/kwcms/kme/de/de/assets/contents/service/service-wartung/Kia_Wartungsintervalle-Fahrzeuge_Stand-2025-09.pdf,DRAFT_MARKET_AND_MODEL_YEAR_REVIEW,,
vmm-26fd9ad3d50744fdc242f6d32e792f915f74266594e1a0567926fe1fa6d567f6,BRAKE_FLUID,,24,OEM_MARKET_REFERENCE_DE | German-registered Kia; all models in table; confirm HR/VIN plan; source model-year/VIN is not the dataset production-year. https://eu-www.kia.com/content/dam/kwcms/kme/de/de/assets/contents/service/service-wartung/Kia_Wartungsintervalle-Fahrzeuge_Stand-2025-09.pdf,DRAFT_MARKET_AND_MODEL_YEAR_REVIEW,,
vmm-81dd69bf4788323fabf92aa70fc30b890c6f7eff38a8d08c05f03825a638c1e2,BRAKE_FLUID,,24,OEM_MARKET_REFERENCE_DE | German-registered Kia; all models in table; confirm HR/VIN plan; source model-year/VIN is not the dataset production-year. https://eu-www.kia.com/content/dam/kwcms/kme/de/de/assets/contents/service/service-wartung/Kia_Wartungsintervalle-Fahrzeuge_Stand-2025-09.pdf,DRAFT_MARKET_AND_MODEL_YEAR_REVIEW,,
vmm-bcaae06b69bb89d47c3f02313dcc3101a0bfd100a086d15c8bf2a5b88dfcfea4,BRAKE_FLUID,,24,OEM_MARKET_REFERENCE_DE | German-registered Kia; all models in table; confirm HR/VIN plan; source model-year/VIN is not the dataset production-year. https://eu-www.kia.com/content/dam/kwcms/kme/de/de/assets/contents/service/service-wartung/Kia_Wartungsintervalle-Fahrzeuge_Stand-2025-09.pdf,DRAFT_MARKET_AND_MODEL_YEAR_REVIEW,,
vmm-bcaae06b69bb89d47c3f02313dcc3101a0bfd100a086d15c8bf2a5b88dfcfea4,SCHEDULED_INSPECTION,15000,12,OEM_MARKET_REFERENCE_DE | Picanto TA/JA petrol; MY2012-2025; source model-year/VIN is not the dataset production-year. https://eu-www.kia.com/content/dam/kwcms/kme/de/de/assets/contents/service/service-wartung/Kia_Wartungsintervalle-Fahrzeuge_Stand-2025-09.pdf,DRAFT_MARKET_AND_MODEL_YEAR_REVIEW,,
vmm-bfeb328ba5bd15619f77bae1f4d6740263aede3df86d27d85ba5aaf05ff27c9a,BRAKE_FLUID,,24,OEM_MARKET_REFERENCE_DE | German-registered Kia; all models in table; confirm HR/VIN plan; source model-year/VIN is not the dataset production-year. https://eu-www.kia.com/content/dam/kwcms/kme/de/de/assets/contents/service/service-wartung/Kia_Wartungsintervalle-Fahrzeuge_Stand-2025-09.pdf,DRAFT_MARKET_AND_MODEL_YEAR_REVIEW,,
vmm-31c4509d07c0aac91ad2d1ade62d76874a354c22ce286da1d666b4b72789309c,BRAKE_FLUID,,24,OEM_MARKET_REFERENCE_DE | German-registered Kia; all models in table; confirm HR/VIN plan; source model-year/VIN is not the dataset production-year. https://eu-www.kia.com/content/dam/kwcms/kme/de/de/assets/contents/service/service-wartung/Kia_Wartungsintervalle-Fahrzeuge_Stand-2025-09.pdf,DRAFT_MARKET_AND_MODEL_YEAR_REVIEW,,
vmm-21b03318f06f2e4cc7949cc303dcc468e638e315fc03ecb7e7b37a85a350cd28,BRAKE_FLUID,,24,OEM_MARKET_REFERENCE_DE | German-registered Kia; all models in table; confirm HR/VIN plan; source model-year/VIN is not the dataset production-year. https://eu-www.kia.com/content/dam/kwcms/kme/de/de/assets/contents/service/service-wartung/Kia_Wartungsintervalle-Fahrzeuge_Stand-2025-09.pdf,DRAFT_MARKET_AND_MODEL_YEAR_REVIEW,,
vmm-2a5b383853f1d6cc4a5b101383277d81b84bdabc1cb8d0f72fafbb94a491b410,BRAKE_FLUID,,24,OEM_MARKET_REFERENCE_DE | German-registered Kia; all models in table; confirm HR/VIN plan; source model-year/VIN is not the dataset production-year. https://eu-www.kia.com/content/dam/kwcms/kme/de/de/assets/contents/service/service-wartung/Kia_Wartungsintervalle-Fahrzeuge_Stand-2025-09.pdf,DRAFT_MARKET_AND_MODEL_YEAR_REVIEW,,
vmm-94f0639f3e4934bd6f9a59557f0ae171ec92bb87cd2ebe9051d05a3de55ba36d,BRAKE_FLUID,,24,OEM_MARKET_REFERENCE_DE | German-registered Kia; all models in table; confirm HR/VIN plan; source model-year/VIN is not the dataset production-year. https://eu-www.kia.com/content/dam/kwcms/kme/de/de/assets/contents/service/service-wartung/Kia_Wartungsintervalle-Fahrzeuge_Stand-2025-09.pdf,DRAFT_MARKET_AND_MODEL_YEAR_REVIEW,,
vmm-b705b79455f0bab8427d5dc30b09e15868d18adc57a21f8c946049bf7dd23d47,BRAKE_FLUID,,24,OEM_MARKET_REFERENCE_DE | German-registered Kia; all models in table; confirm HR/VIN plan; source model-year/VIN is not the dataset production-year. https://eu-www.kia.com/content/dam/kwcms/kme/de/de/assets/contents/service/service-wartung/Kia_Wartungsintervalle-Fahrzeuge_Stand-2025-09.pdf,DRAFT_MARKET_AND_MODEL_YEAR_REVIEW,,
vmm-b576426c9011dbf35e6c84879faefb7952919ade094bcfc234f480fd858c06fc,BRAKE_FLUID,,24,OEM_MARKET_REFERENCE_DE | German-registered Kia; all models in table; confirm HR/VIN plan; source model-year/VIN is not the dataset production-year. https://eu-www.kia.com/content/dam/kwcms/kme/de/de/assets/contents/service/service-wartung/Kia_Wartungsintervalle-Fahrzeuge_Stand-2025-09.pdf,DRAFT_MARKET_AND_MODEL_YEAR_REVIEW,,
vmm-1f5bf64d2601c4ed2d2357aef6e195d32110e9909b04c855b25ac692368c3063,BRAKE_FLUID,,24,OEM_MARKET_REFERENCE_DE | German-registered Kia; all models in table; confirm HR/VIN plan; source model-year/VIN is not the dataset production-year. https://eu-www.kia.com/content/dam/kwcms/kme/de/de/assets/contents/service/service-wartung/Kia_Wartungsintervalle-Fahrzeuge_Stand-2025-09.pdf,DRAFT_MARKET_AND_MODEL_YEAR_REVIEW,,
vmm-e5cdee3a6ca9959e223455df4609df892a3f9ee86a9648a212703f6495c63aa3,BRAKE_FLUID,,24,OEM_MARKET_REFERENCE_DE | German-registered Kia; all models in table; confirm HR/VIN plan; source model-year/VIN is not the dataset production-year. https://eu-www.kia.com/content/dam/kwcms/kme/de/de/assets/contents/service/service-wartung/Kia_Wartungsintervalle-Fahrzeuge_Stand-2025-09.pdf,DRAFT_MARKET_AND_MODEL_YEAR_REVIEW,,
vmm-b329c39289fcd7cdecb78884aa2046bccc1a073399a53b319b284f2b3b0203a4,BRAKE_FLUID,,24,OEM_MARKET_REFERENCE_DE | German-registered Kia; all models in table; confirm HR/VIN plan; source model-year/VIN is not the dataset production-year. https://eu-www.kia.com/content/dam/kwcms/kme/de/de/assets/contents/service/service-wartung/Kia_Wartungsintervalle-Fahrzeuge_Stand-2025-09.pdf,DRAFT_MARKET_AND_MODEL_YEAR_REVIEW,,
vmm-bb5a3a70548111032a497668b851e6d3d962dbda41c55ebde8312742374a94ce,BRAKE_FLUID,,24,OEM_MARKET_REFERENCE_DE | German-registered Kia; all models in table; confirm HR/VIN plan; source model-year/VIN is not the dataset production-year. https://eu-www.kia.com/content/dam/kwcms/kme/de/de/assets/contents/service/service-wartung/Kia_Wartungsintervalle-Fahrzeuge_Stand-2025-09.pdf,DRAFT_MARKET_AND_MODEL_YEAR_REVIEW,,
vmm-f7e93d5a3bee2e8c5dd993f84362b63e6b5dbc667fac67e00735732c8c84cd7f,BRAKE_FLUID,,24,OEM_MARKET_REFERENCE_DE | German-registered Kia; all models in table; confirm HR/VIN plan; source model-year/VIN is not the dataset production-year. https://eu-www.kia.com/content/dam/kwcms/kme/de/de/assets/contents/service/service-wartung/Kia_Wartungsintervalle-Fahrzeuge_Stand-2025-09.pdf,DRAFT_MARKET_AND_MODEL_YEAR_REVIEW,,
vmm-29081fbd79bbf5ff7332bf9c9a7f33d0102b8099ed219cacc5e9a762c496686e,BRAKE_FLUID,,24,OEM_MARKET_REFERENCE_DE | German-registered Kia; all models in table; confirm HR/VIN plan; source model-year/VIN is not the dataset production-year. https://eu-www.kia.com/content/dam/kwcms/kme/de/de/assets/contents/service/service-wartung/Kia_Wartungsintervalle-Fahrzeuge_Stand-2025-09.pdf,DRAFT_MARKET_AND_MODEL_YEAR_REVIEW,,
vmm-fc4291e75324c34e416104d9b75a445900d5aab8973bc7f6c8c97176f0efaecc,BRAKE_FLUID,,24,OEM_MARKET_REFERENCE_DE | German-registered Kia; all models in table; confirm HR/VIN plan; source model-year/VIN is not the dataset production-year. https://eu-www.kia.com/content/dam/kwcms/kme/de/de/assets/contents/service/service-wartung/Kia_Wartungsintervalle-Fahrzeuge_Stand-2025-09.pdf,DRAFT_MARKET_AND_MODEL_YEAR_REVIEW,,
vmm-8201c5440a5dc62f3c716519821c3ff8de903f19dbdbfecbbbc0780bd2bb27c2,BRAKE_FLUID,,24,OEM_MARKET_REFERENCE_DE | German-registered Kia; all models in table; confirm HR/VIN plan; source model-year/VIN is not the dataset production-year. https://eu-www.kia.com/content/dam/kwcms/kme/de/de/assets/contents/service/service-wartung/Kia_Wartungsintervalle-Fahrzeuge_Stand-2025-09.pdf,DRAFT_MARKET_AND_MODEL_YEAR_REVIEW,,
vmm-755df9d1db62ec7777d86b305accb26523900e0bcc230c0f415fe17e05f6b367,BRAKE_FLUID,,24,OEM_MARKET_REFERENCE_DE | German-registered Kia; all models in table; confirm HR/VIN plan; source model-year/VIN is not the dataset production-year. https://eu-www.kia.com/content/dam/kwcms/kme/de/de/assets/contents/service/service-wartung/Kia_Wartungsintervalle-Fahrzeuge_Stand-2025-09.pdf,DRAFT_MARKET_AND_MODEL_YEAR_REVIEW,,
vmm-48ed40976649b2ea8da36c47d14d2ec95aab0bf17067889b6052b59f7ff3c8db,BRAKE_FLUID,,24,OEM_MARKET_REFERENCE_DE | German-registered Kia; all models in table; confirm HR/VIN plan; source model-year/VIN is not the dataset production-year. https://eu-www.kia.com/content/dam/kwcms/kme/de/de/assets/contents/service/service-wartung/Kia_Wartungsintervalle-Fahrzeuge_Stand-2025-09.pdf,DRAFT_MARKET_AND_MODEL_YEAR_REVIEW,,
vmm-b4c081296c598776c690e484795a6281c2694a9614fd1f840f63b0c747a76049,BRAKE_FLUID,,24,OEM_MARKET_REFERENCE_DE | German-registered Kia; all models in table; confirm HR/VIN plan; source model-year/VIN is not the dataset production-year. https://eu-www.kia.com/content/dam/kwcms/kme/de/de/assets/contents/service/service-wartung/Kia_Wartungsintervalle-Fahrzeuge_Stand-2025-09.pdf,DRAFT_MARKET_AND_MODEL_YEAR_REVIEW,,
vmm-f8c8c54e174d9ddddc51edc02f009319ee2030d46b3d26567451f7e48976051b,BRAKE_FLUID,,24,OEM_MARKET_REFERENCE_DE | German-registered Kia; all models in table; confirm HR/VIN plan; source model-year/VIN is not the dataset production-year. https://eu-www.kia.com/content/dam/kwcms/kme/de/de/assets/contents/service/service-wartung/Kia_Wartungsintervalle-Fahrzeuge_Stand-2025-09.pdf,DRAFT_MARKET_AND_MODEL_YEAR_REVIEW,,
vmm-3dd04d75b1e1473d0147a00befe0a010eec971ba3389f6aaed39402e57bb74d7,BRAKE_FLUID,,24,OEM_MARKET_REFERENCE_DE | German-registered Kia; all models in table; confirm HR/VIN plan; source model-year/VIN is not the dataset production-year. https://eu-www.kia.com/content/dam/kwcms/kme/de/de/assets/contents/service/service-wartung/Kia_Wartungsintervalle-Fahrzeuge_Stand-2025-09.pdf,DRAFT_MARKET_AND_MODEL_YEAR_REVIEW,,
vmm-099a26ab66d225be7673ecf7cb8df0a7a722540daa2b8d61fb700af886e93263,BRAKE_FLUID,,24,OEM_MARKET_REFERENCE_DE | German-registered Kia; all models in table; confirm HR/VIN plan; source model-year/VIN is not the dataset production-year. https://eu-www.kia.com/content/dam/kwcms/kme/de/de/assets/contents/service/service-wartung/Kia_Wartungsintervalle-Fahrzeuge_Stand-2025-09.pdf,DRAFT_MARKET_AND_MODEL_YEAR_REVIEW,,
vmm-fa3d8bc4bb94d4d89122a3bac8bd687466143bfbd5ee90479f8c69ad2c48f6ee,BRAKE_FLUID,,24,OEM_MARKET_REFERENCE_DE | German-registered Kia; all models in table; confirm HR/VIN plan; source model-year/VIN is not the dataset production-year. https://eu-www.kia.com/content/dam/kwcms/kme/de/de/assets/contents/service/service-wartung/Kia_Wartungsintervalle-Fahrzeuge_Stand-2025-09.pdf,DRAFT_MARKET_AND_MODEL_YEAR_REVIEW,,
vmm-6a6cf6fc113fb84b8e4aae565a7ad6dbb90972c457f4916d9c8df49dbbcb9378,BRAKE_FLUID,,24,OEM_MARKET_REFERENCE_DE | German-registered Kia; all models in table; confirm HR/VIN plan; source model-year/VIN is not the dataset production-year. https://eu-www.kia.com/content/dam/kwcms/kme/de/de/assets/contents/service/service-wartung/Kia_Wartungsintervalle-Fahrzeuge_Stand-2025-09.pdf,DRAFT_MARKET_AND_MODEL_YEAR_REVIEW,,
vmm-31b04f85b3ac92563e0d133c16f2bcdad94e777eabb4e47a45ab12d057454535,BRAKE_FLUID,,24,OEM_MARKET_REFERENCE_DE | German-registered Kia; all models in table; confirm HR/VIN plan; source model-year/VIN is not the dataset production-year. https://eu-www.kia.com/content/dam/kwcms/kme/de/de/assets/contents/service/service-wartung/Kia_Wartungsintervalle-Fahrzeuge_Stand-2025-09.pdf,DRAFT_MARKET_AND_MODEL_YEAR_REVIEW,,
vmm-9df3ddea50367cb705ce66386fddf58c944b7604de5cf20f8e3a971ccb5d0236,BRAKE_FLUID,,24,OEM_MARKET_REFERENCE_DE | German-registered Kia; all models in table; confirm HR/VIN plan; source model-year/VIN is not the dataset production-year. https://eu-www.kia.com/content/dam/kwcms/kme/de/de/assets/contents/service/service-wartung/Kia_Wartungsintervalle-Fahrzeuge_Stand-2025-09.pdf,DRAFT_MARKET_AND_MODEL_YEAR_REVIEW,,
vmm-fec9621d1a0f962f63d009af93505660c8c1bacabcbf51bfdb111417169a3ca8,BRAKE_FLUID,,24,OEM_MARKET_REFERENCE_DE | German-registered Kia; all models in table; confirm HR/VIN plan; source model-year/VIN is not the dataset production-year. https://eu-www.kia.com/content/dam/kwcms/kme/de/de/assets/contents/service/service-wartung/Kia_Wartungsintervalle-Fahrzeuge_Stand-2025-09.pdf,DRAFT_MARKET_AND_MODEL_YEAR_REVIEW,,
vmm-0483cb456b083bc5b968194bc7a2c3de9e353e4a2ad0d05a343b318e00caf00c,BRAKE_FLUID,,24,OEM_MARKET_REFERENCE_DE | German-registered Kia; all models in table; confirm HR/VIN plan; source model-year/VIN is not the dataset production-year. https://eu-www.kia.com/content/dam/kwcms/kme/de/de/assets/contents/service/service-wartung/Kia_Wartungsintervalle-Fahrzeuge_Stand-2025-09.pdf,DRAFT_MARKET_AND_MODEL_YEAR_REVIEW,,
vmm-2b1139f179ad6a2e647ee2c700f6a5b9b3ca82af414b9e3a50bd68d2f0660b7c,BRAKE_FLUID,,24,OEM_MARKET_REFERENCE_DE | German-registered Kia; all models in table; confirm HR/VIN plan; source model-year/VIN is not the dataset production-year. https://eu-www.kia.com/content/dam/kwcms/kme/de/de/assets/contents/service/service-wartung/Kia_Wartungsintervalle-Fahrzeuge_Stand-2025-09.pdf,DRAFT_MARKET_AND_MODEL_YEAR_REVIEW,,
vmm-760baeea9734b974f2982704b1f4484c867940a73e5f0d29655bc7a7a9760076,BRAKE_FLUID,,24,OEM_MARKET_REFERENCE_DE | German-registered Kia; all models in table; confirm HR/VIN plan; source model-year/VIN is not the dataset production-year. https://eu-www.kia.com/content/dam/kwcms/kme/de/de/assets/contents/service/service-wartung/Kia_Wartungsintervalle-Fahrzeuge_Stand-2025-09.pdf,DRAFT_MARKET_AND_MODEL_YEAR_REVIEW,,
vmm-1a6154056ac30d56bd9e152abdcad0d53ea187abef076c957e7ceaa660e16aab,BRAKE_FLUID,,24,OEM_MARKET_REFERENCE_DE | German-registered Kia; all models in table; confirm HR/VIN plan; source model-year/VIN is not the dataset production-year. https://eu-www.kia.com/content/dam/kwcms/kme/de/de/assets/contents/service/service-wartung/Kia_Wartungsintervalle-Fahrzeuge_Stand-2025-09.pdf,DRAFT_MARKET_AND_MODEL_YEAR_REVIEW,,
vmm-390ab08eae327d4b23bd945689f58e99ce75619703e3eca9a58e70ae9eb199d8,BRAKE_FLUID,,24,OEM_MARKET_REFERENCE_DE | German-registered Kia; all models in table; confirm HR/VIN plan; source model-year/VIN is not the dataset production-year. https://eu-www.kia.com/content/dam/kwcms/kme/de/de/assets/contents/service/service-wartung/Kia_Wartungsintervalle-Fahrzeuge_Stand-2025-09.pdf,DRAFT_MARKET_AND_MODEL_YEAR_REVIEW,,
vmm-91c9843eec4450517737ecd5fa90dda795f9035f83fcdd26e51d6eace408b453,BRAKE_FLUID,,24,OEM_MARKET_REFERENCE_DE | German-registered Kia; all models in table; confirm HR/VIN plan; source model-year/VIN is not the dataset production-year. https://eu-www.kia.com/content/dam/kwcms/kme/de/de/assets/contents/service/service-wartung/Kia_Wartungsintervalle-Fahrzeuge_Stand-2025-09.pdf,DRAFT_MARKET_AND_MODEL_YEAR_REVIEW,,
vmm-bb6ab9f63b29648f1b50949f3240e394550e5365d54c6fef09ccf6c536b12bf8,BRAKE_FLUID,,24,OEM_MARKET_REFERENCE_DE | German-registered Kia; all models in table; confirm HR/VIN plan; source model-year/VIN is not the dataset production-year. https://eu-www.kia.com/content/dam/kwcms/kme/de/de/assets/contents/service/service-wartung/Kia_Wartungsintervalle-Fahrzeuge_Stand-2025-09.pdf,DRAFT_MARKET_AND_MODEL_YEAR_REVIEW,,
vmm-94854d0d75a2c74c68aa3a55249ff602be0f297b805297180b5291af2c8c7b79,BRAKE_FLUID,,24,OEM_MARKET_REFERENCE_DE | German-registered Kia; all models in table; confirm HR/VIN plan; source model-year/VIN is not the dataset production-year. https://eu-www.kia.com/content/dam/kwcms/kme/de/de/assets/contents/service/service-wartung/Kia_Wartungsintervalle-Fahrzeuge_Stand-2025-09.pdf,DRAFT_MARKET_AND_MODEL_YEAR_REVIEW,,
vmm-914ab3212ec9472c92b3f4cdabab52873e5f53f49e45edea84dee959a88040c5,BRAKE_FLUID,,24,OEM_MARKET_REFERENCE_DE | German-registered Kia; all models in table; confirm HR/VIN plan; source model-year/VIN is not the dataset production-year. https://eu-www.kia.com/content/dam/kwcms/kme/de/de/assets/contents/service/service-wartung/Kia_Wartungsintervalle-Fahrzeuge_Stand-2025-09.pdf,DRAFT_MARKET_AND_MODEL_YEAR_REVIEW,,
vmm-7d3501239a0ac107fbf7cb039d6c59c029c20c6e574eb1ebbd22de0287273c42,BRAKE_FLUID,,24,OEM_MARKET_REFERENCE_DE | German-registered Kia; all models in table; confirm HR/VIN plan; source model-year/VIN is not the dataset production-year. https://eu-www.kia.com/content/dam/kwcms/kme/de/de/assets/contents/service/service-wartung/Kia_Wartungsintervalle-Fahrzeuge_Stand-2025-09.pdf,DRAFT_MARKET_AND_MODEL_YEAR_REVIEW,,
vmm-5a1c2f91bc83cff74da3959dcaae8236d5e15ca28a2a0774398d6feb54209558,BRAKE_FLUID,,24,OEM_MARKET_REFERENCE_DE | German-registered Kia; all models in table; confirm HR/VIN plan; source model-year/VIN is not the dataset production-year. https://eu-www.kia.com/content/dam/kwcms/kme/de/de/assets/contents/service/service-wartung/Kia_Wartungsintervalle-Fahrzeuge_Stand-2025-09.pdf,DRAFT_MARKET_AND_MODEL_YEAR_REVIEW,,
vmm-a25da0d021c12cec508f981114c8a254f9402453e00926c1e1a3d5a6db18f7bb,BRAKE_FLUID,,24,OEM_MARKET_REFERENCE_DE | German-registered Kia; all models in table; confirm HR/VIN plan; source model-year/VIN is not the dataset production-year. https://eu-www.kia.com/content/dam/kwcms/kme/de/de/assets/contents/service/service-wartung/Kia_Wartungsintervalle-Fahrzeuge_Stand-2025-09.pdf,DRAFT_MARKET_AND_MODEL_YEAR_REVIEW,,
vmm-ff2c32e46d170e59bf98136bd4dda886d435b05d7ce6c4f53a24790b87263191,BRAKE_FLUID,,24,OEM_MARKET_REFERENCE_DE | German-registered Kia; all models in table; confirm HR/VIN plan; source model-year/VIN is not the dataset production-year. https://eu-www.kia.com/content/dam/kwcms/kme/de/de/assets/contents/service/service-wartung/Kia_Wartungsintervalle-Fahrzeuge_Stand-2025-09.pdf,DRAFT_MARKET_AND_MODEL_YEAR_REVIEW,,
vmm-7995f8381e0617b02f26797fb332824d8e76b0ea49cc5cb7dac581fde47093c7,BRAKE_FLUID,,24,OEM_MARKET_REFERENCE_DE | German-registered Kia; all models in table; confirm HR/VIN plan; source model-year/VIN is not the dataset production-year. https://eu-www.kia.com/content/dam/kwcms/kme/de/de/assets/contents/service/service-wartung/Kia_Wartungsintervalle-Fahrzeuge_Stand-2025-09.pdf,DRAFT_MARKET_AND_MODEL_YEAR_REVIEW,,
vmm-49e41ef1dd075b539f1451d11cb666b6acfa3e51d1090f23315f764447e92428,BRAKE_FLUID,,24,OEM_MARKET_REFERENCE_DE | German-registered Kia; all models in table; confirm HR/VIN plan; source model-year/VIN is not the dataset production-year. https://eu-www.kia.com/content/dam/kwcms/kme/de/de/assets/contents/service/service-wartung/Kia_Wartungsintervalle-Fahrzeuge_Stand-2025-09.pdf,DRAFT_MARKET_AND_MODEL_YEAR_REVIEW,,
vmm-84907d2a25a71e76851b84220cb1789f86f85cb4b763902a2a9e85d588e3e9f9,BRAKE_FLUID,,24,OEM_MARKET_REFERENCE_DE | German-registered Kia; all models in table; confirm HR/VIN plan; source model-year/VIN is not the dataset production-year. https://eu-www.kia.com/content/dam/kwcms/kme/de/de/assets/contents/service/service-wartung/Kia_Wartungsintervalle-Fahrzeuge_Stand-2025-09.pdf,DRAFT_MARKET_AND_MODEL_YEAR_REVIEW,,
vmm-382c8b81c936ea6438bc95525492ad7b46b21ed0f36fb08a0f421f704a98859c,BRAKE_FLUID,,24,OEM_MARKET_REFERENCE_DE | German-registered Kia; all models in table; confirm HR/VIN plan; source model-year/VIN is not the dataset production-year. https://eu-www.kia.com/content/dam/kwcms/kme/de/de/assets/contents/service/service-wartung/Kia_Wartungsintervalle-Fahrzeuge_Stand-2025-09.pdf,DRAFT_MARKET_AND_MODEL_YEAR_REVIEW,,
vmm-75c8d6b8098f90cae7c2dec6820eabfa165516aa3ee28b0f35e754ded7a9f542,BRAKE_FLUID,,24,OEM_MARKET_REFERENCE_DE | German-registered Kia; all models in table; confirm HR/VIN plan; source model-year/VIN is not the dataset production-year. https://eu-www.kia.com/content/dam/kwcms/kme/de/de/assets/contents/service/service-wartung/Kia_Wartungsintervalle-Fahrzeuge_Stand-2025-09.pdf,DRAFT_MARKET_AND_MODEL_YEAR_REVIEW,,
vmm-dd1b198940f155a8629cd8c5ebd9f2a2e9cf185a718bc094a0b0e3d53bcc9d71,BRAKE_FLUID,,24,OEM_MARKET_REFERENCE_DE | German-registered Kia; all models in table; confirm HR/VIN plan; source model-year/VIN is not the dataset production-year. https://eu-www.kia.com/content/dam/kwcms/kme/de/de/assets/contents/service/service-wartung/Kia_Wartungsintervalle-Fahrzeuge_Stand-2025-09.pdf,DRAFT_MARKET_AND_MODEL_YEAR_REVIEW,,
vmm-72061b32a3acbc5355c37263c936099f037ed5998f32bc3fad62239713206570,BRAKE_FLUID,,24,OEM_MARKET_REFERENCE_DE | German-registered Kia; all models in table; confirm HR/VIN plan; source model-year/VIN is not the dataset production-year. https://eu-www.kia.com/content/dam/kwcms/kme/de/de/assets/contents/service/service-wartung/Kia_Wartungsintervalle-Fahrzeuge_Stand-2025-09.pdf,DRAFT_MARKET_AND_MODEL_YEAR_REVIEW,,
vmm-0e4a8d096c6705b781468fc043db56cca479b13b917062ac6978c0d5a8d937e7,BRAKE_FLUID,,24,OEM_MARKET_REFERENCE_DE | German-registered Kia; all models in table; confirm HR/VIN plan; source model-year/VIN is not the dataset production-year. https://eu-www.kia.com/content/dam/kwcms/kme/de/de/assets/contents/service/service-wartung/Kia_Wartungsintervalle-Fahrzeuge_Stand-2025-09.pdf,DRAFT_MARKET_AND_MODEL_YEAR_REVIEW,,
vmm-d5ff9dca931f1b6a46aaa31c23c98fe881562b12b515eb9555ee929aab25b9f0,BRAKE_FLUID,,24,OEM_MARKET_REFERENCE_DE | German-registered Kia; all models in table; confirm HR/VIN plan; source model-year/VIN is not the dataset production-year. https://eu-www.kia.com/content/dam/kwcms/kme/de/de/assets/contents/service/service-wartung/Kia_Wartungsintervalle-Fahrzeuge_Stand-2025-09.pdf,DRAFT_MARKET_AND_MODEL_YEAR_REVIEW,,
vmm-4232da375a733f4cf1412c514d7d66ae33144702c7a115223adbba0c0f8fe389,BRAKE_FLUID,,24,OEM_MARKET_REFERENCE_DE | German-registered Kia; all models in table; confirm HR/VIN plan; source model-year/VIN is not the dataset production-year. https://eu-www.kia.com/content/dam/kwcms/kme/de/de/assets/contents/service/service-wartung/Kia_Wartungsintervalle-Fahrzeuge_Stand-2025-09.pdf,DRAFT_MARKET_AND_MODEL_YEAR_REVIEW,,
vmm-f5bdc77095700ec17455b0b4da5b8e63c1e08a5f58c7e5a9c4998e6c09b76db3,BRAKE_FLUID,,24,OEM_MARKET_REFERENCE_DE | German-registered Kia; all models in table; confirm HR/VIN plan; source model-year/VIN is not the dataset production-year. https://eu-www.kia.com/content/dam/kwcms/kme/de/de/assets/contents/service/service-wartung/Kia_Wartungsintervalle-Fahrzeuge_Stand-2025-09.pdf,DRAFT_MARKET_AND_MODEL_YEAR_REVIEW,,
vmm-56170feba7732672f3b18c6dfc39c741d82e5f5bcf44e06c869e2eeb3727ba50,BRAKE_FLUID,,24,OEM_MARKET_REFERENCE_DE | German-registered Kia; all models in table; confirm HR/VIN plan; source model-year/VIN is not the dataset production-year. https://eu-www.kia.com/content/dam/kwcms/kme/de/de/assets/contents/service/service-wartung/Kia_Wartungsintervalle-Fahrzeuge_Stand-2025-09.pdf,DRAFT_MARKET_AND_MODEL_YEAR_REVIEW,,
vmm-76cd132c2d261430e6695d4ed2ddf3466537a57b9b29aace662753c52ce83470,BRAKE_FLUID,,24,OEM_MARKET_REFERENCE_DE | German-registered Kia; all models in table; confirm HR/VIN plan; source model-year/VIN is not the dataset production-year. https://eu-www.kia.com/content/dam/kwcms/kme/de/de/assets/contents/service/service-wartung/Kia_Wartungsintervalle-Fahrzeuge_Stand-2025-09.pdf,DRAFT_MARKET_AND_MODEL_YEAR_REVIEW,,
vmm-55faa6f1ef48d888e1ab96b2f47fce0d70aef022ffef6eb88ac9843771e3a851,BRAKE_FLUID,,24,OEM_MARKET_REFERENCE_DE | German-registered Kia; all models in table; confirm HR/VIN plan; source model-year/VIN is not the dataset production-year. https://eu-www.kia.com/content/dam/kwcms/kme/de/de/assets/contents/service/service-wartung/Kia_Wartungsintervalle-Fahrzeuge_Stand-2025-09.pdf,DRAFT_MARKET_AND_MODEL_YEAR_REVIEW,,
vmm-016a0dbdadebac8ffab28f590ec42b1f479b74d248a72cd1d54371a036271597,BRAKE_FLUID,,24,OEM_MARKET_REFERENCE_DE | German-registered Kia; all models in table; confirm HR/VIN plan; source model-year/VIN is not the dataset production-year. https://eu-www.kia.com/content/dam/kwcms/kme/de/de/assets/contents/service/service-wartung/Kia_Wartungsintervalle-Fahrzeuge_Stand-2025-09.pdf,DRAFT_MARKET_AND_MODEL_YEAR_REVIEW,,
vmm-eb59f9785326a4d29c13936a0a2252252c5a2cf1330c1ea79879b25511f48bcd,BRAKE_FLUID,,24,OEM_MARKET_REFERENCE_DE | German-registered Kia; all models in table; confirm HR/VIN plan; source model-year/VIN is not the dataset production-year. https://eu-www.kia.com/content/dam/kwcms/kme/de/de/assets/contents/service/service-wartung/Kia_Wartungsintervalle-Fahrzeuge_Stand-2025-09.pdf,DRAFT_MARKET_AND_MODEL_YEAR_REVIEW,,
vmm-9cccda252d0a85f06c19dd453ebf98f832b00706b0a2849418d386fd01ebfdf7,BRAKE_FLUID,,24,OEM_MARKET_REFERENCE_DE | German-registered Kia; all models in table; confirm HR/VIN plan; source model-year/VIN is not the dataset production-year. https://eu-www.kia.com/content/dam/kwcms/kme/de/de/assets/contents/service/service-wartung/Kia_Wartungsintervalle-Fahrzeuge_Stand-2025-09.pdf,DRAFT_MARKET_AND_MODEL_YEAR_REVIEW,,
vmm-d482476bb62e8cbeb1ee8cfe7dc4fd1ddd392308f4b4061f5bdcfcea52d88af0,BRAKE_FLUID,,24,OEM_MARKET_REFERENCE_DE | German-registered Kia; all models in table; confirm HR/VIN plan; source model-year/VIN is not the dataset production-year. https://eu-www.kia.com/content/dam/kwcms/kme/de/de/assets/contents/service/service-wartung/Kia_Wartungsintervalle-Fahrzeuge_Stand-2025-09.pdf,DRAFT_MARKET_AND_MODEL_YEAR_REVIEW,,
vmm-5e6c931e097bb64876f884caf1b40547993440f96245760165e827007daccfdf,BRAKE_FLUID,,24,OEM_MARKET_REFERENCE_DE | German-registered Kia; all models in table; confirm HR/VIN plan; source model-year/VIN is not the dataset production-year. https://eu-www.kia.com/content/dam/kwcms/kme/de/de/assets/contents/service/service-wartung/Kia_Wartungsintervalle-Fahrzeuge_Stand-2025-09.pdf,DRAFT_MARKET_AND_MODEL_YEAR_REVIEW,,
vmm-a78bea9600b4daa936a9ab1de4200253da9625d64b29d5c91fbcf9cba12a92fc,BRAKE_FLUID,,24,OEM_MARKET_REFERENCE_DE | German-registered Kia; all models in table; confirm HR/VIN plan; source model-year/VIN is not the dataset production-year. https://eu-www.kia.com/content/dam/kwcms/kme/de/de/assets/contents/service/service-wartung/Kia_Wartungsintervalle-Fahrzeuge_Stand-2025-09.pdf,DRAFT_MARKET_AND_MODEL_YEAR_REVIEW,,
vmm-8f4aa1622c29e7f0f2671415d4a68e7b4f898d4155c8ed56fb173873c2f64d4a,BRAKE_FLUID,,24,OEM_MARKET_REFERENCE_DE | German-registered Kia; all models in table; confirm HR/VIN plan; source model-year/VIN is not the dataset production-year. https://eu-www.kia.com/content/dam/kwcms/kme/de/de/assets/contents/service/service-wartung/Kia_Wartungsintervalle-Fahrzeuge_Stand-2025-09.pdf,DRAFT_MARKET_AND_MODEL_YEAR_REVIEW,,
vmm-7d1538379c2aef64676912f8e8a89da6ba617580db746bf99d9c97eaa8686760,BRAKE_FLUID,,24,OEM_MARKET_REFERENCE_DE | German-registered Kia; all models in table; confirm HR/VIN plan; source model-year/VIN is not the dataset production-year. https://eu-www.kia.com/content/dam/kwcms/kme/de/de/assets/contents/service/service-wartung/Kia_Wartungsintervalle-Fahrzeuge_Stand-2025-09.pdf,DRAFT_MARKET_AND_MODEL_YEAR_REVIEW,,
vmm-529cf35cf33dd4698a8fa63d18710f99590de5a99f8fb27157131ff78df935e9,BRAKE_FLUID,,24,OEM_MARKET_REFERENCE_DE | German-registered Kia; all models in table; confirm HR/VIN plan; source model-year/VIN is not the dataset production-year. https://eu-www.kia.com/content/dam/kwcms/kme/de/de/assets/contents/service/service-wartung/Kia_Wartungsintervalle-Fahrzeuge_Stand-2025-09.pdf,DRAFT_MARKET_AND_MODEL_YEAR_REVIEW,,
vmm-afd955e4215d7c59238a1887c3b2041c741bb845fa01802652574a73ec0cec8c,BRAKE_FLUID,,24,OEM_MARKET_REFERENCE_DE | German-registered Kia; all models in table; confirm HR/VIN plan; source model-year/VIN is not the dataset production-year. https://eu-www.kia.com/content/dam/kwcms/kme/de/de/assets/contents/service/service-wartung/Kia_Wartungsintervalle-Fahrzeuge_Stand-2025-09.pdf,DRAFT_MARKET_AND_MODEL_YEAR_REVIEW,,
vmm-6f87ed9c06bc63499e2ba0535ed1a118e6cf79fec5f365722fe8f3ba53f0b818,BRAKE_FLUID,,24,OEM_MARKET_REFERENCE_DE | German-registered Kia; all models in table; confirm HR/VIN plan; source model-year/VIN is not the dataset production-year. https://eu-www.kia.com/content/dam/kwcms/kme/de/de/assets/contents/service/service-wartung/Kia_Wartungsintervalle-Fahrzeuge_Stand-2025-09.pdf,DRAFT_MARKET_AND_MODEL_YEAR_REVIEW,,
vmm-370dbaa5fa2b26ddafa2d9c67fe77a0229ac0e878072e7291a0824f0d10b372f,BRAKE_FLUID,,24,OEM_MARKET_REFERENCE_DE | German-registered Kia; all models in table; confirm HR/VIN plan; source model-year/VIN is not the dataset production-year. https://eu-www.kia.com/content/dam/kwcms/kme/de/de/assets/contents/service/service-wartung/Kia_Wartungsintervalle-Fahrzeuge_Stand-2025-09.pdf,DRAFT_MARKET_AND_MODEL_YEAR_REVIEW,,
vmm-1e82dded3cbd85ee93f54f953687f9ff1d11bc9ab966267fbf47e5729de4c27a,BRAKE_FLUID,,24,OEM_MARKET_REFERENCE_DE | German-registered Kia; all models in table; confirm HR/VIN plan; source model-year/VIN is not the dataset production-year. https://eu-www.kia.com/content/dam/kwcms/kme/de/de/assets/contents/service/service-wartung/Kia_Wartungsintervalle-Fahrzeuge_Stand-2025-09.pdf,DRAFT_MARKET_AND_MODEL_YEAR_REVIEW,,
vmm-c92b6241a260ea782a5164ff439c1101160896be29a28cf0832b7998588f6eab,BRAKE_FLUID,,24,OEM_MARKET_REFERENCE_DE | German-registered Kia; all models in table; confirm HR/VIN plan; source model-year/VIN is not the dataset production-year. https://eu-www.kia.com/content/dam/kwcms/kme/de/de/assets/contents/service/service-wartung/Kia_Wartungsintervalle-Fahrzeuge_Stand-2025-09.pdf,DRAFT_MARKET_AND_MODEL_YEAR_REVIEW,,
vmm-f7a62ab8c0e72d8fe6b3d0bebd0e33a0d534eb84c6629e421d260ff48f796761,BRAKE_FLUID,,24,OEM_MARKET_REFERENCE_DE | German-registered Kia; all models in table; confirm HR/VIN plan; source model-year/VIN is not the dataset production-year. https://eu-www.kia.com/content/dam/kwcms/kme/de/de/assets/contents/service/service-wartung/Kia_Wartungsintervalle-Fahrzeuge_Stand-2025-09.pdf,DRAFT_MARKET_AND_MODEL_YEAR_REVIEW,,
vmm-7b69bcfb00b73fe00fe83ed21c93698c43047d5b1f9cc04a7cfa4b05a205fc69,BRAKE_FLUID,,24,OEM_MARKET_REFERENCE_DE | German-registered Kia; all models in table; confirm HR/VIN plan; source model-year/VIN is not the dataset production-year. https://eu-www.kia.com/content/dam/kwcms/kme/de/de/assets/contents/service/service-wartung/Kia_Wartungsintervalle-Fahrzeuge_Stand-2025-09.pdf,DRAFT_MARKET_AND_MODEL_YEAR_REVIEW,,
vmm-05e15d3c97ecf282ed7dbb3ae8a1526b795dabacffeb8aece9582be947f72088,BRAKE_FLUID,,24,OEM_MARKET_REFERENCE_DE | German-registered Kia; all models in table; confirm HR/VIN plan; source model-year/VIN is not the dataset production-year. https://eu-www.kia.com/content/dam/kwcms/kme/de/de/assets/contents/service/service-wartung/Kia_Wartungsintervalle-Fahrzeuge_Stand-2025-09.pdf,DRAFT_MARKET_AND_MODEL_YEAR_REVIEW,,
vmm-3d4adb0abf26c9f7e180aa5f3afa0e1fcf53d2c6d2002537d05b04f9911f5162,BRAKE_FLUID,,24,OEM_MARKET_REFERENCE_DE | German-registered Kia; all models in table; confirm HR/VIN plan; source model-year/VIN is not the dataset production-year. https://eu-www.kia.com/content/dam/kwcms/kme/de/de/assets/contents/service/service-wartung/Kia_Wartungsintervalle-Fahrzeuge_Stand-2025-09.pdf,DRAFT_MARKET_AND_MODEL_YEAR_REVIEW,,
vmm-915415b28f91af1b9292255031dbab085187d3d31c75717a05cbf1ae3b47f934,BRAKE_FLUID,,24,OEM_MARKET_REFERENCE_DE | German-registered Kia; all models in table; confirm HR/VIN plan; source model-year/VIN is not the dataset production-year. https://eu-www.kia.com/content/dam/kwcms/kme/de/de/assets/contents/service/service-wartung/Kia_Wartungsintervalle-Fahrzeuge_Stand-2025-09.pdf,DRAFT_MARKET_AND_MODEL_YEAR_REVIEW,,
vmm-230d12a5d8de6775d108a6b6cc691339da8e2d9e6b52a163164499551d0dea28,BRAKE_FLUID,,24,OEM_MARKET_REFERENCE_DE | German-registered Kia; all models in table; confirm HR/VIN plan; source model-year/VIN is not the dataset production-year. https://eu-www.kia.com/content/dam/kwcms/kme/de/de/assets/contents/service/service-wartung/Kia_Wartungsintervalle-Fahrzeuge_Stand-2025-09.pdf,DRAFT_MARKET_AND_MODEL_YEAR_REVIEW,,
vmm-d0eeed3c2a529a8e1f4c8c2c29e8ffbd6c775daae2e53fa29fa13231caaee9b5,BRAKE_FLUID,,24,OEM_MARKET_REFERENCE_DE | German-registered Kia; all models in table; confirm HR/VIN plan; source model-year/VIN is not the dataset production-year. https://eu-www.kia.com/content/dam/kwcms/kme/de/de/assets/contents/service/service-wartung/Kia_Wartungsintervalle-Fahrzeuge_Stand-2025-09.pdf,DRAFT_MARKET_AND_MODEL_YEAR_REVIEW,,
vmm-e8086d94d2fb43413ce1d7a4d9c2728c414c2d2e6d3ad4c660f97c11dc9d8df4,BRAKE_FLUID,,24,OEM_MARKET_REFERENCE_DE | German-registered Kia; all models in table; confirm HR/VIN plan; source model-year/VIN is not the dataset production-year. https://eu-www.kia.com/content/dam/kwcms/kme/de/de/assets/contents/service/service-wartung/Kia_Wartungsintervalle-Fahrzeuge_Stand-2025-09.pdf,DRAFT_MARKET_AND_MODEL_YEAR_REVIEW,,
vmm-3b1ce33f2abedb6803d965656051eca6f52959219401864a90c96e114a842db4,BRAKE_FLUID,,24,OEM_MARKET_REFERENCE_DE | German-registered Kia; all models in table; confirm HR/VIN plan; source model-year/VIN is not the dataset production-year. https://eu-www.kia.com/content/dam/kwcms/kme/de/de/assets/contents/service/service-wartung/Kia_Wartungsintervalle-Fahrzeuge_Stand-2025-09.pdf,DRAFT_MARKET_AND_MODEL_YEAR_REVIEW,,
vmm-3d021f66280454197bd564b516aa8fda3c295c9e944ab622078a7dac0c50d570,BRAKE_FLUID,,24,OEM_MARKET_REFERENCE_DE | German-registered Kia; all models in table; confirm HR/VIN plan; source model-year/VIN is not the dataset production-year. https://eu-www.kia.com/content/dam/kwcms/kme/de/de/assets/contents/service/service-wartung/Kia_Wartungsintervalle-Fahrzeuge_Stand-2025-09.pdf,DRAFT_MARKET_AND_MODEL_YEAR_REVIEW,,
vmm-4ecf43316c8970708b9cbc902e7282d992328d3ced8c18ff61fc6bfc5425cb41,BRAKE_FLUID,,24,OEM_MARKET_REFERENCE_DE | German-registered Kia; all models in table; confirm HR/VIN plan; source model-year/VIN is not the dataset production-year. https://eu-www.kia.com/content/dam/kwcms/kme/de/de/assets/contents/service/service-wartung/Kia_Wartungsintervalle-Fahrzeuge_Stand-2025-09.pdf,DRAFT_MARKET_AND_MODEL_YEAR_REVIEW,,
vmm-41556d7645f2e9408e9f019a6135d37a2a65ba615f7eeff180d9bb3d25afd510,BRAKE_FLUID,,24,OEM_MARKET_REFERENCE_DE | German-registered Kia; all models in table; confirm HR/VIN plan; source model-year/VIN is not the dataset production-year. https://eu-www.kia.com/content/dam/kwcms/kme/de/de/assets/contents/service/service-wartung/Kia_Wartungsintervalle-Fahrzeuge_Stand-2025-09.pdf,DRAFT_MARKET_AND_MODEL_YEAR_REVIEW,,
vmm-0c555c30c0a27599bd6242d384384da61d4f443766503b5dcbc1fdf221e4e734,BRAKE_FLUID,,24,OEM_MARKET_REFERENCE_DE | German-registered Kia; all models in table; confirm HR/VIN plan; source model-year/VIN is not the dataset production-year. https://eu-www.kia.com/content/dam/kwcms/kme/de/de/assets/contents/service/service-wartung/Kia_Wartungsintervalle-Fahrzeuge_Stand-2025-09.pdf,DRAFT_MARKET_AND_MODEL_YEAR_REVIEW,,
vmm-e180ab2c40ef02db42607acfc263137f0af75817217d3ecf4882d402b9c0ed52,BRAKE_FLUID,,24,OEM_MARKET_REFERENCE_DE | German-registered Kia; all models in table; confirm HR/VIN plan; source model-year/VIN is not the dataset production-year. https://eu-www.kia.com/content/dam/kwcms/kme/de/de/assets/contents/service/service-wartung/Kia_Wartungsintervalle-Fahrzeuge_Stand-2025-09.pdf,DRAFT_MARKET_AND_MODEL_YEAR_REVIEW,,
vmm-790afa9a3db15a10b49bfaf0ff7d37767e1191bd2a55b941bf1c538de2c49a2b,BRAKE_FLUID,,24,OEM_MARKET_REFERENCE_DE | German-registered Kia; all models in table; confirm HR/VIN plan; source model-year/VIN is not the dataset production-year. https://eu-www.kia.com/content/dam/kwcms/kme/de/de/assets/contents/service/service-wartung/Kia_Wartungsintervalle-Fahrzeuge_Stand-2025-09.pdf,DRAFT_MARKET_AND_MODEL_YEAR_REVIEW,,
vmm-d50515d23ba2bad73bba47434de68313b5702eb604ccad95e7896805627b949f,BRAKE_FLUID,,24,OEM_MARKET_REFERENCE_DE | German-registered Kia; all models in table; confirm HR/VIN plan; source model-year/VIN is not the dataset production-year. https://eu-www.kia.com/content/dam/kwcms/kme/de/de/assets/contents/service/service-wartung/Kia_Wartungsintervalle-Fahrzeuge_Stand-2025-09.pdf,DRAFT_MARKET_AND_MODEL_YEAR_REVIEW,,
vmm-4d7f2b142052b914f9b6f21d9906b4c00f344e753aa68af2b8fa75e7be23a0ba,BRAKE_FLUID,,24,OEM_MARKET_REFERENCE_DE | German-registered Kia; all models in table; confirm HR/VIN plan; source model-year/VIN is not the dataset production-year. https://eu-www.kia.com/content/dam/kwcms/kme/de/de/assets/contents/service/service-wartung/Kia_Wartungsintervalle-Fahrzeuge_Stand-2025-09.pdf,DRAFT_MARKET_AND_MODEL_YEAR_REVIEW,,
vmm-60f6d59e0c28e0c4b4d59a61c5fc71ba5ae35ac86f7c03c3c648f9eba968e0f9,BRAKE_FLUID,,24,OEM_MARKET_REFERENCE_DE | German-registered Kia; all models in table; confirm HR/VIN plan; source model-year/VIN is not the dataset production-year. https://eu-www.kia.com/content/dam/kwcms/kme/de/de/assets/contents/service/service-wartung/Kia_Wartungsintervalle-Fahrzeuge_Stand-2025-09.pdf,DRAFT_MARKET_AND_MODEL_YEAR_REVIEW,,
vmm-ef98396c2776ddfa7021540d748cc0fa6882c39bbddb432d1e857575996bdb65,BRAKE_FLUID,,24,OEM_MARKET_REFERENCE_DE | German-registered Kia; all models in table; confirm HR/VIN plan; source model-year/VIN is not the dataset production-year. https://eu-www.kia.com/content/dam/kwcms/kme/de/de/assets/contents/service/service-wartung/Kia_Wartungsintervalle-Fahrzeuge_Stand-2025-09.pdf,DRAFT_MARKET_AND_MODEL_YEAR_REVIEW,,
vmm-b61d1ba01be6e874dbf9d671ae3f17738ebef086989dce2eac67417eaf11cf77,BRAKE_FLUID,,24,OEM_MARKET_REFERENCE_DE | German-registered Kia; all models in table; confirm HR/VIN plan; source model-year/VIN is not the dataset production-year. https://eu-www.kia.com/content/dam/kwcms/kme/de/de/assets/contents/service/service-wartung/Kia_Wartungsintervalle-Fahrzeuge_Stand-2025-09.pdf,DRAFT_MARKET_AND_MODEL_YEAR_REVIEW,,
vmm-fa5938a60e3d4fd8e9a06dc123ffe2d08078fe061f01ca8be3b079dcd3f846ee,BRAKE_FLUID,,24,OEM_MARKET_REFERENCE_DE | German-registered Kia; all models in table; confirm HR/VIN plan; source model-year/VIN is not the dataset production-year. https://eu-www.kia.com/content/dam/kwcms/kme/de/de/assets/contents/service/service-wartung/Kia_Wartungsintervalle-Fahrzeuge_Stand-2025-09.pdf,DRAFT_MARKET_AND_MODEL_YEAR_REVIEW,,
vmm-7a9c04f2cf659dc557f7cda45ed59cd78af934191708806bb95da3e65f8c2c5a,BRAKE_FLUID,,24,OEM_MARKET_REFERENCE_DE | German-registered Kia; all models in table; confirm HR/VIN plan; source model-year/VIN is not the dataset production-year. https://eu-www.kia.com/content/dam/kwcms/kme/de/de/assets/contents/service/service-wartung/Kia_Wartungsintervalle-Fahrzeuge_Stand-2025-09.pdf,DRAFT_MARKET_AND_MODEL_YEAR_REVIEW,,
vmm-f896900d70bd3ba48e5151bc02cbef57689e4f18c21474d2fccb18eb56872835,BRAKE_FLUID,,24,OEM_MARKET_REFERENCE_DE | German-registered Kia; all models in table; confirm HR/VIN plan; source model-year/VIN is not the dataset production-year. https://eu-www.kia.com/content/dam/kwcms/kme/de/de/assets/contents/service/service-wartung/Kia_Wartungsintervalle-Fahrzeuge_Stand-2025-09.pdf,DRAFT_MARKET_AND_MODEL_YEAR_REVIEW,,
vmm-c8409846e5d6fae389576f0816a7a2f69886d8b3051aa7a772d98d4a071275ab,BRAKE_FLUID,,24,OEM_MARKET_REFERENCE_DE | German-registered Kia; all models in table; confirm HR/VIN plan; source model-year/VIN is not the dataset production-year. https://eu-www.kia.com/content/dam/kwcms/kme/de/de/assets/contents/service/service-wartung/Kia_Wartungsintervalle-Fahrzeuge_Stand-2025-09.pdf,DRAFT_MARKET_AND_MODEL_YEAR_REVIEW,,
vmm-50985f01975437e544fe768b350ed15b6bd2f08d24bcd921466c92951f9c2a96,BRAKE_FLUID,,24,OEM_MARKET_REFERENCE_DE | German-registered Kia; all models in table; confirm HR/VIN plan; source model-year/VIN is not the dataset production-year. https://eu-www.kia.com/content/dam/kwcms/kme/de/de/assets/contents/service/service-wartung/Kia_Wartungsintervalle-Fahrzeuge_Stand-2025-09.pdf,DRAFT_MARKET_AND_MODEL_YEAR_REVIEW,,
vmm-3b803be830ccbe020448610bb9882f755cc279111e11601a91e39f5906a456d1,BRAKE_FLUID,,24,OEM_MARKET_REFERENCE_DE | German-registered Kia; all models in table; confirm HR/VIN plan; source model-year/VIN is not the dataset production-year. https://eu-www.kia.com/content/dam/kwcms/kme/de/de/assets/contents/service/service-wartung/Kia_Wartungsintervalle-Fahrzeuge_Stand-2025-09.pdf,DRAFT_MARKET_AND_MODEL_YEAR_REVIEW,,
vmm-3ba79a3e56db908f4fc13e65c1faf22ee8c3675ec3927dee59feb2a2de4a1df9,BRAKE_FLUID,,24,OEM_MARKET_REFERENCE_DE | German-registered Kia; all models in table; confirm HR/VIN plan; source model-year/VIN is not the dataset production-year. https://eu-www.kia.com/content/dam/kwcms/kme/de/de/assets/contents/service/service-wartung/Kia_Wartungsintervalle-Fahrzeuge_Stand-2025-09.pdf,DRAFT_MARKET_AND_MODEL_YEAR_REVIEW,,
vmm-57d254068d69bfceda80ce860d86bd2f9bbf5c868923f6b106b02f655ca5ee27,BRAKE_FLUID,,24,OEM_MARKET_REFERENCE_DE | German-registered Kia; all models in table; confirm HR/VIN plan; source model-year/VIN is not the dataset production-year. https://eu-www.kia.com/content/dam/kwcms/kme/de/de/assets/contents/service/service-wartung/Kia_Wartungsintervalle-Fahrzeuge_Stand-2025-09.pdf,DRAFT_MARKET_AND_MODEL_YEAR_REVIEW,,
vmm-b3c8cfda4183884dabd7478023f6e0f999fa11bbdf5d0c725297662c7209b09d,BRAKE_FLUID,,24,OEM_MARKET_REFERENCE_DE | German-registered Kia; all models in table; confirm HR/VIN plan; source model-year/VIN is not the dataset production-year. https://eu-www.kia.com/content/dam/kwcms/kme/de/de/assets/contents/service/service-wartung/Kia_Wartungsintervalle-Fahrzeuge_Stand-2025-09.pdf,DRAFT_MARKET_AND_MODEL_YEAR_REVIEW,,
vmm-1de30db2aad17801706fcc9085f7a00271551a795e430004d1abe82e4ae6deb9,BRAKE_FLUID,,24,OEM_MARKET_REFERENCE_DE | German-registered Kia; all models in table; confirm HR/VIN plan; source model-year/VIN is not the dataset production-year. https://eu-www.kia.com/content/dam/kwcms/kme/de/de/assets/contents/service/service-wartung/Kia_Wartungsintervalle-Fahrzeuge_Stand-2025-09.pdf,DRAFT_MARKET_AND_MODEL_YEAR_REVIEW,,
vmm-8d258e5469d2ad5d7a2d04ae1805bef59dd6374393ee30b8b59af3b03204e413,BRAKE_FLUID,,24,OEM_MARKET_REFERENCE_DE | German-registered Kia; all models in table; confirm HR/VIN plan; source model-year/VIN is not the dataset production-year. https://eu-www.kia.com/content/dam/kwcms/kme/de/de/assets/contents/service/service-wartung/Kia_Wartungsintervalle-Fahrzeuge_Stand-2025-09.pdf,DRAFT_MARKET_AND_MODEL_YEAR_REVIEW,,
vmm-0ef2927d50910af38fbd50f00c37d2c5383530a57e276da2fa7aa296392bde04,BRAKE_FLUID,,24,OEM_MARKET_REFERENCE_DE | German-registered Kia; all models in table; confirm HR/VIN plan; source model-year/VIN is not the dataset production-year. https://eu-www.kia.com/content/dam/kwcms/kme/de/de/assets/contents/service/service-wartung/Kia_Wartungsintervalle-Fahrzeuge_Stand-2025-09.pdf,DRAFT_MARKET_AND_MODEL_YEAR_REVIEW,,
vmm-5eae58e1e98cfa0294630f75105c91421982e7df7df05079ba3992f5a9fe3f65,BRAKE_FLUID,,24,OEM_MARKET_REFERENCE_DE | German-registered Kia; all models in table; confirm HR/VIN plan; source model-year/VIN is not the dataset production-year. https://eu-www.kia.com/content/dam/kwcms/kme/de/de/assets/contents/service/service-wartung/Kia_Wartungsintervalle-Fahrzeuge_Stand-2025-09.pdf,DRAFT_MARKET_AND_MODEL_YEAR_REVIEW,,
vmm-b4c43bec48c728c5a34677c06ff2a32a4a7f7aad18868afd290d5a8d4910c5b7,BRAKE_FLUID,,24,OEM_MARKET_REFERENCE_DE | German-registered Kia; all models in table; confirm HR/VIN plan; source model-year/VIN is not the dataset production-year. https://eu-www.kia.com/content/dam/kwcms/kme/de/de/assets/contents/service/service-wartung/Kia_Wartungsintervalle-Fahrzeuge_Stand-2025-09.pdf,DRAFT_MARKET_AND_MODEL_YEAR_REVIEW,,
vmm-cd7f3cb75b9ea8fabdd56b7dcf5e9aeae9d602ac8b948696dcc31a5caa107860,BRAKE_FLUID,,24,OEM_MARKET_REFERENCE_DE | German-registered Kia; all models in table; confirm HR/VIN plan; source model-year/VIN is not the dataset production-year. https://eu-www.kia.com/content/dam/kwcms/kme/de/de/assets/contents/service/service-wartung/Kia_Wartungsintervalle-Fahrzeuge_Stand-2025-09.pdf,DRAFT_MARKET_AND_MODEL_YEAR_REVIEW,,
vmm-b3267ebc43cd06c4bf1fa0c5c3fccac728db8db81376ea334aef0890e73ed345,BRAKE_FLUID,,24,OEM_MARKET_REFERENCE_DE | German-registered Kia; all models in table; confirm HR/VIN plan; source model-year/VIN is not the dataset production-year. https://eu-www.kia.com/content/dam/kwcms/kme/de/de/assets/contents/service/service-wartung/Kia_Wartungsintervalle-Fahrzeuge_Stand-2025-09.pdf,DRAFT_MARKET_AND_MODEL_YEAR_REVIEW,,
vmm-a468e5290f8d975abcdf5932d716b8ba5d4d0601c4cf4376f58516f468e20823,BRAKE_FLUID,,24,OEM_MARKET_REFERENCE_DE | German-registered Kia; all models in table; confirm HR/VIN plan; source model-year/VIN is not the dataset production-year. https://eu-www.kia.com/content/dam/kwcms/kme/de/de/assets/contents/service/service-wartung/Kia_Wartungsintervalle-Fahrzeuge_Stand-2025-09.pdf,DRAFT_MARKET_AND_MODEL_YEAR_REVIEW,,
vmm-2c721383cac5cb8ce03ea3e965070d0ce5a5ebc6f4c96fba3cca451382caa1dd,BRAKE_FLUID,,24,OEM_MARKET_REFERENCE_DE | German-registered Kia; all models in table; confirm HR/VIN plan; source model-year/VIN is not the dataset production-year. https://eu-www.kia.com/content/dam/kwcms/kme/de/de/assets/contents/service/service-wartung/Kia_Wartungsintervalle-Fahrzeuge_Stand-2025-09.pdf,DRAFT_MARKET_AND_MODEL_YEAR_REVIEW,,
vmm-a44c5a1c95803b12b6015490dc7d6bf113506edfeefb7fa15644b78b36d1ea18,BRAKE_FLUID,,24,OEM_MARKET_REFERENCE_DE | German-registered Kia; all models in table; confirm HR/VIN plan; source model-year/VIN is not the dataset production-year. https://eu-www.kia.com/content/dam/kwcms/kme/de/de/assets/contents/service/service-wartung/Kia_Wartungsintervalle-Fahrzeuge_Stand-2025-09.pdf,DRAFT_MARKET_AND_MODEL_YEAR_REVIEW,,
vmm-5c78ed474084234ca6970b55fb975833cfff6267eba8cfe39890067cf87f3124,BRAKE_FLUID,,24,OEM_MARKET_REFERENCE_DE | German-registered Kia; all models in table; confirm HR/VIN plan; source model-year/VIN is not the dataset production-year. https://eu-www.kia.com/content/dam/kwcms/kme/de/de/assets/contents/service/service-wartung/Kia_Wartungsintervalle-Fahrzeuge_Stand-2025-09.pdf,DRAFT_MARKET_AND_MODEL_YEAR_REVIEW,,
vmm-a8a9f422236735aa97260bae8a5cce7e59fc2620a4bedb66236825b228a5cd50,BRAKE_FLUID,,24,OEM_MARKET_REFERENCE_DE | German-registered Kia; all models in table; confirm HR/VIN plan; source model-year/VIN is not the dataset production-year. https://eu-www.kia.com/content/dam/kwcms/kme/de/de/assets/contents/service/service-wartung/Kia_Wartungsintervalle-Fahrzeuge_Stand-2025-09.pdf,DRAFT_MARKET_AND_MODEL_YEAR_REVIEW,,
vmm-6fb466fa9eeb6c3d2fa5a19d18bd8dc1d415a7e17f0581db50bb90d572ac3d05,BRAKE_FLUID,,24,OEM_MARKET_REFERENCE_DE | German-registered Kia; all models in table; confirm HR/VIN plan; source model-year/VIN is not the dataset production-year. https://eu-www.kia.com/content/dam/kwcms/kme/de/de/assets/contents/service/service-wartung/Kia_Wartungsintervalle-Fahrzeuge_Stand-2025-09.pdf,DRAFT_MARKET_AND_MODEL_YEAR_REVIEW,,
vmm-776a9d4cbb62258794e2328adcf1055a656d5c483d72a202d57f55648c06fa0a,BRAKE_FLUID,,24,OEM_MARKET_REFERENCE_DE | German-registered Kia; all models in table; confirm HR/VIN plan; source model-year/VIN is not the dataset production-year. https://eu-www.kia.com/content/dam/kwcms/kme/de/de/assets/contents/service/service-wartung/Kia_Wartungsintervalle-Fahrzeuge_Stand-2025-09.pdf,DRAFT_MARKET_AND_MODEL_YEAR_REVIEW,,
vmm-78765faa375365afc50c5824fad115c5e0a389e3bc5fd66aec364fa3ca60b001,BRAKE_FLUID,,24,OEM_MARKET_REFERENCE_DE | German-registered Kia; all models in table; confirm HR/VIN plan; source model-year/VIN is not the dataset production-year. https://eu-www.kia.com/content/dam/kwcms/kme/de/de/assets/contents/service/service-wartung/Kia_Wartungsintervalle-Fahrzeuge_Stand-2025-09.pdf,DRAFT_MARKET_AND_MODEL_YEAR_REVIEW,,
vmm-4c815b8825fce27d26e8ce8e88dd914785125995ce3b74cb0e7804836230f549,BRAKE_FLUID,,24,OEM_MARKET_REFERENCE_DE | German-registered Kia; all models in table; confirm HR/VIN plan; source model-year/VIN is not the dataset production-year. https://eu-www.kia.com/content/dam/kwcms/kme/de/de/assets/contents/service/service-wartung/Kia_Wartungsintervalle-Fahrzeuge_Stand-2025-09.pdf,DRAFT_MARKET_AND_MODEL_YEAR_REVIEW,,
vmm-23a4962df01541b55b7a7753ea48163a06a0e9f32a81b3ac33b40469a0a0fc2f,BRAKE_FLUID,,24,OEM_MARKET_REFERENCE_DE | German-registered Kia; all models in table; confirm HR/VIN plan; source model-year/VIN is not the dataset production-year. https://eu-www.kia.com/content/dam/kwcms/kme/de/de/assets/contents/service/service-wartung/Kia_Wartungsintervalle-Fahrzeuge_Stand-2025-09.pdf,DRAFT_MARKET_AND_MODEL_YEAR_REVIEW,,
vmm-4fc12a6b11df669a9fd688766899b649e952c3be69bbf94c090b7dfc3458cf47,BRAKE_FLUID,,24,OEM_MARKET_REFERENCE_DE | German-registered Kia; all models in table; confirm HR/VIN plan; source model-year/VIN is not the dataset production-year. https://eu-www.kia.com/content/dam/kwcms/kme/de/de/assets/contents/service/service-wartung/Kia_Wartungsintervalle-Fahrzeuge_Stand-2025-09.pdf,DRAFT_MARKET_AND_MODEL_YEAR_REVIEW,,
vmm-323f7340414249f16b47a72268390eaaaf727eec97f8fd8babb2e95dc49555db,BRAKE_FLUID,,24,OEM_MARKET_REFERENCE_DE | German-registered Kia; all models in table; confirm HR/VIN plan; source model-year/VIN is not the dataset production-year. https://eu-www.kia.com/content/dam/kwcms/kme/de/de/assets/contents/service/service-wartung/Kia_Wartungsintervalle-Fahrzeuge_Stand-2025-09.pdf,DRAFT_MARKET_AND_MODEL_YEAR_REVIEW,,
vmm-6b1a3561059ef0098c5d254e1cab4af5c2143c7a50bd734bfe7a002afe3971b9,BRAKE_FLUID,,24,OEM_MARKET_REFERENCE_DE | German-registered Kia; all models in table; confirm HR/VIN plan; source model-year/VIN is not the dataset production-year. https://eu-www.kia.com/content/dam/kwcms/kme/de/de/assets/contents/service/service-wartung/Kia_Wartungsintervalle-Fahrzeuge_Stand-2025-09.pdf,DRAFT_MARKET_AND_MODEL_YEAR_REVIEW,,
vmm-478b94ee1b6b2fbcbcca3ab240cf1a5224bfea0648a6b9521a8e0843728e418e,BRAKE_FLUID,,24,OEM_MARKET_REFERENCE_DE | German-registered Kia; all models in table; confirm HR/VIN plan; source model-year/VIN is not the dataset production-year. https://eu-www.kia.com/content/dam/kwcms/kme/de/de/assets/contents/service/service-wartung/Kia_Wartungsintervalle-Fahrzeuge_Stand-2025-09.pdf,DRAFT_MARKET_AND_MODEL_YEAR_REVIEW,,
vmm-1cd9c481369c67f0a52a70c7e2f9615fba6fea7981e5e3657531f9b51c9c59c4,BRAKE_FLUID,,24,OEM_MARKET_REFERENCE_DE | German-registered Kia; all models in table; confirm HR/VIN plan; source model-year/VIN is not the dataset production-year. https://eu-www.kia.com/content/dam/kwcms/kme/de/de/assets/contents/service/service-wartung/Kia_Wartungsintervalle-Fahrzeuge_Stand-2025-09.pdf,DRAFT_MARKET_AND_MODEL_YEAR_REVIEW,,
vmm-ceb7f67393b45dbd24bca3f64de6a9051c39b4cab99a95c6b49b02c82623a706,BRAKE_FLUID,,24,OEM_MARKET_REFERENCE_DE | German-registered Kia; all models in table; confirm HR/VIN plan; source model-year/VIN is not the dataset production-year. https://eu-www.kia.com/content/dam/kwcms/kme/de/de/assets/contents/service/service-wartung/Kia_Wartungsintervalle-Fahrzeuge_Stand-2025-09.pdf,DRAFT_MARKET_AND_MODEL_YEAR_REVIEW,,
vmm-9c70c23dcc1c2d4b2c9570b2d24d09a3ccc97032598bebfd466de18becfd2254,BRAKE_FLUID,,24,OEM_MARKET_REFERENCE_DE | German-registered Kia; all models in table; confirm HR/VIN plan; source model-year/VIN is not the dataset production-year. https://eu-www.kia.com/content/dam/kwcms/kme/de/de/assets/contents/service/service-wartung/Kia_Wartungsintervalle-Fahrzeuge_Stand-2025-09.pdf,DRAFT_MARKET_AND_MODEL_YEAR_REVIEW,,
vmm-f95dc861b5dab76ac7be969e0d75ac22c0305dabfa2227576a2796ecf5dd5fde,BRAKE_FLUID,,24,OEM_MARKET_REFERENCE_DE | German-registered Kia; all models in table; confirm HR/VIN plan; source model-year/VIN is not the dataset production-year. https://eu-www.kia.com/content/dam/kwcms/kme/de/de/assets/contents/service/service-wartung/Kia_Wartungsintervalle-Fahrzeuge_Stand-2025-09.pdf,DRAFT_MARKET_AND_MODEL_YEAR_REVIEW,,
vmm-01bb6a66e0be879bd3eeeecbb626c7d259562adaa0bad48f7ae45fc3aece321a,BRAKE_FLUID,,24,OEM_MARKET_REFERENCE_DE | German-registered Kia; all models in table; confirm HR/VIN plan; source model-year/VIN is not the dataset production-year. https://eu-www.kia.com/content/dam/kwcms/kme/de/de/assets/contents/service/service-wartung/Kia_Wartungsintervalle-Fahrzeuge_Stand-2025-09.pdf,DRAFT_MARKET_AND_MODEL_YEAR_REVIEW,,
vmm-b7f81ed4b58ef79e34d80788448d090c68dbcf08947d2e889922e342a2890c7c,BRAKE_FLUID,,24,OEM_MARKET_REFERENCE_DE | German-registered Kia; all models in table; confirm HR/VIN plan; source model-year/VIN is not the dataset production-year. https://eu-www.kia.com/content/dam/kwcms/kme/de/de/assets/contents/service/service-wartung/Kia_Wartungsintervalle-Fahrzeuge_Stand-2025-09.pdf,DRAFT_MARKET_AND_MODEL_YEAR_REVIEW,,
vmm-619bef9ec214b1ca7c706fbb8a2001c7aad24db92b0ba80d5a156aee097dc5d5,BRAKE_FLUID,,24,OEM_MARKET_REFERENCE_DE | German-registered Kia; all models in table; confirm HR/VIN plan; source model-year/VIN is not the dataset production-year. https://eu-www.kia.com/content/dam/kwcms/kme/de/de/assets/contents/service/service-wartung/Kia_Wartungsintervalle-Fahrzeuge_Stand-2025-09.pdf,DRAFT_MARKET_AND_MODEL_YEAR_REVIEW,,
vmm-d82ebed9a4a337b1ddd00e8a74222d155deb79b6f3be7a11a7aeb9696a2ee285,BRAKE_FLUID,,24,OEM_MARKET_REFERENCE_DE | German-registered Kia; all models in table; confirm HR/VIN plan; source model-year/VIN is not the dataset production-year. https://eu-www.kia.com/content/dam/kwcms/kme/de/de/assets/contents/service/service-wartung/Kia_Wartungsintervalle-Fahrzeuge_Stand-2025-09.pdf,DRAFT_MARKET_AND_MODEL_YEAR_REVIEW,,
vmm-2b1115e399ebfc2c843ab2dc2b83996fcca6959f2ea91fd686a77e7a428394af,BRAKE_FLUID,,24,OEM_MARKET_REFERENCE_DE | German-registered Kia; all models in table; confirm HR/VIN plan; source model-year/VIN is not the dataset production-year. https://eu-www.kia.com/content/dam/kwcms/kme/de/de/assets/contents/service/service-wartung/Kia_Wartungsintervalle-Fahrzeuge_Stand-2025-09.pdf,DRAFT_MARKET_AND_MODEL_YEAR_REVIEW,,
vmm-39c24be817c86622c53f168435cc75365e9230c9f090b8a40c820c84aa4d2206,BRAKE_FLUID,,24,OEM_MARKET_REFERENCE_DE | German-registered Kia; all models in table; confirm HR/VIN plan; source model-year/VIN is not the dataset production-year. https://eu-www.kia.com/content/dam/kwcms/kme/de/de/assets/contents/service/service-wartung/Kia_Wartungsintervalle-Fahrzeuge_Stand-2025-09.pdf,DRAFT_MARKET_AND_MODEL_YEAR_REVIEW,,
vmm-c2264dbea135a115cd9e24e817ffd95f140d0e0466cbad1fef051a19bf395a4f,BRAKE_FLUID,,24,OEM_MARKET_REFERENCE_DE | German-registered Kia; all models in table; confirm HR/VIN plan; source model-year/VIN is not the dataset production-year. https://eu-www.kia.com/content/dam/kwcms/kme/de/de/assets/contents/service/service-wartung/Kia_Wartungsintervalle-Fahrzeuge_Stand-2025-09.pdf,DRAFT_MARKET_AND_MODEL_YEAR_REVIEW,,
vmm-65d30752698f6eb129cf2209c5564441cc31ba77475e811dc3f9a8da39c62c42,BRAKE_FLUID,,24,OEM_MARKET_REFERENCE_DE | German-registered Kia; all models in table; confirm HR/VIN plan; source model-year/VIN is not the dataset production-year. https://eu-www.kia.com/content/dam/kwcms/kme/de/de/assets/contents/service/service-wartung/Kia_Wartungsintervalle-Fahrzeuge_Stand-2025-09.pdf,DRAFT_MARKET_AND_MODEL_YEAR_REVIEW,,
vmm-7cbba9a9b5e8e6a3443e5d6cbfab2ec69c52b37751232d59c6b7adffdf8c3a1b,BRAKE_FLUID,,24,OEM_MARKET_REFERENCE_DE | German-registered Kia; all models in table; confirm HR/VIN plan; source model-year/VIN is not the dataset production-year. https://eu-www.kia.com/content/dam/kwcms/kme/de/de/assets/contents/service/service-wartung/Kia_Wartungsintervalle-Fahrzeuge_Stand-2025-09.pdf,DRAFT_MARKET_AND_MODEL_YEAR_REVIEW,,
vmm-16f5343671d18288dee21d34cf4adaa4b7b99a01580ae32794c0a35546d00621,BRAKE_FLUID,,24,OEM_MARKET_REFERENCE_DE | German-registered Kia; all models in table; confirm HR/VIN plan; source model-year/VIN is not the dataset production-year. https://eu-www.kia.com/content/dam/kwcms/kme/de/de/assets/contents/service/service-wartung/Kia_Wartungsintervalle-Fahrzeuge_Stand-2025-09.pdf,DRAFT_MARKET_AND_MODEL_YEAR_REVIEW,,
vmm-d58207b388d98d5c7331d5a4f0e7e3b6fbaa2dd4b557ac0fc633be5e09dc7843,BRAKE_FLUID,,24,OEM_MARKET_REFERENCE_DE | German-registered Kia; all models in table; confirm HR/VIN plan; source model-year/VIN is not the dataset production-year. https://eu-www.kia.com/content/dam/kwcms/kme/de/de/assets/contents/service/service-wartung/Kia_Wartungsintervalle-Fahrzeuge_Stand-2025-09.pdf,DRAFT_MARKET_AND_MODEL_YEAR_REVIEW,,
vmm-233f191303e0b77829a799321698f1316a0d1a3aa0f9361a46a4b70b0c38e3d9,BRAKE_FLUID,,24,OEM_MARKET_REFERENCE_DE | German-registered Kia; all models in table; confirm HR/VIN plan; source model-year/VIN is not the dataset production-year. https://eu-www.kia.com/content/dam/kwcms/kme/de/de/assets/contents/service/service-wartung/Kia_Wartungsintervalle-Fahrzeuge_Stand-2025-09.pdf,DRAFT_MARKET_AND_MODEL_YEAR_REVIEW,,
vmm-241f0e91746b70c9aa4b4da7e7d3c94277bb12312f4174a5290a7d88c436ae84,BRAKE_FLUID,,24,OEM_MARKET_REFERENCE_DE | German-registered Kia; all models in table; confirm HR/VIN plan; source model-year/VIN is not the dataset production-year. https://eu-www.kia.com/content/dam/kwcms/kme/de/de/assets/contents/service/service-wartung/Kia_Wartungsintervalle-Fahrzeuge_Stand-2025-09.pdf,DRAFT_MARKET_AND_MODEL_YEAR_REVIEW,,
vmm-730a86897571c6cd77a562c1caa691bb95ad1cd6969c2dbf2dde289d74998c22,BRAKE_FLUID,,24,OEM_MARKET_REFERENCE_DE | German-registered Kia; all models in table; confirm HR/VIN plan; source model-year/VIN is not the dataset production-year. https://eu-www.kia.com/content/dam/kwcms/kme/de/de/assets/contents/service/service-wartung/Kia_Wartungsintervalle-Fahrzeuge_Stand-2025-09.pdf,DRAFT_MARKET_AND_MODEL_YEAR_REVIEW,,
vmm-71bba067273e593558746a286457a49d51329f79b10ee225eb8d7e13ddec7b8c,BRAKE_FLUID,,24,OEM_MARKET_REFERENCE_DE | German-registered Kia; all models in table; confirm HR/VIN plan; source model-year/VIN is not the dataset production-year. https://eu-www.kia.com/content/dam/kwcms/kme/de/de/assets/contents/service/service-wartung/Kia_Wartungsintervalle-Fahrzeuge_Stand-2025-09.pdf,DRAFT_MARKET_AND_MODEL_YEAR_REVIEW,,
vmm-ead70385ff821211c1282cced717edcfa82b4b635975f34a659a3892b4caa2c7,BRAKE_FLUID,,24,OEM_MARKET_REFERENCE_DE | German-registered Kia; all models in table; confirm HR/VIN plan; source model-year/VIN is not the dataset production-year. https://eu-www.kia.com/content/dam/kwcms/kme/de/de/assets/contents/service/service-wartung/Kia_Wartungsintervalle-Fahrzeuge_Stand-2025-09.pdf,DRAFT_MARKET_AND_MODEL_YEAR_REVIEW,,
vmm-ebcdd96d57b65bfa80111843fa739c65ed67686bb2f793c1190beefa9d65669b,BRAKE_FLUID,,24,OEM_MARKET_REFERENCE_DE | German-registered Kia; all models in table; confirm HR/VIN plan; source model-year/VIN is not the dataset production-year. https://eu-www.kia.com/content/dam/kwcms/kme/de/de/assets/contents/service/service-wartung/Kia_Wartungsintervalle-Fahrzeuge_Stand-2025-09.pdf,DRAFT_MARKET_AND_MODEL_YEAR_REVIEW,,
vmm-8f652cc25117229f7a69c4751cd6ffb6d3813214442e4b4dffb47ac0c696b1f3,BRAKE_FLUID,,24,OEM_MARKET_REFERENCE_DE | German-registered Kia; all models in table; confirm HR/VIN plan; source model-year/VIN is not the dataset production-year. https://eu-www.kia.com/content/dam/kwcms/kme/de/de/assets/contents/service/service-wartung/Kia_Wartungsintervalle-Fahrzeuge_Stand-2025-09.pdf,DRAFT_MARKET_AND_MODEL_YEAR_REVIEW,,
vmm-326831f69fd2d9dc081fc37eb877c2aae97b000b79a3d51c18fe9ebd7bf258f2,BRAKE_FLUID,,24,OEM_MARKET_REFERENCE_DE | German-registered Kia; all models in table; confirm HR/VIN plan; source model-year/VIN is not the dataset production-year. https://eu-www.kia.com/content/dam/kwcms/kme/de/de/assets/contents/service/service-wartung/Kia_Wartungsintervalle-Fahrzeuge_Stand-2025-09.pdf,DRAFT_MARKET_AND_MODEL_YEAR_REVIEW,,
vmm-3df790138ce1133b3ef16cae045c8b8e2a94acc72155a33ca6c26547b3c345db,BRAKE_FLUID,,24,OEM_MARKET_REFERENCE_DE | German-registered Kia; all models in table; confirm HR/VIN plan; source model-year/VIN is not the dataset production-year. https://eu-www.kia.com/content/dam/kwcms/kme/de/de/assets/contents/service/service-wartung/Kia_Wartungsintervalle-Fahrzeuge_Stand-2025-09.pdf,DRAFT_MARKET_AND_MODEL_YEAR_REVIEW,,
vmm-a86bc87db07a5fbbd23ab526edb133524b2fb06966b77d0e637ec59627c20aac,BRAKE_FLUID,,24,OEM_MARKET_REFERENCE_DE | German-registered Kia; all models in table; confirm HR/VIN plan; source model-year/VIN is not the dataset production-year. https://eu-www.kia.com/content/dam/kwcms/kme/de/de/assets/contents/service/service-wartung/Kia_Wartungsintervalle-Fahrzeuge_Stand-2025-09.pdf,DRAFT_MARKET_AND_MODEL_YEAR_REVIEW,,
vmm-eb48642421cec828bb3c9c72fcba40e2419acdd7d3211ea371ce04a9ee9425d5,BRAKE_FLUID,,24,OEM_MARKET_REFERENCE_DE | German-registered Kia; all models in table; confirm HR/VIN plan; source model-year/VIN is not the dataset production-year. https://eu-www.kia.com/content/dam/kwcms/kme/de/de/assets/contents/service/service-wartung/Kia_Wartungsintervalle-Fahrzeuge_Stand-2025-09.pdf,DRAFT_MARKET_AND_MODEL_YEAR_REVIEW,,
vmm-234d9ccba3e3b2dc69ca13c9161bee964dbfa3fa28bd2f89b47c120b79e1d295,BRAKE_FLUID,,24,OEM_MARKET_REFERENCE_DE | German-registered Kia; all models in table; confirm HR/VIN plan; source model-year/VIN is not the dataset production-year. https://eu-www.kia.com/content/dam/kwcms/kme/de/de/assets/contents/service/service-wartung/Kia_Wartungsintervalle-Fahrzeuge_Stand-2025-09.pdf,DRAFT_MARKET_AND_MODEL_YEAR_REVIEW,,
vmm-34280f440a1d5341272bfae6a05ab10feefd92318b27b451a356cc8b287a59f4,BRAKE_FLUID,,24,OEM_MARKET_REFERENCE_DE | German-registered Kia; all models in table; confirm HR/VIN plan; source model-year/VIN is not the dataset production-year. https://eu-www.kia.com/content/dam/kwcms/kme/de/de/assets/contents/service/service-wartung/Kia_Wartungsintervalle-Fahrzeuge_Stand-2025-09.pdf,DRAFT_MARKET_AND_MODEL_YEAR_REVIEW,,
vmm-e4a134e9f59738813a3cc89c7b33a037a38625507343ae922eed5b39b966b0bb,BRAKE_FLUID,,24,OEM_MARKET_REFERENCE_DE | German-registered Kia; all models in table; confirm HR/VIN plan; source model-year/VIN is not the dataset production-year. https://eu-www.kia.com/content/dam/kwcms/kme/de/de/assets/contents/service/service-wartung/Kia_Wartungsintervalle-Fahrzeuge_Stand-2025-09.pdf,DRAFT_MARKET_AND_MODEL_YEAR_REVIEW,,
vmm-a6afffaaff58353038a62aedc0240be3da9d7578e862c8b7cb948378fb9e05ee,BRAKE_FLUID,,24,OEM_MARKET_REFERENCE_DE | German-registered Kia; all models in table; confirm HR/VIN plan; source model-year/VIN is not the dataset production-year. https://eu-www.kia.com/content/dam/kwcms/kme/de/de/assets/contents/service/service-wartung/Kia_Wartungsintervalle-Fahrzeuge_Stand-2025-09.pdf,DRAFT_MARKET_AND_MODEL_YEAR_REVIEW,,
vmm-7b88b00dc770020d027e3239ddf89fdd3896da5f8ee8baa2fff27a1470c0e9db,BRAKE_FLUID,,24,OEM_MARKET_REFERENCE_DE | German-registered Kia; all models in table; confirm HR/VIN plan; source model-year/VIN is not the dataset production-year. https://eu-www.kia.com/content/dam/kwcms/kme/de/de/assets/contents/service/service-wartung/Kia_Wartungsintervalle-Fahrzeuge_Stand-2025-09.pdf,DRAFT_MARKET_AND_MODEL_YEAR_REVIEW,,
vmm-54cf119d5f6ecd095686a1ceef43d491a39595aafcb8a56dca6dc0a48497f885,BRAKE_FLUID,,24,OEM_MARKET_REFERENCE_DE | German-registered Kia; all models in table; confirm HR/VIN plan; source model-year/VIN is not the dataset production-year. https://eu-www.kia.com/content/dam/kwcms/kme/de/de/assets/contents/service/service-wartung/Kia_Wartungsintervalle-Fahrzeuge_Stand-2025-09.pdf,DRAFT_MARKET_AND_MODEL_YEAR_REVIEW,,
vmm-52b931d253c6c6af0c28cfb97fb16f9dd91de7171089784eb694dd6239a0a4c8,BRAKE_FLUID,,24,OEM_MARKET_REFERENCE_DE | German-registered Kia; all models in table; confirm HR/VIN plan; source model-year/VIN is not the dataset production-year. https://eu-www.kia.com/content/dam/kwcms/kme/de/de/assets/contents/service/service-wartung/Kia_Wartungsintervalle-Fahrzeuge_Stand-2025-09.pdf,DRAFT_MARKET_AND_MODEL_YEAR_REVIEW,,
vmm-1ad788ce1945b590e4a8c5f6c8c67fe64e64933be8f75f904c1d70290efc7d9c,BRAKE_FLUID,,24,OEM_MARKET_REFERENCE_DE | German-registered Kia; all models in table; confirm HR/VIN plan; source model-year/VIN is not the dataset production-year. https://eu-www.kia.com/content/dam/kwcms/kme/de/de/assets/contents/service/service-wartung/Kia_Wartungsintervalle-Fahrzeuge_Stand-2025-09.pdf,DRAFT_MARKET_AND_MODEL_YEAR_REVIEW,,
vmm-3b655fbf99af6f14656135c6f2efa19ff8f3907f4cc78a4c373b8e2fa4fd2365,BRAKE_FLUID,,24,OEM_MARKET_REFERENCE_DE | German-registered Kia; all models in table; confirm HR/VIN plan; source model-year/VIN is not the dataset production-year. https://eu-www.kia.com/content/dam/kwcms/kme/de/de/assets/contents/service/service-wartung/Kia_Wartungsintervalle-Fahrzeuge_Stand-2025-09.pdf,DRAFT_MARKET_AND_MODEL_YEAR_REVIEW,,
vmm-99839b6f0c13e5f3275c2c83faef78b62daf60e6a783b7ea7eee7095e01eea5c,BRAKE_FLUID,,24,OEM_MARKET_REFERENCE_DE | German-registered Kia; all models in table; confirm HR/VIN plan; source model-year/VIN is not the dataset production-year. https://eu-www.kia.com/content/dam/kwcms/kme/de/de/assets/contents/service/service-wartung/Kia_Wartungsintervalle-Fahrzeuge_Stand-2025-09.pdf,DRAFT_MARKET_AND_MODEL_YEAR_REVIEW,,
vmm-b6d79d8e3bf2636f015ac298de2a284e6d0e4e0a5a3fe71a44bd13702ffa35b6,BRAKE_FLUID,,24,OEM_MARKET_REFERENCE_DE | German-registered Kia; all models in table; confirm HR/VIN plan; source model-year/VIN is not the dataset production-year. https://eu-www.kia.com/content/dam/kwcms/kme/de/de/assets/contents/service/service-wartung/Kia_Wartungsintervalle-Fahrzeuge_Stand-2025-09.pdf,DRAFT_MARKET_AND_MODEL_YEAR_REVIEW,,
vmm-ade2161f281d6dbdb5041b7cc3dc500b21338193464eec4b299f36ca90145cb2,BRAKE_FLUID,,24,OEM_MARKET_REFERENCE_DE | German-registered Kia; all models in table; confirm HR/VIN plan; source model-year/VIN is not the dataset production-year. https://eu-www.kia.com/content/dam/kwcms/kme/de/de/assets/contents/service/service-wartung/Kia_Wartungsintervalle-Fahrzeuge_Stand-2025-09.pdf,DRAFT_MARKET_AND_MODEL_YEAR_REVIEW,,
vmm-3ce8dafba549689b071b17d43248a59abd82f775859dca0475981634552c286a,BRAKE_FLUID,,24,OEM_MARKET_REFERENCE_DE | German-registered Kia; all models in table; confirm HR/VIN plan; source model-year/VIN is not the dataset production-year. https://eu-www.kia.com/content/dam/kwcms/kme/de/de/assets/contents/service/service-wartung/Kia_Wartungsintervalle-Fahrzeuge_Stand-2025-09.pdf,DRAFT_MARKET_AND_MODEL_YEAR_REVIEW,,
vmm-87084fdb3729b85d73151d30d57c2a3b58d17d7247d24825a7efdcf48c6fcebd,BRAKE_FLUID,,24,OEM_MARKET_REFERENCE_DE | German-registered Kia; all models in table; confirm HR/VIN plan; source model-year/VIN is not the dataset production-year. https://eu-www.kia.com/content/dam/kwcms/kme/de/de/assets/contents/service/service-wartung/Kia_Wartungsintervalle-Fahrzeuge_Stand-2025-09.pdf,DRAFT_MARKET_AND_MODEL_YEAR_REVIEW,,
vmm-87084fdb3729b85d73151d30d57c2a3b58d17d7247d24825a7efdcf48c6fcebd,SCHEDULED_INSPECTION,15000,12,OEM_MARKET_REFERENCE_DE | Sportage NQ5 petrol/HEV MY2022-2025; source model-year/VIN is not the dataset production-year. https://eu-www.kia.com/content/dam/kwcms/kme/de/de/assets/contents/service/service-wartung/Kia_Wartungsintervalle-Fahrzeuge_Stand-2025-09.pdf,DRAFT_MARKET_AND_MODEL_YEAR_REVIEW,,
vmm-1451e88b8ea819657e2c9b111386977b050c93c24074e18ae9a37c555d329e09,BRAKE_FLUID,,24,OEM_MARKET_REFERENCE_DE | German-registered Kia; all models in table; confirm HR/VIN plan; source model-year/VIN is not the dataset production-year. https://eu-www.kia.com/content/dam/kwcms/kme/de/de/assets/contents/service/service-wartung/Kia_Wartungsintervalle-Fahrzeuge_Stand-2025-09.pdf,DRAFT_MARKET_AND_MODEL_YEAR_REVIEW,,
vmm-1451e88b8ea819657e2c9b111386977b050c93c24074e18ae9a37c555d329e09,SCHEDULED_INSPECTION,15000,12,OEM_MARKET_REFERENCE_DE | Sportage NQ5 petrol/HEV MY2022-2025; source model-year/VIN is not the dataset production-year. https://eu-www.kia.com/content/dam/kwcms/kme/de/de/assets/contents/service/service-wartung/Kia_Wartungsintervalle-Fahrzeuge_Stand-2025-09.pdf,DRAFT_MARKET_AND_MODEL_YEAR_REVIEW,,
vmm-b3cd4fcc8283aac04394c4660647d99c00c5ad4ddcc747ad9f6fe2b2ebecf8e0,BRAKE_FLUID,,24,OEM_MARKET_REFERENCE_DE | German-registered Kia; all models in table; confirm HR/VIN plan; source model-year/VIN is not the dataset production-year. https://eu-www.kia.com/content/dam/kwcms/kme/de/de/assets/contents/service/service-wartung/Kia_Wartungsintervalle-Fahrzeuge_Stand-2025-09.pdf,DRAFT_MARKET_AND_MODEL_YEAR_REVIEW,,
vmm-b3cd4fcc8283aac04394c4660647d99c00c5ad4ddcc747ad9f6fe2b2ebecf8e0,SCHEDULED_INSPECTION,15000,12,OEM_MARKET_REFERENCE_DE | Sportage NQ5 petrol/HEV MY2022-2025; source model-year/VIN is not the dataset production-year. https://eu-www.kia.com/content/dam/kwcms/kme/de/de/assets/contents/service/service-wartung/Kia_Wartungsintervalle-Fahrzeuge_Stand-2025-09.pdf,DRAFT_MARKET_AND_MODEL_YEAR_REVIEW,,
vmm-f626f88620f42119e7828509de4a2ae4c34fe59d2a1cea826e3172513ef2ebb7,BRAKE_FLUID,,24,OEM_MARKET_REFERENCE_DE | German-registered Kia; all models in table; confirm HR/VIN plan; source model-year/VIN is not the dataset production-year. https://eu-www.kia.com/content/dam/kwcms/kme/de/de/assets/contents/service/service-wartung/Kia_Wartungsintervalle-Fahrzeuge_Stand-2025-09.pdf,DRAFT_MARKET_AND_MODEL_YEAR_REVIEW,,
vmm-f626f88620f42119e7828509de4a2ae4c34fe59d2a1cea826e3172513ef2ebb7,SCHEDULED_INSPECTION,15000,12,OEM_MARKET_REFERENCE_DE | Sportage NQ5 petrol/HEV MY2022-2025; source model-year/VIN is not the dataset production-year. https://eu-www.kia.com/content/dam/kwcms/kme/de/de/assets/contents/service/service-wartung/Kia_Wartungsintervalle-Fahrzeuge_Stand-2025-09.pdf,DRAFT_MARKET_AND_MODEL_YEAR_REVIEW,,
vmm-ea1d37c0a430ecc4d9f1e66ebd6173d9c927fbb6bd0e7445fa5ac61c58a9aca7,BRAKE_FLUID,,24,OEM_MARKET_REFERENCE_DE | German-registered Kia; all models in table; confirm HR/VIN plan; source model-year/VIN is not the dataset production-year. https://eu-www.kia.com/content/dam/kwcms/kme/de/de/assets/contents/service/service-wartung/Kia_Wartungsintervalle-Fahrzeuge_Stand-2025-09.pdf,DRAFT_MARKET_AND_MODEL_YEAR_REVIEW,,
vmm-ea1d37c0a430ecc4d9f1e66ebd6173d9c927fbb6bd0e7445fa5ac61c58a9aca7,SCHEDULED_INSPECTION,15000,12,OEM_MARKET_REFERENCE_DE | Sportage QL 1.6 T-GDI MY2016-2021; source model-year/VIN is not the dataset production-year. https://eu-www.kia.com/content/dam/kwcms/kme/de/de/assets/contents/service/service-wartung/Kia_Wartungsintervalle-Fahrzeuge_Stand-2025-09.pdf,DRAFT_MARKET_AND_MODEL_YEAR_REVIEW,,
vmm-2502b6d8f960b3ff872b5e959dc535d5072a247e0f775ff2144f4482759331fa,BRAKE_FLUID,,24,OEM_MARKET_REFERENCE_DE | German-registered Kia; all models in table; confirm HR/VIN plan; source model-year/VIN is not the dataset production-year. https://eu-www.kia.com/content/dam/kwcms/kme/de/de/assets/contents/service/service-wartung/Kia_Wartungsintervalle-Fahrzeuge_Stand-2025-09.pdf,DRAFT_MARKET_AND_MODEL_YEAR_REVIEW,,
vmm-1358bb91d425144fd7508968c52c2378e50ba2a9b7b01fcd063b202988683bc5,BRAKE_FLUID,,24,OEM_MARKET_REFERENCE_DE | German-registered Kia; all models in table; confirm HR/VIN plan; source model-year/VIN is not the dataset production-year. https://eu-www.kia.com/content/dam/kwcms/kme/de/de/assets/contents/service/service-wartung/Kia_Wartungsintervalle-Fahrzeuge_Stand-2025-09.pdf,DRAFT_MARKET_AND_MODEL_YEAR_REVIEW,,
vmm-41d3542b21e1cf19911b96419bcb076da3839c1f593e8a45567074fdfff925c5,BRAKE_FLUID,,24,OEM_MARKET_REFERENCE_DE | German-registered Kia; all models in table; confirm HR/VIN plan; source model-year/VIN is not the dataset production-year. https://eu-www.kia.com/content/dam/kwcms/kme/de/de/assets/contents/service/service-wartung/Kia_Wartungsintervalle-Fahrzeuge_Stand-2025-09.pdf,DRAFT_MARKET_AND_MODEL_YEAR_REVIEW,,
vmm-8b41867400184735bb3f2da4bfbd6457fe22abd293804157e6d7d83618064c7a,BRAKE_FLUID,,24,OEM_MARKET_REFERENCE_DE | German-registered Kia; all models in table; confirm HR/VIN plan; source model-year/VIN is not the dataset production-year. https://eu-www.kia.com/content/dam/kwcms/kme/de/de/assets/contents/service/service-wartung/Kia_Wartungsintervalle-Fahrzeuge_Stand-2025-09.pdf,DRAFT_MARKET_AND_MODEL_YEAR_REVIEW,,
vmm-1c747acbdf820b6c19bb8140307776cb91d2d80cf8fbcd82c272d5df05510a87,BRAKE_FLUID,,24,OEM_MARKET_REFERENCE_DE | German-registered Kia; all models in table; confirm HR/VIN plan; source model-year/VIN is not the dataset production-year. https://eu-www.kia.com/content/dam/kwcms/kme/de/de/assets/contents/service/service-wartung/Kia_Wartungsintervalle-Fahrzeuge_Stand-2025-09.pdf,DRAFT_MARKET_AND_MODEL_YEAR_REVIEW,,
vmm-1c747acbdf820b6c19bb8140307776cb91d2d80cf8fbcd82c272d5df05510a87,SCHEDULED_INSPECTION,30000,24,OEM_MARKET_REFERENCE_DE | Sportage QL diesel MY2016-2021; source model-year/VIN is not the dataset production-year. https://eu-www.kia.com/content/dam/kwcms/kme/de/de/assets/contents/service/service-wartung/Kia_Wartungsintervalle-Fahrzeuge_Stand-2025-09.pdf,DRAFT_MARKET_AND_MODEL_YEAR_REVIEW,,
vmm-b70bdc0abd4ffb5c48a947fc7ea8fed3e44ef6709d5becc7c6f8e0fde85230d3,BRAKE_FLUID,,24,OEM_MARKET_REFERENCE_DE | German-registered Kia; all models in table; confirm HR/VIN plan; source model-year/VIN is not the dataset production-year. https://eu-www.kia.com/content/dam/kwcms/kme/de/de/assets/contents/service/service-wartung/Kia_Wartungsintervalle-Fahrzeuge_Stand-2025-09.pdf,DRAFT_MARKET_AND_MODEL_YEAR_REVIEW,,
vmm-b70bdc0abd4ffb5c48a947fc7ea8fed3e44ef6709d5becc7c6f8e0fde85230d3,SCHEDULED_INSPECTION,30000,24,OEM_MARKET_REFERENCE_DE | Sportage QL diesel MY2016-2021; source model-year/VIN is not the dataset production-year. https://eu-www.kia.com/content/dam/kwcms/kme/de/de/assets/contents/service/service-wartung/Kia_Wartungsintervalle-Fahrzeuge_Stand-2025-09.pdf,DRAFT_MARKET_AND_MODEL_YEAR_REVIEW,,
vmm-463774e2bc198b392d655b7844c7ddee9cc5fad8487d2cc21e46ecbb0b15b34a,BRAKE_FLUID,,24,OEM_MARKET_REFERENCE_DE | German-registered Kia; all models in table; confirm HR/VIN plan; source model-year/VIN is not the dataset production-year. https://eu-www.kia.com/content/dam/kwcms/kme/de/de/assets/contents/service/service-wartung/Kia_Wartungsintervalle-Fahrzeuge_Stand-2025-09.pdf,DRAFT_MARKET_AND_MODEL_YEAR_REVIEW,,
vmm-463774e2bc198b392d655b7844c7ddee9cc5fad8487d2cc21e46ecbb0b15b34a,SCHEDULED_INSPECTION,30000,24,OEM_MARKET_REFERENCE_DE | Sportage QL diesel MY2016-2021; source model-year/VIN is not the dataset production-year. https://eu-www.kia.com/content/dam/kwcms/kme/de/de/assets/contents/service/service-wartung/Kia_Wartungsintervalle-Fahrzeuge_Stand-2025-09.pdf,DRAFT_MARKET_AND_MODEL_YEAR_REVIEW,,
vmm-3c371a455cf1c5401bdc823dd5a4bcf582817a60c9138373a8dec9a907b63409,BRAKE_FLUID,,24,OEM_MARKET_REFERENCE_DE | German-registered Kia; all models in table; confirm HR/VIN plan; source model-year/VIN is not the dataset production-year. https://eu-www.kia.com/content/dam/kwcms/kme/de/de/assets/contents/service/service-wartung/Kia_Wartungsintervalle-Fahrzeuge_Stand-2025-09.pdf,DRAFT_MARKET_AND_MODEL_YEAR_REVIEW,,
vmm-20006fb7968583261b675b66b8127d665a9609febaaaaa4bde3845be07552e3f,BRAKE_FLUID,,24,OEM_MARKET_REFERENCE_DE | German-registered Kia; all models in table; confirm HR/VIN plan; source model-year/VIN is not the dataset production-year. https://eu-www.kia.com/content/dam/kwcms/kme/de/de/assets/contents/service/service-wartung/Kia_Wartungsintervalle-Fahrzeuge_Stand-2025-09.pdf,DRAFT_MARKET_AND_MODEL_YEAR_REVIEW,,
vmm-20006fb7968583261b675b66b8127d665a9609febaaaaa4bde3845be07552e3f,SCHEDULED_INSPECTION,15000,12,OEM_MARKET_REFERENCE_DE | Sportage QL 1.6 T-GDI MY2016-2021; source model-year/VIN is not the dataset production-year. https://eu-www.kia.com/content/dam/kwcms/kme/de/de/assets/contents/service/service-wartung/Kia_Wartungsintervalle-Fahrzeuge_Stand-2025-09.pdf,DRAFT_MARKET_AND_MODEL_YEAR_REVIEW,,
vmm-d643b9e4d7acf1493d284ca6e532aac86fd00f1efa1c201dc984b01e580473da,BRAKE_FLUID,,24,OEM_MARKET_REFERENCE_DE | German-registered Kia; all models in table; confirm HR/VIN plan; source model-year/VIN is not the dataset production-year. https://eu-www.kia.com/content/dam/kwcms/kme/de/de/assets/contents/service/service-wartung/Kia_Wartungsintervalle-Fahrzeuge_Stand-2025-09.pdf,DRAFT_MARKET_AND_MODEL_YEAR_REVIEW,,
vmm-d643b9e4d7acf1493d284ca6e532aac86fd00f1efa1c201dc984b01e580473da,SCHEDULED_INSPECTION,15000,12,OEM_MARKET_REFERENCE_DE | Sportage QL 1.6 T-GDI MY2016-2021; source model-year/VIN is not the dataset production-year. https://eu-www.kia.com/content/dam/kwcms/kme/de/de/assets/contents/service/service-wartung/Kia_Wartungsintervalle-Fahrzeuge_Stand-2025-09.pdf,DRAFT_MARKET_AND_MODEL_YEAR_REVIEW,,
vmm-5770d28c5f12b6d44f3e00369bce4f4489a56c966511d6e2a0951358d43fdecd,BRAKE_FLUID,,24,OEM_MARKET_REFERENCE_DE | German-registered Kia; all models in table; confirm HR/VIN plan; source model-year/VIN is not the dataset production-year. https://eu-www.kia.com/content/dam/kwcms/kme/de/de/assets/contents/service/service-wartung/Kia_Wartungsintervalle-Fahrzeuge_Stand-2025-09.pdf,DRAFT_MARKET_AND_MODEL_YEAR_REVIEW,,
vmm-6be589c49237fc9ef9113370ca22b7223757042adc7403459246e6caf1b27ff9,BRAKE_FLUID,,24,OEM_MARKET_REFERENCE_DE | German-registered Kia; all models in table; confirm HR/VIN plan; source model-year/VIN is not the dataset production-year. https://eu-www.kia.com/content/dam/kwcms/kme/de/de/assets/contents/service/service-wartung/Kia_Wartungsintervalle-Fahrzeuge_Stand-2025-09.pdf,DRAFT_MARKET_AND_MODEL_YEAR_REVIEW,,
vmm-9098c3b598b3a1b7a9934cf13196afb0d9d1e94eb80bdee4eda73d086c4516e7,BRAKE_FLUID,,24,OEM_MARKET_REFERENCE_DE | German-registered Kia; all models in table; confirm HR/VIN plan; source model-year/VIN is not the dataset production-year. https://eu-www.kia.com/content/dam/kwcms/kme/de/de/assets/contents/service/service-wartung/Kia_Wartungsintervalle-Fahrzeuge_Stand-2025-09.pdf,DRAFT_MARKET_AND_MODEL_YEAR_REVIEW,,
vmm-4d3b2530768ea4f36ec00c987fd2829879bc5f03c435c80fcab2853eb8ec1bed,BRAKE_FLUID,,24,OEM_MARKET_REFERENCE_DE | German-registered Kia; all models in table; confirm HR/VIN plan; source model-year/VIN is not the dataset production-year. https://eu-www.kia.com/content/dam/kwcms/kme/de/de/assets/contents/service/service-wartung/Kia_Wartungsintervalle-Fahrzeuge_Stand-2025-09.pdf,DRAFT_MARKET_AND_MODEL_YEAR_REVIEW,,
vmm-3191513423f21cbc1fbc619aac15b6546044d29805c8e87b9db5a0667f54e1d7,BRAKE_FLUID,,24,OEM_MARKET_REFERENCE_DE | German-registered Kia; all models in table; confirm HR/VIN plan; source model-year/VIN is not the dataset production-year. https://eu-www.kia.com/content/dam/kwcms/kme/de/de/assets/contents/service/service-wartung/Kia_Wartungsintervalle-Fahrzeuge_Stand-2025-09.pdf,DRAFT_MARKET_AND_MODEL_YEAR_REVIEW,,
vmm-3191513423f21cbc1fbc619aac15b6546044d29805c8e87b9db5a0667f54e1d7,SCHEDULED_INSPECTION,30000,24,OEM_MARKET_REFERENCE_DE | Sportage QL diesel MY2016-2021; source model-year/VIN is not the dataset production-year. https://eu-www.kia.com/content/dam/kwcms/kme/de/de/assets/contents/service/service-wartung/Kia_Wartungsintervalle-Fahrzeuge_Stand-2025-09.pdf,DRAFT_MARKET_AND_MODEL_YEAR_REVIEW,,
vmm-12dc072a1d1f497fdd5138e8bee278f30a33659ef8628095dbeccc70d7403597,BRAKE_FLUID,,24,OEM_MARKET_REFERENCE_DE | German-registered Kia; all models in table; confirm HR/VIN plan; source model-year/VIN is not the dataset production-year. https://eu-www.kia.com/content/dam/kwcms/kme/de/de/assets/contents/service/service-wartung/Kia_Wartungsintervalle-Fahrzeuge_Stand-2025-09.pdf,DRAFT_MARKET_AND_MODEL_YEAR_REVIEW,,
vmm-12dc072a1d1f497fdd5138e8bee278f30a33659ef8628095dbeccc70d7403597,SCHEDULED_INSPECTION,30000,24,OEM_MARKET_REFERENCE_DE | Sportage QL diesel MY2016-2021; source model-year/VIN is not the dataset production-year. https://eu-www.kia.com/content/dam/kwcms/kme/de/de/assets/contents/service/service-wartung/Kia_Wartungsintervalle-Fahrzeuge_Stand-2025-09.pdf,DRAFT_MARKET_AND_MODEL_YEAR_REVIEW,,
vmm-1379b07c870cc931adcd592d00ac9447e96939920f75a8ea43a50974bd11bc96,BRAKE_FLUID,,24,OEM_MARKET_REFERENCE_DE | German-registered Kia; all models in table; confirm HR/VIN plan; source model-year/VIN is not the dataset production-year. https://eu-www.kia.com/content/dam/kwcms/kme/de/de/assets/contents/service/service-wartung/Kia_Wartungsintervalle-Fahrzeuge_Stand-2025-09.pdf,DRAFT_MARKET_AND_MODEL_YEAR_REVIEW,,
vmm-1379b07c870cc931adcd592d00ac9447e96939920f75a8ea43a50974bd11bc96,SCHEDULED_INSPECTION,30000,24,OEM_MARKET_REFERENCE_DE | Sportage QL diesel MY2016-2021; source model-year/VIN is not the dataset production-year. https://eu-www.kia.com/content/dam/kwcms/kme/de/de/assets/contents/service/service-wartung/Kia_Wartungsintervalle-Fahrzeuge_Stand-2025-09.pdf,DRAFT_MARKET_AND_MODEL_YEAR_REVIEW,,
vmm-fde80068d793ae3523fd7bf58f301d0b314dc7a539b0d59958ac574e1171fcfb,BRAKE_FLUID,,24,OEM_MARKET_REFERENCE_DE | German-registered Kia; all models in table; confirm HR/VIN plan; source model-year/VIN is not the dataset production-year. https://eu-www.kia.com/content/dam/kwcms/kme/de/de/assets/contents/service/service-wartung/Kia_Wartungsintervalle-Fahrzeuge_Stand-2025-09.pdf,DRAFT_MARKET_AND_MODEL_YEAR_REVIEW,,
vmm-fde80068d793ae3523fd7bf58f301d0b314dc7a539b0d59958ac574e1171fcfb,SCHEDULED_INSPECTION,30000,24,OEM_MARKET_REFERENCE_DE | Sportage QL diesel MY2016-2021; source model-year/VIN is not the dataset production-year. https://eu-www.kia.com/content/dam/kwcms/kme/de/de/assets/contents/service/service-wartung/Kia_Wartungsintervalle-Fahrzeuge_Stand-2025-09.pdf,DRAFT_MARKET_AND_MODEL_YEAR_REVIEW,,
vmm-e1f9c1ae41c344ac4f4247f89e219926d0a1dc3e6eac162cecdc0c9b58cb491b,BRAKE_FLUID,,24,OEM_MARKET_REFERENCE_DE | German-registered Kia; all models in table; confirm HR/VIN plan; source model-year/VIN is not the dataset production-year. https://eu-www.kia.com/content/dam/kwcms/kme/de/de/assets/contents/service/service-wartung/Kia_Wartungsintervalle-Fahrzeuge_Stand-2025-09.pdf,DRAFT_MARKET_AND_MODEL_YEAR_REVIEW,,
vmm-e1f9c1ae41c344ac4f4247f89e219926d0a1dc3e6eac162cecdc0c9b58cb491b,SCHEDULED_INSPECTION,30000,24,OEM_MARKET_REFERENCE_DE | Sportage QL diesel MY2016-2021; source model-year/VIN is not the dataset production-year. https://eu-www.kia.com/content/dam/kwcms/kme/de/de/assets/contents/service/service-wartung/Kia_Wartungsintervalle-Fahrzeuge_Stand-2025-09.pdf,DRAFT_MARKET_AND_MODEL_YEAR_REVIEW,,
vmm-2e5b508e346de66d2fa693dad0d5d4cab5790a424eee0eec939098496344a74f,BRAKE_FLUID,,24,OEM_MARKET_REFERENCE_DE | German-registered Kia; all models in table; confirm HR/VIN plan; source model-year/VIN is not the dataset production-year. https://eu-www.kia.com/content/dam/kwcms/kme/de/de/assets/contents/service/service-wartung/Kia_Wartungsintervalle-Fahrzeuge_Stand-2025-09.pdf,DRAFT_MARKET_AND_MODEL_YEAR_REVIEW,,
vmm-2e5b508e346de66d2fa693dad0d5d4cab5790a424eee0eec939098496344a74f,SCHEDULED_INSPECTION,30000,24,OEM_MARKET_REFERENCE_DE | Sportage QL diesel MY2016-2021; source model-year/VIN is not the dataset production-year. https://eu-www.kia.com/content/dam/kwcms/kme/de/de/assets/contents/service/service-wartung/Kia_Wartungsintervalle-Fahrzeuge_Stand-2025-09.pdf,DRAFT_MARKET_AND_MODEL_YEAR_REVIEW,,
vmm-7656a8692bda34cdb87b110b99075aecf3a41039318cb7c2ff65725631021e47,BRAKE_FLUID,,24,OEM_MARKET_REFERENCE_DE | German-registered Kia; all models in table; confirm HR/VIN plan; source model-year/VIN is not the dataset production-year. https://eu-www.kia.com/content/dam/kwcms/kme/de/de/assets/contents/service/service-wartung/Kia_Wartungsintervalle-Fahrzeuge_Stand-2025-09.pdf,DRAFT_MARKET_AND_MODEL_YEAR_REVIEW,,
vmm-5d943739a9504884d7f4a31e6bc038a291d7d28110e339de541ca914e9b3371f,BRAKE_FLUID,,24,OEM_MARKET_REFERENCE_DE | German-registered Kia; all models in table; confirm HR/VIN plan; source model-year/VIN is not the dataset production-year. https://eu-www.kia.com/content/dam/kwcms/kme/de/de/assets/contents/service/service-wartung/Kia_Wartungsintervalle-Fahrzeuge_Stand-2025-09.pdf,DRAFT_MARKET_AND_MODEL_YEAR_REVIEW,,
vmm-cb3d3267ee7e8a4ee0144d4c3fdd8ada3ab978d8a9d0bcb74be26f8f1a96baa3,BRAKE_FLUID,,24,OEM_MARKET_REFERENCE_DE | German-registered Kia; all models in table; confirm HR/VIN plan; source model-year/VIN is not the dataset production-year. https://eu-www.kia.com/content/dam/kwcms/kme/de/de/assets/contents/service/service-wartung/Kia_Wartungsintervalle-Fahrzeuge_Stand-2025-09.pdf,DRAFT_MARKET_AND_MODEL_YEAR_REVIEW,,
vmm-d2988e182b76b00ab388c1ad3612d89c9a7f61cb276287a6ddcd544007cf17fa,BRAKE_FLUID,,24,OEM_MARKET_REFERENCE_DE | German-registered Kia; all models in table; confirm HR/VIN plan; source model-year/VIN is not the dataset production-year. https://eu-www.kia.com/content/dam/kwcms/kme/de/de/assets/contents/service/service-wartung/Kia_Wartungsintervalle-Fahrzeuge_Stand-2025-09.pdf,DRAFT_MARKET_AND_MODEL_YEAR_REVIEW,,
vmm-3899bd25aa2a67d0787122efcbdffb317255b9e5c9152393680940342f4ba60f,BRAKE_FLUID,,24,OEM_MARKET_REFERENCE_DE | German-registered Kia; all models in table; confirm HR/VIN plan; source model-year/VIN is not the dataset production-year. https://eu-www.kia.com/content/dam/kwcms/kme/de/de/assets/contents/service/service-wartung/Kia_Wartungsintervalle-Fahrzeuge_Stand-2025-09.pdf,DRAFT_MARKET_AND_MODEL_YEAR_REVIEW,,
vmm-33aa48f66856cf35c0792d0312bf147b5e500cd75eb02cf6c0a915d3b9a2b49e,BRAKE_FLUID,,24,OEM_MARKET_REFERENCE_DE | German-registered Kia; all models in table; confirm HR/VIN plan; source model-year/VIN is not the dataset production-year. https://eu-www.kia.com/content/dam/kwcms/kme/de/de/assets/contents/service/service-wartung/Kia_Wartungsintervalle-Fahrzeuge_Stand-2025-09.pdf,DRAFT_MARKET_AND_MODEL_YEAR_REVIEW,,
vmm-f148514a4b0d636a57ba80d6918972bab58fd2c254e7112a2dc5c202edf56590,BRAKE_FLUID,,24,OEM_MARKET_REFERENCE_DE | German-registered Kia; all models in table; confirm HR/VIN plan; source model-year/VIN is not the dataset production-year. https://eu-www.kia.com/content/dam/kwcms/kme/de/de/assets/contents/service/service-wartung/Kia_Wartungsintervalle-Fahrzeuge_Stand-2025-09.pdf,DRAFT_MARKET_AND_MODEL_YEAR_REVIEW,,
vmm-5f8d70667dd09d25d72625378c2b766aca2f017c0c915bd28edd2cef33cc29ce,BRAKE_FLUID,,24,OEM_MARKET_REFERENCE_DE | German-registered Kia; all models in table; confirm HR/VIN plan; source model-year/VIN is not the dataset production-year. https://eu-www.kia.com/content/dam/kwcms/kme/de/de/assets/contents/service/service-wartung/Kia_Wartungsintervalle-Fahrzeuge_Stand-2025-09.pdf,DRAFT_MARKET_AND_MODEL_YEAR_REVIEW,,
vmm-1be188d76857054d14243b19ef8e95d3b47e4000ec04bd66817a6e5b627ba4e6,BRAKE_FLUID,,24,OEM_MARKET_REFERENCE_DE | German-registered Kia; all models in table; confirm HR/VIN plan; source model-year/VIN is not the dataset production-year. https://eu-www.kia.com/content/dam/kwcms/kme/de/de/assets/contents/service/service-wartung/Kia_Wartungsintervalle-Fahrzeuge_Stand-2025-09.pdf,DRAFT_MARKET_AND_MODEL_YEAR_REVIEW,,
vmm-7824cf3923c5c57818e1e02ea8e128ee8db18de44051711eb6d6458225330dc4,BRAKE_FLUID,,24,OEM_MARKET_REFERENCE_DE | German-registered Kia; all models in table; confirm HR/VIN plan; source model-year/VIN is not the dataset production-year. https://eu-www.kia.com/content/dam/kwcms/kme/de/de/assets/contents/service/service-wartung/Kia_Wartungsintervalle-Fahrzeuge_Stand-2025-09.pdf,DRAFT_MARKET_AND_MODEL_YEAR_REVIEW,,
vmm-53af87d3c8b1594eef20f8c7dce82201f50ff92e6f45e1f47b85dc3f61a969bc,BRAKE_FLUID,,24,OEM_MARKET_REFERENCE_DE | German-registered Kia; all models in table; confirm HR/VIN plan; source model-year/VIN is not the dataset production-year. https://eu-www.kia.com/content/dam/kwcms/kme/de/de/assets/contents/service/service-wartung/Kia_Wartungsintervalle-Fahrzeuge_Stand-2025-09.pdf,DRAFT_MARKET_AND_MODEL_YEAR_REVIEW,,
vmm-57b5ca0b74d79f55aac4663e95cdf79763af7e9419959427bb61acf6b0da50b7,BRAKE_FLUID,,24,OEM_MARKET_REFERENCE_DE | German-registered Kia; all models in table; confirm HR/VIN plan; source model-year/VIN is not the dataset production-year. https://eu-www.kia.com/content/dam/kwcms/kme/de/de/assets/contents/service/service-wartung/Kia_Wartungsintervalle-Fahrzeuge_Stand-2025-09.pdf,DRAFT_MARKET_AND_MODEL_YEAR_REVIEW,,
vmm-91c1b171048d198cccfeef600ab66a7c38b00a87a8a16c311c271dc13825fbf7,BRAKE_FLUID,,24,OEM_MARKET_REFERENCE_DE | German-registered Kia; all models in table; confirm HR/VIN plan; source model-year/VIN is not the dataset production-year. https://eu-www.kia.com/content/dam/kwcms/kme/de/de/assets/contents/service/service-wartung/Kia_Wartungsintervalle-Fahrzeuge_Stand-2025-09.pdf,DRAFT_MARKET_AND_MODEL_YEAR_REVIEW,,
vmm-48ddf58ff7b7ba27f58d89a9168d81ac6f7836347251ce7e5601c8c561826b2d,BRAKE_FLUID,,24,OEM_MARKET_REFERENCE_DE | German-registered Kia; all models in table; confirm HR/VIN plan; source model-year/VIN is not the dataset production-year. https://eu-www.kia.com/content/dam/kwcms/kme/de/de/assets/contents/service/service-wartung/Kia_Wartungsintervalle-Fahrzeuge_Stand-2025-09.pdf,DRAFT_MARKET_AND_MODEL_YEAR_REVIEW,,
vmm-487ab1145ae8508260f76c58e6276d3d496a83e6843ab6b3046d37fd8a396f28,BRAKE_FLUID,,24,OEM_MARKET_REFERENCE_DE | German-registered Kia; all models in table; confirm HR/VIN plan; source model-year/VIN is not the dataset production-year. https://eu-www.kia.com/content/dam/kwcms/kme/de/de/assets/contents/service/service-wartung/Kia_Wartungsintervalle-Fahrzeuge_Stand-2025-09.pdf,DRAFT_MARKET_AND_MODEL_YEAR_REVIEW,,
vmm-66097a51b0ba3730d0d0b5636bda7eb22288a696d0c748c149d01c154c9aebd5,BRAKE_FLUID,,24,OEM_MARKET_REFERENCE_DE | German-registered Kia; all models in table; confirm HR/VIN plan; source model-year/VIN is not the dataset production-year. https://eu-www.kia.com/content/dam/kwcms/kme/de/de/assets/contents/service/service-wartung/Kia_Wartungsintervalle-Fahrzeuge_Stand-2025-09.pdf,DRAFT_MARKET_AND_MODEL_YEAR_REVIEW,,
vmm-eade008f613986944860a1378517f14b99876b940d6a77c37c1b1b2d7547d1ca,BRAKE_FLUID,,24,OEM_MARKET_REFERENCE_DE | German-registered Kia; all models in table; confirm HR/VIN plan; source model-year/VIN is not the dataset production-year. https://eu-www.kia.com/content/dam/kwcms/kme/de/de/assets/contents/service/service-wartung/Kia_Wartungsintervalle-Fahrzeuge_Stand-2025-09.pdf,DRAFT_MARKET_AND_MODEL_YEAR_REVIEW,,
vmm-869df34d687013ebdb27176aeffe8da4216cd2b8477a39d551bf041d79727534,BRAKE_FLUID,,24,OEM_MARKET_REFERENCE_DE | German-registered Kia; all models in table; confirm HR/VIN plan; source model-year/VIN is not the dataset production-year. https://eu-www.kia.com/content/dam/kwcms/kme/de/de/assets/contents/service/service-wartung/Kia_Wartungsintervalle-Fahrzeuge_Stand-2025-09.pdf,DRAFT_MARKET_AND_MODEL_YEAR_REVIEW,,
vmm-c254b529cb73ee8ad5abb469e65330d587e3feef3893d5f55b8be9ef7dd0cfa4,BRAKE_FLUID,,24,OEM_MARKET_REFERENCE_DE | German-registered Kia; all models in table; confirm HR/VIN plan; source model-year/VIN is not the dataset production-year. https://eu-www.kia.com/content/dam/kwcms/kme/de/de/assets/contents/service/service-wartung/Kia_Wartungsintervalle-Fahrzeuge_Stand-2025-09.pdf,DRAFT_MARKET_AND_MODEL_YEAR_REVIEW,,
vmm-2cd7aaaf913ed441f1cc322750411bb8fca47d6d2362d69339ea105dee87daeb,BRAKE_FLUID,,24,OEM_MARKET_REFERENCE_DE | German-registered Kia; all models in table; confirm HR/VIN plan; source model-year/VIN is not the dataset production-year. https://eu-www.kia.com/content/dam/kwcms/kme/de/de/assets/contents/service/service-wartung/Kia_Wartungsintervalle-Fahrzeuge_Stand-2025-09.pdf,DRAFT_MARKET_AND_MODEL_YEAR_REVIEW,,
vmm-8b8e3d44451dad55d1e561039a04afefa29853a4b2bef33cfbd2e387524fe43b,BRAKE_FLUID,,24,OEM_MARKET_REFERENCE_DE | German-registered Kia; all models in table; confirm HR/VIN plan; source model-year/VIN is not the dataset production-year. https://eu-www.kia.com/content/dam/kwcms/kme/de/de/assets/contents/service/service-wartung/Kia_Wartungsintervalle-Fahrzeuge_Stand-2025-09.pdf,DRAFT_MARKET_AND_MODEL_YEAR_REVIEW,,
vmm-f455b3053f67ecde7f6e1f93866eb4547d683fd8ecc5d264a08f3bb002221e14,BRAKE_FLUID,,24,OEM_MARKET_REFERENCE_DE | German-registered Kia; all models in table; confirm HR/VIN plan; source model-year/VIN is not the dataset production-year. https://eu-www.kia.com/content/dam/kwcms/kme/de/de/assets/contents/service/service-wartung/Kia_Wartungsintervalle-Fahrzeuge_Stand-2025-09.pdf,DRAFT_MARKET_AND_MODEL_YEAR_REVIEW,,
vmm-a79e1cc1d220fe8113dc2541c8dec91677609250c35e323cb27b29547fddb3e5,BRAKE_FLUID,,24,OEM_MARKET_REFERENCE_DE | German-registered Kia; all models in table; confirm HR/VIN plan; source model-year/VIN is not the dataset production-year. https://eu-www.kia.com/content/dam/kwcms/kme/de/de/assets/contents/service/service-wartung/Kia_Wartungsintervalle-Fahrzeuge_Stand-2025-09.pdf,DRAFT_MARKET_AND_MODEL_YEAR_REVIEW,,
vmm-a0ee8c891e91eaac176833cb75c1deb295de57a3c70e77ccc249b261fe85ef1c,BRAKE_FLUID,,24,OEM_MARKET_REFERENCE_DE | German-registered Kia; all models in table; confirm HR/VIN plan; source model-year/VIN is not the dataset production-year. https://eu-www.kia.com/content/dam/kwcms/kme/de/de/assets/contents/service/service-wartung/Kia_Wartungsintervalle-Fahrzeuge_Stand-2025-09.pdf,DRAFT_MARKET_AND_MODEL_YEAR_REVIEW,,
vmm-0438180b39f69d730fac0fbb18cd339fb1ef8cbb1c96a0219f4b9271de9434e3,BRAKE_FLUID,,24,OEM_MARKET_REFERENCE_DE | German-registered Kia; all models in table; confirm HR/VIN plan; source model-year/VIN is not the dataset production-year. https://eu-www.kia.com/content/dam/kwcms/kme/de/de/assets/contents/service/service-wartung/Kia_Wartungsintervalle-Fahrzeuge_Stand-2025-09.pdf,DRAFT_MARKET_AND_MODEL_YEAR_REVIEW,,
vmm-63f2296561121ce1766a4cca9ad0fc15c1277f8a5b274490011fde608ba5fccd,BRAKE_FLUID,,24,OEM_MARKET_REFERENCE_DE | German-registered Kia; all models in table; confirm HR/VIN plan; source model-year/VIN is not the dataset production-year. https://eu-www.kia.com/content/dam/kwcms/kme/de/de/assets/contents/service/service-wartung/Kia_Wartungsintervalle-Fahrzeuge_Stand-2025-09.pdf,DRAFT_MARKET_AND_MODEL_YEAR_REVIEW,,
vmm-851d3ba69d3fb351e06e06500bd4169fb498fd97a625a2ca075223fbf0a76144,BRAKE_FLUID,,24,OEM_MARKET_REFERENCE_DE | German-registered Kia; all models in table; confirm HR/VIN plan; source model-year/VIN is not the dataset production-year. https://eu-www.kia.com/content/dam/kwcms/kme/de/de/assets/contents/service/service-wartung/Kia_Wartungsintervalle-Fahrzeuge_Stand-2025-09.pdf,DRAFT_MARKET_AND_MODEL_YEAR_REVIEW,,
vmm-3c93d9ea57962d738ad97698959f6ff370de77e70497fac8c478f06ed5fcfeb1,BRAKE_FLUID,,24,OEM_MARKET_REFERENCE_DE | German-registered Kia; all models in table; confirm HR/VIN plan; source model-year/VIN is not the dataset production-year. https://eu-www.kia.com/content/dam/kwcms/kme/de/de/assets/contents/service/service-wartung/Kia_Wartungsintervalle-Fahrzeuge_Stand-2025-09.pdf,DRAFT_MARKET_AND_MODEL_YEAR_REVIEW,,
vmm-95c41509e7744421af5a571ce0d323b3f6cfb737060cf6286f19fa84110fc154,BRAKE_FLUID,,24,OEM_MARKET_REFERENCE_DE | German-registered Kia; all models in table; confirm HR/VIN plan; source model-year/VIN is not the dataset production-year. https://eu-www.kia.com/content/dam/kwcms/kme/de/de/assets/contents/service/service-wartung/Kia_Wartungsintervalle-Fahrzeuge_Stand-2025-09.pdf,DRAFT_MARKET_AND_MODEL_YEAR_REVIEW,,
vmm-f9932840b186c72cfce621c4b11a48dc5ccac5fa523e8f1228aae98ce7fd5291,BRAKE_FLUID,,24,OEM_MARKET_REFERENCE_DE | German-registered Kia; all models in table; confirm HR/VIN plan; source model-year/VIN is not the dataset production-year. https://eu-www.kia.com/content/dam/kwcms/kme/de/de/assets/contents/service/service-wartung/Kia_Wartungsintervalle-Fahrzeuge_Stand-2025-09.pdf,DRAFT_MARKET_AND_MODEL_YEAR_REVIEW,,
vmm-9f207bb0ff847d39ac1ec5171c0c23ad0b29dd3cd8269d56b42d7471278c4f1b,BRAKE_FLUID,,24,OEM_MARKET_REFERENCE_DE | German-registered Kia; all models in table; confirm HR/VIN plan; source model-year/VIN is not the dataset production-year. https://eu-www.kia.com/content/dam/kwcms/kme/de/de/assets/contents/service/service-wartung/Kia_Wartungsintervalle-Fahrzeuge_Stand-2025-09.pdf,DRAFT_MARKET_AND_MODEL_YEAR_REVIEW,,
vmm-e3e13093e73b3ecc949fe8e60f5d8e67b253177aeb717185cf299638ff3111a4,BRAKE_FLUID,,24,OEM_MARKET_REFERENCE_DE | German-registered Kia; all models in table; confirm HR/VIN plan; source model-year/VIN is not the dataset production-year. https://eu-www.kia.com/content/dam/kwcms/kme/de/de/assets/contents/service/service-wartung/Kia_Wartungsintervalle-Fahrzeuge_Stand-2025-09.pdf,DRAFT_MARKET_AND_MODEL_YEAR_REVIEW,,
vmm-489af5cf575cc6611a2b82b93d16c57c65a95042c1fffb773a1aa8536005f6ac,BRAKE_FLUID,,24,OEM_MARKET_REFERENCE_DE | German-registered Kia; all models in table; confirm HR/VIN plan; source model-year/VIN is not the dataset production-year. https://eu-www.kia.com/content/dam/kwcms/kme/de/de/assets/contents/service/service-wartung/Kia_Wartungsintervalle-Fahrzeuge_Stand-2025-09.pdf,DRAFT_MARKET_AND_MODEL_YEAR_REVIEW,,
vmm-ef63ba3092e87a525914e73e8b260a24638b15a9c2b7792bddfee5573cd1788d,BRAKE_FLUID,,24,OEM_MARKET_REFERENCE_DE | German-registered Kia; all models in table; confirm HR/VIN plan; source model-year/VIN is not the dataset production-year. https://eu-www.kia.com/content/dam/kwcms/kme/de/de/assets/contents/service/service-wartung/Kia_Wartungsintervalle-Fahrzeuge_Stand-2025-09.pdf,DRAFT_MARKET_AND_MODEL_YEAR_REVIEW,,
vmm-0ba4a26c164aefe2d227ec4bb03c3e47e9f98be92c0befd3d2f2635c907ce797,BRAKE_FLUID,,24,OEM_MARKET_REFERENCE_DE | German-registered Kia; all models in table; confirm HR/VIN plan; source model-year/VIN is not the dataset production-year. https://eu-www.kia.com/content/dam/kwcms/kme/de/de/assets/contents/service/service-wartung/Kia_Wartungsintervalle-Fahrzeuge_Stand-2025-09.pdf,DRAFT_MARKET_AND_MODEL_YEAR_REVIEW,,
vmm-bbce2ef5a7f6f43ced850ab6d02690507719430783c5f5503dcb19f74f2c7622,BRAKE_FLUID,,24,OEM_MARKET_REFERENCE_DE | German-registered Kia; all models in table; confirm HR/VIN plan; source model-year/VIN is not the dataset production-year. https://eu-www.kia.com/content/dam/kwcms/kme/de/de/assets/contents/service/service-wartung/Kia_Wartungsintervalle-Fahrzeuge_Stand-2025-09.pdf,DRAFT_MARKET_AND_MODEL_YEAR_REVIEW,,
vmm-7708292c6ccede4bb9b3edc697f10dc11c8786a2dc8f212d17e3ef2193346b09,BRAKE_FLUID,,24,OEM_MARKET_REFERENCE_DE | German-registered Kia; all models in table; confirm HR/VIN plan; source model-year/VIN is not the dataset production-year. https://eu-www.kia.com/content/dam/kwcms/kme/de/de/assets/contents/service/service-wartung/Kia_Wartungsintervalle-Fahrzeuge_Stand-2025-09.pdf,DRAFT_MARKET_AND_MODEL_YEAR_REVIEW,,
vmm-993838016aa02bcd1e9ccb3e2e76b4952e0467f3468dbd47c56e4402c0b85b40,BRAKE_FLUID,,24,OEM_MARKET_REFERENCE_DE | German-registered Kia; all models in table; confirm HR/VIN plan; source model-year/VIN is not the dataset production-year. https://eu-www.kia.com/content/dam/kwcms/kme/de/de/assets/contents/service/service-wartung/Kia_Wartungsintervalle-Fahrzeuge_Stand-2025-09.pdf,DRAFT_MARKET_AND_MODEL_YEAR_REVIEW,,
vmm-04e364c9b61e5a39783e5116016e5eb8019576d5e985d74153be4aa40cc98434,BRAKE_FLUID,,24,OEM_MARKET_REFERENCE_DE | German-registered Kia; all models in table; confirm HR/VIN plan; source model-year/VIN is not the dataset production-year. https://eu-www.kia.com/content/dam/kwcms/kme/de/de/assets/contents/service/service-wartung/Kia_Wartungsintervalle-Fahrzeuge_Stand-2025-09.pdf,DRAFT_MARKET_AND_MODEL_YEAR_REVIEW,,
vmm-76aedd918215323d28ddd2e79ad0a2deb047bacf7b787c3bcfd581259435da00,BRAKE_FLUID,,24,OEM_MARKET_REFERENCE_DE | German-registered Kia; all models in table; confirm HR/VIN plan; source model-year/VIN is not the dataset production-year. https://eu-www.kia.com/content/dam/kwcms/kme/de/de/assets/contents/service/service-wartung/Kia_Wartungsintervalle-Fahrzeuge_Stand-2025-09.pdf,DRAFT_MARKET_AND_MODEL_YEAR_REVIEW,,
vmm-e98b573cc4e1d6674c1d89c0b4764389035f3b8830cbe64b477418ff2aa9591e,BRAKE_FLUID,,24,OEM_MARKET_REFERENCE_DE | German-registered Kia; all models in table; confirm HR/VIN plan; source model-year/VIN is not the dataset production-year. https://eu-www.kia.com/content/dam/kwcms/kme/de/de/assets/contents/service/service-wartung/Kia_Wartungsintervalle-Fahrzeuge_Stand-2025-09.pdf,DRAFT_MARKET_AND_MODEL_YEAR_REVIEW,,
vmm-6aab5f28a332cee6bdd201d180031f32d2b7cad7cb3b1b51776121d01e57b894,BRAKE_FLUID,,24,OEM_MARKET_REFERENCE_DE | German-registered Kia; all models in table; confirm HR/VIN plan; source model-year/VIN is not the dataset production-year. https://eu-www.kia.com/content/dam/kwcms/kme/de/de/assets/contents/service/service-wartung/Kia_Wartungsintervalle-Fahrzeuge_Stand-2025-09.pdf,DRAFT_MARKET_AND_MODEL_YEAR_REVIEW,,
vmm-b37323b1d7e400a0eacf9c5aab0de6329f59d5651cee1175c476aa77672df691,BRAKE_FLUID,,24,OEM_MARKET_REFERENCE_DE | German-registered Kia; all models in table; confirm HR/VIN plan; source model-year/VIN is not the dataset production-year. https://eu-www.kia.com/content/dam/kwcms/kme/de/de/assets/contents/service/service-wartung/Kia_Wartungsintervalle-Fahrzeuge_Stand-2025-09.pdf,DRAFT_MARKET_AND_MODEL_YEAR_REVIEW,,
vmm-e59ae28c516e0521e99be92b786dfed7e38ef2a90048898b4d17d174b6e012a6,BRAKE_FLUID,,24,OEM_MARKET_REFERENCE_DE | German-registered Kia; all models in table; confirm HR/VIN plan; source model-year/VIN is not the dataset production-year. https://eu-www.kia.com/content/dam/kwcms/kme/de/de/assets/contents/service/service-wartung/Kia_Wartungsintervalle-Fahrzeuge_Stand-2025-09.pdf,DRAFT_MARKET_AND_MODEL_YEAR_REVIEW,,
vmm-fbdb78ae7d940c9d5b7287875a7b92886ac0571928456bb57733bbb51a51534f,BRAKE_FLUID,,24,OEM_MARKET_REFERENCE_DE | German-registered Kia; all models in table; confirm HR/VIN plan; source model-year/VIN is not the dataset production-year. https://eu-www.kia.com/content/dam/kwcms/kme/de/de/assets/contents/service/service-wartung/Kia_Wartungsintervalle-Fahrzeuge_Stand-2025-09.pdf,DRAFT_MARKET_AND_MODEL_YEAR_REVIEW,,
vmm-11ddf519d16776e7a1c181209bd9bc42333b01332de365a3641733c724b38e28,BRAKE_FLUID,,24,OEM_MARKET_REFERENCE_DE | German-registered Kia; all models in table; confirm HR/VIN plan; source model-year/VIN is not the dataset production-year. https://eu-www.kia.com/content/dam/kwcms/kme/de/de/assets/contents/service/service-wartung/Kia_Wartungsintervalle-Fahrzeuge_Stand-2025-09.pdf,DRAFT_MARKET_AND_MODEL_YEAR_REVIEW,,
vmm-d24568bd75783a506a6a1e8cf132018c64e15fdc5dec3a7b0633f0edb724b52d,BRAKE_FLUID,,24,OEM_MARKET_REFERENCE_DE | German-registered Kia; all models in table; confirm HR/VIN plan; source model-year/VIN is not the dataset production-year. https://eu-www.kia.com/content/dam/kwcms/kme/de/de/assets/contents/service/service-wartung/Kia_Wartungsintervalle-Fahrzeuge_Stand-2025-09.pdf,DRAFT_MARKET_AND_MODEL_YEAR_REVIEW,,
vmm-db7001674b99c57fc6cba14c0b94dbcc869701a44d47cbb115e975a0aa807f96,BRAKE_FLUID,,24,OEM_MARKET_REFERENCE_DE | German-registered Kia; all models in table; confirm HR/VIN plan; source model-year/VIN is not the dataset production-year. https://eu-www.kia.com/content/dam/kwcms/kme/de/de/assets/contents/service/service-wartung/Kia_Wartungsintervalle-Fahrzeuge_Stand-2025-09.pdf,DRAFT_MARKET_AND_MODEL_YEAR_REVIEW,,
vmm-006a3053b611adb94e458a727e1ba0d57b74f17cae30c3f083a1fb94714ff0ec,BRAKE_FLUID,,24,OEM_MARKET_REFERENCE_DE | German-registered Kia; all models in table; confirm HR/VIN plan; source model-year/VIN is not the dataset production-year. https://eu-www.kia.com/content/dam/kwcms/kme/de/de/assets/contents/service/service-wartung/Kia_Wartungsintervalle-Fahrzeuge_Stand-2025-09.pdf,DRAFT_MARKET_AND_MODEL_YEAR_REVIEW,,
vmm-006a3053b611adb94e458a727e1ba0d57b74f17cae30c3f083a1fb94714ff0ec,SCHEDULED_INSPECTION,15000,12,OEM_MARKET_REFERENCE_DE | Stonic YB CUV petrol MY2018-2025; source model-year/VIN is not the dataset production-year. https://eu-www.kia.com/content/dam/kwcms/kme/de/de/assets/contents/service/service-wartung/Kia_Wartungsintervalle-Fahrzeuge_Stand-2025-09.pdf,DRAFT_MARKET_AND_MODEL_YEAR_REVIEW,,
vmm-d6e09bf75598c0fb65a00371342c17bac714eb65d66d1016b34f66c5f825addc,BRAKE_FLUID,,24,OEM_MARKET_REFERENCE_DE | German-registered Kia; all models in table; confirm HR/VIN plan; source model-year/VIN is not the dataset production-year. https://eu-www.kia.com/content/dam/kwcms/kme/de/de/assets/contents/service/service-wartung/Kia_Wartungsintervalle-Fahrzeuge_Stand-2025-09.pdf,DRAFT_MARKET_AND_MODEL_YEAR_REVIEW,,
vmm-d6e09bf75598c0fb65a00371342c17bac714eb65d66d1016b34f66c5f825addc,SCHEDULED_INSPECTION,15000,12,OEM_MARKET_REFERENCE_DE | Stonic YB CUV petrol MY2018-2025; source model-year/VIN is not the dataset production-year. https://eu-www.kia.com/content/dam/kwcms/kme/de/de/assets/contents/service/service-wartung/Kia_Wartungsintervalle-Fahrzeuge_Stand-2025-09.pdf,DRAFT_MARKET_AND_MODEL_YEAR_REVIEW,,
vmm-2cbe4f0473edb6080269a9fc6afa57a97c54139c51e118c2578a504d3e7e8a12,BRAKE_FLUID,,24,OEM_MARKET_REFERENCE_DE | German-registered Kia; all models in table; confirm HR/VIN plan; source model-year/VIN is not the dataset production-year. https://eu-www.kia.com/content/dam/kwcms/kme/de/de/assets/contents/service/service-wartung/Kia_Wartungsintervalle-Fahrzeuge_Stand-2025-09.pdf,DRAFT_MARKET_AND_MODEL_YEAR_REVIEW,,
vmm-2cbe4f0473edb6080269a9fc6afa57a97c54139c51e118c2578a504d3e7e8a12,SCHEDULED_INSPECTION,15000,12,OEM_MARKET_REFERENCE_DE | Stonic YB CUV petrol MY2018-2025; source model-year/VIN is not the dataset production-year. https://eu-www.kia.com/content/dam/kwcms/kme/de/de/assets/contents/service/service-wartung/Kia_Wartungsintervalle-Fahrzeuge_Stand-2025-09.pdf,DRAFT_MARKET_AND_MODEL_YEAR_REVIEW,,
vmm-e328124ebd4debe88009c7bfaffb08ec9a112f6b86fb6d7792f0a12c05c0a494,BRAKE_FLUID,,24,OEM_MARKET_REFERENCE_DE | German-registered Kia; all models in table; confirm HR/VIN plan; source model-year/VIN is not the dataset production-year. https://eu-www.kia.com/content/dam/kwcms/kme/de/de/assets/contents/service/service-wartung/Kia_Wartungsintervalle-Fahrzeuge_Stand-2025-09.pdf,DRAFT_MARKET_AND_MODEL_YEAR_REVIEW,,
vmm-e328124ebd4debe88009c7bfaffb08ec9a112f6b86fb6d7792f0a12c05c0a494,SCHEDULED_INSPECTION,30000,24,OEM_MARKET_REFERENCE_DE | Stonic diesel MY2018-2020 only; source model-year/VIN is not the dataset production-year. https://eu-www.kia.com/content/dam/kwcms/kme/de/de/assets/contents/service/service-wartung/Kia_Wartungsintervalle-Fahrzeuge_Stand-2025-09.pdf,DRAFT_MARKET_AND_MODEL_YEAR_REVIEW,,
vmm-658be60068949acecf88b1a187ff2e143ab8ecbb7ab8a2b2db185d44559b101d,BRAKE_FLUID,,24,OEM_MARKET_REFERENCE_DE | German-registered Kia; all models in table; confirm HR/VIN plan; source model-year/VIN is not the dataset production-year. https://eu-www.kia.com/content/dam/kwcms/kme/de/de/assets/contents/service/service-wartung/Kia_Wartungsintervalle-Fahrzeuge_Stand-2025-09.pdf,DRAFT_MARKET_AND_MODEL_YEAR_REVIEW,,
vmm-658be60068949acecf88b1a187ff2e143ab8ecbb7ab8a2b2db185d44559b101d,SCHEDULED_INSPECTION,30000,24,OEM_MARKET_REFERENCE_DE | Stonic diesel MY2018-2020 only; source model-year/VIN is not the dataset production-year. https://eu-www.kia.com/content/dam/kwcms/kme/de/de/assets/contents/service/service-wartung/Kia_Wartungsintervalle-Fahrzeuge_Stand-2025-09.pdf,DRAFT_MARKET_AND_MODEL_YEAR_REVIEW,,
vmm-7f6bb6616babb9fe883255537a021af38dd970c5063a8819bab0f423459aebc0,BRAKE_FLUID,,24,OEM_MARKET_REFERENCE_DE | German-registered Kia; all models in table; confirm HR/VIN plan; source model-year/VIN is not the dataset production-year. https://eu-www.kia.com/content/dam/kwcms/kme/de/de/assets/contents/service/service-wartung/Kia_Wartungsintervalle-Fahrzeuge_Stand-2025-09.pdf,DRAFT_MARKET_AND_MODEL_YEAR_REVIEW,,
vmm-7f6bb6616babb9fe883255537a021af38dd970c5063a8819bab0f423459aebc0,SCHEDULED_INSPECTION,30000,24,OEM_MARKET_REFERENCE_DE | Stonic diesel MY2018-2020 only; source model-year/VIN is not the dataset production-year. https://eu-www.kia.com/content/dam/kwcms/kme/de/de/assets/contents/service/service-wartung/Kia_Wartungsintervalle-Fahrzeuge_Stand-2025-09.pdf,DRAFT_MARKET_AND_MODEL_YEAR_REVIEW,,
vmm-4fab86836f6e8987f993c907a49ea4d19779a00c87c7247c2be5dfbc1e8b39cb,BRAKE_FLUID,,24,OEM_MARKET_REFERENCE_DE | German-registered Kia; all models in table; confirm HR/VIN plan; source model-year/VIN is not the dataset production-year. https://eu-www.kia.com/content/dam/kwcms/kme/de/de/assets/contents/service/service-wartung/Kia_Wartungsintervalle-Fahrzeuge_Stand-2025-09.pdf,DRAFT_MARKET_AND_MODEL_YEAR_REVIEW,,
vmm-4fab86836f6e8987f993c907a49ea4d19779a00c87c7247c2be5dfbc1e8b39cb,SCHEDULED_INSPECTION,15000,12,OEM_MARKET_REFERENCE_DE | Stonic YB CUV petrol MY2018-2025; source model-year/VIN is not the dataset production-year. https://eu-www.kia.com/content/dam/kwcms/kme/de/de/assets/contents/service/service-wartung/Kia_Wartungsintervalle-Fahrzeuge_Stand-2025-09.pdf,DRAFT_MARKET_AND_MODEL_YEAR_REVIEW,,
vmm-990c9f7a0825132f9781696cbe5544fc6197521959b0fca1ae4e37fde9d1df8e,BRAKE_FLUID,,24,OEM_MARKET_REFERENCE_DE | German-registered Kia; all models in table; confirm HR/VIN plan; source model-year/VIN is not the dataset production-year. https://eu-www.kia.com/content/dam/kwcms/kme/de/de/assets/contents/service/service-wartung/Kia_Wartungsintervalle-Fahrzeuge_Stand-2025-09.pdf,DRAFT_MARKET_AND_MODEL_YEAR_REVIEW,,
vmm-990c9f7a0825132f9781696cbe5544fc6197521959b0fca1ae4e37fde9d1df8e,SCHEDULED_INSPECTION,15000,12,OEM_MARKET_REFERENCE_DE | Stonic YB CUV petrol MY2018-2025; source model-year/VIN is not the dataset production-year. https://eu-www.kia.com/content/dam/kwcms/kme/de/de/assets/contents/service/service-wartung/Kia_Wartungsintervalle-Fahrzeuge_Stand-2025-09.pdf,DRAFT_MARKET_AND_MODEL_YEAR_REVIEW,,
vmm-948a1bb70ea2a60b5bb16045f6579e5ce88fb2cf797ebbac64a5435a9a56f140,BRAKE_FLUID,,24,OEM_MARKET_REFERENCE_DE | German-registered Kia; all models in table; confirm HR/VIN plan; source model-year/VIN is not the dataset production-year. https://eu-www.kia.com/content/dam/kwcms/kme/de/de/assets/contents/service/service-wartung/Kia_Wartungsintervalle-Fahrzeuge_Stand-2025-09.pdf,DRAFT_MARKET_AND_MODEL_YEAR_REVIEW,,
vmm-f8fac05252583f1422327a8091125b6e9386ffeeaa625b4f3eb04dbb8a29f3f9,BRAKE_FLUID,,24,OEM_MARKET_REFERENCE_DE | German-registered Kia; all models in table; confirm HR/VIN plan; source model-year/VIN is not the dataset production-year. https://eu-www.kia.com/content/dam/kwcms/kme/de/de/assets/contents/service/service-wartung/Kia_Wartungsintervalle-Fahrzeuge_Stand-2025-09.pdf,DRAFT_MARKET_AND_MODEL_YEAR_REVIEW,,
vmm-89d58c20f363f414d9762fa182c76ee5ae0e8aff214d82fd6ca9fca2013a3ef0,BRAKE_FLUID,,24,OEM_MARKET_REFERENCE_DE | German-registered Kia; all models in table; confirm HR/VIN plan; source model-year/VIN is not the dataset production-year. https://eu-www.kia.com/content/dam/kwcms/kme/de/de/assets/contents/service/service-wartung/Kia_Wartungsintervalle-Fahrzeuge_Stand-2025-09.pdf,DRAFT_MARKET_AND_MODEL_YEAR_REVIEW,,
vmm-29c4846cd436ed2c57ab941276193980d020f9f7dd0e808c22ce5ddf4389daa9,BRAKE_FLUID,,24,OEM_MARKET_REFERENCE_DE | German-registered Kia; all models in table; confirm HR/VIN plan; source model-year/VIN is not the dataset production-year. https://eu-www.kia.com/content/dam/kwcms/kme/de/de/assets/contents/service/service-wartung/Kia_Wartungsintervalle-Fahrzeuge_Stand-2025-09.pdf,DRAFT_MARKET_AND_MODEL_YEAR_REVIEW,,
vmm-de8fc936f91fd6b11a3fdd85e90a4fce70e33c5632ff3239e480797249ec1513,BRAKE_FLUID,,24,OEM_MARKET_REFERENCE_DE | German-registered Kia; all models in table; confirm HR/VIN plan; source model-year/VIN is not the dataset production-year. https://eu-www.kia.com/content/dam/kwcms/kme/de/de/assets/contents/service/service-wartung/Kia_Wartungsintervalle-Fahrzeuge_Stand-2025-09.pdf,DRAFT_MARKET_AND_MODEL_YEAR_REVIEW,,
vmm-ce399e4b66fbf6fe4b46358ca7029bbc2c1cf2cfccbd80ca2e83523f6e7995f6,BRAKE_FLUID,,24,OEM_MARKET_REFERENCE_DE | German-registered Kia; all models in table; confirm HR/VIN plan; source model-year/VIN is not the dataset production-year. https://eu-www.kia.com/content/dam/kwcms/kme/de/de/assets/contents/service/service-wartung/Kia_Wartungsintervalle-Fahrzeuge_Stand-2025-09.pdf,DRAFT_MARKET_AND_MODEL_YEAR_REVIEW,,
vmm-51e747d60f50827e64047ce123c2912f2e703143f2f3bc199ae78ea8bbe301dd,BRAKE_FLUID,,24,OEM_MARKET_REFERENCE_DE | German-registered Kia; all models in table; confirm HR/VIN plan; source model-year/VIN is not the dataset production-year. https://eu-www.kia.com/content/dam/kwcms/kme/de/de/assets/contents/service/service-wartung/Kia_Wartungsintervalle-Fahrzeuge_Stand-2025-09.pdf,DRAFT_MARKET_AND_MODEL_YEAR_REVIEW,,
vmm-f1d26177ac0e992e5d3bf5ac4f7f195d1f9100c05c4f16677df22a45d9751522,BRAKE_FLUID,,24,OEM_MARKET_REFERENCE_DE | German-registered Kia; all models in table; confirm HR/VIN plan; source model-year/VIN is not the dataset production-year. https://eu-www.kia.com/content/dam/kwcms/kme/de/de/assets/contents/service/service-wartung/Kia_Wartungsintervalle-Fahrzeuge_Stand-2025-09.pdf,DRAFT_MARKET_AND_MODEL_YEAR_REVIEW,,
vmm-c4f185d445df4e9c8ceefa5d777772c2693a019fd63b9932027afa30277a05fd,BRAKE_FLUID,,24,OEM_MARKET_REFERENCE_DE | German-registered Kia; all models in table; confirm HR/VIN plan; source model-year/VIN is not the dataset production-year. https://eu-www.kia.com/content/dam/kwcms/kme/de/de/assets/contents/service/service-wartung/Kia_Wartungsintervalle-Fahrzeuge_Stand-2025-09.pdf,DRAFT_MARKET_AND_MODEL_YEAR_REVIEW,,
vmm-417614dcb3cc5c069b44268d11eea43c8230ca32d455edf2c349c45c0f9ae839,BRAKE_FLUID,,24,OEM_MARKET_REFERENCE_DE | German-registered Kia; all models in table; confirm HR/VIN plan; source model-year/VIN is not the dataset production-year. https://eu-www.kia.com/content/dam/kwcms/kme/de/de/assets/contents/service/service-wartung/Kia_Wartungsintervalle-Fahrzeuge_Stand-2025-09.pdf,DRAFT_MARKET_AND_MODEL_YEAR_REVIEW,,
vmm-2816d9f20cd1745e65e5625d17d6aa984b40b7fa43ff47ab65160c0baf2b374e,BRAKE_FLUID,,24,OEM_MARKET_REFERENCE_DE | German-registered Kia; all models in table; confirm HR/VIN plan; source model-year/VIN is not the dataset production-year. https://eu-www.kia.com/content/dam/kwcms/kme/de/de/assets/contents/service/service-wartung/Kia_Wartungsintervalle-Fahrzeuge_Stand-2025-09.pdf,DRAFT_MARKET_AND_MODEL_YEAR_REVIEW,,
vmm-9da84a7a27c1720af9cf3dd546b5795d0d8dd198b3d1c3ab8dac5933de3baa15,BRAKE_FLUID,,24,OEM_MARKET_REFERENCE_DE | German-registered Kia; all models in table; confirm HR/VIN plan; source model-year/VIN is not the dataset production-year. https://eu-www.kia.com/content/dam/kwcms/kme/de/de/assets/contents/service/service-wartung/Kia_Wartungsintervalle-Fahrzeuge_Stand-2025-09.pdf,DRAFT_MARKET_AND_MODEL_YEAR_REVIEW,,
vmm-ee0fa8384f5690ed3ce35086c244a4d0bbd37f09ed7a9b0532437916a2537b11,BRAKE_FLUID,,24,OEM_MARKET_REFERENCE_DE | German-registered Kia; all models in table; confirm HR/VIN plan; source model-year/VIN is not the dataset production-year. https://eu-www.kia.com/content/dam/kwcms/kme/de/de/assets/contents/service/service-wartung/Kia_Wartungsintervalle-Fahrzeuge_Stand-2025-09.pdf,DRAFT_MARKET_AND_MODEL_YEAR_REVIEW,,
vmm-5c2e6b920dc5880f6d3d5f862f2e9210359b26341d32a1084a4b58025e367a72,BRAKE_FLUID,,24,OEM_MARKET_REFERENCE_DE | German-registered Kia; all models in table; confirm HR/VIN plan; source model-year/VIN is not the dataset production-year. https://eu-www.kia.com/content/dam/kwcms/kme/de/de/assets/contents/service/service-wartung/Kia_Wartungsintervalle-Fahrzeuge_Stand-2025-09.pdf,DRAFT_MARKET_AND_MODEL_YEAR_REVIEW,,
vmm-fec4aff9ef1e022c52b1b5bf429e870ae1eeb69b496ac57671c1384adfacefcf,BRAKE_FLUID,,24,OEM_MARKET_REFERENCE_DE | German-registered Kia; all models in table; confirm HR/VIN plan; source model-year/VIN is not the dataset production-year. https://eu-www.kia.com/content/dam/kwcms/kme/de/de/assets/contents/service/service-wartung/Kia_Wartungsintervalle-Fahrzeuge_Stand-2025-09.pdf,DRAFT_MARKET_AND_MODEL_YEAR_REVIEW,,
vmm-fd2c4ea459319dea68fd47cde43436870948253180bc1a607ce4cf85ae2f3974,BRAKE_FLUID,,24,OEM_MARKET_REFERENCE_DE | German-registered Kia; all models in table; confirm HR/VIN plan; source model-year/VIN is not the dataset production-year. https://eu-www.kia.com/content/dam/kwcms/kme/de/de/assets/contents/service/service-wartung/Kia_Wartungsintervalle-Fahrzeuge_Stand-2025-09.pdf,DRAFT_MARKET_AND_MODEL_YEAR_REVIEW,,
vmm-59559c0abba5b6a362f7facb752c50ff488240b1c8a19b73e280a31d85574ce8,BRAKE_FLUID,,24,OEM_MARKET_REFERENCE_DE | German-registered Kia; all models in table; confirm HR/VIN plan; source model-year/VIN is not the dataset production-year. https://eu-www.kia.com/content/dam/kwcms/kme/de/de/assets/contents/service/service-wartung/Kia_Wartungsintervalle-Fahrzeuge_Stand-2025-09.pdf,DRAFT_MARKET_AND_MODEL_YEAR_REVIEW,,
vmm-d830ad19e0fca6821528a191b3e4dc469c38f5613513d5eb2c06fd392a7e3e4e,BRAKE_FLUID,,24,OEM_MARKET_REFERENCE_DE | German-registered Kia; all models in table; confirm HR/VIN plan; source model-year/VIN is not the dataset production-year. https://eu-www.kia.com/content/dam/kwcms/kme/de/de/assets/contents/service/service-wartung/Kia_Wartungsintervalle-Fahrzeuge_Stand-2025-09.pdf,DRAFT_MARKET_AND_MODEL_YEAR_REVIEW,,
vmm-7de4b91a121327b4e75514769aa9ed8a21eb0f5e1f9b506293172494c0e323f5,BRAKE_FLUID,,24,OEM_MARKET_REFERENCE_DE | German-registered Kia; all models in table; confirm HR/VIN plan; source model-year/VIN is not the dataset production-year. https://eu-www.kia.com/content/dam/kwcms/kme/de/de/assets/contents/service/service-wartung/Kia_Wartungsintervalle-Fahrzeuge_Stand-2025-09.pdf,DRAFT_MARKET_AND_MODEL_YEAR_REVIEW,,
vmm-265170bf80e56642ad068b592958ced6c437b8cd67767e66fb2f7cb6b485096d,BRAKE_FLUID,,24,OEM_MARKET_REFERENCE_DE | German-registered Kia; all models in table; confirm HR/VIN plan; source model-year/VIN is not the dataset production-year. https://eu-www.kia.com/content/dam/kwcms/kme/de/de/assets/contents/service/service-wartung/Kia_Wartungsintervalle-Fahrzeuge_Stand-2025-09.pdf,DRAFT_MARKET_AND_MODEL_YEAR_REVIEW,,
vmm-acdf790b350ff4569a3aa7f7f5958bed02dd638d1ea9abbf1573cc5f5709b022,BRAKE_FLUID,,24,OEM_MARKET_REFERENCE_DE | German-registered Kia; all models in table; confirm HR/VIN plan; source model-year/VIN is not the dataset production-year. https://eu-www.kia.com/content/dam/kwcms/kme/de/de/assets/contents/service/service-wartung/Kia_Wartungsintervalle-Fahrzeuge_Stand-2025-09.pdf,DRAFT_MARKET_AND_MODEL_YEAR_REVIEW,,
vmm-05f60fb64ce306bff623c289db4f38d39917b7c11d475ab77450a4725be94023,BRAKE_FLUID,,24,OEM_MARKET_REFERENCE_DE | German-registered Kia; all models in table; confirm HR/VIN plan; source model-year/VIN is not the dataset production-year. https://eu-www.kia.com/content/dam/kwcms/kme/de/de/assets/contents/service/service-wartung/Kia_Wartungsintervalle-Fahrzeuge_Stand-2025-09.pdf,DRAFT_MARKET_AND_MODEL_YEAR_REVIEW,,
vmm-0dcd30f4d4130e081c3be129dd3de49401bf78dc8eff2e88a368678985dbae6b,BRAKE_FLUID,,24,OEM_MARKET_REFERENCE_DE | German-registered Kia; all models in table; confirm HR/VIN plan; source model-year/VIN is not the dataset production-year. https://eu-www.kia.com/content/dam/kwcms/kme/de/de/assets/contents/service/service-wartung/Kia_Wartungsintervalle-Fahrzeuge_Stand-2025-09.pdf,DRAFT_MARKET_AND_MODEL_YEAR_REVIEW,,
vmm-b88fb6fbc14fab8afb48d39d02c0f643939945464cf64a89454e49ec09d711dc,BRAKE_FLUID,,24,OEM_MARKET_REFERENCE_DE | German-registered Kia; all models in table; confirm HR/VIN plan; source model-year/VIN is not the dataset production-year. https://eu-www.kia.com/content/dam/kwcms/kme/de/de/assets/contents/service/service-wartung/Kia_Wartungsintervalle-Fahrzeuge_Stand-2025-09.pdf,DRAFT_MARKET_AND_MODEL_YEAR_REVIEW,,
vmm-8926b8fe9a4d3c74754c490b92361cf41d94cd849e964b5d17298e4b02f977ef,BRAKE_FLUID,,24,OEM_MARKET_REFERENCE_DE | German-registered Kia; all models in table; confirm HR/VIN plan; source model-year/VIN is not the dataset production-year. https://eu-www.kia.com/content/dam/kwcms/kme/de/de/assets/contents/service/service-wartung/Kia_Wartungsintervalle-Fahrzeuge_Stand-2025-09.pdf,DRAFT_MARKET_AND_MODEL_YEAR_REVIEW,,
vmm-135ed23e349585f900274ec28ddf86560351e6ba157e76c4a9066bbfa84bdcd0,BRAKE_FLUID,,24,OEM_MARKET_REFERENCE_DE | German-registered Kia; all models in table; confirm HR/VIN plan; source model-year/VIN is not the dataset production-year. https://eu-www.kia.com/content/dam/kwcms/kme/de/de/assets/contents/service/service-wartung/Kia_Wartungsintervalle-Fahrzeuge_Stand-2025-09.pdf,DRAFT_MARKET_AND_MODEL_YEAR_REVIEW,,
vmm-2a32ba5e669b926ff684f23a81dc61dcfe6b07ee7064ff6f15b2bb2d6f202d58,BRAKE_FLUID,,24,OEM_MARKET_REFERENCE_DE | German-registered Kia; all models in table; confirm HR/VIN plan; source model-year/VIN is not the dataset production-year. https://eu-www.kia.com/content/dam/kwcms/kme/de/de/assets/contents/service/service-wartung/Kia_Wartungsintervalle-Fahrzeuge_Stand-2025-09.pdf,DRAFT_MARKET_AND_MODEL_YEAR_REVIEW,,
vmm-980dfc4d71edfa8325dbaf4262da032553407fcd2c9a9b4e59420b09274db821,BRAKE_FLUID,,24,OEM_MARKET_REFERENCE_DE | German-registered Kia; all models in table; confirm HR/VIN plan; source model-year/VIN is not the dataset production-year. https://eu-www.kia.com/content/dam/kwcms/kme/de/de/assets/contents/service/service-wartung/Kia_Wartungsintervalle-Fahrzeuge_Stand-2025-09.pdf,DRAFT_MARKET_AND_MODEL_YEAR_REVIEW,,
vmm-dc058b76995eff3f4938feb0fb830ca977c6af7207da53a71cfc74e0ebc9d21f,BRAKE_FLUID,,24,OEM_MARKET_REFERENCE_DE | German-registered Kia; all models in table; confirm HR/VIN plan; source model-year/VIN is not the dataset production-year. https://eu-www.kia.com/content/dam/kwcms/kme/de/de/assets/contents/service/service-wartung/Kia_Wartungsintervalle-Fahrzeuge_Stand-2025-09.pdf,DRAFT_MARKET_AND_MODEL_YEAR_REVIEW,,
vmm-1d8ea1264478ef7546dc5f533444ec47f7478ba34faaf9c1a651ff9a2acce1a7,BRAKE_FLUID,,24,OEM_MARKET_REFERENCE_DE | German-registered Kia; all models in table; confirm HR/VIN plan; source model-year/VIN is not the dataset production-year. https://eu-www.kia.com/content/dam/kwcms/kme/de/de/assets/contents/service/service-wartung/Kia_Wartungsintervalle-Fahrzeuge_Stand-2025-09.pdf,DRAFT_MARKET_AND_MODEL_YEAR_REVIEW,,
vmm-ca4c6be8c1655d7408abe4456b7c9a8ff940e5181648e6e4f01d15e8a86a7628,BRAKE_FLUID,,24,OEM_MARKET_REFERENCE_DE | German-registered Kia; all models in table; confirm HR/VIN plan; source model-year/VIN is not the dataset production-year. https://eu-www.kia.com/content/dam/kwcms/kme/de/de/assets/contents/service/service-wartung/Kia_Wartungsintervalle-Fahrzeuge_Stand-2025-09.pdf,DRAFT_MARKET_AND_MODEL_YEAR_REVIEW,,
vmm-ddb75fb224f8d49ce8a8bdc4eab1f26468f3a063e5787eefd2f6a0d59ab8b510,BRAKE_FLUID,,24,OEM_MARKET_REFERENCE_DE | German-registered Kia; all models in table; confirm HR/VIN plan; source model-year/VIN is not the dataset production-year. https://eu-www.kia.com/content/dam/kwcms/kme/de/de/assets/contents/service/service-wartung/Kia_Wartungsintervalle-Fahrzeuge_Stand-2025-09.pdf,DRAFT_MARKET_AND_MODEL_YEAR_REVIEW,,
vmm-2f3a72c9821c3355631f8842757a4d19b6be9c4d8475d4af2c230b5038bfc249,BRAKE_FLUID,,24,OEM_MARKET_REFERENCE_DE | German-registered Kia; all models in table; confirm HR/VIN plan; source model-year/VIN is not the dataset production-year. https://eu-www.kia.com/content/dam/kwcms/kme/de/de/assets/contents/service/service-wartung/Kia_Wartungsintervalle-Fahrzeuge_Stand-2025-09.pdf,DRAFT_MARKET_AND_MODEL_YEAR_REVIEW,,
vmm-e4f89e3b989fce67ae2a1597f3377896d6861a0894064f1f5c29c8c41d25e756,BRAKE_FLUID,,24,OEM_MARKET_REFERENCE_DE | German-registered Kia; all models in table; confirm HR/VIN plan; source model-year/VIN is not the dataset production-year. https://eu-www.kia.com/content/dam/kwcms/kme/de/de/assets/contents/service/service-wartung/Kia_Wartungsintervalle-Fahrzeuge_Stand-2025-09.pdf,DRAFT_MARKET_AND_MODEL_YEAR_REVIEW,,
vmm-e8d828d759dec1655731607f0e26e4367ce7873351ea3a15f5df2192acb3d569,BRAKE_FLUID,,24,OEM_MARKET_REFERENCE_DE | German-registered Kia; all models in table; confirm HR/VIN plan; source model-year/VIN is not the dataset production-year. https://eu-www.kia.com/content/dam/kwcms/kme/de/de/assets/contents/service/service-wartung/Kia_Wartungsintervalle-Fahrzeuge_Stand-2025-09.pdf,DRAFT_MARKET_AND_MODEL_YEAR_REVIEW,,
vmm-cf7681a1f2c925d3e5abdfdd393ddb1232deeb43e9a19b66e2d7103d66735d3c,BRAKE_FLUID,,24,OEM_MARKET_REFERENCE_DE | German-registered Kia; all models in table; confirm HR/VIN plan; source model-year/VIN is not the dataset production-year. https://eu-www.kia.com/content/dam/kwcms/kme/de/de/assets/contents/service/service-wartung/Kia_Wartungsintervalle-Fahrzeuge_Stand-2025-09.pdf,DRAFT_MARKET_AND_MODEL_YEAR_REVIEW,,
vmm-0ce409d214b74b266dd0d58bf35b4dba570d9215e607df9eea35a179dec3a938,BRAKE_FLUID,,24,OEM_MARKET_REFERENCE_DE | German-registered Kia; all models in table; confirm HR/VIN plan; source model-year/VIN is not the dataset production-year. https://eu-www.kia.com/content/dam/kwcms/kme/de/de/assets/contents/service/service-wartung/Kia_Wartungsintervalle-Fahrzeuge_Stand-2025-09.pdf,DRAFT_MARKET_AND_MODEL_YEAR_REVIEW,,
vmm-b3bb53f35a32b7b7d1a43625ae35240f9ce843f8c7b1876f5a875ab01ef62417,BRAKE_FLUID,,24,OEM_MARKET_REFERENCE_DE | German-registered Kia; all models in table; confirm HR/VIN plan; source model-year/VIN is not the dataset production-year. https://eu-www.kia.com/content/dam/kwcms/kme/de/de/assets/contents/service/service-wartung/Kia_Wartungsintervalle-Fahrzeuge_Stand-2025-09.pdf,DRAFT_MARKET_AND_MODEL_YEAR_REVIEW,,
vmm-e6fc65f3c550041146f9e1fa6905ca3dda39a6578b57c5ed7176f1358a1fb0f3,CABIN_FILTER,,24,OEM_MODEL_YEAR_REVIEW | 2020-2024 manual; source generation starts 2019 so verify actual year/VIN before activation. https://www.tesla.com/ownersmanual/2020_2024_modely/en_eu/GUID-E95DAAD9-646E-4249-9930-B109ED7B1D91.html,DRAFT_MARKET_AND_MODEL_YEAR_REVIEW,,
vmm-e6fc65f3c550041146f9e1fa6905ca3dda39a6578b57c5ed7176f1358a1fb0f3,BRAKE_FLUID_CHECK,,48,OEM_MODEL_YEAR_REVIEW | 2020-2024 manual; source generation starts 2019 so verify actual year/VIN before activation. https://www.tesla.com/ownersmanual/2020_2024_modely/en_eu/GUID-E95DAAD9-646E-4249-9930-B109ED7B1D91.html,DRAFT_MARKET_AND_MODEL_YEAR_REVIEW,,
vmm-e6fc65f3c550041146f9e1fa6905ca3dda39a6578b57c5ed7176f1358a1fb0f3,WIPER_REPLACE,,12,OEM_MODEL_YEAR_REVIEW | 2020-2024 manual; source generation starts 2019 so verify actual year/VIN before activation. https://www.tesla.com/ownersmanual/2020_2024_modely/en_eu/GUID-E95DAAD9-646E-4249-9930-B109ED7B1D91.html,DRAFT_MARKET_AND_MODEL_YEAR_REVIEW,,
