source_row,variant_code,flags
2,vmm-f3392b26760acd356b3ba0c8beb2b41f4961744da3c1359d777dd7ea41080f41,EXOTIC_QUOTE_REQUIRED
3,vmm-528fa6f495e0717a670b09721c755bbc7e8d7555af3a1eeb8817c0d740e3440a,EXOTIC_QUOTE_REQUIRED
4,vmm-c901746b48feb04dd7eeb02045660b3cbe5d1588661198d8536d0024d28262ff,DISPLACEMENT_LABEL_CONFLICT;EXOTIC_QUOTE_REQUIRED
5,vmm-c87c89f660aaac1267ffff86f8ad1e1109ee84dc12fca8e209ff87c0604e718c,LEGACY_QUOTE_REQUIRED;EXOTIC_QUOTE_REQUIRED
6,vmm-873708a49331b77810189bad7f290e36fe33ae467f49b1f37648325222b0e4be,LEGACY_QUOTE_REQUIRED;EXOTIC_QUOTE_REQUIRED
7,vmm-35f78122618bd7e1817aaa4238cdaa487f75d51382e6779b2e45897f331f9d64,MASS_UNKNOWN_OR_OUTLIER;LEGACY_QUOTE_REQUIRED;EXOTIC_QUOTE_REQUIRED
8,vmm-a204bfeb16433103d27a1bac30f2e4f092817d9f2dd182f5571eb7dd89e7a8fc,MASS_UNKNOWN_OR_OUTLIER;LEGACY_QUOTE_REQUIRED;EXOTIC_QUOTE_REQUIRED
9,vmm-972da86b443d922ed49a7daa889e76750057a8e1ac1c037a3ed8710215f25047,MASS_UNKNOWN_OR_OUTLIER
16,vmm-addcf07a819d5b31d4ea9ccdc7b607227e0bbc9516169ddde27f300efd095c4d,MASS_UNKNOWN_OR_OUTLIER
18,vmm-3bdcad32e87f10177fe52beed30dc20d62ebbf933237771d5ef9377522e0bffb,MASS_UNKNOWN_OR_OUTLIER
26,vmm-078c07ce3efe0fc196e7e12c8033311d3c992e8dabbdc6487963d1a2bee4e622,HYBRID_COMBUSTION_FUEL_UNSPECIFIED
27,vmm-f1971c21da9f8b6342140d908b3ba507560967fb338558b939e8fbe4c982f657,DISPLACEMENT_UNKNOWN_OR_OUTLIER
28,vmm-c77abe6e69432e4de201aa45805b77243a643b6dc30d43a72a2a851ffb73f372,DISPLACEMENT_UNKNOWN_OR_OUTLIER;MASS_UNKNOWN_OR_OUTLIER
33,vmm-1f4ff8c55dcb507961a811689bc06ee1966b7a8d01537b969cd2d2f45f673953,LEGACY_QUOTE_REQUIRED
34,vmm-e5260df7403be4c163e9e8c40d7cb4f6c8e2aa23cb67e7f29d0c0607ef2d042b,LEGACY_QUOTE_REQUIRED
40,vmm-564277c8eedd2c4d9dfbbdbec8f14645d3c3cf6f6efa6c83bd3084e0199d50d6,LEGACY_QUOTE_REQUIRED
41,vmm-de2cfdcf48e7b64b8d4e1c58fbe25df5270b7fac5d6ff259cee61ff674c20784,LEGACY_QUOTE_REQUIRED
43,vmm-78181a98e7368f4136fa485fe76547930b8bf3ef195f2cdf6fb172716c5917a8,LEGACY_QUOTE_REQUIRED
44,vmm-fd9933014fe596e801951519b40b9c8ada04c6d5b6e77635c9ef7ee6f132a1db,LEGACY_QUOTE_REQUIRED
45,vmm-f1918dc1f54a0e3d25ed911589f0d86989aa24f4501402aca6320e814e41a4e7,LEGACY_QUOTE_REQUIRED
46,vmm-f2dec73d58022ac9700eb9c52156c631732281b976763621243323c96b367225,LEGACY_QUOTE_REQUIRED
48,vmm-e8e6f20744c5b1c907b9e860f762ae272bf3e80bb31137bfcf714a72e287e28b,LEGACY_QUOTE_REQUIRED
49,vmm-070911fc3f6b01d94a8a88c9225896554fdd9d503309b262a8f001701fb5fe87,LEGACY_QUOTE_REQUIRED
51,vmm-a31b35f58ec2bad68654b3e3d10ca911a6c0219d4cad16c366e344813a3b8dfc,DISPLACEMENT_UNKNOWN_OR_OUTLIER
52,vmm-c94b14075382e7ebe9d11b51b17561b88a0bc955676f6e7c593493f18c49fc1f,DISPLACEMENT_UNKNOWN_OR_OUTLIER
55,vmm-a46b99425e43ff41f7ac1427a52b5382674ca55aa9e255a8c7fd45d1523a50e2,HYBRID_COMBUSTION_FUEL_UNSPECIFIED
58,vmm-3d442b674004e0c85efa8631ae64bd391accf81a9f471eeef85d58a0cac37d21,HYBRID_COMBUSTION_FUEL_UNSPECIFIED;ROUNDED_FOR_INTEGER_STORAGE
66,vmm-02c1c7e7c4326a99219b264f3b339861b6bc8bbb73423e4cfe8c493c8a11e02f,HYBRID_COMBUSTION_FUEL_UNSPECIFIED;EXOTIC_QUOTE_REQUIRED;ROUNDED_FOR_INTEGER_STORAGE
67,vmm-93d2553db3c78c43bd73e1ec52c537f5c1718beb8e6739ef22e01747d936dc07,EXOTIC_QUOTE_REQUIRED
68,vmm-65f6a16138b58651b1fc87f966d1fe30e792641ac6336070ab986c7b31f0bd7c,POWER_LABEL_CONFLICT;EXOTIC_QUOTE_REQUIRED
69,vmm-d7d3ba49b99a0a4f29adac19ab5020a40c4a6da364a253426492316e1af6ba7d,EXOTIC_QUOTE_REQUIRED
70,vmm-af02e5e8bfcb34bfb7f423fc4f2a025b8e1ad6a320a3e05702b642a63625e86e,EXOTIC_QUOTE_REQUIRED
71,vmm-ca36640b3a383dbec42927175ef9fd295dbe3c0cea07f55f839b4ac4bc0a17da,EXOTIC_QUOTE_REQUIRED
74,vmm-3fc3f5d5af712b9aadb76a0289d75e99bff81b7d26bb383c5f77c70d64463450,MASS_UNKNOWN_OR_OUTLIER;POWER_LABEL_CONFLICT
75,vmm-67d246379aace5ce67536f2621ce5846f10eb49fa394db3e68150ac8e16a077f,MASS_UNKNOWN_OR_OUTLIER
85,vmm-74cee5be898a713cbd432b5db6cd482a40813aab6f22c31d44a58d20615035f7,HYBRID_COMBUSTION_FUEL_UNSPECIFIED
87,vmm-ee2d402fa89a5b08ae12326190a8c8da1fa15be1ee89e867891053e299769b08,HYBRID_COMBUSTION_FUEL_UNSPECIFIED
89,vmm-df5abf393b7b31f40466ccde7c26abd98180d2b834b8c08b1ec94b5d4af0cc6c,MASS_UNKNOWN_OR_OUTLIER
111,vmm-bd912f6399d3a7bbaeaa49a80b26dc50cfbfffc7408f5200b623b35af01e93db,DISPLACEMENT_UNKNOWN_OR_OUTLIER;MASS_UNKNOWN_OR_OUTLIER
112,vmm-4dd478ab443f73ee0735b496bddfa10e8a9618c5ad86286528ff9b933a9ab061,DISPLACEMENT_UNKNOWN_OR_OUTLIER;MASS_UNKNOWN_OR_OUTLIER
113,vmm-deadd09023c77e10c02042c5650cc0424accf2f18d067e826b4df71516654990,DISPLACEMENT_UNKNOWN_OR_OUTLIER;MASS_UNKNOWN_OR_OUTLIER;POWER_UNKNOWN_OR_OUTLIER
114,vmm-1836bd77264562b780666884aa86b7e13eb240bdc4a4b7ae1060ef25ea364a63,DISPLACEMENT_UNKNOWN_OR_OUTLIER;MASS_UNKNOWN_OR_OUTLIER
124,vmm-e4c2d566139b8c4e34ae7904c8559afc30bc10e09309880adfb86bdd6bba58c6,MASS_UNKNOWN_OR_OUTLIER
125,vmm-48fcf725767e514bdd585a7452ed51682b320b1bf6cd31f06746a4a9406d6faa,MASS_UNKNOWN_OR_OUTLIER
273,vmm-4f1e203885d6fa831aac02caeee2a1d1d45b631c45d5266f27193c411b5f9176,TRANSMISSION_LABEL_CONFLICT
294,vmm-5dbdc80be61f2b574491d226a47c2bc317a045baacc86387f08650a9b0a3ad71,LEGACY_QUOTE_REQUIRED
295,vmm-6966f2da38532b99be9d599f7dd56e91def515bcb5f223d9f96044dc8d0f08d8,LEGACY_QUOTE_REQUIRED
296,vmm-4ecc27f5f43aaf2441aec1ac653ab3fb8302cde220a360187f1834343a330f26,LEGACY_QUOTE_REQUIRED
297,vmm-f80ad33325628b166701104e08b694b2727eb83413593acbfe2c3cb371abf7fc,LEGACY_QUOTE_REQUIRED
298,vmm-6fc858561ee4386a8a990d9e1d051490348963d579bdb0c2b56aa204c0137180,LEGACY_QUOTE_REQUIRED
299,vmm-2e7104f3d98a7588d58cfb40fa06b7e89954c84fb8fce31565f2e5203e1fb799,LEGACY_QUOTE_REQUIRED
300,vmm-b0c833389bcff94f834016d734276635b14374b355ffa11e931c809e8f3bd5c5,MASS_UNKNOWN_OR_OUTLIER;LEGACY_QUOTE_REQUIRED
301,vmm-9db80d52858eea0aef8ae6ce3526dfe81ba81c57015674056fd0870ee15a6200,LEGACY_QUOTE_REQUIRED
302,vmm-1e0f09cc02319a3e71ce077ce0b5a28cd46b690217a166aac0c83220af3aa604,MASS_UNKNOWN_OR_OUTLIER;LEGACY_QUOTE_REQUIRED
303,vmm-58aeaf3021101c1d981abf90a44c3e0b8355569fb47db64e8dec390b9632b68c,LEGACY_QUOTE_REQUIRED
304,vmm-bca8516c7d1d3d6c319cf566d3bc0f4322f3cdbf0c86b35c627b223848d6cfda,LEGACY_QUOTE_REQUIRED
305,vmm-197cdf950da3943dcf37626ba56bb2952a4493550a7be7a9e38d5eac0d6472f0,LEGACY_QUOTE_REQUIRED
306,vmm-09af560de3331bb77ff156f68235190698b22af31eb39db8252e653374499dcc,LEGACY_QUOTE_REQUIRED
307,vmm-247878458f61a31fd6ebe21c32fb042ac1ebd69f760c52487f96e9a66debe84e,LEGACY_QUOTE_REQUIRED
308,vmm-fa8bb6ed1b9d9d2c856dd5b56493ff3b3808d441cbe6ee9fd11a0a029a176bb7,LEGACY_QUOTE_REQUIRED
309,vmm-206d5985ea0ef5e69d5bf21d999c0b536086b1a2a62436ea9a2d47d2cf94aea0,LEGACY_QUOTE_REQUIRED
310,vmm-3eead1c98cd5b647fd37659de91e990fb954a14007728d6e31402c6f72b6a859,LEGACY_QUOTE_REQUIRED
311,vmm-755b618ff2ccff65c7e0f21c5335056763614f02b5d1db49944777c1d43cd99f,LEGACY_QUOTE_REQUIRED
312,vmm-2c58e7e02fb6d538a7597745aac55c714974fb16f760c109885b594a9476441e,LEGACY_QUOTE_REQUIRED
313,vmm-0bef00b4aa3911907587cac7ea458a328534d7e00c968cda6a434bcf4ba174b5,LEGACY_QUOTE_REQUIRED
316,vmm-813f3d2c86c33fa5ee762ed69e2034c9b15ed4fafb10e3fb96a3346bf6fd5596,LEGACY_QUOTE_REQUIRED
317,vmm-bc99def2046d48dad60232934e0579b37503791799fbea7b1f5c40e1d09cd8c4,LEGACY_QUOTE_REQUIRED
318,vmm-be7f03dfba6417f6f5a774bae017c69f2b2c92d9ad7a3afcdc41cb6ab99eb401,LEGACY_QUOTE_REQUIRED
319,vmm-514e98eb339ecef40f65042641409845994529a24be688ecf7f0cd9866b26a34,LEGACY_QUOTE_REQUIRED
320,vmm-4ea63bb9fdf48238104aba83e8a3a777c5879d7adfb9f6a4554178a877a98bc8,LEGACY_QUOTE_REQUIRED
321,vmm-9b9521bf395075243ff555381d3704b91fa64f8d4cfe066c6f7743d839c4e933,LEGACY_QUOTE_REQUIRED
322,vmm-79aecc79339be7c72a05af653e88e65e6ea760f48f048600522c3d8b872468cf,LEGACY_QUOTE_REQUIRED
323,vmm-e146528585e0b4f67aaf38647d9502d8b0f2519096c3a1299c67ce9ab635b620,LEGACY_QUOTE_REQUIRED
324,vmm-2ab18abe119aeef1d9dd8739f75056eba2a4541f14d6caad8154285b7ee1b99a,POWER_LABEL_CONFLICT;LEGACY_QUOTE_REQUIRED
325,vmm-c503161fbc512ef5e9a107166ca4ad839ad413bfb636bdd2ed95461d3aa36efc,LEGACY_QUOTE_REQUIRED
326,vmm-6b83c3d151b53b05a7544313303108172803afe853058c90ddd334ff7f59fa8f,LEGACY_QUOTE_REQUIRED
327,vmm-a54a5ff8817c2b82c252d8a0b7892967fc6a6b65978290663b8d743eee0ebf4a,LEGACY_QUOTE_REQUIRED
330,vmm-3a4c02b669c42373cc6e6b391c22051e54560705f45160dbcf9581c56e527f34,LEGACY_QUOTE_REQUIRED
331,vmm-e50b895f422699ebf480963b7c4a02518e03190284aed5a1ecc9770979f867e3,LEGACY_QUOTE_REQUIRED
332,vmm-6351b00ee7b3deca1d5b2e821f20314b28597ccd15aaa11771662d8fd644c345,LEGACY_QUOTE_REQUIRED
333,vmm-f08a0c890bb3600a7236c3cd7c9ed8c156e3b3f2fddba392029a2819e4210531,LEGACY_QUOTE_REQUIRED
334,vmm-f923781f66175c9bcb191d70f9c87553c75d9ef5ac86e27f040120ae9dace2d0,LEGACY_QUOTE_REQUIRED
335,vmm-d1bd00bbe0f7079c908c15c7bc0b99f3b396e0cf3e4e6619abe2c4faf9b2c6f5,LEGACY_QUOTE_REQUIRED
336,vmm-9a705f529ac4f2b75713967bc8b8c5d7fc492f381f9bd7879cff62c325e039aa,LEGACY_QUOTE_REQUIRED
337,vmm-1d30f6e0e698d7280384bfbd7bee01697a5303dcc6ca960d36dce90b8424db76,LEGACY_QUOTE_REQUIRED
338,vmm-988319aaf0fd458a4b3b76e54768d3ddd8cf2153f1acd2651db5ff0f98cc21ca,LEGACY_QUOTE_REQUIRED
339,vmm-558942707074abe4e6e86f2e6a9ddfee40079f18119ee9c232b128b3f31340e5,LEGACY_QUOTE_REQUIRED
340,vmm-054b8d681538649c786691cc021cb187466a3b8ab62d5af4a745dffabef9844a,LEGACY_QUOTE_REQUIRED
341,vmm-a0eaae5a704a710d55b04b3ee35a5d51a35f88fb05738951e8fadbbf4dc87aba,LEGACY_QUOTE_REQUIRED
342,vmm-f674ff4d9477b87338192436dbe1865a193eb5f42c7e355ca24f3b465d623f59,LEGACY_QUOTE_REQUIRED
343,vmm-4256b8d17ba2e647552841c7ec3f9372ccd6d0f990a8eada3970dae4d4c014ef,LEGACY_QUOTE_REQUIRED
344,vmm-c076a5fc5a4fa36f3e1e7dff5fa90e8f5438f3ac19e3750c211db37c1caf681d,LEGACY_QUOTE_REQUIRED
345,vmm-b7485025fba3c3f148bc003cb590ca51fc47117bcd892d8de6640f8ed0a482be,LEGACY_QUOTE_REQUIRED
346,vmm-be6f1b8eec4cb5db20e1b11f630799e0f0e38a38ba12212b63d5d444c278d6c3,LEGACY_QUOTE_REQUIRED
347,vmm-f0e74aa87974113f5670cfeb7c262073a847712283b068a06d0a0a3eab00dcac,LEGACY_QUOTE_REQUIRED
348,vmm-4cbc9bfa2ae1a1c9201e9b06e5fd8657bec54076d93ef69e107e9f4f6b64ee82,LEGACY_QUOTE_REQUIRED
349,vmm-139970dc7dc7df98ff160ce69576775c841feb84a1112d407883d580c6ee4636,LEGACY_QUOTE_REQUIRED
350,vmm-eaed927f23a8aa655ac06a64bf37520617a0d33885fd7e694ec9305e5063c31a,LEGACY_QUOTE_REQUIRED
351,vmm-5832ef6100df6959fa314face3aba442ffa45670c61ddb91f8f96cc417964db5,LEGACY_QUOTE_REQUIRED
352,vmm-6f584f8beb7f77ca896734f64d90f2ac305102eb9e62e41faaff84bb2dd03904,LEGACY_QUOTE_REQUIRED
353,vmm-9c9d17ccf4c3a12ae4c2f625584556b7e6d623215e4324a8acd453a81eeef6f1,LEGACY_QUOTE_REQUIRED
354,vmm-73dd38ec866f9fbb368edfe429cfcf96c7d555410703fab140e82604ed59a606,LEGACY_QUOTE_REQUIRED
355,vmm-d99f9c80612e09cedffe1faa50340d7883755b84ef0b67da72700ccd8f7cab35,LEGACY_QUOTE_REQUIRED
356,vmm-518314828b742d43db55d3c0e62baf7e79b5dca26fc6895a2c563c54c45a9402,LEGACY_QUOTE_REQUIRED;ROUNDED_FOR_INTEGER_STORAGE
357,vmm-036524b1c474b1ac6c4c65bc031969fe8ec97696a46222bc1de5ade7009f7a4f,LEGACY_QUOTE_REQUIRED
358,vmm-566a77538c0f081fdd9f7eadb7c6df0023a5adef715378d599d8a2e4c1b534fc,LEGACY_QUOTE_REQUIRED
359,vmm-1139fbf4e414eca8c7d1024e9d58bffdeacd5439436cb775ec82c3500d266ca1,LEGACY_QUOTE_REQUIRED
360,vmm-7f123740dc809727326ffe7b33a95275c0b290b69c899b5819487a7905a54164,LEGACY_QUOTE_REQUIRED
361,vmm-6e8349a4243cd5c34c34d4d6e1209de876af2b837d7784653c2d00c57e135998,LEGACY_QUOTE_REQUIRED
362,vmm-2914d20f8d6fb0817ffe86e76afd55388d97da4b4869a7ba088d609ec0558ea0,LEGACY_QUOTE_REQUIRED
363,vmm-03acb4d9696e79492216aa7eadeb98b95ade0903afe024dc78dcd2d9e461546b,LEGACY_QUOTE_REQUIRED
364,vmm-155e45f22ec1398c06688e737bc875c6769bab6cfd81582fe4b623e808079d44,LEGACY_QUOTE_REQUIRED
365,vmm-ba72ed35b02e9d72093217ef6b26ae5d64115eb9d514cfd9af0bd271c1061679,LEGACY_QUOTE_REQUIRED
366,vmm-7ef7b5685140cd59dc27273bb66b4347cce48abacf6b2a78d109ec4dfa263cc6,LEGACY_QUOTE_REQUIRED
367,vmm-110c07833a743a4834319ec8c191aaf8fb5d23dc7c930dc23828c33ee72cb6eb,LEGACY_QUOTE_REQUIRED
368,vmm-c96ded54e38fa1de919578d931108d0f6c137b23db5ff6fdca55b765ee589749,LEGACY_QUOTE_REQUIRED
369,vmm-7211e311f7f7166c12e47abf39086a42c322fc649e2d5a32dd28eb67732e18c5,LEGACY_QUOTE_REQUIRED
370,vmm-99af57bc35a18ca5c62150f3683340bf8db14f227bb85400d562880006a4a591,LEGACY_QUOTE_REQUIRED
371,vmm-4d395810d55c18a14bf15d0553d267cb30765f03dbd76e685f8450b59ab4ce59,LEGACY_QUOTE_REQUIRED
373,vmm-4a6dc4d9f4fb7edd4d5eb127bda687977887fa4a94054059721498816efe3d96,MASS_UNKNOWN_OR_OUTLIER
394,vmm-87ed3ae7f371a1bf73edced70fd206c79c213ad2e15e0d6fbd682eaa221d249d,LEGACY_QUOTE_REQUIRED
395,vmm-f067b1d71a3ea35606c8f7c0f387cd3a8c945e5d2aee17811f186264f6ada81c,LEGACY_QUOTE_REQUIRED
396,vmm-98b2fca246a2d495d6d795d3b415e02f05922921ba32393980f24cc087e3f6e7,MASS_UNKNOWN_OR_OUTLIER
398,vmm-8e6677b8bdf78c74db4866459a6a436901577902bf6fbd5930ef4f6b29ff7881,MASS_UNKNOWN_OR_OUTLIER
418,vmm-96ebfaef7e59cc64fdc3e93807f9346a1c81f58ef9ee4ba0620f98f0f3dd0785,LEGACY_QUOTE_REQUIRED
419,vmm-0bc010c1d12400b8076a974cb3efc74e22bf0f8451ef38a4cc20b6ffa50e256d,LEGACY_QUOTE_REQUIRED
420,vmm-2f163a2d297201e1f2346c3edca52d22cd1348c7f4a77059a10584aa3765e3a2,LEGACY_QUOTE_REQUIRED
434,vmm-50c6f58d45a9be34978470490207f7375cbf1a3210cff3b8e7670ea90b471fe4,MASS_UNKNOWN_OR_OUTLIER
436,vmm-016406ee7279ace253b69da99c2e0f08629102cb87410a6c6681dda75361a864,HYBRID_COMBUSTION_FUEL_UNSPECIFIED
437,vmm-5baf2e7cc31008307c20986118084078120b9d3edecbf3a2d28b474f6feb5f5a,HYBRID_COMBUSTION_FUEL_UNSPECIFIED
438,vmm-caf19e8b1d72dc07a6006738cb351c9e75913e993098b6cb2837280603d6fad9,MASS_UNKNOWN_OR_OUTLIER
439,vmm-5d4e1d9eb87060e22886d64a67d7b0a603faeb19dd14b9da2eeead55a132541d,MASS_UNKNOWN_OR_OUTLIER
448,vmm-eea370fffeb47556fef6b6098267160d654ddf9369d260c660c4bb0dcfd64c23,TRANSMISSION_LABEL_CONFLICT
465,vmm-896410a9e410759dca5daed4cac0858d20e8b1c2045de2c9509ea2bf767e4b57,LEGACY_QUOTE_REQUIRED
482,vmm-ef6b3edf64b7f3f2b53b75251793f39dfdd130f60da3631e0307f42218547ce3,LEGACY_QUOTE_REQUIRED
483,vmm-cb835b7781b051acf83ff108decee945023c7ab5d399cd0fb07eaff015e4fb8c,LEGACY_QUOTE_REQUIRED
484,vmm-1a038acb876eda1d676a83a4e8cd7b68306c8890a27cdde2d9e18b03affdca0f,MASS_UNKNOWN_OR_OUTLIER;LEGACY_QUOTE_REQUIRED
485,vmm-3a4ffbd966993223468b39745bb9e805f68f032fd0ca966270f686f7dd39f1e7,LEGACY_QUOTE_REQUIRED
486,vmm-bbd8f6b2910d0e8d66ce6b93bd0ff87718ba0da1adbb10b6585e8611e3b2b95d,MASS_UNKNOWN_OR_OUTLIER;LEGACY_QUOTE_REQUIRED
487,vmm-1f5b9782ab6fa1a5546304565fb59fe501cbffcc981423a75d891437f02c8246,DISPLACEMENT_UNKNOWN_OR_OUTLIER;LEGACY_QUOTE_REQUIRED
488,vmm-e3ae6b5caee513d3c87711719a871178dfc3e10ac5c9dc91c7b0c8f6471032c3,LEGACY_QUOTE_REQUIRED
489,vmm-b76e2a9f7b73f2a86b61f7fe34e1ae5df0081177150e84663000af98d5208053,LEGACY_QUOTE_REQUIRED
490,vmm-9e88c3026898ecc71159bf101c3fee6e846d610c61a900774957077472c5d71a,MASS_UNKNOWN_OR_OUTLIER;LEGACY_QUOTE_REQUIRED
499,vmm-10354fb956cce727ef140157398021621aed033f71426ba4073b972949c70908,MASS_UNKNOWN_OR_OUTLIER
500,vmm-f55cef911d83d054863d0b5c8eda696b6e560d698b59be8a368dcc70d5132373,HYBRID_COMBUSTION_FUEL_UNSPECIFIED
501,vmm-96e9368b4c64fc89e6a59354b60c1a701b6e6c356b3a571165f74d0c8bf4e343,HYBRID_COMBUSTION_FUEL_UNSPECIFIED
502,vmm-28962671aaa9db6a097b5bb8950e98bdb84eb50c62cc9ee7ca8e71b8c9347ca9,HYBRID_COMBUSTION_FUEL_UNSPECIFIED
503,vmm-cd581a7fbf1ca3d54e74f7889aa66b29fc5b73a7c519d86bfc2337cbbb1656ff,HYBRID_COMBUSTION_FUEL_UNSPECIFIED
504,vmm-beb7de27b43b24480601d80e2d0451ee30870682be9c3c2f7576e83a47565467,HYBRID_COMBUSTION_FUEL_UNSPECIFIED
505,vmm-af0badbfe123e36b0e1677b9f51baac87cdb7a0cf4eb3e7bd4e6a585966cb3b4,MASS_UNKNOWN_OR_OUTLIER
507,vmm-a7bff00fb25aca4d25978debf9df8742848ab2e14010aa432cf171704627730a,MASS_UNKNOWN_OR_OUTLIER
508,vmm-d53c32020a4e119fb137e1a317bf177cec1baa746e32504be5cd85655df0c299,MASS_UNKNOWN_OR_OUTLIER
511,vmm-da1767e11fe2d66c2e566544b554d7f4130545397599c0e66dd0bc53705217b3,LEGACY_QUOTE_REQUIRED
512,vmm-123601987428ee4720dfcd75efed3b207b140421ed0af84969180dffb7cbd98f,LEGACY_QUOTE_REQUIRED
513,vmm-b2c9a644535ef7c56222a56e73de8606c5fafe6d88d963552f47bd554c09a714,LEGACY_QUOTE_REQUIRED
514,vmm-64e3033ec973a5a368dc27f9c87ac164db36a1adc709a77ee1772bf5e636dfd6,LEGACY_QUOTE_REQUIRED
515,vmm-ecca1e202aa11f6134f8e334eafca070bce5b0dad885d673f1edfba21098eecd,LEGACY_QUOTE_REQUIRED
516,vmm-0094f19481849c8c8f9f762c98112964045413a3fe956ec4f94f73b6e78ed86e,LEGACY_QUOTE_REQUIRED
517,vmm-67a4ed80fa56f3db1f5a88b54502c3c940c56ad1d13bb94ef65537d9da62905f,LEGACY_QUOTE_REQUIRED
518,vmm-b94e354e301e2202c3842fce3af5b560833d670568112829450d70692889a609,LEGACY_QUOTE_REQUIRED
519,vmm-bac3304c6cff468db723a762133818eea841479f728e5a8f6ab3e6b57ad951c7,MASS_UNKNOWN_OR_OUTLIER
520,vmm-b72400d7f56046a609bffe21f7ea9e61c9a6a2561aedd28c56614cbcb07bd3a9,DISPLACEMENT_UNKNOWN_OR_OUTLIER
525,vmm-a62a4b1327e9182aa13bcb04c45aa4f2533e1bc62a13ce7dc6b61be318b213fa,MASS_UNKNOWN_OR_OUTLIER;HR_PARTS_AVAILABILITY_UNCERTAIN
526,vmm-47d2845c690ee47a610ed332dd368b3f6da4ff19be8be55b55c821ac84016945,MASS_UNKNOWN_OR_OUTLIER;HR_PARTS_AVAILABILITY_UNCERTAIN
527,vmm-88827244f45ccf803f1eb55b4c8c946257ccf1cb0391adbfe4146e69ac9531bb,MASS_UNKNOWN_OR_OUTLIER;HR_PARTS_AVAILABILITY_UNCERTAIN
528,vmm-dc9b2d28089957e5507bbf83d70a57093c0f3e7271b4cf5ae5c422f6e314c1fc,MASS_UNKNOWN_OR_OUTLIER;HR_PARTS_AVAILABILITY_UNCERTAIN
529,vmm-6f42eea6100de40a61cc0874a2adf15ed335f0a7007a27a16f5fe18f60277255,MASS_UNKNOWN_OR_OUTLIER;HR_PARTS_AVAILABILITY_UNCERTAIN
530,vmm-ca60eccbccc05ea476e057c8c4711eb6011993e6156e8cd57d463204a7d451f7,MASS_UNKNOWN_OR_OUTLIER;HR_PARTS_AVAILABILITY_UNCERTAIN
531,vmm-720c8d52c8fb3f36dee41ff9fe441db206841b222c6343164ff22f3885a27a08,TRANSMISSION_UNKNOWN;EXOTIC_QUOTE_REQUIRED
532,vmm-c4dc81ba0676b912d95687f1b5af312186ac73bd5f60bf298f67803229524f80,EXOTIC_QUOTE_REQUIRED
533,vmm-96510fcbef46bf4e1c56a08695a577b8916cebc782f3dbda7b320ea7249da89e,EXOTIC_QUOTE_REQUIRED
534,vmm-c71ce092b717a597621c4a218ea510a4e95bdeb1dabb468efbced0926a327ba2,DISPLACEMENT_LABEL_CONFLICT;EXOTIC_QUOTE_REQUIRED
535,vmm-2fd5179d5a40a73e2eb14aabc3bb16489e3f31a3c769c860d56298ffd7995e8b,DISPLACEMENT_LABEL_CONFLICT;EXOTIC_QUOTE_REQUIRED
536,vmm-dc5c440472df6f468f809a8dbad8d805b845b8a51b1b257c0fe1ec35448cff9c,EXOTIC_QUOTE_REQUIRED
537,vmm-d2177317521d415f38cb56ea02c60841e827975b6a4116225eb7737fd63b25f8,EXOTIC_QUOTE_REQUIRED
538,vmm-7feabdfdd9fac627c5d41be9e14d3e70c21cb78d09fe9cab43335f1226b2f926,EXOTIC_QUOTE_REQUIRED
539,vmm-63e70e05026cd2401e5183359c001f8b670cac1620c1acd5ac0aa1af34876456,EXOTIC_QUOTE_REQUIRED
540,vmm-4b53a8770e69b5cb4c90c5c18ed3cf330658d5633fa51b86833924522e1d56e5,LEGACY_QUOTE_REQUIRED
541,vmm-27d4a0db71936f4950fca3a52be836d5ecb6c3f968061b1bc66d6e39cb6a9f80,LEGACY_QUOTE_REQUIRED
542,vmm-55248716b070c1e8587612db266700fe3db4f4f16f12c89437ff8d6636828f26,LEGACY_QUOTE_REQUIRED
543,vmm-c14997e977e2f92a5959406c717d9441a1a0573072e676ae4dfaee64e27fd33a,LEGACY_QUOTE_REQUIRED
544,vmm-0be732777c36dec6ec1dca0fd4c1565df949feea12efa22a527fc19cc84ef6e7,LEGACY_QUOTE_REQUIRED
546,vmm-bb1446ce1ffdee52f622780b53a5153219a36872080e704b29a1d516d3113dca,DISPLACEMENT_LABEL_CONFLICT
550,vmm-8ef6375a12cd5bb7f20da2fe8e2a336d21e51f657357e4d33b692bcacbb56a02,LEGACY_QUOTE_REQUIRED
551,vmm-33a50f82ae58f041841bc126a940d9a95dfee2008d9ebcedaedbd4049fea24c9,CYLINDERS_UNKNOWN_OR_INVALID;TRANSMISSION_UNKNOWN;LEGACY_QUOTE_REQUIRED
552,vmm-c0bdc18ea322cda77b3e9ad98c6a71c291d1de8b1866680981372c1c2a9f2c9a,CYLINDERS_UNKNOWN_OR_INVALID;MASS_UNKNOWN_OR_OUTLIER;TRANSMISSION_UNKNOWN;LEGACY_QUOTE_REQUIRED
553,vmm-a442e7c721d1002ad9812115616fbbd59879845f88effe93efb4ee7732700779,EXOTIC_QUOTE_REQUIRED
554,vmm-d8e2c62f04be8e1e708f6c515c4e03acb88f6ac9a7fad772939c7c7822b13eec,EXOTIC_QUOTE_REQUIRED
555,vmm-255520eb0ddd47dde01ae2542e8801412c8ef8ee63ad2d98f2397b461e8f4cee,EXOTIC_QUOTE_REQUIRED
556,vmm-cba0ffb716b2cf06b09ff9be5e41c30b1dc8e9b385f2ebd586876280fc394ffc,EXOTIC_QUOTE_REQUIRED
557,vmm-cb42b9b1c094c4291eac6920aa8541d7f649fa6e0cacb1b7f8f46fa2399152a7,MASS_UNKNOWN_OR_OUTLIER;EXOTIC_QUOTE_REQUIRED
558,vmm-d14d393f1bdc03a8a001bc1f2176778e77a7fb95d8102e6adb1dc217fdc66e0e,EXOTIC_QUOTE_REQUIRED
559,vmm-cd6f39573dfcabb1b8054bf11af1ab81903ca5c5417087ad78d3631f55f12102,EXOTIC_QUOTE_REQUIRED
560,vmm-13ff2f33124ddd440c1291d276892345500b43101e079c8c6d3a9c0121cc2a75,EXOTIC_QUOTE_REQUIRED
561,vmm-a475031df9464fc60a7016d42391958b5895151cd6e861698371c2bb324987eb,MASS_UNKNOWN_OR_OUTLIER;EXOTIC_QUOTE_REQUIRED
562,vmm-c33ab3e6485808d09520f31ad6dc3d4ffd9efafb3f257e742c2578d59d28c4b9,EXOTIC_QUOTE_REQUIRED
563,vmm-26d3df620bd491bea5c62b90a4f6572ab0fe3695542a6232584642e8ec21ddd1,DISPLACEMENT_UNKNOWN_OR_OUTLIER;MASS_UNKNOWN_OR_OUTLIER;EXOTIC_QUOTE_REQUIRED
564,vmm-e94a2c2f51a6a6eaa179343f9d1c05cf6a4835b79707ad058d6bb64ef99f6440,LEGACY_QUOTE_REQUIRED;EXOTIC_QUOTE_REQUIRED
565,vmm-628b6211de15df4fa0037b9b9777ff181aa3577b82d2e5349ca1fd1695a591f0,LEGACY_QUOTE_REQUIRED;EXOTIC_QUOTE_REQUIRED
566,vmm-29e4df48f19378a7a401a64ea1dcb0ec7f6f8437950b731a875230d372945667,EXOTIC_QUOTE_REQUIRED
567,vmm-92a53a272d51f1f0fa36ac16233014671e7e8928315b479ff00c61a2963c81f9,EXOTIC_QUOTE_REQUIRED
568,vmm-688a332514ccca150c4169781a99a028189fb67153de045b71d41cd868df9a0d,EXOTIC_QUOTE_REQUIRED
569,vmm-92753defcd6b83f5e0c9cbfa8a7649b957cf3106f7215d441a15c64ebc4dc953,EXOTIC_QUOTE_REQUIRED
570,vmm-b45f64bee0ae1f6970105d9ad61bf7a7c7ea31dfca4f6b703f69c9376608d238,EXOTIC_QUOTE_REQUIRED
571,vmm-2e31b345f517806ca27ff1d453210b5c5732c0f1ba6fc158389acbb9aa161f70,EXOTIC_QUOTE_REQUIRED
572,vmm-208ab436257f49d2859dacc51b714502eb6ef9fa77f447ad2dde7479fbe887b7,EXOTIC_QUOTE_REQUIRED
573,vmm-6057f055115d4dcbb23e29a5552145c8bd9f4571feac9f8c7f785b04ae1dfbf6,EXOTIC_QUOTE_REQUIRED
574,vmm-bbb802ae3a3eb5e2959a99d39e8596657a289d81cc7a5c8fdfabbe1a688d0b96,EXOTIC_QUOTE_REQUIRED
575,vmm-c9d67acbf3c75e69ca982d9d82f230519ef32865152a7dc5d46998371b13dbe0,EXOTIC_QUOTE_REQUIRED
576,vmm-65cd42fe1f62b994227e243e48913a6660d3941933ed3f8ba4ed53169cc1b111,EXOTIC_QUOTE_REQUIRED
577,vmm-80fcbe28b81510a79b675e5f467ea73e92fbd35a0a7f9ce7bf2798a4682e4320,EXOTIC_QUOTE_REQUIRED
578,vmm-395cf18a47842018305d4fa78f2029778e5c50f2341c55a49cc22f42242dde28,EXOTIC_QUOTE_REQUIRED
579,vmm-6ff24d9c16c7225c4ad9fd82d595b1b5e9f8b9ccf07736e85d0e5819093c8c6e,EXOTIC_QUOTE_REQUIRED
580,vmm-66dd2be9983a3e70d43b06a697df7a8b519b0f5d43c17c55024b4be03575d3ab,EXOTIC_QUOTE_REQUIRED
581,vmm-4b3b7fa910729b3debcee17fac8d62ecda0d89712e4013e6c937af7726883a4b,EXOTIC_QUOTE_REQUIRED
582,vmm-21e1a401695a54a5b23f5d491648778fbb27aff44b281c860a287a76563c87a5,EXOTIC_QUOTE_REQUIRED
583,vmm-3fe5b3064cd9d78f151e24ffec40c421698b81d77fbe2a7e80e389ee11772fdf,EXOTIC_QUOTE_REQUIRED
584,vmm-bde2d4ce373c63876e72b949265104297038b32215fd467d8910827698401379,EXOTIC_QUOTE_REQUIRED
585,vmm-313a63fb1ae810f329349023402732cf029b50558fb115a52aba09c21b4dd3a7,EXOTIC_QUOTE_REQUIRED
586,vmm-72fd0f00a36a353c2a393f6711c90f82ce2ecdfe20e20c74b5dc44cb3502b512,EXOTIC_QUOTE_REQUIRED
587,vmm-9848d7b7d7ba70e83f7d673b9ffa69c8fbd1dfd709f93f41aba5bf67edb5ca55,EXOTIC_QUOTE_REQUIRED
588,vmm-5824bc7791a7ef8c7c4d00836ca0696f16533aca8fdb52b49950c84230cb7c8d,EXOTIC_QUOTE_REQUIRED
589,vmm-b7e2de64bed19ff115c54323877989d27bed475f89979501689f612c8e27f7ce,MASS_UNKNOWN_OR_OUTLIER;EXOTIC_QUOTE_REQUIRED
590,vmm-84597e99cb256a5411db7dca399f528b0312a924b62cf591b7a56c4b3d17d854,EXOTIC_QUOTE_REQUIRED
591,vmm-32eb826a539a86b4ae6797b612affd3defef31fe3e8e744b83fd7ecb2db6aed3,EXOTIC_QUOTE_REQUIRED
592,vmm-a67973dcbc7b99620e634795b65576d4b9fd862a08e84db3385d9090da340063,EXOTIC_QUOTE_REQUIRED
593,vmm-c305bbabb4b0361c00ee8cfe04252fbfa0e5bf51d508cfafcf1d35c031b3a01b,EXOTIC_QUOTE_REQUIRED
594,vmm-2d0e7119a1572e49e822e0f6a87f12389bb2bfaccac46f43a993efc613af5985,LEGACY_QUOTE_REQUIRED;EXOTIC_QUOTE_REQUIRED
595,vmm-94747943d79fc0086db460c2b8c08458c1e59fcee30f9cdcb7171049edfebb89,EXOTIC_QUOTE_REQUIRED
596,vmm-8df02a675470d940a954f83be24ab9acec161e3e0340dc4cacf094ad43699d12,EXOTIC_QUOTE_REQUIRED
597,vmm-fd3c9d46035c120ef9dfef84400cd8dead63c69b46cbac0fa63bdf50a0bc13c4,MASS_UNKNOWN_OR_OUTLIER;EXOTIC_QUOTE_REQUIRED
598,vmm-8b5d3a272ba4d20c5fa91d1a31f03ffccc8e2d0c90178f9f58c4c944964b7400,EXOTIC_QUOTE_REQUIRED
599,vmm-7aa99b3ea0e86039b717f7d1d323d20fd2fb689fae38737c5625ac5ea290a832,EXOTIC_QUOTE_REQUIRED
600,vmm-1501a1dd7f2d73b27227a3671b80b0870f3fcafba34f6f43e1f8fb30ba858d97,LEGACY_QUOTE_REQUIRED;EXOTIC_QUOTE_REQUIRED
601,vmm-d34f9c0d82cb6d467c8b3bfffcc2594607e4217a805adf936b685633abae33a3,LEGACY_QUOTE_REQUIRED;EXOTIC_QUOTE_REQUIRED
602,vmm-5998a2b8f3978b28c3c2c9c3fe219c9ad9b71aa288d4bbbb083f405a4bbb155b,EXOTIC_QUOTE_REQUIRED
603,vmm-bc83835aee2c2c83f5f1e683687629c785688e79042f2f08e81cd935bd433be0,EXOTIC_QUOTE_REQUIRED
604,vmm-88ed29ab337ad257bd00a491336c718351bfe3cbe7adfe3aefd40f03b71c9c42,EXOTIC_QUOTE_REQUIRED
605,vmm-ce4ffa6ca581d99165c02ae5e6cc540a4656e026b26e5067cf2e5b860a007adb,EXOTIC_QUOTE_REQUIRED
606,vmm-b1a4ff0655d634cb025fff2035a67e1701fdbdadc9dba485da5de3be0e27ecc6,EXOTIC_QUOTE_REQUIRED
607,vmm-028623ab74c886fe197aff71a76591eb5cce1d1f5646a9e264bcaa21e5e4ede0,MASS_UNKNOWN_OR_OUTLIER;EXOTIC_QUOTE_REQUIRED
608,vmm-6393f616cc7d92a39bb029212ff2291f9b44082b8f7fe71f375a61509fac939e,DISPLACEMENT_UNKNOWN_OR_OUTLIER;MASS_UNKNOWN_OR_OUTLIER;EXOTIC_QUOTE_REQUIRED
609,vmm-955164f32b6b5cf59d3a2e58e9c1deb49e6855e669dd4d9598815cea29590674,EXOTIC_QUOTE_REQUIRED
610,vmm-829545cac6ce40f600938e821872875d6609a0aac43b199f86c58091ca6cf9b0,TRANSMISSION_LABEL_CONFLICT;EXOTIC_QUOTE_REQUIRED
611,vmm-7d3713fedcf088e68baaa4294303b0cd42a7966f08500192483de5445eaa87b9,EXOTIC_QUOTE_REQUIRED
612,vmm-5214ad25d8badba332acaf8aee72cefa613612959010b9700144dd091ffed622,EXOTIC_QUOTE_REQUIRED
613,vmm-6d856216dfed8aa9fa8d094e73edeba64be7f9e1053366779352a178121c46de,EXOTIC_QUOTE_REQUIRED
614,vmm-19bdbffbba5ec4e41b1283e578679d34f37700ea88a6c932357276774fe8b66e,EXOTIC_QUOTE_REQUIRED
615,vmm-de7d819085407ad7871866ca5a7aebbfe6c55a58bc5322c422b236e0652f79a8,EXOTIC_QUOTE_REQUIRED;ROUNDED_FOR_INTEGER_STORAGE
616,vmm-2083fafd902e4cf6f3407e814b0d11763355114a3d336c53786e7fcca98e390e,EXOTIC_QUOTE_REQUIRED
617,vmm-eafe3cfc3687e0b33faf6cd8ae22005bddaed6bfc75369cd513d9abaf13dd415,EXOTIC_QUOTE_REQUIRED
618,vmm-8aec7cce0cd9973e4c4605ffa86eeba273b654e20eef90b3a4e7688e7ea2e7e4,MASS_UNKNOWN_OR_OUTLIER;EXOTIC_QUOTE_REQUIRED
619,vmm-13def30b12c6b45979820c79b0a7f3e3a4d95ba10f869fb08486ddd89d0797ec,DISPLACEMENT_UNKNOWN_OR_OUTLIER;EXOTIC_QUOTE_REQUIRED
620,vmm-439e770965679c62f1197bb8b522027093b5a124b8f79fe250050f880f40ae6a,EXOTIC_QUOTE_REQUIRED
621,vmm-c4d66f639f8c6501478a27bcc86f4868b41ef105821458017fde7a2b0220dd33,EXOTIC_QUOTE_REQUIRED
622,vmm-590f7c899eecef841c4742c78597a77ccc097abe876fb741f51d6a17fd06ce7c,EXOTIC_QUOTE_REQUIRED
623,vmm-98228ad711ed5c017384e0b1bd4cf1f73689e1f18a514a6cecf6ae2935d7f351,EXOTIC_QUOTE_REQUIRED
624,vmm-9919594701a0aa7fe35a9033636b525bcad2433a378e96fdc718c479173c751a,EXOTIC_QUOTE_REQUIRED
625,vmm-88876995f5d949cff08f3dc6494fac22839ec87cb5194e5e6a6b55f222eb8e0b,EXOTIC_QUOTE_REQUIRED
626,vmm-c0b0e8edcef55640e20742683232d984e6c71a58699f2bafb8ae6cd5a030a7f9,EXOTIC_QUOTE_REQUIRED
627,vmm-ec6752a6527607989c7927b0f334ed6970e21429c85d9a0545c1710a7092b9a2,EXOTIC_QUOTE_REQUIRED
628,vmm-ff0a4920eaac3e9002e6ff01a7929eb4e67bbd21a9e1f21e6838d0e479efebcb,EXOTIC_QUOTE_REQUIRED
629,vmm-231160dc056456fb533b18305a5c37cf0742982322975976a0770470156087ad,EXOTIC_QUOTE_REQUIRED
630,vmm-4a3d244dc64921db95253ec5ba07c07ec14e64e53f07afbc2901b6a5b0a1a66c,EXOTIC_QUOTE_REQUIRED
631,vmm-2c5d53b16419cf2b50d385f14c5b13ae043db1d983b241fd4627bd4c68214e4f,LEGACY_QUOTE_REQUIRED;EXOTIC_QUOTE_REQUIRED
632,vmm-38bbe1d40406cd857e82a5eaca51ec57d8292bbc34d53ede20ff9d6094ff08c3,POWER_UNKNOWN_OR_OUTLIER;LEGACY_QUOTE_REQUIRED;EXOTIC_QUOTE_REQUIRED
633,vmm-7256c4c6e3b16d2375a235912b6fbbadb2c250240606f3fb260ab86ed10d8e1f,EXOTIC_QUOTE_REQUIRED
634,vmm-d464e7acb35ce6e0cf1b567f2fea66dd4f73e8ad4bfa3e2646ebe5c5aa89a277,EXOTIC_QUOTE_REQUIRED
635,vmm-14f2c84b98e169e1be94eef83b6993aa139b829878449f8b0033fa4869e00952,EXOTIC_QUOTE_REQUIRED
636,vmm-333840419b5452f8d5abc33c315fb7751dfd64b6bdcc2cadfa91736ba1453d89,EXOTIC_QUOTE_REQUIRED
637,vmm-ad13aecc425b59cf279d712410380f3fb2e43173f6a74c8e31197c5562c7467d,EXOTIC_QUOTE_REQUIRED
638,vmm-a08004f1960a452df40af00c6be85d41c82b10ca696ee34a5735b73bdd486b2f,EXOTIC_QUOTE_REQUIRED
639,vmm-5a3ca74f319eceb945b22b2515e63b6cc091a93221a84a0a08768b9d9411528f,EXOTIC_QUOTE_REQUIRED
640,vmm-ae7610909ccbe9ff69aa3c0788d4f730ad6834481786055f93681c3ba7fcd341,LEGACY_QUOTE_REQUIRED;EXOTIC_QUOTE_REQUIRED
641,vmm-6fea1915ccaad92e88abce52b224c9190e97fccaa911b9acc5f8bb9919bb8cc2,HYBRID_FUEL_UNCERTAIN;DISPLACEMENT_UNKNOWN_OR_OUTLIER;MASS_UNKNOWN_OR_OUTLIER;EXOTIC_QUOTE_REQUIRED
642,vmm-1e52c3d54f0f03af144fa98ca49557273958d0b010128471e6a17dbb2f011fcb,DISPLACEMENT_UNKNOWN_OR_OUTLIER;MASS_UNKNOWN_OR_OUTLIER;TRANSMISSION_UNKNOWN;EXOTIC_QUOTE_REQUIRED
643,vmm-b2522d42a95be718cc32d6359071b7bed111df67c87e61584ca298dca2ab551f,EXOTIC_QUOTE_REQUIRED
644,vmm-318f0ebc205517b8ee1a15179a0dea7d8774d517b76e5f4b246444f7b14b3642,EXOTIC_QUOTE_REQUIRED
645,vmm-f60af7c8507c9c786f2fe9412d4b78985fc78754ce8e83be6e75963a453a0cef,EXOTIC_QUOTE_REQUIRED
646,vmm-672bb497745bb372117d81ab8b046ae7beb105de611848a0c7bdf86a0d7081d5,EXOTIC_QUOTE_REQUIRED
647,vmm-a441133bbd753f31f8803862642cf9b4d02800d45d827635e13c31cfd48cca93,EXOTIC_QUOTE_REQUIRED
648,vmm-a0e972689a62967154f13001d614aed9572e04413cf7e75c113972252a92f016,EXOTIC_QUOTE_REQUIRED
649,vmm-262f5232391aeb20dfa277a8db5ea3ce5198950a871f32a9941a552123547a1e,EXOTIC_QUOTE_REQUIRED
650,vmm-00feec9a6cf1458cc9e1667a21193d7a2c4ca532856ed5cc3396813d133ea3be,EXOTIC_QUOTE_REQUIRED
651,vmm-4b18c70bfa1860f3214ad8036337e794064cc62939eda8c5e8d6a9afc2773a44,EXOTIC_QUOTE_REQUIRED
652,vmm-58bfea0b5e9bdd60beaa5aaa6237885e1ee49d0b035e6f67c6839cbc78084d36,EXOTIC_QUOTE_REQUIRED
653,vmm-f6464e07e904e8b54efef860ea079fd46419fd1c80275c0ef22283c311217adf,EXOTIC_QUOTE_REQUIRED
654,vmm-aa716d966abb50a802e0863e51355dd87a8b726912a7f7d780bbc0dcf0377497,EXOTIC_QUOTE_REQUIRED
655,vmm-582b21bf0513763041b22e0e9b661310a5ce7f15d0545e86f5fb9b327dd38dd6,EXOTIC_QUOTE_REQUIRED
656,vmm-1843d01c6e7d25d78f1a5230ad842e964a8a88b1fe98f66250d3b9a83320712a,EXOTIC_QUOTE_REQUIRED
657,vmm-233a481f86cab36d0a3771559c6b9f5c499a1c867e7207260444df89845590c8,EXOTIC_QUOTE_REQUIRED
658,vmm-9b7e3c276b0a6217e7ab630b4635db33e85bce9cd3f801163ab575783e3a4bfa,EXOTIC_QUOTE_REQUIRED
659,vmm-99278482c88ad61811a858704ec93744d2cd5278aa653aa538b0e687005aafca,LEGACY_QUOTE_REQUIRED
660,vmm-311c65639812df7973f940fef8edee20f14e67262da50c5009583acd5e6c2583,LEGACY_QUOTE_REQUIRED
661,vmm-8f3377a8f8e2454b06a76586da905192852f61ed48f8e8d238178ba1083fe4d2,LEGACY_QUOTE_REQUIRED
662,vmm-ab54253400a3e9ce1ae5fd4f19b7e4b9d4a24a0c28760c7164eaade961763a11,LEGACY_QUOTE_REQUIRED
663,vmm-74161af5a00675b39ae957c7636e6d6034d32cc5d832c233a6523a0447c03e81,LEGACY_QUOTE_REQUIRED
664,vmm-216333b1faf29b5ad6e49c2e2a95ee73fa5ab010dceb9c418b05796c0fbd0946,LEGACY_QUOTE_REQUIRED
665,vmm-2731494cc2ed90a2b6244f1eee4aad635f9b8bc120779138f9ffacdcf058dc29,LEGACY_QUOTE_REQUIRED
666,vmm-d9cb4b6366844ad396036a07a623ad2f61e9bf81db4a77b5718f5cabc6703bb2,LEGACY_QUOTE_REQUIRED
667,vmm-9ccec17fd64e1d2051cdd6cd804a75736db4c1bd3ad5cd67c904a812f6b75e1c,LEGACY_QUOTE_REQUIRED
668,vmm-14fc0cbc6fc8cd105d1a9c1bc83f2f8181164039808f733752e1fd4c88ba79d1,LEGACY_QUOTE_REQUIRED
669,vmm-2f05b32beedf54d71f787537c27cfad121847913b2998ce79070aeeaeb170e15,LEGACY_QUOTE_REQUIRED
670,vmm-1a3fb67c6320552c3e9471e706b71d2332dd0277f6a0298dc02160e15f836924,LEGACY_QUOTE_REQUIRED
671,vmm-55c27156e39613318fa256f6d63c974d04872ce1f9f3d61cea1e4469140fdee3,LEGACY_QUOTE_REQUIRED
672,vmm-97ebb4c209b62d3794ad8fe3ececad2efe47c8e6cd5aa220433da3a007e9de10,LEGACY_QUOTE_REQUIRED
673,vmm-3e39b7c4622605363bda1f02926c781e8091f6b0539a1ba01f45b423e68d0654,LEGACY_QUOTE_REQUIRED
674,vmm-00d90853588f8c42d1d2583b03b60c7104be86826cdc697b79d78654531d3a3f,LEGACY_QUOTE_REQUIRED
675,vmm-b6a5f0da397bed6d5df3e925d5b7c7241a7b64693697af3a0a4af6a8c6f68428,LEGACY_QUOTE_REQUIRED
676,vmm-872b5c62945deeffdc0856178d44593d7501249323b81b5376e8ac50f40a09e5,LEGACY_QUOTE_REQUIRED
677,vmm-5e2f136a50158d89a92b01f459184dd70e4b40fca7501b1085237ed92714b74c,LEGACY_QUOTE_REQUIRED
678,vmm-925e895949aa99830a8d72ab24a1eefc0e271188150f5145c05bc0e4a2339f03,LEGACY_QUOTE_REQUIRED
679,vmm-18354b69f7ac08f73cef54f7242acd3830749f4955a020b5181d92b43824e9b2,LEGACY_QUOTE_REQUIRED
680,vmm-bee00b5e729a32ddf20db2bfc470c764fa85aef9c12d586d98f03ba5d8d0e759,LEGACY_QUOTE_REQUIRED
681,vmm-e31b85e6bcc146152d696f0f55bd82efd78fa24494b0b3468470302ea4dd0a4e,LEGACY_QUOTE_REQUIRED
682,vmm-90bf5123c11d775d18b295aa1532b959814fe5957e0b44f0e7bd2bf944dab6d2,LEGACY_QUOTE_REQUIRED
683,vmm-f5f7543e09822390a0be1910e0202367032b2828c4959be1eb3cc397e45bf0c6,LEGACY_QUOTE_REQUIRED
684,vmm-94a4d87416acc67199595c1d989c94070b0b797e5a3bf5d8a73a55a901866b3b,LEGACY_QUOTE_REQUIRED
685,vmm-1f9711ac55ee5e9a4f7314434900646e70855ba3762b971562a30285394886dc,LEGACY_QUOTE_REQUIRED
686,vmm-593b05b8fbf9f8b3aa58fb3c4f2287cdbedbbe4bfdfc40a210beb10a2383f7d1,LEGACY_QUOTE_REQUIRED
687,vmm-653739c5fefb0afa3b5b3c3c6a35d3ef593357fa1f303b7eded728a408f0dd23,LEGACY_QUOTE_REQUIRED
688,vmm-7e763e718e3249568df069eb15a55e65918600d7460f444f7a7b8d1e3daed604,LEGACY_QUOTE_REQUIRED
689,vmm-214c25ad351c3b39d525d54ad16b9684b5a9c4375d3eaa5e569524d5c012a78c,LEGACY_QUOTE_REQUIRED
690,vmm-27079e385c72255115ea0f4a23f9f4f7065a7de7b5347e436c0fbb832e9e985f,LEGACY_QUOTE_REQUIRED
691,vmm-95cf35af910aedefaad71bfe029852cc54376b244c7accb8f7a265b76c295ad3,LEGACY_QUOTE_REQUIRED
692,vmm-72d131e72fed560cc82db6d3c5e81e13c9e16248a72c4b48059ae52e6982b61c,LEGACY_QUOTE_REQUIRED
693,vmm-f0b8a426805792c4d4c9170fb4f026cad047249083e3dd97abf87387d17b0a79,LEGACY_QUOTE_REQUIRED
694,vmm-f5e2bc94f4489688b788b06880862068960a0d5d9a231f9a7a18764ba28670be,LEGACY_QUOTE_REQUIRED
695,vmm-a7125575c1f57513e6243d24fba39cc835fb18ccd0a2428b7fe3dab1ba4375d7,LEGACY_QUOTE_REQUIRED
696,vmm-2e5ce548003804d7241e28b40d50afac9d0009f261cedffe89bd5b6d8c40e263,LEGACY_QUOTE_REQUIRED
697,vmm-bbedee954629c4b6a4db85203f054df5e47d3d45de362366b3c58185f119dc28,LEGACY_QUOTE_REQUIRED
698,vmm-245f928ce155e5a82bc00daa2009680abee1b852da9b170edc5a10ae4e58dcdc,LEGACY_QUOTE_REQUIRED
699,vmm-0f0cc583f00a49bc5413d325f122f80bfc13a651cafc517e29dfde54893919ca,LEGACY_QUOTE_REQUIRED
700,vmm-57b173bb1c9082ca484e38146ab854db0566722b63ed4defc74aec09f3fc45eb,LEGACY_QUOTE_REQUIRED
701,vmm-50050f62c771d5052fe3e0d4909853f286d7e3a327637326f751eb627bdde7e7,LEGACY_QUOTE_REQUIRED
702,vmm-bc9380833b2330d4bcddd2f7a0b756afff2f5b480ee838b345e3e25a8faa93b3,LEGACY_QUOTE_REQUIRED
703,vmm-d87cad5e56184b4b417bd8ad16804b5d6556f942678593878b61e1dbc5afcf54,LEGACY_QUOTE_REQUIRED
704,vmm-c9e2ee5cb388a92b74b7ef56b5ff1f3d8bd640d56f58a7f1fc238d8b73caddbb,LEGACY_QUOTE_REQUIRED
705,vmm-a2498e66d3a82fa80a2b462f6c795b989466aca3639a1065d731387904e4da26,LEGACY_QUOTE_REQUIRED
706,vmm-fd010bfa5c38394bd4680aed60ee4b67d34f38c49fbcc7f5938ca398719b1f4f,LEGACY_QUOTE_REQUIRED
707,vmm-b77bfd8e6658e251b2cc0ed24ea7b29abc55967ecb1f1bd0cfcacefde64ed922,LEGACY_QUOTE_REQUIRED
708,vmm-26cef356729dd75b8f8160c8f92c54c90af42d23cf9d54bb30cf3496d3677f28,LEGACY_QUOTE_REQUIRED
709,vmm-b4853c5e578fbc613284885831759b7c3cceef7e1cd7fa7a1fa7d06fc0757d67,LEGACY_QUOTE_REQUIRED
710,vmm-04f1e503c2e3899caffa9911969514eca12a07ee91d561d5f46104e7fd349d6c,LEGACY_QUOTE_REQUIRED
711,vmm-c14490c60bc0d5495de927355c34756f57f694c6dd366afb8b10c3c5ba817df2,LEGACY_QUOTE_REQUIRED
712,vmm-6d17e4854ccbb622b5cd44563f9502627ed5924767bd4d87b2ebb6e1a7fadb11,LEGACY_QUOTE_REQUIRED
713,vmm-9366983baeaed7cba2f7827ccff63a085df2a6ad806ad910c8fe5307b4564269,LEGACY_QUOTE_REQUIRED
714,vmm-ff9bd440a7307a7d7347f913d9cabfc65cd3da5c92cc6b3ba3fc631f3d2cb1e8,LEGACY_QUOTE_REQUIRED
715,vmm-f8f310406d3fc1f7778fa41b084ae4a8d14050884d9ff68fd7641e41f3079ad3,LEGACY_QUOTE_REQUIRED
716,vmm-77bc7f1dad993b031688fcd3f4289e19a730c63cf640a99e1dca787c1264dd1a,TRANSMISSION_LABEL_CONFLICT;LEGACY_QUOTE_REQUIRED
717,vmm-6a0465f928319aceecb6c00904044bc8104668b16876eb252d606d993d157e4a,LEGACY_QUOTE_REQUIRED
718,vmm-ee87bb155c818ba52fe18a5db0cc3cd887ade1dca222aa15e5a02864ad7aec6d,LEGACY_QUOTE_REQUIRED
719,vmm-d73d2211c6c4c0e02a62ad49797298225c693aa1a06c408b6d8d06d1f036d064,LEGACY_QUOTE_REQUIRED
720,vmm-f44c1530e127f665c88d7d5b6199921f3bd184ca33722047d580569f412ef063,LEGACY_QUOTE_REQUIRED
721,vmm-6b41df5b9bec74c904c37c219fd9134ffcbf648b066679187fd9f126626f3980,LEGACY_QUOTE_REQUIRED
722,vmm-652248fa2973e8e65fc4b5b91f88c1d9f1598a48656fc3917b6c178d6e03ce32,LEGACY_QUOTE_REQUIRED
723,vmm-92054c188508e9fc8ee574241aa20d1368a79697b21581c7805e4b8636768a14,LEGACY_QUOTE_REQUIRED
724,vmm-05e9db8c0aba6a2308d112802b1253bedba991670579a8cf35e09c8dea8607a5,LEGACY_QUOTE_REQUIRED
725,vmm-953a5448b1ba052516499894b43768e6de71cedf9228b282fc8e28e0db57805e,LEGACY_QUOTE_REQUIRED
726,vmm-a0fc3efc4f71df92282e88c18d247c197d65efb8d20fdf610b015983ed981bb4,LEGACY_QUOTE_REQUIRED
727,vmm-906eb6b1e738f273c522ea91d0bc616f4450bc615f4aadfec7b8936e6e526381,LEGACY_QUOTE_REQUIRED
728,vmm-f420d8e3c79717b78582e2df337d22ef33af4d8870ad91bac9ad34389c24b6fd,LEGACY_QUOTE_REQUIRED
729,vmm-52a27eb2c1b0de283a48be68442ee3092da017158f096f1c9594e5a8ff98a179,LEGACY_QUOTE_REQUIRED
730,vmm-d74626271fa7307e90cbb362b4e53869c285abbe8f530adfa1584eaec7f3a93b,LEGACY_QUOTE_REQUIRED
731,vmm-42836bf8f2e55624ae3b03759e64826a8e8ffe81a38c97c89d1dc238ed53d0a1,LEGACY_QUOTE_REQUIRED
732,vmm-2794d922b2b6a0af33542999aec2142ca1ae8ea9c99ae05060f7b4ac0469974c,LEGACY_QUOTE_REQUIRED
733,vmm-d8d8c106a19c619a5c0aec655293521d8d5175126935f6fc1e84e242b3e608dd,LEGACY_QUOTE_REQUIRED
734,vmm-238d30b85c81d4082185b0e0590091fd1358cf081c85b324d0da3cf6821abed0,LEGACY_QUOTE_REQUIRED
735,vmm-3401a7bfeb259c45e1770b25076c5e38278ee5153376a443e090a96de1bccd58,LEGACY_QUOTE_REQUIRED
736,vmm-c7b69683ec3a46f20094c79c15bfa40aede4f8183be436b6661c20cd21857311,LEGACY_QUOTE_REQUIRED
737,vmm-59645a362261f6e67d8100730a4e5040d7ac7ef0ceb2130cdfc1173cb8b73de4,LEGACY_QUOTE_REQUIRED
738,vmm-1b124982acc4276d538d0a0a48f04358145c895af4cac2b24c46ce519fdcc460,LEGACY_QUOTE_REQUIRED
739,vmm-21ff1941582d289c751f854c4fc3bd99645e15a6b5cc5e066a8ec183167a9306,LEGACY_QUOTE_REQUIRED
740,vmm-f3a80c62b4afda4370375ded84a6e85b33ebc5e156ca373665ed9b04709562ac,LEGACY_QUOTE_REQUIRED
741,vmm-2ecec3ce412c0ea18b9fc8ebcf77d73fc915b6416287e282859f6fd503e792b5,LEGACY_QUOTE_REQUIRED
742,vmm-f6c10e657b96b5f2d09eb23b751d854369a0c179cb318af4d36f1c3e14477279,LEGACY_QUOTE_REQUIRED
743,vmm-50c4e049f8c63050124fca3746c7abab8cdb64d1db396296db88cd2ded2cf515,LEGACY_QUOTE_REQUIRED
744,vmm-4fe87314fe6883d59e845d0a15749c136d3ccde9448bfdfeeda8de05074a586a,LEGACY_QUOTE_REQUIRED
745,vmm-5740c5b00f921ca46e579c1ee393b09b29cc114de38c91725496962d71f14b59,LEGACY_QUOTE_REQUIRED
746,vmm-25e56913b5ab352fa8fcbaa2c04610527898f90948f3f9ca05795754587ee10e,LEGACY_QUOTE_REQUIRED
747,vmm-34a055231f40d5b0bf2bb902b40d8175ec78d5e56f0ef2cf69921fbc7218cda3,LEGACY_QUOTE_REQUIRED
748,vmm-506a40deeb5ba968b542e9d1694e9c03a730da369830557e38391ced2a6c65c3,LEGACY_QUOTE_REQUIRED
749,vmm-633e061795a1f182f9466492b85ce404b3ab7f60d0e3c56d8d306efdfcacba18,LEGACY_QUOTE_REQUIRED
750,vmm-b2e6da4aab293145e26afdace4b42cad425fc8f70f15bd373819ff69f20c3ecf,LEGACY_QUOTE_REQUIRED
751,vmm-21d1c7c99c232ebb5d51182b191924ceecd1ae7b237feb24404e88d4c53f689e,LEGACY_QUOTE_REQUIRED
752,vmm-aa5cb60837fe05f7d28db1b95a58d4fff9bc1bfbfeeffda0fd71987a52380a21,LEGACY_QUOTE_REQUIRED
753,vmm-eacbd41d5dcd7acbc71d8860ec3e5cb8c5c5c8417bcd88a42fe1e6514977405f,LEGACY_QUOTE_REQUIRED
754,vmm-7f06eeed5c63efb0469ac837ede50ae4251e7c48ba316734edf6a1ae598c0d3f,LEGACY_QUOTE_REQUIRED
755,vmm-454f8464c3869ff5a4ab2f6caf17781ac1575753f8f6952296d917a027ae8550,LEGACY_QUOTE_REQUIRED
756,vmm-7a74a60a6f7679e88110eaa94c3f083d895d483c6bfd5ca43e2a141002e33758,LEGACY_QUOTE_REQUIRED
757,vmm-12d0462c4df27018f271f5775433a1d236e15f1aef150d665e12334c35c0bddd,LEGACY_QUOTE_REQUIRED
758,vmm-edeccdfec82eb9489dd5fd50b40787e2067543f764d01c8b7316543b58a0e969,LEGACY_QUOTE_REQUIRED
759,vmm-7c59c75738fc09e4471b42c6d12cfe80dddb5786c5cd6f631a42660055d65438,TRANSMISSION_LABEL_CONFLICT;LEGACY_QUOTE_REQUIRED
760,vmm-f5ca51995286f21486da87808a0d60cd321e5b7724269138eb16b7a9527c8b24,LEGACY_QUOTE_REQUIRED
761,vmm-592972e4649488c20087e8749d58ddbef8002d728d8de25488241d61ed8e31ea,LEGACY_QUOTE_REQUIRED
762,vmm-f2d107d2cb9a2bc811b3d6e0e3e2de3b3d23fa8807694b0ad3a1d9a0a310074c,LEGACY_QUOTE_REQUIRED
763,vmm-000831a7bf0fab1f0d7ed6c11c8925a436fe9b9fdc04e343f91b348ba57fcc6c,LEGACY_QUOTE_REQUIRED
764,vmm-be05d3cf2b324f5be2701741a5399758d24054a06e939821d9d4be4af15c567f,LEGACY_QUOTE_REQUIRED
765,vmm-52253f614116b6cb330f7ab578db9a0b516bcdc5c937094d01f4f66c9ffdaef0,LEGACY_QUOTE_REQUIRED
766,vmm-1b9f6c79111848a44c6a1c83dc80090f404fe0f8a1224f93159cbd8ded9d7b32,LEGACY_QUOTE_REQUIRED
767,vmm-f50df92d47ee6ebce1a270e0b8d42f4ddf8bc14e32e28298fbc60b6ccd1bd8dd,LEGACY_QUOTE_REQUIRED
768,vmm-f9919dd760ab1c26f227f2baee76168b41559cfba028724da9becd531bfc8e37,LEGACY_QUOTE_REQUIRED
769,vmm-7e1ec1ecbfbb9199c806b0890c05d9d06352a10c3a2264a8dc221096d1e636f7,LEGACY_QUOTE_REQUIRED
770,vmm-d11f0e2ce5ce419685fc7025e9b6da926f77c9edbf7cae30f2e3992ac2447c23,LEGACY_QUOTE_REQUIRED
787,vmm-ffd4e76a3c1bb0d91f2ee0fdcb69f9c38c18675ba5d4b4e63307af423c79c77d,LEGACY_QUOTE_REQUIRED
788,vmm-2749c90ed1144c8e66d21fc20e45635ec84acbfb9c5bd22e8e9475bae028409c,LEGACY_QUOTE_REQUIRED
789,vmm-3c6b62e90642231d5e1d117bbe3b090d8cf99f62eb4c6a16cc1200529013534f,LEGACY_QUOTE_REQUIRED
790,vmm-cf6cd6e3e5dd563210799189a54d15f0016a12c788f206601fdfee04f2e9c5e7,LEGACY_QUOTE_REQUIRED
791,vmm-c30915440b7b7ed04708cacf82e14de8533e2cd97d76e708fec330aaf070a424,LEGACY_QUOTE_REQUIRED
794,vmm-b3fabddb9fd6ac18ee3201aed86f116049dbbb71c7c4f5a998d90fdb6bfcfb28,TRANSMISSION_LABEL_CONFLICT
796,vmm-d6a12301cb424831524526db037a9eb384589a18304659eefa89fcc6182d6b46,DISPLACEMENT_LABEL_CONFLICT
798,vmm-64ab0792c6805ff1b737c723540bdef9fe92d48cf87ccd7c2d912e6a96d81116,TRANSMISSION_LABEL_CONFLICT
799,vmm-3ba20c1d000afc847582702b81d2926072c017a799ecad3a6435d15311351771,TRANSMISSION_LABEL_CONFLICT
803,vmm-6e7d238069a6559f25644715afa8dd06f437029a33742c7dd3631c145b530de8,LEGACY_QUOTE_REQUIRED
804,vmm-23666e185d2ef409555852f4f69154d2b4beebb0c9e9cbcd43c05452c50470cb,LEGACY_QUOTE_REQUIRED
805,vmm-9a1a9ec900d0bf0dedadd4585d7e0e6e46ba3073cae016b4d77f8503f22f7273,LEGACY_QUOTE_REQUIRED
806,vmm-89c95bc3b10e07aa21ce18fab71818385ab833d36db00aff187d9c234cedf818,LEGACY_QUOTE_REQUIRED
807,vmm-09a138b5a3db0a701fccd64f4665c27b08b672ee1f848edb0b821812d6830ac9,LEGACY_QUOTE_REQUIRED
808,vmm-b708f3eb2db71034036ebb50ab4161caf6e43a86070ef907eb752521db28c860,LEGACY_QUOTE_REQUIRED
809,vmm-ebf6832eeee59c8831662673734fd62b66c4be3d3a428de8794de979b5b695cf,LEGACY_QUOTE_REQUIRED
810,vmm-ceaf08463471dbdfb69365e3847e4d22a958d44a238ed0a801493bd65cf955be,POWER_LABEL_CONFLICT
815,vmm-712f003ffe60a0512fdb9df7d59e376daefeb806e7a5b76fac8f52bd55512526,MASS_UNKNOWN_OR_OUTLIER
818,vmm-b0079c5d871c1873378956e336ffdd8c7ffc3e6a7855988d7f7514806b4da533,MASS_UNKNOWN_OR_OUTLIER
830,vmm-4a4bcba06e904a83569e06cbf2915e563974496b3f53d440a3bbb199c497f194,TRANSMISSION_LABEL_CONFLICT
835,vmm-ef2f98593f3778bb313ec6019240258601e1129443c19de62921190a26ffe172,TRANSMISSION_LABEL_CONFLICT
857,vmm-306e7df61578cb3a1dd7adaca45de6036d7898485851faa2493ef1215d96e923,DISPLACEMENT_UNKNOWN_OR_OUTLIER;MASS_UNKNOWN_OR_OUTLIER
858,vmm-11678a47c05bdcf1553fb63e77cc290123d0ba4096ed064ca6c124cf8adc0850,HYBRID_COMBUSTION_FUEL_UNSPECIFIED;HYBRID_FUEL_UNCERTAIN;DISPLACEMENT_UNKNOWN_OR_OUTLIER;MASS_UNKNOWN_OR_OUTLIER
863,vmm-580622ef12fa7dbb9c9ec1e0f6413557561418d2b84ab541d1b8a682e2b97e40,HYBRID_COMBUSTION_FUEL_UNSPECIFIED;TRANSMISSION_LABEL_CONFLICT
864,vmm-f53f48d95b2213e439316e9c3ba2816d56b4240faed147696d6639dcdf9a2237,HYBRID_COMBUSTION_FUEL_UNSPECIFIED
889,vmm-ef9c9515512ec41c3cc993ee4f3878215373519ba3167e0b6106f5b183d56d1c,TRANSMISSION_LABEL_CONFLICT
897,vmm-1e3c6692ddabdc7fd126a5d9098844cdea3d4c55cef80d8fa843e6da01f94237,DISPLACEMENT_UNKNOWN_OR_OUTLIER;MASS_UNKNOWN_OR_OUTLIER
898,vmm-bcd58582bcf80fcb46864900b8da63e743da93ce6657055326eaa6d6b6df24a4,HYBRID_COMBUSTION_FUEL_UNSPECIFIED;HYBRID_FUEL_UNCERTAIN;DISPLACEMENT_UNKNOWN_OR_OUTLIER;MASS_UNKNOWN_OR_OUTLIER
903,vmm-b4c3799b01a2c4eb37b66046f0079e6736ff1a6c1f8cfd8bd7cde8a430d3da44,HYBRID_COMBUSTION_FUEL_UNSPECIFIED;TRANSMISSION_LABEL_CONFLICT
917,vmm-c31d588fb55ede929fb90cf2b2287c77eb963e070e1821074a3c20272010f813,HYBRID_COMBUSTION_FUEL_UNSPECIFIED
918,vmm-8a27dc0a116e7216eb1db06d7b35b76ec7be32cdaf497c487e9d7e60993f3ebd,HYBRID_COMBUSTION_FUEL_UNSPECIFIED
949,vmm-9de3cb7a68727debae9c6298b058c34626818e26f2c08dceb95b47543cc853e2,TRANSMISSION_LABEL_CONFLICT
1111,vmm-173356a44ecc7aee774f01852069b6dc44ede8c96365f90f8a6f641eb2f1fad8,MASS_UNKNOWN_OR_OUTLIER
1115,vmm-daff00a9996d2c7659427e9dea7f301aa20e0d5165973b0633a58040b194fff9,TRANSMISSION_LABEL_CONFLICT
1127,vmm-8f5edddc9f8a0d859960139a8a383d06e9888f95f19403d5705203f159d4ec56,DISPLACEMENT_UNKNOWN_OR_OUTLIER;MASS_UNKNOWN_OR_OUTLIER
1128,vmm-a8ffb3b8ecdacc44fc72abdf28ec3042e0c5ff405fa6b18f3e0d487d7a15ab20,HYBRID_COMBUSTION_FUEL_UNSPECIFIED;HYBRID_FUEL_UNCERTAIN;DISPLACEMENT_UNKNOWN_OR_OUTLIER;MASS_UNKNOWN_OR_OUTLIER
1136,vmm-1d07fd236631b0067182f6ef8e5bf18d874b445d24687aec6d516cda70df8e37,HYBRID_COMBUSTION_FUEL_UNSPECIFIED
1137,vmm-729d849412f0d405d11e18040d6e6f3fc458afcf3ab4e1be674ea7e235d7bfe8,HYBRID_COMBUSTION_FUEL_UNSPECIFIED
1138,vmm-e858344e28dabc8475ebd83f5e64811e9d5ec31fdc7b6ab82193da03e84bbb3f,HYBRID_COMBUSTION_FUEL_UNSPECIFIED
1150,vmm-6965b6eefcaea1c78c53ff3a6e613c53582bfca1abb5e142effb23b42799616c,POWER_UNKNOWN_OR_OUTLIER;INVALID_OPTIONAL_POWER_SET_NULL
1318,vmm-511661b78406dcf243f55b00464f822bd09db39f454b7d76343c2e536fad2ec4,MASS_UNKNOWN_OR_OUTLIER
1343,vmm-fca1fcc472619dbcdc319302cd6f27da236929ba468992f5858c42e936985449,POWER_LABEL_CONFLICT
1344,vmm-a73cd81cc58ec4e010ef52eafb29d82724e7a24ac990cf44906f524a07518e33,POWER_LABEL_CONFLICT
1345,vmm-0e6fb315e202add361ebd7be7ed4cb61c3551f1392d2d6ab84f6c2db374618a5,POWER_LABEL_CONFLICT
1455,vmm-5e036c0233af212a00f05ff8e4d4c8e3e86d212c0d13b7091c7ce402649d42ee,MASS_UNKNOWN_OR_OUTLIER
1473,vmm-3541aaaffdfab8f511f1497fb4817cc858558dd55a9eb871e8b5a59895db5b8a,TRANSMISSION_LABEL_CONFLICT
1553,vmm-3e44b0b0ea74f4bbe04e5a7edc56e0f55dd6877e18f2ff9bf10f9ce97b692f45,TRANSMISSION_LABEL_CONFLICT
1565,vmm-7d95df2cf394e5a85937ede233f51ad464f6df7a4c9956cd206c219b87addd27,MASS_UNKNOWN_OR_OUTLIER
1607,vmm-5afeb48940203bea5d9952905cf246ae02f19a1d19968f9ca72adafa8c3a3271,DISPLACEMENT_LABEL_CONFLICT;POWER_LABEL_CONFLICT
1684,vmm-680cdd643bed388ef5ab34aac6484bcd6fe85c9f5ef702fce97b741aa7175717,DISPLACEMENT_LABEL_CONFLICT
1685,vmm-8768268544db433111d5ce79280ceceb535dbcfbc896c8f2c2b76152fcb80869,DISPLACEMENT_LABEL_CONFLICT
1733,vmm-5f6ef943f28898f1d560a6253eeb2f2e5ee94458718152b699bf2a3d1b868bb3,MASS_UNKNOWN_OR_OUTLIER
1734,vmm-82a597a0e9e408231b40c8c32f8319002408a526d1a4a39fc0d1d5a25598b830,MASS_UNKNOWN_OR_OUTLIER
1735,vmm-259814ced225df12229d51be0f683e5fe06a7e918bc82bb76e1ce300819cefcd,MASS_UNKNOWN_OR_OUTLIER
1736,vmm-2c4a8d1e15d78fd8bcfc8bbe621aef46c922458e584d5b34c4e45c022223949f,MASS_UNKNOWN_OR_OUTLIER
1737,vmm-c9cf533e8e23d6a2cdc92ecfcdb97da94b56a00c1c879bb1451410a161cd7375,MASS_UNKNOWN_OR_OUTLIER
1738,vmm-dac97470d1175cc20bf623984538c15dc859cd5ec642e422f2f8aaa73d2830be,MASS_UNKNOWN_OR_OUTLIER
1739,vmm-e0b227f5926aaaf05f47e807fbcc4552f42237c2b4bf7c60a56c4156b5ebef41,MASS_UNKNOWN_OR_OUTLIER
1740,vmm-df6d6237c2d11b32a3c24d012876d06b4e8eaad2a47e35607fc8a0f8b1610ce0,HYBRID_COMBUSTION_FUEL_UNSPECIFIED;MASS_UNKNOWN_OR_OUTLIER
1749,vmm-78f53a185f6eedcc98690f4c65bb3dee7bfbe43221ea198ee67f1c4c70affe7e,HYBRID_COMBUSTION_FUEL_UNSPECIFIED;MASS_UNKNOWN_OR_OUTLIER
1829,vmm-11a762672cdec7f3f85bfce717158b656e18b464b18e0c49b0c2766f5e8f72a5,TRANSMISSION_LABEL_CONFLICT
1879,vmm-b40d61e27bdca63fe82be2450fb3cedc0281a265c69e3e39ce0de856716b3ace,TRANSMISSION_LABEL_CONFLICT
1905,vmm-8f4559fa036d08648a9ce686118b12258b816d3f9d9c2d2c796ec6254f64fc21,MASS_UNKNOWN_OR_OUTLIER;TRANSMISSION_UNKNOWN
1906,vmm-7eb8d35c685f1e0cc7c2a12848f376878948fd2f54db33742d37316727b87e4e,HYBRID_COMBUSTION_FUEL_UNSPECIFIED;MASS_UNKNOWN_OR_OUTLIER;TRANSMISSION_UNKNOWN
1907,vmm-a8edbf3d831352410d8feb4f411dd10394842bf8790ae6dab0c4de3767783240,HYBRID_COMBUSTION_FUEL_UNSPECIFIED;MASS_UNKNOWN_OR_OUTLIER;TRANSMISSION_UNKNOWN
1908,vmm-6de6ddab80ba02d68de066226fcbf27ab6abd70da2699727794424dd6b2b88d5,HYBRID_COMBUSTION_FUEL_UNSPECIFIED;MASS_UNKNOWN_OR_OUTLIER;TRANSMISSION_UNKNOWN
1918,vmm-9d27e72d1ab9bc00d36e69d124d68e9bbb2e09f773ae73088fac3d8001179609,HYBRID_COMBUSTION_FUEL_UNSPECIFIED;MASS_UNKNOWN_OR_OUTLIER
1975,vmm-705b11feccb8663262c0b2978b0be48f1bfad3249adb53009ffbab5f66a4ed6c,MASS_UNKNOWN_OR_OUTLIER
2071,vmm-5adcedc470851bde6c43ad489170a1d8270dade16283ed548f9f9bfc768fb663,HYBRID_COMBUSTION_FUEL_UNSPECIFIED
2096,vmm-338c8047c774563735af0a4ba16be8e68a1fe36144b5628933d8901939593d33,DISPLACEMENT_UNKNOWN_OR_OUTLIER;MASS_UNKNOWN_OR_OUTLIER;TRANSMISSION_UNKNOWN
2097,vmm-1d9c5ec4009ae9ad235394d89c27ecc63c827ce770d62b02d2272d8d63ea1784,HYBRID_COMBUSTION_FUEL_UNSPECIFIED
2098,vmm-bd1c3d478c22c8f0c228d8bb8932d971dcb80449fefaeb07084fa260fefb6d76,MASS_UNKNOWN_OR_OUTLIER
2111,vmm-2ed90e0e519a68e711a567767e80faeb7f758b02ebc31137f208568c24603816,HYBRID_COMBUSTION_FUEL_UNSPECIFIED
2119,vmm-d8ef1e2f19b312a1cecf1f1f4779b8493aeb5f3b27e08a6b87ee867a30ac7d19,HYBRID_COMBUSTION_FUEL_UNSPECIFIED
2127,vmm-3bfde3c0ddcfd8c47aee4354a654fd08ee6f0e4d83ecca35a064b035c8ad46f1,HYBRID_COMBUSTION_FUEL_UNSPECIFIED
2135,vmm-0da6b82b17219aaed0a0cf3a2208eb8709b4cfb3cca8403310ca3f246a1a3540,HYBRID_COMBUSTION_FUEL_UNSPECIFIED
2183,vmm-41986f24227994ac8db3eef189db73dd10fb9f20f6b64b7a7d108213dd4312c9,DISPLACEMENT_UNKNOWN_OR_OUTLIER;MASS_UNKNOWN_OR_OUTLIER
2184,vmm-e65610ba434a13c3ae2fcf211eb9a37669f3e3c02d12ffc9682fe00d7eee4eab,HYBRID_COMBUSTION_FUEL_UNSPECIFIED;HYBRID_FUEL_UNCERTAIN;DISPLACEMENT_UNKNOWN_OR_OUTLIER;MASS_UNKNOWN_OR_OUTLIER
2225,vmm-db38be724d00550ab78eab28e2dd518b5f7e38e563bc486407dd9e8ce1f85bc2,LEGACY_QUOTE_REQUIRED
2226,vmm-c1004f5733ad7672d727821007743fa97490beaf4aa9554b19c8ad7c8813dd57,LEGACY_QUOTE_REQUIRED
2227,vmm-effc95c2cc1297b27ebb1ab095d2d82d2f743557c3fbc3654b55f67edb472ac2,LEGACY_QUOTE_REQUIRED
2228,vmm-582ed915df388a0c7cdb1c87dcb15e6a09b35f9dc58b64b70f78adb0754a3166,LEGACY_QUOTE_REQUIRED
2229,vmm-f794ecca2ac40c0f3a17bde85dda04b36d602aef4e2202703f86019670ac5cef,LEGACY_QUOTE_REQUIRED
2230,vmm-65f2dffb7e67424adb077024fd9025c650fea9e1b2c8c5a7fe7711bae245bd1a,LEGACY_QUOTE_REQUIRED
2231,vmm-e437b94e8f91fa5341383b392992c85804fca427e69712f1ea7dc8963bd5c975,LEGACY_QUOTE_REQUIRED
2232,vmm-cf4044e8e6786ee1990797f905b2866c1b9210272c70bc2172d3e44a9e429b5d,LEGACY_QUOTE_REQUIRED
2233,vmm-bd3ee243b64cb5e70d251716d2598886898ca399790d2d317dbb0af7c1aa7f22,LEGACY_QUOTE_REQUIRED
2236,vmm-489b47b2ac0f818628248a8770422afb2f5bcb653838af9d9102f755186e52a4,HYBRID_COMBUSTION_FUEL_UNSPECIFIED;HYBRID_FUEL_UNCERTAIN;CYLINDERS_UNKNOWN_OR_INVALID;DISPLACEMENT_UNKNOWN_OR_OUTLIER;MASS_UNKNOWN_OR_OUTLIER;TRANSMISSION_UNKNOWN
2237,vmm-aefc32fe856d8a59840a59dee77481f816799bc810e6fa0d72309d0660e96386,ROUNDED_FOR_INTEGER_STORAGE
2241,vmm-29b4c5fd7d2490b3409320d87f10b9da3e066d8cc786c0282739e7dba2be8e69,MASS_UNKNOWN_OR_OUTLIER;POWER_LABEL_CONFLICT
2242,vmm-f31d7529b7e4ef95c8f8373431cd8e716648bff2c3ad08cb86f85f2d4961106e,MASS_UNKNOWN_OR_OUTLIER
2243,vmm-5299fe969f8a445f88f2cd8bcfe255f18b0a4ef46157b1fc29e328cdb0367e61,MASS_UNKNOWN_OR_OUTLIER
2244,vmm-a3c78eff7fabc3a4eb0439a6ce65d4e0501ea8ca5fb2b1d083f02a0da26a1c95,MASS_UNKNOWN_OR_OUTLIER
2245,vmm-253d2b260783fca5fd2f70800bb939b77187c8064a998800235d527ea830527b,MASS_UNKNOWN_OR_OUTLIER;POWER_LABEL_CONFLICT
2246,vmm-c62323adbab0785b7d514321723545e9ced8bf81ae4c913396abdead3580a0cc,HYBRID_COMBUSTION_FUEL_UNSPECIFIED;HYBRID_FUEL_UNCERTAIN;DISPLACEMENT_UNKNOWN_OR_OUTLIER;MASS_UNKNOWN_OR_OUTLIER
2247,vmm-5d4ed928c3666f0b4c0d3ec43a671ca0980978e62c9dacdeed12e7961deaf804,DISPLACEMENT_UNKNOWN_OR_OUTLIER;MASS_UNKNOWN_OR_OUTLIER
2252,vmm-264196bd82f1b9dd500a5978a167eab3a5fca909e225ad1c152b73937fd03521,MASS_UNKNOWN_OR_OUTLIER
2256,vmm-97fdb939ba8c3128799cf04201d4bdd754017cb9d936cf278ddfa57de111a306,MASS_UNKNOWN_OR_OUTLIER
2259,vmm-bea74e0e9c369540c76466ef98f548f8fbb0d941490136506efb565942509f92,MASS_UNKNOWN_OR_OUTLIER
2263,vmm-9aad2fd6a5ea5091cf9d1331dd23669964e92a870433fa8762e03695b19eaa50,HYBRID_COMBUSTION_FUEL_UNSPECIFIED;HYBRID_FUEL_UNCERTAIN;DISPLACEMENT_UNKNOWN_OR_OUTLIER;MASS_UNKNOWN_OR_OUTLIER
2264,vmm-24b8811280c9755c707c9eeec1326dcf2a796c5a9811b3ae3fec202b6530c791,HYBRID_COMBUSTION_FUEL_UNSPECIFIED
2272,vmm-04b00441d29d5ba1055f63cba80638b68623d423cd109423c6b53b95ce543adc,HYBRID_COMBUSTION_FUEL_UNSPECIFIED;DISPLACEMENT_LABEL_CONFLICT
2276,vmm-877d623a2afaefc8ee7337e7e479de6ba4fad6c9e7e0bb9e77195bcb7cf17bda,POWER_LABEL_CONFLICT
2302,vmm-b66096554f28d7cb37e5ad687b8a5d9d5bd247259e9e1228d1e037865de59f17,HYBRID_COMBUSTION_FUEL_UNSPECIFIED
2303,vmm-9b87467be42127b8c6fa6430c5869240e98cb3df4128d64d62c7390e0ff47b18,HYBRID_COMBUSTION_FUEL_UNSPECIFIED
2304,vmm-45e715688e7510ec2c1d90a092c422df37309872650643fcf1f5e84739f00bd1,MASS_UNKNOWN_OR_OUTLIER
2305,vmm-eacf64c539cb4794d4c81be0b138bc04e88fa6708bf8ba355f2abd2adcf7d7f6,MASS_UNKNOWN_OR_OUTLIER
2316,vmm-b89e99da7ad446b7b05475fae11a364e32756445e0329f099a5912b25530cbfe,MASS_UNKNOWN_OR_OUTLIER
2317,vmm-1069d0fbc3737743081e63ad931fe426ed08b14637cec21593cd02a8f12c24bd,MASS_UNKNOWN_OR_OUTLIER
2318,vmm-b2ee4f33da735cf318006ac4969eb599add23f6435bfc23c2fa5d8f742100001,MASS_UNKNOWN_OR_OUTLIER
2319,vmm-d902eb50ce05aa143c64f777930748e6c0f80ac71b895db2b1219e18ecc4ade4,HYBRID_COMBUSTION_FUEL_UNSPECIFIED
2320,vmm-489650e4692f403729105be6e9f849546d1aaeea6d5f98cb3a559465cb67892c,HYBRID_COMBUSTION_FUEL_UNSPECIFIED
2324,vmm-2e1ec70c433582d37c45e359097890ea8a2e1109b8f67a79f2bb429c1374e503,HYBRID_COMBUSTION_FUEL_UNSPECIFIED
2325,vmm-76e09248e9ae05a8d46f71b452ed2a91ab625a58087c69dadac9763a882d5ded,HYBRID_COMBUSTION_FUEL_UNSPECIFIED
2326,vmm-0c7b0752cc44b3329aafc852737670d7bc5f3d9894b1f1a509a4dea3ed6df13c,HYBRID_COMBUSTION_FUEL_UNSPECIFIED
2327,vmm-be3ef19bbade43267d8fb13e73e778570427ca94a9163441b03408e2b6225412,HYBRID_COMBUSTION_FUEL_UNSPECIFIED
2329,vmm-8688567a5266c4c86c86e933905c39f3527ac74b0e3d683f1686da787fddf4ef,HYBRID_COMBUSTION_FUEL_UNSPECIFIED
2330,vmm-766908e9bee91e83bb06ab12f14ce47d6bdc0ffdc9ece2458c23dbf6b982c8fb,HYBRID_COMBUSTION_FUEL_UNSPECIFIED
2334,vmm-3a71011e68053f258218922f80d1a50f386a18c4df14ddfb37edd4743b57c87b,HYBRID_COMBUSTION_FUEL_UNSPECIFIED
2335,vmm-e00e6f89b1e7a69f0ed59572d8a1819447eb7675444e529f8d7a99be9baab71b,HYBRID_COMBUSTION_FUEL_UNSPECIFIED
2336,vmm-ca33168c8fbc9c80181291e00d57c228e2f45fa59cbc6aac2967aa410d955019,HYBRID_COMBUSTION_FUEL_UNSPECIFIED
2337,vmm-ddbec4de08be1cc4a733984ebc5e68b521c265cae3258ff20183b3673bb6f85d,MASS_UNKNOWN_OR_OUTLIER
2338,vmm-512e513101874cf910b1fb7a0d2077d9a5cb9d5abd51baaddd613c7b0b0ccc13,MASS_UNKNOWN_OR_OUTLIER
2339,vmm-39ab046cf484d27202af916bb0c66cfc199e9f11ac3eea35c0cb7fad00af7613,MASS_UNKNOWN_OR_OUTLIER
2372,vmm-34da5dada075eed4e1c7c2a7a4d2b105dfe4f74c3f3e48bbb6772919697e76d5,HYBRID_COMBUSTION_FUEL_UNSPECIFIED
2383,vmm-b4af74ce682f36ebccd971cb1119f02e4c6a6de824999c9c23ae6cb65f85cda0,HYBRID_COMBUSTION_FUEL_UNSPECIFIED
2384,vmm-9e0a290651c35b11aec529cca0038117a19bb588940a2f866d96a26d5d3f8139,HYBRID_COMBUSTION_FUEL_UNSPECIFIED
2385,vmm-822916899bb590e53328d6d7228dadb5b0251b94971162e70e3282194b16e611,HYBRID_COMBUSTION_FUEL_UNSPECIFIED
2386,vmm-d946d5f324fd98a4a790833d43d4df7dbbc8194096c422518c310bb501eceeb8,HYBRID_COMBUSTION_FUEL_UNSPECIFIED
2387,vmm-b921c39ecd3ca968fa9f8bbf4580c9258185434b851b321ded429aeaa45d188f,MASS_UNKNOWN_OR_OUTLIER
2388,vmm-232aad0d6fb58c53c690882960dd73b261eadab697af0b5db9d98392ef2be829,MASS_UNKNOWN_OR_OUTLIER
2410,vmm-780b5f94a49aa4c546546c768fdb896ec65f050da94319b34d27612074a42a18,DISPLACEMENT_UNKNOWN_OR_OUTLIER;MASS_UNKNOWN_OR_OUTLIER
2411,vmm-c9be261f25c5efaf2ee204e6039be6c2c1b70d1f1f3be933d92150873f368e5f,DISPLACEMENT_UNKNOWN_OR_OUTLIER;MASS_UNKNOWN_OR_OUTLIER
2421,vmm-fdd73aef7de1ceca817d16c90b7cfdcda7e63f85c9fe7062267705cb660d6c7a,LEGACY_QUOTE_REQUIRED
2422,vmm-e546c3e1c3318bf9364c0fd952d496fd2eaea155b4ab08a2fee3bf548e925662,LEGACY_QUOTE_REQUIRED
2423,vmm-ee453f61555869b4f2d2344ea65efcb2a7557b00fb7b5bc5c40f94596a9d2690,LEGACY_QUOTE_REQUIRED
2424,vmm-127b8d6b291055d65320bbf47e5c57c8f49698bfc437f06f29363131004932c6,EXOTIC_QUOTE_REQUIRED
2425,vmm-73e99143eb6146014a466e5f254a767f2087328e0ec805229baa304cbc9c0679,EXOTIC_QUOTE_REQUIRED
2426,vmm-9c85711082ec6a230b786c24f1fa7ede5645dc9e1bf1534f664ee29eaffdfdda,EXOTIC_QUOTE_REQUIRED
2427,vmm-e7dbf285b051ffe887aae541619e123f5fc9a9187a29b15b80292b91d48de1c7,EXOTIC_QUOTE_REQUIRED
2428,vmm-e6c2326fec58b2ae941a2c9eebae6892ffadf036650a62d4b78db8624cda6d6c,EXOTIC_QUOTE_REQUIRED
2429,vmm-4d682793e86c2851a1dd0a7a2d5665df9ba7a4d0ea04c8447977fc42e4ec883a,EXOTIC_QUOTE_REQUIRED
2430,vmm-ebb6122044c2b4a13128e62fb89539cf72836ceae359686aedddfd50f6e54536,EXOTIC_QUOTE_REQUIRED
2431,vmm-46a285311ea868c9beb7c570aa67b5b714e81c184561a969e7781f99ccee1142,MASS_UNKNOWN_OR_OUTLIER;EXOTIC_QUOTE_REQUIRED
2432,vmm-6c90b0dfa46c98f4c0129f9ac84c3c7790900730de7804b4e80323de42b93f17,EXOTIC_QUOTE_REQUIRED
2433,vmm-5498d8553c3abe06148ca889009d05cd3e9ff800c5a8f19aac45c783dac9ec6f,EXOTIC_QUOTE_REQUIRED
2434,vmm-452a332c4bcc0643c3b8ebd65fcd0641b9ab734d11d9daea3013ef0af0d07e6a,EXOTIC_QUOTE_REQUIRED
2435,vmm-21096e0b32ee93b17bf345bbff5ebc5ef8f502b3380b8eb8a5976905b283582b,EXOTIC_QUOTE_REQUIRED
2436,vmm-9b094478d1bb4d0edf098c8b716f52e3fc9afed0f5e3382512873bb5cfd5c41b,EXOTIC_QUOTE_REQUIRED
2437,vmm-059ab4efba35d8ce6c63cafdd77420d0ff018766b7a54b4e4073d5923394a062,EXOTIC_QUOTE_REQUIRED
2438,vmm-6612aecdf314fd7e3d83118a2708d0b99a6ca00b52f22124ac99c9e3e7d9fee9,EXOTIC_QUOTE_REQUIRED
2439,vmm-8d3effdd708d1b4245ea28e1f6f770969692f19e016cf9692c937c22c87efd07,EXOTIC_QUOTE_REQUIRED
2440,vmm-9ebc09e8b03a56460e5000373d3ec7f046abc85b1608b1e171c45836595a9f56,EXOTIC_QUOTE_REQUIRED
2441,vmm-4e52275be8f4b92921dcfa7fa991757201e1ccc9234921e61a50661ffad1dfc7,EXOTIC_QUOTE_REQUIRED
2442,vmm-de750498131c185dcd7ea5da1ee73e06fbe3e457c418f51375c5ac9a9bce0d37,EXOTIC_QUOTE_REQUIRED
2443,vmm-62d3cfd77f23ad427f5405e0a8440bc5d32ab12814ea2ed5a005f4866c0d5b7a,EXOTIC_QUOTE_REQUIRED
2444,vmm-52df50527eb0b724dfebda29e10a2a8fce6e7ec634423ff420f0ae92af40d8c0,FUEL_UNKNOWN;EXOTIC_QUOTE_REQUIRED
2445,vmm-995632b4de87e122ddfe12809f7df549e58ecdf01e09ed3e3a02cf7ac83ecf37,MASS_UNKNOWN_OR_OUTLIER;EXOTIC_QUOTE_REQUIRED
2446,vmm-e548a3989b42dce613d37e147b6abed23a28db435b4d632480246acfead13919,EXOTIC_QUOTE_REQUIRED
2447,vmm-192416f18ebd201e1dbacc39817de923e2ebc388ea798d317c6be0dc0e685d8b,EXOTIC_QUOTE_REQUIRED
2448,vmm-236a091780f57b95dee3dc33a4091d5b0e0d2baaf20b041c87c89895ad889272,EXOTIC_QUOTE_REQUIRED
2449,vmm-051f3356ba2b51105dcc7956ae07c193ed7d1dd111f3d1f17490492d2fadcc5c,EXOTIC_QUOTE_REQUIRED
2468,vmm-6b59241aa9f6abb9894e6aa61ac4941144f1541505df3c4f40620ea5d80b13b6,HYBRID_COMBUSTION_FUEL_UNSPECIFIED
2476,vmm-5a371c493ec946490c2420d72ea6324130c49e3b3d18e9213d323e51b1d78237,MASS_UNKNOWN_OR_OUTLIER
2477,vmm-8e511e261daadc32aa28af5b0bb5146e6f08b7d617eca56e66fd8aa1bf321d2b,HYBRID_COMBUSTION_FUEL_UNSPECIFIED
2486,vmm-3c68b908fd65c4e1cba8e55c009c97bca3c7689570b0a213e8ad070aca84005c,HYBRID_COMBUSTION_FUEL_UNSPECIFIED
2487,vmm-b37d7e0b5e00c3b4be15a9c5b8f4df5f8f478c2f53b4c911934d5800d4711bc8,HYBRID_COMBUSTION_FUEL_UNSPECIFIED
2492,vmm-9f060198d420823668af78863ae08ee7984aa98c79239f51c586a82b4d90983d,MASS_UNKNOWN_OR_OUTLIER
2499,vmm-ab29c2bd96605b9736dc59be441ba86e6aa5e0786f087bb0bfe6887eb1ec61c1,MASS_UNKNOWN_OR_OUTLIER
2527,vmm-3604325f90d6cf4d59a873c2e2fe6ab499b80539e342101babe648d4200e1b97,MASS_UNKNOWN_OR_OUTLIER
2547,vmm-fc9ff3bebd020dff5a6c387db6c6d2e3cb49aaae27b0f306a6c26ccab4a587e0,ROUNDED_FOR_INTEGER_STORAGE
2549,vmm-17f1396f5c58a07d2c6aaa549536f0384db6ad5ccff4a46822b1c29175b13366,MASS_UNKNOWN_OR_OUTLIER
2554,vmm-8c28d4622e2c24e7e70609ac55e85145cd2074b3ef9cbf154faf82deb0eac387,MASS_UNKNOWN_OR_OUTLIER
2559,vmm-b35424a1df38e2c4be5f4fe9ab86dadeb27357bc73675054cf8e33852c763fd8,POWER_LABEL_CONFLICT
2562,vmm-fba77658e7d6bf5f8b1fddea775d47523c4b6b28e01a8bed2954a36e46ea56b8,DISPLACEMENT_LABEL_CONFLICT;POWER_LABEL_CONFLICT
2590,vmm-e39601d61ec5280ca20c0a96bc8ac299461c15e65779bc26436c38dba71ce3bd,MASS_UNKNOWN_OR_OUTLIER
2592,vmm-01f71bcf8e504b57db3dd20503909623b88c4d99c7230a20cbda26a06a6f5a3a,HYBRID_COMBUSTION_FUEL_UNSPECIFIED
2594,vmm-2a6cdf6ccf2f0aacff23cdc5e8d488495f21a26fb0055d34e062404b8566633d,HYBRID_COMBUSTION_FUEL_UNSPECIFIED
2595,vmm-b7de81bcae704888aa8423e9f36d7d91dddbea9cf7856295b51e1525d28375b4,DISPLACEMENT_UNKNOWN_OR_OUTLIER;MASS_UNKNOWN_OR_OUTLIER
2604,vmm-9d4a57956861c0269a8b97a2d5cc968a2d07e25930596c8781724f3c654052b1,MASS_UNKNOWN_OR_OUTLIER
2608,vmm-74434bebafb074a59ef2f523e6c9421673a9337af9ad98b2b5bb4b7e17d1f195,CYLINDERS_UNKNOWN_OR_INVALID;DISPLACEMENT_UNKNOWN_OR_OUTLIER;MASS_UNKNOWN_OR_OUTLIER
2609,vmm-70d6b9d0d72abbd63f680f34cfd1f0d4595d6b972fc6f96e8661ebd27606957f,MASS_UNKNOWN_OR_OUTLIER
2610,vmm-0dfdca963d285e8923a0dd8fcc062028ab5925432a59d2602ff8359e84c46d67,MASS_UNKNOWN_OR_OUTLIER
2612,vmm-90113c295c05dbedb558632771f23df7458c46b7c3263e8872f3c8cfd55c3a8b,DISPLACEMENT_UNKNOWN_OR_OUTLIER;MASS_UNKNOWN_OR_OUTLIER
2614,vmm-5a26124d98197828f0972d817dafca431a53df3d44c94ba08c9f735da17bfc3b,MASS_UNKNOWN_OR_OUTLIER
2615,vmm-63eb86d4b17cb56d47dc2ddb5a6d32db7a552ffdfe5b608310c3eebb1b27bca8,MASS_UNKNOWN_OR_OUTLIER
2616,vmm-8d337bdc267abeec2b95ffa5a7cdff0db8f5f8d46acb7d811d0cd9794622a5bf,MASS_UNKNOWN_OR_OUTLIER
2625,vmm-2e13225bd1e9ab95c24f0e7ec2e132899f506d9ecd93616d3c43b3851cc9ef4b,TRANSMISSION_LABEL_CONFLICT
2644,vmm-ebada9de4f2a141d86d8ebfb8d00d1e3f9a866c0fe4512eca5f4bf2b714e7e60,DISPLACEMENT_UNKNOWN_OR_OUTLIER;MASS_UNKNOWN_OR_OUTLIER
2646,vmm-7f90e8d2bef274f4dddc6328c61173ab9827266c49e5c0fbcf32970b7141a2c3,MASS_UNKNOWN_OR_OUTLIER
2647,vmm-d38e3f229148dda3d411ae6ace95b81e63b7dacd5d55d98f17a1e99b6a21f7f7,MASS_UNKNOWN_OR_OUTLIER
2648,vmm-d444b0c5b30326b630d06a986631faf5608e4454f06cb3b40bb40c7fc08630af,MASS_UNKNOWN_OR_OUTLIER
2678,vmm-0c147af658d46e3135c82e66ea08f74e76fe097e45abe509ca145cc011ba741e,DISPLACEMENT_UNKNOWN_OR_OUTLIER
2689,vmm-b108e864c69a6f8032ebfc99b072d9c53124b653520be0eafe87c68f840415e4,LEGACY_QUOTE_REQUIRED
2690,vmm-3a44346804f03999cf070c99b91ac3af193f43d35f968594f57326035943f5a4,LEGACY_QUOTE_REQUIRED
2691,vmm-dffd20e737078a20b114a35181063afd562d157597d257ec6a6b4d4f0e6789a5,LEGACY_QUOTE_REQUIRED
2692,vmm-96d43402a7757beb1ac30df91c4474a906fccfea59319bacb59d8a5d74266a25,EXOTIC_QUOTE_REQUIRED
2693,vmm-7e85042f04cf480f1dd7366004a1248922a80e809cf6d0cb70e6351ffbf88843,MASS_UNKNOWN_OR_OUTLIER;EXOTIC_QUOTE_REQUIRED
2694,vmm-63cb816b336606d79b8ccb7bd9de6b95e804e1ae8ab46956398d9cd36d9596d9,HYBRID_COMBUSTION_FUEL_UNSPECIFIED;HYBRID_FUEL_UNCERTAIN;DISPLACEMENT_UNKNOWN_OR_OUTLIER;MASS_UNKNOWN_OR_OUTLIER;HR_PARTS_AVAILABILITY_UNCERTAIN
2695,vmm-b93b5020b74aa4fee7de76e159803eec928a733e52a280f9e953c9602db5088f,EXOTIC_QUOTE_REQUIRED
2696,vmm-4d603bf8b4e5c0f82e4414649dc9af803485fcbf40cd5f89005a16250b3db722,EXOTIC_QUOTE_REQUIRED
2697,vmm-27e4a46ffa9508d7a6acdb07071f7764805fd7779d71935711d7581588bc8b40,TRANSMISSION_LABEL_CONFLICT;EXOTIC_QUOTE_REQUIRED
2698,vmm-bb3b422de49b4a8a77b1c6ddfed769046924e8423d4f68d1df8d03dc695a2407,EXOTIC_QUOTE_REQUIRED
2699,vmm-cbb7ae42f75b00166ef30d66df99c20de1894c3936d0ee4d5f68e3883f9000c8,EXOTIC_QUOTE_REQUIRED
2700,vmm-626fdec9c4b85a98a1e3953adfae5a93b3e3ea2eafa901c654b03f895f4efe4c,EXOTIC_QUOTE_REQUIRED
2701,vmm-ccb3cd7b4cef3cbb725db44601d58fe1be3eeefda244757c4438f9e7cecd75f4,EXOTIC_QUOTE_REQUIRED
2702,vmm-8a03b862c5f31c7ba5b2bf3832bf11ff4dfca3a7080f9f9779446ae0cfa012cd,EXOTIC_QUOTE_REQUIRED
2703,vmm-1a49e5d3b517f5049070183664374714b8a43fccba8d0db5c0f4d5e165994e4f,EXOTIC_QUOTE_REQUIRED
2704,vmm-e0efae6fb18dd976bec64e940594afef68b257addcf79c49e9d857fca5f40e3a,EXOTIC_QUOTE_REQUIRED
2705,vmm-ca205c60ec8e63d21c9c817956a1703e1b7d2f5504e46e1419fdbd54c0a062e7,EXOTIC_QUOTE_REQUIRED
2706,vmm-9439e204f95a7124be9a4ff312af99564226f1074c9d3de11ed0206d8011e1fb,DISPLACEMENT_UNKNOWN_OR_OUTLIER;MASS_UNKNOWN_OR_OUTLIER;TRANSMISSION_UNKNOWN;EXOTIC_QUOTE_REQUIRED
2707,vmm-284a5290cd03bbaa788e74bf7f367dddb568e248b6274279399ac0710489c90a,DISPLACEMENT_UNKNOWN_OR_OUTLIER;MASS_UNKNOWN_OR_OUTLIER;EXOTIC_QUOTE_REQUIRED
2708,vmm-b62252974cb51388bda614cceff99030130d59927ec3036df09592fb9a4ab7c8,EXOTIC_QUOTE_REQUIRED
2709,vmm-4c151e52d5a74dfcef6510e2effae8db598820133e7ae7fa4671250175026caf,HYBRID_COMBUSTION_FUEL_UNSPECIFIED;EXOTIC_QUOTE_REQUIRED
2710,vmm-f2119cfb5d217482f0e94e2ef7705549a347520aecfd36b8f93bb986cf9fc6a0,EXOTIC_QUOTE_REQUIRED
2711,vmm-f9d20970092b0f7736978a88dd616f0e4e5b7977c8cec84acb646f9442ae30c0,EXOTIC_QUOTE_REQUIRED
2712,vmm-5bced7f2a54819f378de96d2a1bc6fc94e592afbfc7d2a0fef91b43266dcceb8,EXOTIC_QUOTE_REQUIRED
2713,vmm-2a1bb9c750b3226eb7694d1daa9e4facc20be08fc4595cb6e2f80d20acea263b,DISPLACEMENT_UNKNOWN_OR_OUTLIER;MASS_UNKNOWN_OR_OUTLIER;TRANSMISSION_UNKNOWN;EXOTIC_QUOTE_REQUIRED
2714,vmm-389386e2a1354aea1b17d3b1be8d56aa3a3efe4473bec93718320d23e95b21af,EXOTIC_QUOTE_REQUIRED
2715,vmm-a2c9629aa107557b0d77d4c06fcf8d92bd7b2dd8e8076166744798925369bb67,DISPLACEMENT_UNKNOWN_OR_OUTLIER;EXOTIC_QUOTE_REQUIRED
2716,vmm-39fa13bb8e58d2202317cb5f1345a838dabd65572815b99a3e3c4a35c99421bd,EXOTIC_QUOTE_REQUIRED
2717,vmm-a30d9cb763be573471e067ef19a7e6ce2cbfe1c80642eee9f8f16ac2e2271765,EXOTIC_QUOTE_REQUIRED
2718,vmm-1696048e6bd3ff219cedd4f997d305d06a4e64ee04c109f5b7eb30715c9b49c2,EXOTIC_QUOTE_REQUIRED
2719,vmm-c5015fa71c5fbdefb909ad1f473ca18d7effc23a632825de90aa674563e2e839,EXOTIC_QUOTE_REQUIRED
2720,vmm-c36d279a763c59b41365a333c4c993400aa75b6fdd94789102a8c216b284f321,EXOTIC_QUOTE_REQUIRED
2721,vmm-7dabff35067b473f54c38858f2ab6a5f6ce093d11e1895079a47c48c3e8e4fe1,EXOTIC_QUOTE_REQUIRED
2722,vmm-cf65db28f66d9545179caf3e66bb3594783742f5ddd2b72f47537763735e27d0,EXOTIC_QUOTE_REQUIRED
2723,vmm-1869f9fbe5893508b80d0c60ab86ae757efa5c853b848cf81a754e3e7aba8905,EXOTIC_QUOTE_REQUIRED
2724,vmm-2e2857cdb742616f7464b2d6db563f5b36d17f35286cc7b25b1fe73973c92492,EXOTIC_QUOTE_REQUIRED
2725,vmm-9cf54fca1b203c7063a4d1c206bdcd7fe6a209acc15c4ffd01ded7cb8fbf102f,EXOTIC_QUOTE_REQUIRED;ROUNDED_FOR_INTEGER_STORAGE
2726,vmm-c0408e82b6584ed2e1f5286477d9f6160ff966b2dad59341422546b1d61e151a,EXOTIC_QUOTE_REQUIRED
2727,vmm-4a3d28d0f85e18c3d9ed37443ee60ea6139523234a8663b3bb2fa4cb775d6641,LEGACY_QUOTE_REQUIRED;EXOTIC_QUOTE_REQUIRED
2728,vmm-8b61f36440d1a07893a9579d19ac6c7109a83c7354a1a0cd05441fcba1a983f3,EXOTIC_QUOTE_REQUIRED
2729,vmm-c9bd2c1c86c88777f9d21596e6bac2246b08d74029874b75c423f3db0e75ba02,EXOTIC_QUOTE_REQUIRED
2730,vmm-f6681f570883a73bebfa3ee1db69192724b3c8aea8965e35c3fecb65f235e77e,EXOTIC_QUOTE_REQUIRED
2731,vmm-ab67980a00dd788a4c2b8d14d35143e3b858123b717af09979b023dbf5ace7d0,HYBRID_COMBUSTION_FUEL_UNSPECIFIED;EXOTIC_QUOTE_REQUIRED
2732,vmm-c47eda799bef02683b7e9ca696f2c8c6c1b4216b15ff15d4dcedb13d48d810af,MASS_UNKNOWN_OR_OUTLIER;EXOTIC_QUOTE_REQUIRED
2733,vmm-1d1535d21683e9d0001345b7645c0fba884a23475ad6b2a59e8635fc50b9de3d,EXOTIC_QUOTE_REQUIRED
2734,vmm-1a6ee12478913f4135d0a3eb5f95e263492a9f9028f7157940447686b20d30b6,DISPLACEMENT_UNKNOWN_OR_OUTLIER;MASS_UNKNOWN_OR_OUTLIER;EXOTIC_QUOTE_REQUIRED
2735,vmm-59314f30dcec4b462fef47027073fe916f9c58aeacb23d0b973e4a11ec9c0757,EXOTIC_QUOTE_REQUIRED
2736,vmm-5aabb3e83b90c26243b7371b2e0517eb2e106cfbb498695bb232cc3c257ae9ad,DISPLACEMENT_UNKNOWN_OR_OUTLIER;MASS_UNKNOWN_OR_OUTLIER;EXOTIC_QUOTE_REQUIRED
2737,vmm-30358183b087a5fe1a402b9e7110ffb85847abc0e6d4e0e261fbdbbf9bb6409a,DISPLACEMENT_UNKNOWN_OR_OUTLIER;MASS_UNKNOWN_OR_OUTLIER;EXOTIC_QUOTE_REQUIRED
2738,vmm-edb1b0cdf22a6d0d11ca3675567945ed68295dce32de02bb266a81c32b9ccafb,MASS_UNKNOWN_OR_OUTLIER;EXOTIC_QUOTE_REQUIRED
2739,vmm-718a73d5bed4c900b964f86c8526c810e2170d7088dbed0c42afc408b4a06e8e,EXOTIC_QUOTE_REQUIRED
2740,vmm-621691abb3ec34f4ac6c164299d2a11e7f0f7b6c4142c948f936e7d8c52b59aa,EXOTIC_QUOTE_REQUIRED
2741,vmm-5b4f6b0ce994f01bc36a59e180fac9b575ec84ebad511147d31c88d8b20eb18a,EXOTIC_QUOTE_REQUIRED
2742,vmm-a189b0689256d21eec62e2925a711229c690379df3edcf674fb7bcd71201ccbc,EXOTIC_QUOTE_REQUIRED
2743,vmm-9942e52762b55de644c6327aff5b97be4e860ed9f4f3b8b6c5b88ceb3dd38297,EXOTIC_QUOTE_REQUIRED
2744,vmm-91e0cd456e8fea9b24defd2b1bf9e9062afc297e7e4928987d3d546a91aca29c,EXOTIC_QUOTE_REQUIRED
2745,vmm-4013aa07c3b07f6cf20b2280f53e97d8006d6124df508f59e7d2081f6428cc5c,EXOTIC_QUOTE_REQUIRED
2746,vmm-1d0416865e228682218097b622af0e380202b7c1ed570f66be7913f2b1a90fe1,EXOTIC_QUOTE_REQUIRED
2747,vmm-fdd2ab2b2a3ccdebe17d0c51a3c212c7ed0beacaa8c6c72bbe0fe58952e48cba,EXOTIC_QUOTE_REQUIRED
2748,vmm-62fc7a88be6d49725aff88be9f64b3c3ee210bf9e2f501d384368480ecd4f1a4,EXOTIC_QUOTE_REQUIRED
2749,vmm-47b1899e9dfb774f2f0602f259aca43f50f72aaf3e57a9fadfa71e556dd63b1e,EXOTIC_QUOTE_REQUIRED
2750,vmm-e44aa6602612e1e0100370f1412e7d688e0922f964669fa3df0180b3a7bcc63d,EXOTIC_QUOTE_REQUIRED
2751,vmm-1cddfca6d14e5f7561a796774ba13d6ada357d2ff14a995560dc949e9776ea42,HYBRID_COMBUSTION_FUEL_UNSPECIFIED;EXOTIC_QUOTE_REQUIRED
2752,vmm-1c0732dffa1741eb20b5a4c28f2aa51500dfb1ad56d3f63703faba117a71a5b8,HYBRID_COMBUSTION_FUEL_UNSPECIFIED;MASS_UNKNOWN_OR_OUTLIER;EXOTIC_QUOTE_REQUIRED
2753,vmm-b9d799aaf469d0b3c3c81e48bd25496ba23f96c4811c226f252f3172b69d662b,EXOTIC_QUOTE_REQUIRED
2754,vmm-33b330d1eab18c34a79e917d4f8f960409ada3e4efcb4d67b7cceb4bee735fcd,MASS_UNKNOWN_OR_OUTLIER;EXOTIC_QUOTE_REQUIRED
2755,vmm-2501f183c28ce7c49d2d658f6e0fcef87d41a31310ebdd68d85d12a479703a28,EXOTIC_QUOTE_REQUIRED
2756,vmm-20c4492dd822c4f38a1c4ce2ba4bc928833c5da3a2700e149ecb0424e4b84572,EXOTIC_QUOTE_REQUIRED
2757,vmm-ed634108c681e2dc608bfa954148ed09b23f66f6be914d201c8ea85cc8ab8133,EXOTIC_QUOTE_REQUIRED
2758,vmm-a301eb65b297c6bbfbdda64212c108b708ff61796b965856cedb9084850638b7,EXOTIC_QUOTE_REQUIRED
2759,vmm-e595dbf05eec68aea19bef01b802253efe14a20ae4c0db4e78b92634e0b96b1b,EXOTIC_QUOTE_REQUIRED
2760,vmm-a57ed33de559609886c9fe26b330347c962a4420d3c40fbdc35fd3a7c7a3fc1a,EXOTIC_QUOTE_REQUIRED
2761,vmm-d95318904d3750ad1614249983bfc7f33036d6ccf52e053626198899a00cb2bd,EXOTIC_QUOTE_REQUIRED
2762,vmm-774c033e885da7aa855e4370823ad9fcc05e478a866d872867f1a2bfb04ddf4c,EXOTIC_QUOTE_REQUIRED
2763,vmm-aded77662f1fde0f1b879e7d7600aca04c0eaec2a48749ccb29e366e0fe2ce1c,EXOTIC_QUOTE_REQUIRED
2764,vmm-b5d62a89a9de0bebe587a0db60def9790ca5562e04413505e2ad161688657056,EXOTIC_QUOTE_REQUIRED
2765,vmm-21aa3e2518879eb42861fe93d19446c57a0ee714908236f6ffab55044ae4073f,EXOTIC_QUOTE_REQUIRED
2766,vmm-7d4a457ae090accb9817b9f9f85ed2551be1f3cc7d07db7e2ccbb001105beb17,EXOTIC_QUOTE_REQUIRED
2767,vmm-b4f6f3f38314da7277f13cfa7eee0cb1e9366e941986e72b8ae00268ed3e19a0,EXOTIC_QUOTE_REQUIRED
2768,vmm-631c41677c4a965b1036f4fc362297124d7bf7bf1f6b30387bd40d7b05f3721e,TRANSMISSION_LABEL_CONFLICT;EXOTIC_QUOTE_REQUIRED
2769,vmm-52569e603c4cf710599e9301124754150427906a4d195ddae664080d963cef07,HYBRID_COMBUSTION_FUEL_UNSPECIFIED;MASS_UNKNOWN_OR_OUTLIER;EXOTIC_QUOTE_REQUIRED
2770,vmm-a100f8c65d0981a7f847961a6ef5a0c543a4ee68f56e5d9d3a7bd51cab4fb7f5,HYBRID_FUEL_UNCERTAIN;DISPLACEMENT_UNKNOWN_OR_OUTLIER;MASS_UNKNOWN_OR_OUTLIER;TRANSMISSION_UNKNOWN;EXOTIC_QUOTE_REQUIRED
2771,vmm-07f5caad2b79a5e0a72747b3ebe509d5be37ebb8d28aca0551711db15803df8b,EXOTIC_QUOTE_REQUIRED
2772,vmm-f75636b85200acae06b8dd0f68aeb6ca4d7a9e3e575b4d43808a960b64d1b3cd,HYBRID_FUEL_UNCERTAIN;DISPLACEMENT_UNKNOWN_OR_OUTLIER;MASS_UNKNOWN_OR_OUTLIER;EXOTIC_QUOTE_REQUIRED
2773,vmm-988dc48f73981aa30c219a745eceff19fba84f31f57718698c17109c5aa55426,EXOTIC_QUOTE_REQUIRED
2774,vmm-11b8850bc0d02fc40a6c3d23b24e929e0758dba1ae26e449bcd65af46964fab4,EXOTIC_QUOTE_REQUIRED
2775,vmm-81058cb6170dbee3a827735b5891f63a9f9b71cee8e2677ffb790afe136c1a5e,EXOTIC_QUOTE_REQUIRED
2776,vmm-fb5e6f4d15862f308835937cab0a1232494f85e7e94acc926b3202d19ae25e76,EXOTIC_QUOTE_REQUIRED
2777,vmm-1cc6e1a5ea30a6e15b7dbb79d8729d49c914b011d18712cbd40b95f8f4746baa,DISPLACEMENT_UNKNOWN_OR_OUTLIER;MASS_UNKNOWN_OR_OUTLIER;EXOTIC_QUOTE_REQUIRED
2778,vmm-b302cc8549befc5d390a75be6ec23bc3799d8ca9364692248467d5321fa41983,MASS_UNKNOWN_OR_OUTLIER;EXOTIC_QUOTE_REQUIRED
2779,vmm-fe31792e4a00be20614273098ef3d3fb71f57b85259360ab97b5991ba0eeb521,EXOTIC_QUOTE_REQUIRED
2780,vmm-7228296d27dfec6371b55b60f1fdfe0e2064d7c207258d187ed2bfd776518a2a,EXOTIC_QUOTE_REQUIRED
2781,vmm-e1cf176f1f8a7bd3bd638977a0a2e7fffa668fed8c0e3b9d582eb5086d28ecf9,EXOTIC_QUOTE_REQUIRED
2782,vmm-9fe1d5e395c06b54b804d66819ebc538c5ec8fa1786ae4869dff9f8c11947e7d,EXOTIC_QUOTE_REQUIRED
2783,vmm-5b6204aff37b341bec433b582c84255126b6b7964b0dfb0487e496d4c97abecb,EXOTIC_QUOTE_REQUIRED
2784,vmm-2c298288fb55409d9a2f779fd3fcb2e120d15c58224d30147e1215e7f43192ca,LEGACY_QUOTE_REQUIRED;EXOTIC_QUOTE_REQUIRED
2785,vmm-e237e7914af85cfd3efebeca7021fd525ef8b682785a8dee1f15f0a825b71de0,POWER_UNKNOWN_OR_OUTLIER;LEGACY_QUOTE_REQUIRED;EXOTIC_QUOTE_REQUIRED
2786,vmm-5dfcb58a3408e986f5d0fdef14e7b4cbf6711d7e6d23eb8e89cf3f7d69a114fb,MASS_UNKNOWN_OR_OUTLIER
2787,vmm-c7b308b7649a9cabf1f6a0008601766c6bfb7e7addd4a272928cf6bcc7278e0e,HYBRID_COMBUSTION_FUEL_UNSPECIFIED;MASS_UNKNOWN_OR_OUTLIER
2793,vmm-a64f220b8fc8eda529fc96283f7553cafe2573ef4fc71c0acbcf359f19ee2218,TRANSMISSION_LABEL_CONFLICT
2909,vmm-80d7c133dd3d6437e5cae9f3d5ba948cf9088b23e4275838e527e60a1f3abb65,POWER_LABEL_CONFLICT
2931,vmm-69d68ade630c75e4889ddd66c06da2f61dcf4bb25bd2f121609afc834d2c91db,TRANSMISSION_LABEL_CONFLICT
2996,vmm-4f8e43ddbb4edebcd84ea06c1094d94ec6a0ff8098e2c8c3f35167db40423f25,POWER_LABEL_CONFLICT;TRANSMISSION_LABEL_CONFLICT
2997,vmm-af978894f579f280e63683fc44922823f2c6442b0fee5594d46695315779e263,POWER_LABEL_CONFLICT
3002,vmm-d9a278cd72a2e9f856d85acd47c24086859ee28b013fef56f3cb94183f0f63c6,TRANSMISSION_LABEL_CONFLICT
3004,vmm-ef1788c2237c04bab28e6604ab4a8578077f54135ef26e565f0aca10e5d4a7f7,TRANSMISSION_LABEL_CONFLICT
3024,vmm-297babdec626fdbd06d4e666ecf20c39d1ba1f49a05c50299e448af4c318dd7d,LEGACY_QUOTE_REQUIRED;ROUNDED_FOR_INTEGER_STORAGE
3025,vmm-9f98e48d40593a337f26f497176afbb042f0b7aed9b0a70be69096bf3fb8241f,LEGACY_QUOTE_REQUIRED
3087,vmm-88d0015ae485d0f30689749c1f972ff095fdbfbcb4d720226ed0eae53ff80990,HYBRID_COMBUSTION_FUEL_UNSPECIFIED
3088,vmm-bc2adab66618146a241a3522807eae843eea76ec5f45d81ccb5ad2d9f69e4c33,HYBRID_COMBUSTION_FUEL_UNSPECIFIED
3121,vmm-aa14ff1781fc1129b23ce05b6015d550cb2e1be41f958265271182fa082f54d3,HYBRID_COMBUSTION_FUEL_UNSPECIFIED
3126,vmm-b9e2fd0d36d8f08747f1a9b5f764802e92ef86b1eb8b8ff73013759343522ff5,TRANSMISSION_LABEL_CONFLICT
3153,vmm-1aa75da26d333e259e7b9435ca400ed9fdabe0f29db6eb82d0ced0415aa513d0,LEGACY_QUOTE_REQUIRED
3154,vmm-744b34f8ff7fab3f8a91c8de214509db8d4c0bb8247af435b7e30236a0654cc1,LEGACY_QUOTE_REQUIRED
3155,vmm-6d448e7668c8fb0c50c4b626c8362d3d94ba56d5d2b16bf53f2d145f96cb3c4d,LEGACY_QUOTE_REQUIRED
3156,vmm-c67cb8c1e0c17136fccec0fce53e22cfcbf148cae09524f2b30f33ef9f376dac,LEGACY_QUOTE_REQUIRED
3157,vmm-0783cdc60cb13976d5cf73f4f219b9a13278302343b1af1d30c56d16d33f9296,LEGACY_QUOTE_REQUIRED
3158,vmm-2fd3dc5635ea6001b3fe4de6a84006b0f1dcc7cc25d32daf8d6b67587f5df102,LEGACY_QUOTE_REQUIRED
3159,vmm-c36e4371d20dadd2f7b349890ea3ff0578929d5fb4e6c05286741fe7f312e423,LEGACY_QUOTE_REQUIRED
3160,vmm-54bbde4feeae6e4159d2e1eac669b2849447b844a00dba219410f563e73f999f,LEGACY_QUOTE_REQUIRED
3161,vmm-3ab1d36c24e25acdd4240f862b6a1c50fc361d33f61b7c96b58dc14cb2ba8555,MASS_UNKNOWN_OR_OUTLIER
3162,vmm-1b00b285bd2b9e849079538508c72bcbfe89a8a0e3aad92ac821de0f1dfc3ed6,MASS_UNKNOWN_OR_OUTLIER
3163,vmm-1f4367acd4e5a2619197cdc57b656ce841b600ada1ab646f86c28466e1187de6,MASS_UNKNOWN_OR_OUTLIER
3164,vmm-c9a9150f121b208b7bb10f6d1f1f8338a864ba06d2b98b611089e19996cc03b9,MASS_UNKNOWN_OR_OUTLIER
3165,vmm-b8e087935a6011afb18922f61c6f5983210c6670e8589a56cb56d79eb55f61eb,MASS_UNKNOWN_OR_OUTLIER
3166,vmm-9c16b19041355974e52e1e8c864bf1a96506ad25905d2050e0d7a22b21e0440d,MASS_UNKNOWN_OR_OUTLIER
3167,vmm-df68741d69d70d6048adce6e0d8fe9836c8ba469b35c4ab840b04fc0cd7bec5d,MASS_UNKNOWN_OR_OUTLIER
3168,vmm-607963b881e018a8bfc1445733de286e58fc1fe33ae6b74f30a1a0be42038234,MASS_UNKNOWN_OR_OUTLIER
3169,vmm-1d267d701a7a596c7b41fc5d5dca624bbcc90b46b7f46b29824f2f58cf721a3f,MASS_UNKNOWN_OR_OUTLIER
3170,vmm-a656f2b70d28caf1f10f9f1ea6907b63b4d2244e662adab9cd8e3846a907392d,MASS_UNKNOWN_OR_OUTLIER
3171,vmm-65fcfe5c831233c88a1e958ecb3c2eb0d0551bd55d324a4382fca77004e265ad,MASS_UNKNOWN_OR_OUTLIER
3172,vmm-7c682560ccf3f1dc99a137cbd5cecaa318479d63c378886755c590d0cb48adbb,HYBRID_COMBUSTION_FUEL_UNSPECIFIED;MASS_UNKNOWN_OR_OUTLIER
3187,vmm-e20f1c4c5a063f360bd7165ede710bff1dd15f0061e7cd8f195a1594076a43fd,HYBRID_COMBUSTION_FUEL_UNSPECIFIED
3188,vmm-2be92b82d9f50dc9bb5f539681f422412d83ad15c84d7dfaba809bf03b21d148,MASS_UNKNOWN_OR_OUTLIER
3197,vmm-6b9d5b3939dad5895449bac7b24f820e4b4b7edad220467643044acb87b9acd4,MASS_UNKNOWN_OR_OUTLIER
3201,vmm-0497914cc457480af593cfaf8edc8d1254f9b5fcef83ad1f6c4facd42e95bb9c,HYBRID_COMBUSTION_FUEL_UNSPECIFIED
3265,vmm-0da28f01b24ad94dc9b022a6fcdbe9d6b83c5429afe30ef9eee07eb91aefe99e,HYBRID_COMBUSTION_FUEL_UNSPECIFIED
3272,vmm-250976d51fb62bab68d33e38c6cd9377cc4879f31e6bb26d4b40a2b94ad0cc46,POWER_LABEL_CONFLICT
3351,vmm-652c98d0b31b2e2f183f190d67ccae35cd4fcaca45a1e3eb27dc647ebc631174,MASS_UNKNOWN_OR_OUTLIER
3412,vmm-31c63cdb36177f4291c633562c148c1fd7bd949729554bc10d1d3a578411c4b5,LEGACY_QUOTE_REQUIRED
3413,vmm-53c9594131311729f0c511e2c3319ab55258d838f750ef2ef4ed84e6a3acc5fe,LEGACY_QUOTE_REQUIRED
3414,vmm-0f24d7a089074dc7a71af138d582ba1c901df024b3655258528f4e9b51b6b855,LEGACY_QUOTE_REQUIRED
3415,vmm-c89126865e988a1918d6065b18dcd108179d39b94b67a78cc706f6265d9fad64,LEGACY_QUOTE_REQUIRED
3416,vmm-a3ae2efaf69155f7839f83a28b0f322cc2db8af89cb715c3c487e566d5bb730e,LEGACY_QUOTE_REQUIRED
3417,vmm-3610ec2947a03d5b58a03b5de0c55c33256c58be8a0784248403fde982b91478,LEGACY_QUOTE_REQUIRED
3418,vmm-0ee769022f3e00f43fdc99d2cfcc304da0e2f9c07c2e1d8c2d88be4fc1fe3f11,LEGACY_QUOTE_REQUIRED
3419,vmm-8911ebaf5eab6cf687a7a6641073394164c45f1b5e2d56cfb1436ad1a5f4a452,LEGACY_QUOTE_REQUIRED
3420,vmm-23bf69bdafdad723fb9be99c298e45dd5312b97cec298043f7fc29d5fef7dbea,LEGACY_QUOTE_REQUIRED
3421,vmm-ddc568aeebdeefbcf2291c306d0292a72f6384f994dfd7b8d478218b7c6b4f80,LEGACY_QUOTE_REQUIRED
3422,vmm-ae9b4e64a08c951aeebf014c09d42e5c85a7f63cdd79aa040c7fd6c89b64346a,LEGACY_QUOTE_REQUIRED
3423,vmm-92bdea205fde9c30870c25ab8f45348b67a5f1ba26561e9db8b154c1679dfa5d,LEGACY_QUOTE_REQUIRED
3424,vmm-bcba10949a42253ff92434e3c25a686c089af3d0484913539cbb4cfb80b9a05a,LEGACY_QUOTE_REQUIRED
3425,vmm-2177f8f09621bf2d24b19b236a54e4e7f70f43b531da915b4218e1456a70c0e6,LEGACY_QUOTE_REQUIRED
3426,vmm-d6f1c65afd4f8df8f4dd3deff52a8b99a9dfe486d0a15c1d59cb670b3f9a2c85,LEGACY_QUOTE_REQUIRED
3427,vmm-28adc0e5381814aa108bbbc755f5f30cb00bc35ae5e4a2c5d21651789f7dc889,LEGACY_QUOTE_REQUIRED
3428,vmm-940a847672b01261d28738cd0838c53bdeb8e390a9d722f4fcd7db87c0d82312,LEGACY_QUOTE_REQUIRED
3429,vmm-156aa9c6e54fa6dc1ec3a8b256eae501fb12c5a1d0f15b38bf5b1aa3b519a446,LEGACY_QUOTE_REQUIRED
3430,vmm-3269550882f3f291034d11cd0497265cc04187119d96fac38c7d6fc149525394,LEGACY_QUOTE_REQUIRED
3431,vmm-91c566887beacfed6f384257b08991353ad327c77dd41220fb73addb795c1740,LEGACY_QUOTE_REQUIRED
3432,vmm-f53fedcf466ba988dbaef173b5d49a0639782b56f08df26e93fecf5c751bcebf,LEGACY_QUOTE_REQUIRED
3433,vmm-4869164d1761d0c6e9564237854846f1bc3af1dfb5a122fd898801cc3c471e1c,LEGACY_QUOTE_REQUIRED
3434,vmm-79370723d745f7095b9f973986515dedf107f3df847065550cd06400e9d5cc56,LEGACY_QUOTE_REQUIRED
3435,vmm-2ea5cfaebbf57f847e59dddecc5f4b0bb99ca0e09f3dfa8b348e2e303a258795,LEGACY_QUOTE_REQUIRED
3436,vmm-de70e12fe2fb65820f03ef160ca2285dd513fc446eb4a4fb7b8e8d9ef9ba92ea,LEGACY_QUOTE_REQUIRED
3437,vmm-11fd1e3c6b8543097a88f00625eb31598e765f58d1fb128abb45cb49b70fc330,LEGACY_QUOTE_REQUIRED
3438,vmm-53a2acb2572b9daeb170896146c1242e1d40b7ccf027d165369efe9e4eeb1ed6,MASS_UNKNOWN_OR_OUTLIER
3439,vmm-b455733e06eafa930e3b971a3894854dbcabaa655bd83252c1bb201053ec0c81,MASS_UNKNOWN_OR_OUTLIER
3440,vmm-a58b6a4c1f4ad9e854560319494baa24b48502cf82d20bdb3bc4832b4810120f,MASS_UNKNOWN_OR_OUTLIER
3441,vmm-448cd8b84e6ce845ce06296645aa782ea219f5c4372139d70335292d4bf20c25,MASS_UNKNOWN_OR_OUTLIER
3442,vmm-b2c964fc39496f4dcefea66cb7141899549fa27c38cce36ea3902862d681de8c,MASS_UNKNOWN_OR_OUTLIER
3443,vmm-6125e95cfb05ea15c5eacb1b33824ef327374398a8276d062f3109a444618d9b,MASS_UNKNOWN_OR_OUTLIER
3444,vmm-b9c82a8c78133a72db50fd42ae4e60938e8efceafcdfba30f501a101682b0b41,MASS_UNKNOWN_OR_OUTLIER
3445,vmm-33158cc2fb530522cc33343e7f5c3f5b24c5a4c34fbe2d59c6145cd34aa1e17b,MASS_UNKNOWN_OR_OUTLIER
3446,vmm-12a09a35b5d43774b40db73dc1e816b75800cf5f9f5cdf501a46817bbff29edb,MASS_UNKNOWN_OR_OUTLIER
3447,vmm-686e0a2879f1694c277ada7fe16b249672023f85deec93ea50dd539882d0a570,MASS_UNKNOWN_OR_OUTLIER
3448,vmm-5cd337280b88dbafa43210aa61a58763193e70046427e2e41f71befc9ce400ff,HYBRID_COMBUSTION_FUEL_UNSPECIFIED;MASS_UNKNOWN_OR_OUTLIER
3463,vmm-f0cf31ef913a937aa23dd0f1b2d69379a4fe0ff819c5fb1a5679cb71dc6e014f,HYBRID_COMBUSTION_FUEL_UNSPECIFIED
3535,vmm-8d7a56f8b309f41238a66751321dd603c9c57f52952d406bedb3fa7190dfff9b,MASS_UNKNOWN_OR_OUTLIER;POWER_LABEL_CONFLICT
3586,vmm-0c7444dff14a8774b98046f5856072742afaf393d9c930c75785ee6389107dae,TRANSMISSION_LABEL_CONFLICT
3653,vmm-ca387857be0cfaa6b2ec9d74fb81ac9f83f87871e6cce9e3b0ba69a4d397dac5,LEGACY_QUOTE_REQUIRED
3654,vmm-78ec8badb1dd7f56b62589ec649b648d61ef31fd7c33de762a4d639f5328e994,LEGACY_QUOTE_REQUIRED
3655,vmm-6172edd5a36ca44fefde5b82eb7f0c4bd2185fe3ddb28cc984b9265488084bab,LEGACY_QUOTE_REQUIRED
3656,vmm-6b5a753e5f9c0108d898bd474544ba76258afa9c9b2ac6439da174560c897f07,LEGACY_QUOTE_REQUIRED
3657,vmm-c66ab9dfb30222744ce2d16ba43d5dce9a9c0417efb0823c082d5881a86ed34d,LEGACY_QUOTE_REQUIRED
3658,vmm-f0b02ae857c8fed4d80e4d40be28db71d262e2a42a7bf089fb0e14149705b339,LEGACY_QUOTE_REQUIRED
3659,vmm-8949d17bd2cc3ddcfbba51e2db56c602fc208dbb3d7d14431c118e910d65ea38,LEGACY_QUOTE_REQUIRED
3660,vmm-0a242dd4f10908cdae688e7d7e0b8dc9f24c057997c2e30772b90640d262dcf7,LEGACY_QUOTE_REQUIRED
3661,vmm-81723634d852d3879beb1bf08a0c39f95a3211df611b1e8c003edacf9df6b275,LEGACY_QUOTE_REQUIRED
3662,vmm-525a71d97a1e08d627d79d8588feb2529238685d32623be2d73976ff8ab99218,LEGACY_QUOTE_REQUIRED
3663,vmm-7bffcb22b5001e6fe8be4b689b3a4e9eabb5344fd969041789f233f73ee79596,LEGACY_QUOTE_REQUIRED
3664,vmm-aa2c2fb7a6bafa891691b17fc14b89fdf4e4176b270477c74ed90d3bf8d52df3,LEGACY_QUOTE_REQUIRED
3677,vmm-1aafdd401431e47fbfdd39039725f89a32b30e7822a1d2afa2f91576d48af4c7,TRANSMISSION_LABEL_CONFLICT
3685,vmm-f249f653489f549761ffb65edc31b29663a5c7bfb7d2e1cea5bbbcdb423588dd,TRANSMISSION_LABEL_CONFLICT
3724,vmm-e25a53a33d4ecb9e355827f7b297414237bc0d6e1a0262b76c11946e990b01f4,LEGACY_QUOTE_REQUIRED
3725,vmm-ba395fcd1d8a6b6c8f75901fb818d36923f746dd9ae756c3f4a251b9d19ea2eb,LEGACY_QUOTE_REQUIRED
3726,vmm-047e46e96ad6bc6626d5c43cf4ed40531997f99ed8fd38ccc18e9f4617e992b4,LEGACY_QUOTE_REQUIRED
3727,vmm-073a43f13f5ec4b5ebd5cbb309fc06b70135e89122287bc7f27ead32e2e95326,LEGACY_QUOTE_REQUIRED
3728,vmm-949955d283ba76f2fed5c2560a2d1640d437bb53e063ba23dffa2c7ce7e72358,LEGACY_QUOTE_REQUIRED
3729,vmm-9d09a7666559851843bc6bed6355a7ee7e474f734b3347d2a6025aa81f0816bb,LEGACY_QUOTE_REQUIRED
3775,vmm-5b247b2317a679cc585fae2bd5b00138b303835eb11d04413dcbaa053dd44e86,TRANSMISSION_LABEL_CONFLICT
3818,vmm-002411b52d116447267db2e89d7408503f2e14cfdc9c00047963d33198da39b0,LEGACY_QUOTE_REQUIRED
3819,vmm-800ff5c14cf0d3ee2e98fef770e013ffc0eaecd91b6a0663e5c27d895b99f3ad,LEGACY_QUOTE_REQUIRED
3820,vmm-80b6e92d7ab215609a4fd36c15dfc1cc74687a66f2cc4e407b3ead57f65f2efe,LEGACY_QUOTE_REQUIRED
3821,vmm-1228170e93a46eb5810cf1c9c9cdc594d1f667b9d5caec38a7965db14e078622,LEGACY_QUOTE_REQUIRED
3822,vmm-88e166f47883b11516517857c53b756005b40789db249fccc3c5eb5acab85166,LEGACY_QUOTE_REQUIRED
3823,vmm-f0d9db532c33d25024ebd1f812afec4acd211c98b3098557670843a5f1061efb,LEGACY_QUOTE_REQUIRED
3824,vmm-c49eacdceefb0b5fb7ddd643ee2bde4d5cb2957d5e6a9b94e1afb48c691ae869,LEGACY_QUOTE_REQUIRED
3825,vmm-b983933dc08c68f2cd4b0c7e08333076e5fda5d0cb8a98d330ba7f267daee963,LEGACY_QUOTE_REQUIRED
3826,vmm-631c7c5d0f9f52136b95e05f98b08f9da8fdd03c6850999bbb0bd1a60784f327,LEGACY_QUOTE_REQUIRED
3827,vmm-005d4da310e41f0c0c8595be6b41a3b0084939de7910fa83c571275b240d67be,LEGACY_QUOTE_REQUIRED
3828,vmm-698fe9737e9413374589c0f442bc3b5447ef80bd34646ae6070733fefa8093d7,LEGACY_QUOTE_REQUIRED
3829,vmm-84cd9ecb3abf89dccc90d6452c2c6ca30072219b7d5a0774d2a727d03245f383,LEGACY_QUOTE_REQUIRED
3830,vmm-52117f3ee2ff68e8d45361114c1ac92d567e809645a07cc03c25feb96ece9e5e,LEGACY_QUOTE_REQUIRED
3831,vmm-57b11917b90702b9dd3aba80dcb3617b6a5041a572eb0c628e52c40db3073615,LEGACY_QUOTE_REQUIRED
3832,vmm-0df98ad21cfe038696c3f4abed5e419fa96148713b1417c627cda785ca4f7ff6,LEGACY_QUOTE_REQUIRED
3833,vmm-8e7698fc13c7ab71daa9351d0b3e48eb9ec6cfe7f18bb2d61002a631f185a295,LEGACY_QUOTE_REQUIRED
3834,vmm-cec17ad2dc3db0fc970ffff739acf9952fa44aaa0d911b8062939c54c8126518,LEGACY_QUOTE_REQUIRED
3835,vmm-48e8fd422e1f5cd67eab70610fc704185990749390c3349082b552310bd04391,LEGACY_QUOTE_REQUIRED
3836,vmm-c33901ed8257e7e677224ca32ad3e01a617af4fc1586082d39beb2df9b8b5697,LEGACY_QUOTE_REQUIRED
3837,vmm-e71f5149551c2156039cf2b06e4a213951be5517dc17c02626b52ab16254bdc6,LEGACY_QUOTE_REQUIRED
3838,vmm-a45bd87e9f26a219c2e98d954566b493abc657cc30e5fcc34d97e643b6d106d7,LEGACY_QUOTE_REQUIRED
3839,vmm-d09bd6920e610a8d4b4b3c7def2851017b315040cd2f8a8e239f2b7bd48778de,LEGACY_QUOTE_REQUIRED
3840,vmm-0e021d0843f39762745076be29f839b018763806e7f1359aa5e33f9dfff8d8f7,LEGACY_QUOTE_REQUIRED
3841,vmm-2b111dc1d8fdedd2412b8f58458393dbcf3549ca603358254900e7b74f3b7fed,LEGACY_QUOTE_REQUIRED
3842,vmm-b7e6fbc398bf53f860c5d9c9b7a99d803558b7ec9749b67a67d7a9d78a9a5815,LEGACY_QUOTE_REQUIRED
3843,vmm-2ad5802f239e199c401a05e632a63311aadc59d555561f4dec5b9513950a4e96,LEGACY_QUOTE_REQUIRED
3844,vmm-2d37201aee4b70e88be79d1f1076e0ae5588da43ddc98a5ebfa0a5e005ede849,LEGACY_QUOTE_REQUIRED
3845,vmm-2be0d1b89232bf21ba3a8641918019eaf87f05ae0e448c8556b72697ab16207c,LEGACY_QUOTE_REQUIRED
3846,vmm-76aa32ca77946d540644c06ca4cd8d4f659a59912fd83ac6c602b53ba335e6ff,LEGACY_QUOTE_REQUIRED
3847,vmm-2025103ffba7ffd247660f46058bfa8e27138e71e445991a15736306f5161926,LEGACY_QUOTE_REQUIRED
3848,vmm-7e987031c197a4bddd8bbce9f507b667e355f74b790fca9b36d91e00c4f8911d,LEGACY_QUOTE_REQUIRED
3849,vmm-0e4cb3a52f0ec74e0554e90a388a7a2fdc3f06e3ed6cc5c1515808e669bc3eca,LEGACY_QUOTE_REQUIRED
3850,vmm-89855afc61bf5909ad17220c905050568ee49e266f08e06af8309f18b3af46c4,LEGACY_QUOTE_REQUIRED
3906,vmm-d0105bb55303b67dcf7d8b9ced5cb63d3b6a422fef1e79b26ce1c98eefc16fea,LEGACY_QUOTE_REQUIRED
3907,vmm-f9c012b3a40f8b03a02a15c16254966e8d6c215c18682e923399cacb3a151a7e,LEGACY_QUOTE_REQUIRED
3908,vmm-e2513eb0a778289935e65b9db63cdabdc4ce8b1069188ec7d5f8e82dd1b5d012,LEGACY_QUOTE_REQUIRED
3909,vmm-8bb1893277567be69e87040c1a159e9530cf99f8a6170db9e550ceeb5de37469,LEGACY_QUOTE_REQUIRED
3916,vmm-f11ca872be3ab90f2ab7369cf16a632d297ac8fdf443425de9158eb87aa7d3d5,HYBRID_COMBUSTION_FUEL_UNSPECIFIED
3921,vmm-221efcc7521058c502395130cf3e758ceb13a099bc3047102fa0fcb77827c02d,HYBRID_COMBUSTION_FUEL_UNSPECIFIED
3956,vmm-5ccec5c3ec9ccb4186f3b035aeca7c389e9638d41f36f9e9affd7134fd688f28,HYBRID_COMBUSTION_FUEL_UNSPECIFIED
3960,vmm-ce094c19a499248b67afffa92de553f8505039d7c977d99549aefe3bc7c28d87,HYBRID_COMBUSTION_FUEL_UNSPECIFIED
3981,vmm-9496efebaa35d02a3491bb7c664fe09c801dc33ae5ee9aa8a6da58c667e8f669,POWER_LABEL_CONFLICT
3986,vmm-cd33625e6930d728284369c43321017cbb35850a6bb4264bc8a1fd63b3c94137,MASS_UNKNOWN_OR_OUTLIER
3987,vmm-703c4145642d3e2565ae9329f7f094f32ac461e28a4d9c82b400a4fc58e03af4,MASS_UNKNOWN_OR_OUTLIER
3988,vmm-90e5f35eaa8a0040e605ee57009ba8e02dd25ca5e2f2c92bdbe0ad57e92327b2,MASS_UNKNOWN_OR_OUTLIER
3989,vmm-986c44076c2e7b829f385a43901763439a735493c4dc65dd04f2f13ba113fe50,MASS_UNKNOWN_OR_OUTLIER
3990,vmm-49bc3f636f7166eb2e7eb1146e41eef31166d58aca1f585280ffbf7edb7fe0b0,HYBRID_COMBUSTION_FUEL_UNSPECIFIED;MASS_UNKNOWN_OR_OUTLIER
3995,vmm-ec6f8fd9600bddab26400d6e6c1be7f521340338b6db1fc6dcd1158023111e8a,HYBRID_COMBUSTION_FUEL_UNSPECIFIED
4030,vmm-9a04cd5fd5b8cd5ab7276ca182853c94b877c142b0cbbf044533d850a4643b56,MASS_UNKNOWN_OR_OUTLIER
4031,vmm-05ed85d0a0c71aa46646b3edf939282b8e11791c498bf6c325ec70ec79e9eeaa,MASS_UNKNOWN_OR_OUTLIER
4037,vmm-8787b53c0c40b4dafab8df41e6eab16439fa765f2e1647f42498e6035b4f9dbd,HYBRID_COMBUSTION_FUEL_UNSPECIFIED
4038,vmm-cabe55cc27fedea5e4c7ebe2ebd2ad1efb95bca31e86f53c0fe25a8607f0f306,HYBRID_COMBUSTION_FUEL_UNSPECIFIED
4039,vmm-1f34c2fbf6f075c49be0450cf501a20a76a664a4728d631f83af4e719ef7030e,HYBRID_COMBUSTION_FUEL_UNSPECIFIED
4040,vmm-775125f611628cda17f617663c35121901f628bbdaf76d73ea81ad37f78e1eaa,HYBRID_COMBUSTION_FUEL_UNSPECIFIED
4048,vmm-d243d7aaf6eb5b42e41ea1b9b060fd81922e900fc9ffaea7bd8e9666ba13a592,TRANSMISSION_LABEL_CONFLICT
4076,vmm-462d1047ea217d7cd20f80c5dc1b4928dbc6c5c2500187152c5c10c1b3fcca41,TRANSMISSION_LABEL_CONFLICT
4125,vmm-81589d0ec8efa37687aef9c02ff3785a43c8b078c8a34f07531a05607f7a0d50,MASS_UNKNOWN_OR_OUTLIER
4185,vmm-138c4ba66893ff95f4406f3a39ebbb0bd4981ac6677653e57d824f2b912c3965,HYBRID_COMBUSTION_FUEL_UNSPECIFIED
4186,vmm-915e0cd6ad59d6ef8068ae5126d14950e53b18a5359f4ae2552133a602581665,HYBRID_COMBUSTION_FUEL_UNSPECIFIED;MASS_UNKNOWN_OR_OUTLIER
4187,vmm-ac1a6e198e0b87406e82bc9fa9057f676408226084015e054acd16cd4972e1ac,HYBRID_COMBUSTION_FUEL_UNSPECIFIED;HYBRID_FUEL_UNCERTAIN;CYLINDERS_UNKNOWN_OR_INVALID;DISPLACEMENT_UNKNOWN_OR_OUTLIER;MASS_UNKNOWN_OR_OUTLIER
4189,vmm-97f2767a8dfa73110056c3d1867152bd9c54984eff815869045f982e324dc5e7,HYBRID_COMBUSTION_FUEL_UNSPECIFIED
4190,vmm-7c107ae36e3be3ba660dab06cd0c914ef9ce178af654d3d53be9ad95b59c86b8,HYBRID_COMBUSTION_FUEL_UNSPECIFIED
4191,vmm-1bfb85fce8e7d8920d9d3b83ba78a5e5c4b8133f060a76027e1e52daff8e17dd,HYBRID_COMBUSTION_FUEL_UNSPECIFIED;HYBRID_FUEL_UNCERTAIN;DISPLACEMENT_UNKNOWN_OR_OUTLIER;MASS_UNKNOWN_OR_OUTLIER
4197,vmm-17cf2f644af530d3cd017d51c7c87415741624e655bbf62ff99ea92df85afdb5,HYBRID_COMBUSTION_FUEL_UNSPECIFIED
4198,vmm-3c7c6627c031dfeaa43c7654607225d3f35f953d1a11c51749748b6abbb39608,HYBRID_COMBUSTION_FUEL_UNSPECIFIED
4199,vmm-e70f4164dd17cd0dc457694c5ad9812f7d28fd99a97945f76cbcc369f45e87c3,HYBRID_COMBUSTION_FUEL_UNSPECIFIED
4200,vmm-6b4ccd58352f842b2682150c096c706b7f49168671a0662fd711a92803c7af89,HYBRID_COMBUSTION_FUEL_UNSPECIFIED
4201,vmm-4b68b6dffe41311dd3ec64cf7798841868903bdaac6fddaa5c919964ccc9bc05,HYBRID_COMBUSTION_FUEL_UNSPECIFIED
4212,vmm-56e3c03e6e6bae6521d15d01f38ce461b362a8c466bb8a8ceca3ed8a8d43f42b,HYBRID_COMBUSTION_FUEL_UNSPECIFIED
4278,vmm-1a09ac6e174371fd8ba063f4b3ab91cd0410bec9c031b83706bdcbc2f6a58efd,HYBRID_COMBUSTION_FUEL_UNSPECIFIED
4283,vmm-b9f088ed21532c77b0513a31c0350e12d467d9479b3769b0ee19a2cca777cfff,TRANSMISSION_LABEL_CONFLICT
4400,vmm-f935fd2d2cfb9c356379e1bb301f0b3ae137aaebdd3742f32a12d1d5b2be808f,LEGACY_QUOTE_REQUIRED
4401,vmm-444241b298c448d9a5da35c8420a3563b1f7c621a81eac293b20854ef3ce83cf,LEGACY_QUOTE_REQUIRED
4402,vmm-d29926b8290bf7b751034c19e1bc1d4d7abc023c812e86963a55eaa7c097fada,LEGACY_QUOTE_REQUIRED
4403,vmm-f1731988b93f493978bd6dfa0e7119f954a69dafa8cca570a579a8a1828252fd,LEGACY_QUOTE_REQUIRED
4404,vmm-821564344f5250daf234dbbbe9049122427986054d580d3789b888a78dcb3114,LEGACY_QUOTE_REQUIRED
4405,vmm-2ec23debb6428f4f013a32a5fbebe8a32a5ed429fb44816301caf53e11c13358,LEGACY_QUOTE_REQUIRED
4406,vmm-0d85062fb222e360cc0a8c036cb863d70d4348957ef6c9782a845e109985d33c,LEGACY_QUOTE_REQUIRED
4407,vmm-fccf803a27d065fb83daf02e15a5221c100109cf903c36c383170baa40e1057f,LEGACY_QUOTE_REQUIRED
4408,vmm-258b14e480a4530b7d246cf8a6d190435aec55b214f391384867857675f2c049,LEGACY_QUOTE_REQUIRED
4409,vmm-ea3c46530d82d912af8ed40903fa32ef5c7f57f412e66cd3a482eaf531c40387,LEGACY_QUOTE_REQUIRED
4410,vmm-622d63eda05b2221837e42f371fe9e7df0039e770fb479b48bfffb3d65198f35,LEGACY_QUOTE_REQUIRED
4411,vmm-3d38f959be54cc1e8b463f2c1c5f243b29e91d86b6c76d039ff824f40d0465f1,LEGACY_QUOTE_REQUIRED
4412,vmm-9b7ce029e9d7f0bd64aade7dc9bcc7499516f9ae0e8ee1690a3810989695d328,LEGACY_QUOTE_REQUIRED
4413,vmm-7a7dd18a079517f95afab3a75acac38adcdc704df95f56e77cabb35b5904ce73,LEGACY_QUOTE_REQUIRED
4414,vmm-2248cb47207ee794b825dbc5b6b8eed29f57dcba0b1b85a768ea8eed9a252231,LEGACY_QUOTE_REQUIRED
4415,vmm-7524e8197eb331a7d9d84224085df9a6d5b30b9d016b0e6cc34c9ad14f1c2c13,LEGACY_QUOTE_REQUIRED
4416,vmm-45604c91111fb73052ce97ebd29de607f163f2f9cc3dc25079bbe9f734ac83bc,LEGACY_QUOTE_REQUIRED
4417,vmm-db71aca920931f2d2e89d32ad61d4f94c108426c443b29858eddd96b1c2c201c,LEGACY_QUOTE_REQUIRED
4418,vmm-bda6fbe72c5c868fd3a78f99d82d70d9bc7320a9fb47546f4e83d36226ea1a76,LEGACY_QUOTE_REQUIRED
4419,vmm-65a5b72f4ba173e44e4926508a3e3a193a65ca3875077ddad82f59f26b77d86d,LEGACY_QUOTE_REQUIRED
4420,vmm-254ef7b4a8464ae35975c23850d2d451f44a674dc78531657ca7379a58469ca1,LEGACY_QUOTE_REQUIRED
4421,vmm-24d2fc468b512558717d75213548176d486601acedd6864e4df24734649aedbb,LEGACY_QUOTE_REQUIRED
4422,vmm-3bf70b2014d83629da0a40278b6f1e18836270a6c8a3b8c297dc6b0757e90d6d,LEGACY_QUOTE_REQUIRED
4423,vmm-021ac4a014dcd5b16feab2f48ff39dbcf32ccdc9f47d30f2432c4dfbd3282d77,LEGACY_QUOTE_REQUIRED
4424,vmm-7db8f9cbddd56e51ed7fa68913ecf96315db6133ae2ba7d27717a214f323417d,LEGACY_QUOTE_REQUIRED
4425,vmm-037aa0a8b1490aaf2bce3be2442b87a037e823958d14d8e8b0dc8d7a34f8bb8b,LEGACY_QUOTE_REQUIRED
4426,vmm-ad2704b9e649b4ce3114438aba7ecef954edf90bcc0ea794c8b398041bb30775,LEGACY_QUOTE_REQUIRED
4427,vmm-60831832e698a788128c072201e92f07b9d7589053a87cb10c0782be5da10eab,LEGACY_QUOTE_REQUIRED
4428,vmm-346e3ef76148ce88a95ccb61231590084b3ae3a656940365b4e11ded4937bef2,LEGACY_QUOTE_REQUIRED
4429,vmm-2edef1248beeb72b61cd87c597e0abcbbf1a730945864e6c2609377653b6f0a2,LEGACY_QUOTE_REQUIRED
4430,vmm-9886884f41cabcd5f7109f9eb87e186a5f4a7f3540f21edde7fdaef542f0de60,LEGACY_QUOTE_REQUIRED
4431,vmm-8677e5827f69c3d0b99ecf65ad237fc35b61b64635865219a91038ceefd3bdf2,LEGACY_QUOTE_REQUIRED
4432,vmm-699aabc11095e7e5c1c70bfd36d55089368e2d50f336ac0c782631b0fbd1759a,LEGACY_QUOTE_REQUIRED
4433,vmm-1428ecac515e75304708f6bd7859c669b39d36c196bf9a2e8ccf57f6ba838f1e,LEGACY_QUOTE_REQUIRED
4434,vmm-301293362c1950c7e32634f044fb34cb9cd356816aee9c3dff4c2a4b221769bd,LEGACY_QUOTE_REQUIRED
4505,vmm-2884ee55bc456ba5d2cf4541f5a29befb44e53c1b2666c57b0172063ad032820,LEGACY_QUOTE_REQUIRED
4506,vmm-70fd359df9ac34be22c04186b1e265c38dc1632b356ae48c409fcdb290c0ed38,LEGACY_QUOTE_REQUIRED
4523,vmm-4f6dd17e484fa13fc6d3759cb792a9af92c0fa324a437f9ecdcebff910dec604,HYBRID_COMBUSTION_FUEL_UNSPECIFIED
4524,vmm-078a797d6e4afdac92d70c768b8259280dc64de6149b81ad7e47c5666992df7b,HYBRID_COMBUSTION_FUEL_UNSPECIFIED
4525,vmm-521e2e51c4e70038800ee0fcfe9a578c4a7a368ac28d1f1cf089206cdae29d73,HYBRID_COMBUSTION_FUEL_UNSPECIFIED
4533,vmm-bfe00c2bd092859a099119955c2c4c4e339c26e66b8d968bd2fd18f4bb918302,HYBRID_COMBUSTION_FUEL_UNSPECIFIED
4535,vmm-c64b72b7b4317ae47bed7443da6b2c823b3c01fcefc246f71431debc82612e1e,HYBRID_COMBUSTION_FUEL_UNSPECIFIED
4536,vmm-d35ad4d55924424da57578a0b3b9c13a56aafe59bcac6e817e8332c0e7f085fb,HYBRID_COMBUSTION_FUEL_UNSPECIFIED
4538,vmm-8491589196a3e62fb62e093e4c2059feb6b4e6507b997b52ffba77f31fa7d6a8,HYBRID_COMBUSTION_FUEL_UNSPECIFIED
4539,vmm-f9b8f3a94709ed342951e93a6b7e0bc014dea0bf3254c4f435f1b8f0cf11be79,HYBRID_COMBUSTION_FUEL_UNSPECIFIED;MASS_UNKNOWN_OR_OUTLIER
4551,vmm-694d34cec39b534f1785965f6391b25fc2fe5ddef8e3968c7e7e561565db4af9,HYBRID_COMBUSTION_FUEL_UNSPECIFIED
4552,vmm-d0a9328e4b04b0248bcb43381715412955a8c2e4506bdfa6c5564a703a033a1a,HYBRID_COMBUSTION_FUEL_UNSPECIFIED
4553,vmm-9961f731e0a75ef322a93c830df807faacfbf442566a15844dd03f1aaf9bc53e,HYBRID_COMBUSTION_FUEL_UNSPECIFIED
4589,vmm-1061a66e03f4e71b7b782b0aefee2c356d1fd0a9aa04c28b31bb157e637a23ea,HYBRID_COMBUSTION_FUEL_UNSPECIFIED
4590,vmm-2d5564a192e261b26651909df2fc57dbf57bd367789e5928ebc12d1a4947f6c4,DISPLACEMENT_LABEL_CONFLICT
4604,vmm-5a005e435399c533530aaada2ab98370d305da2ab5bd75a12a7b0adca12932e3,HYBRID_COMBUSTION_FUEL_UNSPECIFIED
4605,vmm-da061c1f9129bd06dc3f6bb3bc51b73e636bb043133d7ca56f4dac2928fedc35,HYBRID_COMBUSTION_FUEL_UNSPECIFIED;DISPLACEMENT_LABEL_CONFLICT
4660,vmm-7d371c9dea12d9fbbe78cdb8ba82c576e566d80509287ef1727305ba8df745e6,LEGACY_QUOTE_REQUIRED
4661,vmm-2a7ef26f7fe5922734225274e9cb564dbcfdfa2acd8eab392a1c8fabe20c9fbd,LEGACY_QUOTE_REQUIRED
4662,vmm-3a67df713dff8884b38e97d50c7d7f77388ea8821bdb5e45633e3dfe677a5b39,LEGACY_QUOTE_REQUIRED
4663,vmm-9151d0f46a687618e56b7512abab3c05b556e90a5dc8b76a65a39a473562bbe9,LEGACY_QUOTE_REQUIRED
4664,vmm-9349db8b76ad210dd69564ac5a6dfc47b40cb64e2149a57d3fb9aae0de63328a,LEGACY_QUOTE_REQUIRED
4665,vmm-db4733c826f9b82e4697e4d9b6b898acb9702d8005b9b89d71ea820e5af74e3b,LEGACY_QUOTE_REQUIRED
4666,vmm-b57d58dd8af80c30f5f36bb7fbf11e5dd4bb3b6bf17a2235c48f53d7ab5017f0,LEGACY_QUOTE_REQUIRED
4667,vmm-263fb898b4708b8575708314ecdae37546c99fd703760753960d9050dec5bd53,LEGACY_QUOTE_REQUIRED
4668,vmm-a58d2ce1f25c8fe3632e89d998510c0a8f34fd79433d43270e5e4ede8183b084,LEGACY_QUOTE_REQUIRED
4669,vmm-686d57256f857d7284da8746370fad778ae4fe394b4b57388006d7fb7a60f324,LEGACY_QUOTE_REQUIRED
4670,vmm-e7bebf93077e731e29906475216cb7806c578154860df4e5042cc9c062c7a9bf,LEGACY_QUOTE_REQUIRED
4671,vmm-336c04bf1f85799fe06fe9adfd6a67a68e343e6632de806fd76bd5b8daf519c7,LEGACY_QUOTE_REQUIRED
4672,vmm-32723caa4efc831b1a61df7ed5becc8fbd044f3e3e6ad4a8323c90ad6b0d2294,LEGACY_QUOTE_REQUIRED
4673,vmm-a02a65a6fe83b5bed65b6527aab052220ff70b79556976292f377375d59ab8ba,LEGACY_QUOTE_REQUIRED
4674,vmm-529d39fdfa7b0c4741b3b6372262a3b088ffee31dbb8550321734a554b77de83,LEGACY_QUOTE_REQUIRED
4675,vmm-475d3e038c8f1d9b929a675d9bc96ae02e062b821045b789808efbdd9aea83bc,LEGACY_QUOTE_REQUIRED
4676,vmm-4606665b7f720da41859e7e793f043770c7adb06df8d97a2b65c72a66ec3e739,LEGACY_QUOTE_REQUIRED
4677,vmm-3398dbcaadf0a1e95e13aefad8ed8a9324e833b8348fcbc141ed7e9e4b67d0c5,LEGACY_QUOTE_REQUIRED
4678,vmm-9eb13c7675a8b294787df8b7433434ad6ef864e9199b4efcd88679d7f96fb732,LEGACY_QUOTE_REQUIRED
4679,vmm-65400f1b9f3b7df94bd22821c4de132c00a507f18ab4d7923e952a4b506823a7,LEGACY_QUOTE_REQUIRED
4680,vmm-f1f343f968c06e3d71e11c398b29bcf6a4493fbdb675eb8dd4e695c352f77a23,LEGACY_QUOTE_REQUIRED
4681,vmm-d741a6d25c50677995e7003ac8457b5031256a146f0c7d2516847a18d71a33da,LEGACY_QUOTE_REQUIRED
4682,vmm-0561da683668a92c24c89ad5ea2b6d2ecda4b6c8d7013695fc9ac0a2fecbdfdb,TRANSMISSION_LABEL_CONFLICT;LEGACY_QUOTE_REQUIRED
4683,vmm-bde3648477446221e33681f30da7ff69761eb5e5e6bafe940676f9a711eaeaaa,LEGACY_QUOTE_REQUIRED
4684,vmm-2b361ef5648675fce0a306a3c86fa238982b47e0c1e21d8c1f4658198368d70e,LEGACY_QUOTE_REQUIRED
4685,vmm-c4addc381c1d6c237ffba5c9ee65b614ab75cbd45f167fd42c2232f3b3f5ccb0,LEGACY_QUOTE_REQUIRED
4686,vmm-0e4f4913aed710ff58bbe7ab264d9a0a3a0a2ee060af4db048473453af68a4e5,LEGACY_QUOTE_REQUIRED
4687,vmm-1b330ea669ca732ad6053279d445e3ac5f214e7f763dfd4e5ca065febec7a5a8,LEGACY_QUOTE_REQUIRED
4688,vmm-2453bf52715a75d5eaa7194977ba222ef977f7265fadaa8b45c11133d1cdfe54,CYLINDERS_UNKNOWN_OR_INVALID;DISPLACEMENT_UNKNOWN_OR_OUTLIER;MASS_UNKNOWN_OR_OUTLIER;POWER_UNKNOWN_OR_OUTLIER;TRANSMISSION_UNKNOWN
4689,vmm-2a4e680b9405d49502a4513fec8b228735af6c04fd9a190b7ceda70217ca13d4,CYLINDERS_UNKNOWN_OR_INVALID;DISPLACEMENT_UNKNOWN_OR_OUTLIER;MASS_UNKNOWN_OR_OUTLIER;POWER_UNKNOWN_OR_OUTLIER;TRANSMISSION_UNKNOWN
4694,vmm-14551a8334bf1a28cb1399a461f0c10e55b4fa084f41fbf62d1324537a8d4060,DISPLACEMENT_UNKNOWN_OR_OUTLIER;MASS_UNKNOWN_OR_OUTLIER;TRANSMISSION_UNKNOWN
4710,vmm-90d453031af94cb802f5bc553aa90c46d5ef6b79dbb812aa5fc62c72ac45fa73,MASS_UNKNOWN_OR_OUTLIER
4711,vmm-1d8b840d0c119e8e3f6c29d3ac21cb348f01cad6ba9ec303bfe30ed530d3d559,HYBRID_COMBUSTION_FUEL_UNSPECIFIED;TRANSMISSION_UNKNOWN
4713,vmm-8ecf322675729f1fdd8489a69d61458d07a47d077bbdd271bb48b9dd6efb72a8,HYBRID_COMBUSTION_FUEL_UNSPECIFIED;TRANSMISSION_UNKNOWN
4714,vmm-0b5b613e3838a06b605bbd2a19fc5081f70ac4bdcba01caad3cf89f1ae27031e,HYBRID_COMBUSTION_FUEL_UNSPECIFIED;HYBRID_FUEL_UNCERTAIN;CYLINDERS_UNKNOWN_OR_INVALID;DISPLACEMENT_UNKNOWN_OR_OUTLIER;TRANSMISSION_UNKNOWN
4717,vmm-0256dd000585f61255f2ecf567c8af35b8b5066647e77e89447c3770fef19094,POWER_LABEL_CONFLICT
4719,vmm-4cb4b147c785223f2cb179715eac13ffc97ec00b43c29c17f6ad20b48ecfcd4a,MASS_UNKNOWN_OR_OUTLIER
4720,vmm-7493eab5e1da2f382cd02e680555f18a7a0234378104bdc87a488ea90e1bf848,MASS_UNKNOWN_OR_OUTLIER
4721,vmm-34093b4c333747c4f22d968cea9e07fd648d1a0397a856a000a10c641f94b692,MASS_UNKNOWN_OR_OUTLIER
4722,vmm-bd0575510ddbdeb3f0c409aa437b09946bfa7a29447676aab6fb607606261922,MASS_UNKNOWN_OR_OUTLIER
4725,vmm-b08d889216409c370f611ac3b3e567746e09bfe75886cba1c8b4e9ec1a1127b4,MASS_UNKNOWN_OR_OUTLIER
4732,vmm-2bbb6cbad0b713622efcb642300ed6bf7f4426772286f60750742fde2fac0329,MASS_UNKNOWN_OR_OUTLIER
4733,vmm-af44cbdcdb9c2c843e3f56f2074b002f2f2ad1f14015142d44b919ebb96700c1,HYBRID_COMBUSTION_FUEL_UNSPECIFIED;EXOTIC_QUOTE_REQUIRED
4734,vmm-52e5343e0c7c4a316c410e557e3db32fa726610e1d1b65235ecefa45ecb7b6a9,HYBRID_COMBUSTION_FUEL_UNSPECIFIED;EXOTIC_QUOTE_REQUIRED
4735,vmm-94f9fbceec84016aa426e3f6d441712b0fa033f5c9ebcdd09627bbf5507d7b69,HYBRID_COMBUSTION_FUEL_UNSPECIFIED;EXOTIC_QUOTE_REQUIRED
4742,vmm-99be09b124afb8ff95c08c3ac08ab682ef486205bc97fb646099f09affc4eb5c,MASS_UNKNOWN_OR_OUTLIER
4744,vmm-f56853bbb98ef501bc457269ea5bd681dfcd33564906f8ab8927ea038a585400,MASS_UNKNOWN_OR_OUTLIER
4747,vmm-915c34524686d174e57dceb8584e9a9ac1a29695f0551799e1abb1d0257ed6a5,MASS_UNKNOWN_OR_OUTLIER
4749,vmm-85bee7bf414cce59745649bb70a33c77cab0e73823a7c8445b127b6534f10320,LEGACY_QUOTE_REQUIRED
4750,vmm-ab0a5060584aa522768f5c47a540f51ce19dc62dff027021bf34bdeac7598157,MASS_UNKNOWN_OR_OUTLIER
4751,vmm-2f3fa5e1a8913f0f0bcdbae34ae301f71ed1bc73e5f8157f3b9f454288c0b4c7,MASS_UNKNOWN_OR_OUTLIER
4752,vmm-c8b25ddf31f174fc9ba4207f52df3563ad1d91738fbe121e5522c382fb94b0da,MASS_UNKNOWN_OR_OUTLIER
4764,vmm-89ac9d5331e4d06fe1a307ed9d83fcd577a205f7ab1ac53085c62920c7c3738b,MASS_UNKNOWN_OR_OUTLIER
4790,vmm-72904de83f4dfd2771f600cd57d8d1a453d92651e5257dd6828774c965033b4e,LEGACY_QUOTE_REQUIRED
4791,vmm-a73ffd285e9f344d50cd364f5d402fc31f05545b57a31f3d84bae08631add94d,LEGACY_QUOTE_REQUIRED
4792,vmm-ef8c430664c648fc9405822e271be0f8536da66b5bcad19d445a32c87243adaf,LEGACY_QUOTE_REQUIRED
4793,vmm-ea7fc387a0d73096c0436481a7d43ee7ba137cfbecc771d783250b31e9c80199,LEGACY_QUOTE_REQUIRED
4794,vmm-4eb08c1b728f7b528add138c8129197aa59ef6d2c28dacde12b44416a9b3e50a,LEGACY_QUOTE_REQUIRED
4815,vmm-b42c5c9b830c231787d91eef1f265035b1c655649906222fdd78de89f6ee7288,MASS_UNKNOWN_OR_OUTLIER
4816,vmm-374c2e14cc32bdabeae521ab252a024f155ffd324998b6fa0c863acace7c4a85,MASS_UNKNOWN_OR_OUTLIER
4826,vmm-a975fa0469d3b397e8f6dc771e6f3a92cbd0d691e124c98cc2441ef3f91a9663,LEGACY_QUOTE_REQUIRED
4827,vmm-91a6c95d451787420594d1619851c40f5ba73a430c2be254a06b3034dc6178c6,LEGACY_QUOTE_REQUIRED
4828,vmm-50ceec1bb59074b37f394fee10ab6cad9a4ec420170006c7009a51b5ed884ee1,HYBRID_COMBUSTION_FUEL_UNSPECIFIED;MASS_UNKNOWN_OR_OUTLIER;INDUCTION_CONFLICT
4836,vmm-c4bd5407167e9edbfb80888f9fc6447fc1cc40180cbebc23c678c577c0d5fe7a,LEGACY_QUOTE_REQUIRED
4838,vmm-19c05c544215965e7e7e30677c705697677d4d5216a1d4ea3b8be58c5dc48f03,TRANSMISSION_UNKNOWN
4839,vmm-570ee8ebacf82499398d3b50318a94b903642b6bea955715b107432faba8beab,TRANSMISSION_LABEL_CONFLICT
4841,vmm-d55b3ecc6526a88fd2cf2dbc882dad08654247d0b7e9256d9cb1cfc8a2171136,TRANSMISSION_UNKNOWN
4847,vmm-cca68f135911b25858d1e8cfa0dccc07c0d9ad8c7c46a509a88cdf59299179d8,POWER_LABEL_CONFLICT
4852,vmm-040cf7624547f500b8d71c943bab7be882cfbae916a0c180a2f6d94e584809e5,HYBRID_COMBUSTION_FUEL_UNSPECIFIED
4860,vmm-c70e7417f40e49ed091cf0a01db7c4733e5fa2cc72b3c891a2428525aab62581,TRANSMISSION_UNKNOWN
4863,vmm-3cc23ba191928de80ba9bc8bcab8b718f63443d298b343e9144f6dca6149893f,HYBRID_COMBUSTION_FUEL_UNSPECIFIED
4910,vmm-28e8c067c833aca5180b7277d3c31af85151715a89d122bc2bbea24d7093f18a,HYBRID_COMBUSTION_FUEL_UNSPECIFIED
4912,vmm-48991a53a0da91a05c5ce78c08a529b73f8372e867ffe7deb2c6a937e67d7793,MASS_UNKNOWN_OR_OUTLIER
4913,vmm-e1fb3df5a54101a23905872101ca399afe5360017df1bbc4e04664bab381e227,MASS_UNKNOWN_OR_OUTLIER
4915,vmm-3a4d3545d51c335f814ce738482c7e36c686d6907caeb39083aec62bc901f212,MASS_UNKNOWN_OR_OUTLIER
4916,vmm-f4e8a7f4d0e9a4595c0c0e68bffb392ec3d9aea1fba95c7447c9b94aa2abb069,MASS_UNKNOWN_OR_OUTLIER
4919,vmm-1c0e1d2978679d3f473fa18fb2cb55bfeb6ae485220d14ce5d0bbe854574dc84,HYBRID_COMBUSTION_FUEL_UNSPECIFIED
4920,vmm-697c38f01549195bf21bfcf19dd3509280245f0e8693ab3b5d72bca5f52e20ea,HYBRID_COMBUSTION_FUEL_UNSPECIFIED;MASS_UNKNOWN_OR_OUTLIER
4921,vmm-be99e0e33ec4ae6966d240af588850c26281cc4e918fba381e5012c231c93928,HYBRID_COMBUSTION_FUEL_UNSPECIFIED;MASS_UNKNOWN_OR_OUTLIER
4922,vmm-e84039848e53f232ab204d6f357587c10daff9e0da6da86b310d783b8a32759a,MASS_UNKNOWN_OR_OUTLIER
4923,vmm-427da301fa5baee3b1990378e87d96d8365d5ba6653cf94366971849f87a6e11,MASS_UNKNOWN_OR_OUTLIER
4927,vmm-903d71f6e65133fa471acf6ec2ccbc69bbb38a18a9df64daaf16d971f8f91783,HYBRID_COMBUSTION_FUEL_UNSPECIFIED
4928,vmm-080c3b086bfed8359529654a52aca9936dfffe4e6abaefe838575f26ba9bf74b,HYBRID_COMBUSTION_FUEL_UNSPECIFIED
4929,vmm-2f9fbb17efe1a5d099a8b4bd5e92af5459f95b84212b8f87ee7e31b9f30a310c,HYBRID_COMBUSTION_FUEL_UNSPECIFIED
4932,vmm-ad9ff50db736ecda1ae5dd0b3332e09f6a57802c559c1c9c45e0116389263264,MASS_UNKNOWN_OR_OUTLIER
4933,vmm-b2931011415caf604ba81433d9b25e90540297c7eb84fc657304f226a4d5a8c6,MASS_UNKNOWN_OR_OUTLIER
4934,vmm-46fba42555edc027407b2e259c03d293b69207e8ef81fc8232ee3345cda82bb6,MASS_UNKNOWN_OR_OUTLIER
4937,vmm-a959a5cc6d668df2117a70749f6dd424d98ed5a4cda6ec708344d457bf52f7cb,HYBRID_COMBUSTION_FUEL_UNSPECIFIED
4951,vmm-55ebed46473ee250b02d4ee3d400a38f31680f15cf58962938e9fa7faf2ef1be,TRANSMISSION_LABEL_CONFLICT
4978,vmm-3ba04d64369aa4b5aea4a92f54c1e1d576066558af649eebff67e3f394a66236,HYBRID_COMBUSTION_FUEL_UNSPECIFIED
4982,vmm-75b73d36c5c8cef928cf7a3f374f6f0293aad04f68569fe536ad06f6f6b26bd9,HYBRID_COMBUSTION_FUEL_UNSPECIFIED
4983,vmm-8aa640db9c89379e49022a8251ffe3767bd09563bae261ad881fff7ab7632113,HYBRID_COMBUSTION_FUEL_UNSPECIFIED
4984,vmm-71d6a3cf3e1adf43fd0ebe3910a64bb4fca4a648f0d6a5e57547a0ed19810256,HYBRID_COMBUSTION_FUEL_UNSPECIFIED
5008,vmm-df9936049300f3f8d28a4ccc797b36af5c9912e22b2376437ae8a1a42cdcf565,HYBRID_COMBUSTION_FUEL_UNSPECIFIED
5009,vmm-5706b89c67e0d43df35d6c4f00586b1e350e770a3913b747168eeb5c681c4b5d,HYBRID_COMBUSTION_FUEL_UNSPECIFIED
5013,vmm-0a31ccd01bcb454b4e4f9572313e35f39e84e449384d9fd493845b52c5bb92d7,DISPLACEMENT_UNKNOWN_OR_OUTLIER;MASS_UNKNOWN_OR_OUTLIER;POWER_UNKNOWN_OR_OUTLIER
5014,vmm-d1bee9b119d39977fbf76ddcd0925a5a4b87db8280db50654ba66949a52847d0,DISPLACEMENT_UNKNOWN_OR_OUTLIER;MASS_UNKNOWN_OR_OUTLIER;POWER_UNKNOWN_OR_OUTLIER
5015,vmm-f072e30b90d59faf57768e5f25d8c67ed4db8a8fa7bacd90bcb759f3c08430ee,DISPLACEMENT_UNKNOWN_OR_OUTLIER;MASS_UNKNOWN_OR_OUTLIER
5016,vmm-0a7c70395e0ea251c5237e0953008932703cbbd09752d059458bfc6ebe0704c6,MASS_UNKNOWN_OR_OUTLIER
5017,vmm-1c92bdb8d844305aa9af3d81db1c627775021c597cfba036cea13e7fc225f0a4,MASS_UNKNOWN_OR_OUTLIER
5022,vmm-fbff68ed66b384d7db5a1667011ffe62001c22cc788186da24df178480fdd42d,HYBRID_COMBUSTION_FUEL_UNSPECIFIED;MASS_UNKNOWN_OR_OUTLIER
5034,vmm-f221d951f6bc3ea3842239a6596ff0ac6b7b5d8713a6444529093388682ac528,HYBRID_COMBUSTION_FUEL_UNSPECIFIED
5055,vmm-34502c499ed618add41fd4851cad6102e94412967888f3080de4cad36bd24d17,HYBRID_COMBUSTION_FUEL_UNSPECIFIED
5060,vmm-0807c2b7d583312827476162e991ece115c5d58973d17c1f4d781b68891ba258,HYBRID_COMBUSTION_FUEL_UNSPECIFIED
5061,vmm-05a3b48e60eac01110d29c004dc0ca200b81db0dc2e8d7c0041860478818daae,HYBRID_COMBUSTION_FUEL_UNSPECIFIED
5078,vmm-3ef090ec387917e0f0ed10fbbd76f83ee5f26574e7d3ce16926e41bfbf88158c,HYBRID_COMBUSTION_FUEL_UNSPECIFIED
5084,vmm-7c015985d5c4a336537f633706e63f5ba0ab3b5490b96a7147a4709c2bd25bd1,HYBRID_COMBUSTION_FUEL_UNSPECIFIED
5089,vmm-12050539a761e6551bc15628e4750a54086b5cacb39ca26649223939cda40aec,MASS_UNKNOWN_OR_OUTLIER
5090,vmm-b7732cb49f41a71352bed89a24237eedf9859c21dcc2f65d7fabe583872d3aef,HYBRID_COMBUSTION_FUEL_UNSPECIFIED;MASS_UNKNOWN_OR_OUTLIER
5091,vmm-48acf978d7c6d3bc58473fc0cb3769af75a3107568597e36dc341ee1cbabe62c,HYBRID_COMBUSTION_FUEL_UNSPECIFIED;MASS_UNKNOWN_OR_OUTLIER
5092,vmm-37b64cb6e37d26ae0e3d5585567ec7c81b4cac20b6a3c54bac1b16c4d2fcb4cb,DISPLACEMENT_UNKNOWN_OR_OUTLIER
5098,vmm-2ef74e1958cac321da4875a344f0c5740082710fa97c995f01f07ca67fc78e9a,HYBRID_COMBUSTION_FUEL_UNSPECIFIED
5099,vmm-a848ee21b1d0109ae59ee0f9af52e29a285078b83b4df0d65d3994394305c48d,HYBRID_COMBUSTION_FUEL_UNSPECIFIED
5100,vmm-5ad2ed8500a180f2b5d4f10fbe22fc32ed59a0d054fab3c5dfa1265a66530389,LEGACY_QUOTE_REQUIRED
5110,vmm-1de2a278993b83096a442c8ad4a491da211f9fe0db83b034eeb60d20eb198cf4,POWER_LABEL_CONFLICT
5134,vmm-37c9fffc3b5a46636371cf754f5cb5576b34bc16ee35584505317430da9aa290,MASS_UNKNOWN_OR_OUTLIER
5135,vmm-6942106db29f52863c2d9313117fc0d3a2821d1ded4a76a31f3595c21b7ca12b,MASS_UNKNOWN_OR_OUTLIER
5153,vmm-304ecc8070ccf52ba2be858a472ca7736b1d2cab78ec3e76ff29274fa55844b9,HR_PARTS_AVAILABILITY_UNCERTAIN
5154,vmm-59a8d947ffd509b5463b5c5ec6e45682ce951147f5da81def048d7fd15d744d5,LEGACY_QUOTE_REQUIRED;EXOTIC_QUOTE_REQUIRED
5155,vmm-9523e1db0f6b6d26c416135abd6613dbfd2ab1e16640ea07f88a78fbe9603d29,LEGACY_QUOTE_REQUIRED;EXOTIC_QUOTE_REQUIRED
5156,vmm-7e656db003beaece6ca4ee5d8de3a14095983152c57e51e2cba204cd1e361576,LEGACY_QUOTE_REQUIRED;EXOTIC_QUOTE_REQUIRED
5157,vmm-9f48f5ac9d6972d6101ca66dca2866deae3089691d2ae695a25d8c13326237b1,LEGACY_QUOTE_REQUIRED;EXOTIC_QUOTE_REQUIRED
5158,vmm-65864539051b06f5ba0057fa05ab14e26fdd1dd09233468b31df072531b9a2b9,EXOTIC_QUOTE_REQUIRED
5159,vmm-675fc5347ed49e6c7e990b3255b5295c2421c1dec2f7eb3eed3106d4dce9687f,EXOTIC_QUOTE_REQUIRED
5160,vmm-e86269068d96195fb30c91dea7ef6e8f800a75ffbdb839c0ff826b1c16bc30fe,EXOTIC_QUOTE_REQUIRED
5161,vmm-5024e17526545f5dca1a66929866dd48d9adb1c6d250fdeadef11f3f96c3ef2b,HYBRID_COMBUSTION_FUEL_UNSPECIFIED;EXOTIC_QUOTE_REQUIRED
5162,vmm-2b731b3318843020f57d8c5d087f3837f491657d4558881d65f51b0e5a6054e2,EXOTIC_QUOTE_REQUIRED
5163,vmm-bb4c6e0269dcec99f3ec87ad8b65164cf598355a68af0985f514dbf43a8c846e,EXOTIC_QUOTE_REQUIRED
5164,vmm-2b58dd42dfddf4753b52ae519f49eea5666c5097301c436f1fd1ef0371209377,POWER_UNKNOWN_OR_OUTLIER;EXOTIC_QUOTE_REQUIRED
5165,vmm-7dbab71260530514d3b3f6bd75121156cea5d43ec4ec30d6970f1a1d5991ce33,EXOTIC_QUOTE_REQUIRED
5166,vmm-fbc29220148a0aec5a0ded80a26e39b1a17d9ae76ed543695c2a817622b1b6a8,DISPLACEMENT_LABEL_CONFLICT;EXOTIC_QUOTE_REQUIRED
5167,vmm-417f572dfcfc0a2e5b550d383292822b7042f472242a3384ea5fa986e002b9ca,DISPLACEMENT_LABEL_CONFLICT;EXOTIC_QUOTE_REQUIRED
5168,vmm-5e84315851186b0bdac0e6b70a55ef8f7dac4c71c65c82ecdb6e08597c4f05f3,EXOTIC_QUOTE_REQUIRED
5169,vmm-af7d71cdc09e4e1123aef3ca8585b0cd2f27df3d7bbee99dae4117b36d478c24,EXOTIC_QUOTE_REQUIRED
5170,vmm-6ab3b0b6f5986919d44aa8b832896a953c0c9ac2bb19b6c7ae8b127f96cb4664,EXOTIC_QUOTE_REQUIRED
5171,vmm-fb2b8a259c6a01f45c9258e9c336f077abeb9ec3e275207339e958295c56d7f2,EXOTIC_QUOTE_REQUIRED
5172,vmm-7f26f9852920d2cf00d5b3cd811a3c7de2e3bdcfa8f36d6189538210c176c57e,MASS_UNKNOWN_OR_OUTLIER;EXOTIC_QUOTE_REQUIRED
5173,vmm-38fac73fec5cbfc4f6794275031003678160f62c9c143d8fb9cae501fd76430d,EXOTIC_QUOTE_REQUIRED;ROUNDED_FOR_INTEGER_STORAGE
5174,vmm-772441a4905955f047cef9df12dddb1dddeee9fedec079a6233fe41af7247e2c,MASS_UNKNOWN_OR_OUTLIER;EXOTIC_QUOTE_REQUIRED;ROUNDED_FOR_INTEGER_STORAGE
5175,vmm-446e2936ff6bdbf8f237d50b6d42da57d0cf44f35aac75d6417f0fdda7030fd4,EXOTIC_QUOTE_REQUIRED
5176,vmm-ddc2c4fee50fa1dc0c018dd549aaefc136fd27cb20d6b1735588ceed51cae8e7,EXOTIC_QUOTE_REQUIRED
5177,vmm-f238b0765ada2f9289cc2507f9b5cf29e165d55d587bf610827d2a992cb8a76a,EXOTIC_QUOTE_REQUIRED
5178,vmm-ee6a5473fe8c8a20e5c5d630345aad655542fb52034171e0f92a379d3c76c988,DISPLACEMENT_UNKNOWN_OR_OUTLIER;MASS_UNKNOWN_OR_OUTLIER;EXOTIC_QUOTE_REQUIRED
5179,vmm-13b4fed534bb42d3837879293dd85905d73a81a06564b55859e18fa3e99e83be,MASS_UNKNOWN_OR_OUTLIER;EXOTIC_QUOTE_REQUIRED
5180,vmm-08d8e4fffbcb558db6b697b7c05397d63e2f75eadde4bf41e915b9ae657f278c,EXOTIC_QUOTE_REQUIRED
5181,vmm-b0cb8876f87bc58235c84f0bcc80ef1d2059378c784c2c31a55175b87f4b59ef,EXOTIC_QUOTE_REQUIRED
5182,vmm-848f462595ab77ed1b49f4f66ef30e9db588b8fea86c0d22b5337424c9499281,EXOTIC_QUOTE_REQUIRED
5183,vmm-103f05d7eefbb393da6ef1db3102cfcde802296b7ddea4574446ff2da903041c,EXOTIC_QUOTE_REQUIRED
5184,vmm-2e34e7c71d6856d6eddfdb9031b92ecee761fc0bcc5480106070bc351e9f5bac,EXOTIC_QUOTE_REQUIRED
5185,vmm-fdcf62e674b239c77af0987bc9df32e034913d606a574d3aa8e131e0e4bb0dbf,EXOTIC_QUOTE_REQUIRED
5186,vmm-362c6a9f4aa3c0b751df19eddca9b94787d7b568b53591e1e4638f51d9879453,CYLINDERS_UNKNOWN_OR_INVALID;DISPLACEMENT_UNKNOWN_OR_OUTLIER;MASS_UNKNOWN_OR_OUTLIER;TRANSMISSION_UNKNOWN;EXOTIC_QUOTE_REQUIRED
5187,vmm-b1a3aa1ef84bd7164f5a025f91172d7b1315c70b3504e337e4c3b389e40a9362,FUEL_UNKNOWN;DISPLACEMENT_UNKNOWN_OR_OUTLIER;MASS_UNKNOWN_OR_OUTLIER;TRANSMISSION_UNKNOWN;EXOTIC_QUOTE_REQUIRED
5188,vmm-407cb6a99ce23fca625b98ea30ac9a9ff8256bad06b7a4165ed9a8d74266dc86,HYBRID_COMBUSTION_FUEL_UNSPECIFIED;EXOTIC_QUOTE_REQUIRED
5189,vmm-7698d64026a4065a8fa47dd4dcf3b11dbe9398e9a6f3af319c6e1c2eee643704,EXOTIC_QUOTE_REQUIRED
5190,vmm-1c697917a78fd84fcb6442b03d38c4827443d9d3ffbd2f06d19342b4b90f0126,EXOTIC_QUOTE_REQUIRED
5191,vmm-0136e5691cf402acb95d317fe2ca049ae58c6ed83bf512aeb387e4c3d3e7c014,EXOTIC_QUOTE_REQUIRED
5192,vmm-e5dc72da1b6beff5dafd2c74422b3e19f7e6295a55b7e22efa226d391aeb0444,EXOTIC_QUOTE_REQUIRED
5194,vmm-a4568bccf02205e5b2b027d963d760ae0f98c887e802ee567f1a36343cfe3c13,ROUNDED_FOR_INTEGER_STORAGE
5195,vmm-f0933bca2a00dc4dab7a7b0dff1f7d894f25a2e4b10b541959d25266a9704e4c,ROUNDED_FOR_INTEGER_STORAGE
5199,vmm-8fb1ee726bc4ee5dd43d2c414705631547307bbc54f7d6c3933de71e95fb7f8e,LEGACY_QUOTE_REQUIRED
5200,vmm-d0420100ef1574d175eefcfab086af9c44aa9030389ce6a7e85c3a244ea1ed59,DISPLACEMENT_UNKNOWN_OR_OUTLIER;MASS_UNKNOWN_OR_OUTLIER
5201,vmm-7eb7814d1694505f9091c4c7bf111ebdd57a958ceaa0369bd67e78b69d647abd,DISPLACEMENT_UNKNOWN_OR_OUTLIER;MASS_UNKNOWN_OR_OUTLIER
5202,vmm-e7f60f73c9f05fa662ba6332e7b77c180dae1c3b3895b527f9548247f1bcf251,DISPLACEMENT_UNKNOWN_OR_OUTLIER;MASS_UNKNOWN_OR_OUTLIER
5203,vmm-71007de7dc043b3b948488bd30b2d0f0e52d0610d2beee8945faafe40d32be8a,MASS_UNKNOWN_OR_OUTLIER
5204,vmm-43dd6f3c82266ec4c7330509784ebb341a3d646950e1ead01358eff04cc2e369,MASS_UNKNOWN_OR_OUTLIER
5211,vmm-b92612feee0b88f1ff7083c4def982272918a05fc71a7c5a03e5e2c488bee789,DISPLACEMENT_UNKNOWN_OR_OUTLIER
5212,vmm-387da122385336df0990bdb00e42c2b9b3d518bf9941b12c517cff47f6823ce0,DISPLACEMENT_UNKNOWN_OR_OUTLIER
5213,vmm-3ada201122c55f9e2b91ec1a82dd3ec404eb3a43080cafd258c77950eab026cf,DISPLACEMENT_UNKNOWN_OR_OUTLIER
5214,vmm-06f867a5a86bf18b18ae3097b821203ad1b8e3e139ac0b9957ed2e7c572ff80c,DISPLACEMENT_UNKNOWN_OR_OUTLIER
5215,vmm-1f0e8afb19a9ca1dc4d15bcde29ad4df21c910e32c56e78b6b716b23b03f67f2,DISPLACEMENT_UNKNOWN_OR_OUTLIER
5216,vmm-d6c95e30e5201e491480bd50a6bcae9affb18717b6581d956b1fcce1b4d8eb82,DISPLACEMENT_UNKNOWN_OR_OUTLIER
5223,vmm-c77197f421b7c7b39f49a79dd87ae6bcd5b66339ead0af213c8d87714bf2204f,MASS_UNKNOWN_OR_OUTLIER
5224,vmm-64f34cd4f5db3a44426bb86acb351923b71a57a28f54331ff00431c39ae5cefe,MASS_UNKNOWN_OR_OUTLIER
5225,vmm-c8916dd7aa549774486829afd4ddd7028d0cffc2d078227a84c7cbe93bed45dc,MASS_UNKNOWN_OR_OUTLIER;ROUNDED_FOR_INTEGER_STORAGE
5226,vmm-1bc86bc66e3f12df4f61d40532fc919f474e587a22101daeb53406386ea8519d,HYBRID_COMBUSTION_FUEL_UNSPECIFIED;HYBRID_FUEL_UNCERTAIN;DISPLACEMENT_UNKNOWN_OR_OUTLIER;ROUNDED_FOR_INTEGER_STORAGE
5227,vmm-abfa112669cf43d9be3b32bd106171267972a79b56e5b840ce1f91532a1064fe,HYBRID_COMBUSTION_FUEL_UNSPECIFIED;ROUNDED_FOR_INTEGER_STORAGE
5228,vmm-c6518eebda4d8b3d3a9e367143d414e31c5611d03016d830cd2b1a13f6407837,HYBRID_COMBUSTION_FUEL_UNSPECIFIED
5229,vmm-c2b0857de59ff7a4728832f9b06a8badae4de850a2210691eddd8b06fd579316,DISPLACEMENT_UNKNOWN_OR_OUTLIER
5231,vmm-94249edac4a9414c335b75c9b6dc8f9f9693111b3dca34e66260f831bcfff838,MASS_UNKNOWN_OR_OUTLIER
5233,vmm-15bcc78c17c5d9aaf6e713ea6106b267e188ffafb3b89ddccb8ddd2ddb9cf02f,DISPLACEMENT_UNKNOWN_OR_OUTLIER
5234,vmm-a04ffa99cc3cf7b93c947aefeb5aa7d7adfb0a2c752c59f44158b4fe257a029c,DISPLACEMENT_UNKNOWN_OR_OUTLIER
5235,vmm-ebe3bfbccae9ca73b4baabc5e931a2d4dad0e8d11da3ae9556f2004059529d49,ROUNDED_FOR_INTEGER_STORAGE
5236,vmm-77fac314f384f8e116308dd8a0cfda85343a82ad267b4a928be6d52ceeb4f573,ROUNDED_FOR_INTEGER_STORAGE
5237,vmm-ac1bae267b78faad65e330c2b3761cbc0f30841450325892af4859a9283c3a49,ROUNDED_FOR_INTEGER_STORAGE
5238,vmm-ba97405590dae270c5d00b4d8a96f3875fbd168fbd46a0797ce461accf804467,DISPLACEMENT_UNKNOWN_OR_OUTLIER;MASS_UNKNOWN_OR_OUTLIER
5239,vmm-5db697646f1850a1d042ce431d4841bf7465099b83de2064022fad2007a823a6,LEGACY_QUOTE_REQUIRED
5240,vmm-c2389ea4fe057d1c74802f8ca16105fe7cc2471bfc2305885d5d249175fbfd1d,ROUNDED_FOR_INTEGER_STORAGE
5241,vmm-bfd225496a751c0e2a187114b571a83f13d079a592cec6bb765a48a8dc628913,MASS_UNKNOWN_OR_OUTLIER;ROUNDED_FOR_INTEGER_STORAGE
5247,vmm-95f0107c26516ce39af09c1747fb50415169475874056609a0fab35ccc6e40c9,HYBRID_COMBUSTION_FUEL_UNSPECIFIED
5250,vmm-aeba866a1a20699a41aa7c21f70c057e96d64ea7b949f4f178f7488d54dc2fca,MASS_UNKNOWN_OR_OUTLIER
5255,vmm-3ee66a096ae76e4336401c5be153098067b540d091857ab7ecd8a4a239f921fb,POWER_LABEL_CONFLICT
5262,vmm-8e0bca3fbb2968a872634ca86eb6c0f715589c052a40ffd49cea457cddfff8b2,LEGACY_QUOTE_REQUIRED
5270,vmm-d96912aa7fc27d3e52515b34cf25c6dce29256862df5b71ab51c2642876c043d,FUEL_UNKNOWN
5271,vmm-37f188b4982abe8a7da9307f0a16c12dd9e3b08982d49d4848603afae85b4158,HYBRID_COMBUSTION_FUEL_UNSPECIFIED
5276,vmm-be0dbbe923d6981017e8861cfdc471566e4f277ce658ff2c85f7e969b7a97a08,DISPLACEMENT_UNKNOWN_OR_OUTLIER
5277,vmm-3a753e88a05cfacd3cb685cd1ba98564b7181a9276d9c9654133efc4becb4882,DISPLACEMENT_UNKNOWN_OR_OUTLIER
5278,vmm-9f4c6b002f24090cc30aaebade44be3daef38ee6912e1c6de04d6ed936f73a81,DISPLACEMENT_UNKNOWN_OR_OUTLIER;MASS_UNKNOWN_OR_OUTLIER
5282,vmm-104dce2edd731e5f08e39acdd161b0587c532bbe604103ae98ab8c5811c4a9c4,LEGACY_QUOTE_REQUIRED
5283,vmm-0b11cf02200a0d634c3eacc35884375423d2da3cd318e6e6d5a1c19e6934f154,LEGACY_QUOTE_REQUIRED
5284,vmm-f728f29f9dd77946ac68c3a91e72de4897e1aa84f085b86c9e115506a6f13336,MASS_UNKNOWN_OR_OUTLIER
5285,vmm-bf69bd38ffe65e5684ad2b180dc92df94c435d8ae629c3c62b9e1f1ac9e5be01,MASS_UNKNOWN_OR_OUTLIER;LEGACY_QUOTE_REQUIRED
5295,vmm-37126dea6910900aa328f5f7340eba9f3b345b921a3f6f8479941cabe7c19e4b,HYBRID_COMBUSTION_FUEL_UNSPECIFIED
5296,vmm-07c68dcf4ee4207ce8a64cb9ee89aefdd30e18dc5eb8d081c13ef2faa1cb78ca,HYBRID_COMBUSTION_FUEL_UNSPECIFIED
5307,vmm-8aaf03bc444f86b978f8e59925c809a01092e7916d0c024d31d4585d265cc177,LEGACY_QUOTE_REQUIRED
5308,vmm-ca41ecfd5006f50cc6cbc7e265c3b5796f478326022f372606c1cf18dbb202b8,LEGACY_QUOTE_REQUIRED
5309,vmm-525ccb917e90248febbcb2443ae1a02d495539695178021418f404493062ee69,LEGACY_QUOTE_REQUIRED
5354,vmm-044b315c0dfdbaae93fb2d08c76cff1cf3303886cf85e5a29feda010ee31dd68,MASS_UNKNOWN_OR_OUTLIER
5355,vmm-61221903176643a7cccb5307877be9367c776642ec8068d173a0b170b1adcdc1,DISPLACEMENT_UNKNOWN_OR_OUTLIER;MASS_UNKNOWN_OR_OUTLIER
5356,vmm-7bab8947f288eadbade6d1b8b0ad73e1be005b52b05e84e1553bc5c63ecc2a04,DISPLACEMENT_UNKNOWN_OR_OUTLIER;ROUNDED_FOR_INTEGER_STORAGE
5357,vmm-26df8ac17eb94c7b901f6ae8bd437c43250c052081ee6b70ac96109a274fbfac,DISPLACEMENT_UNKNOWN_OR_OUTLIER;MASS_UNKNOWN_OR_OUTLIER
5358,vmm-7d46941217dcf1bbca15ab8e90435e5fd3fb05c08f601d6ec9e7c86d278e316c,DISPLACEMENT_UNKNOWN_OR_OUTLIER;MASS_UNKNOWN_OR_OUTLIER;ROUNDED_FOR_INTEGER_STORAGE
5359,vmm-79981994aa37523fef49a9868f7ae93761db2a0bdd0f5fce1b3032507fe77faa,DISPLACEMENT_UNKNOWN_OR_OUTLIER;MASS_UNKNOWN_OR_OUTLIER
5360,vmm-3ebcb00e9e1702f7543ffe742d3388f84182756a07e3eba8fc827a67f0084f7c,DISPLACEMENT_UNKNOWN_OR_OUTLIER
5361,vmm-5eaac4f9bf4b6c8f652954a2d7bf2bcac40da680076f969b01c894dd73e18e45,DISPLACEMENT_UNKNOWN_OR_OUTLIER;MASS_UNKNOWN_OR_OUTLIER
5362,vmm-135fc5186b0d9bf7f3ffae50009dfe5510d1e596bf4f96828fb7799c0c92b2d7,DISPLACEMENT_UNKNOWN_OR_OUTLIER
5363,vmm-196bb1300ee046281f95685f19177764cd8b11e670e56638788143feabe69eb2,DISPLACEMENT_UNKNOWN_OR_OUTLIER;MASS_UNKNOWN_OR_OUTLIER
5364,vmm-888a797f07cb4ef0dd7357b992c786bf040ae242cb60cd712d6f539a167480d8,DISPLACEMENT_UNKNOWN_OR_OUTLIER;MASS_UNKNOWN_OR_OUTLIER
5366,vmm-90a44a04813a8e53b8685d55380d8dc0ff12198f45ebe73871b48763b67dccc4,DISPLACEMENT_UNKNOWN_OR_OUTLIER
5371,vmm-584af1b7482a5d83cc1bbb74d512f25edae6772f460396462fc0cecd4ea9a6a0,DISPLACEMENT_UNKNOWN_OR_OUTLIER;MASS_UNKNOWN_OR_OUTLIER
5372,vmm-2f93abdc8eeb6df36fe082b1e99f31d6c7dad2cfb133f1328c5fae2cc5fe155f,DISPLACEMENT_UNKNOWN_OR_OUTLIER;MASS_UNKNOWN_OR_OUTLIER
5373,vmm-3c349419ceac3205aa3be776369934dfa3111fdfcff248053d6898d661b2c2e6,CYLINDERS_UNKNOWN_OR_INVALID;DISPLACEMENT_UNKNOWN_OR_OUTLIER;MASS_UNKNOWN_OR_OUTLIER
5380,vmm-a467f733013dc5b978274e49a21f51b7751cdf345eaba3b260e56e77b098fc68,POWER_LABEL_CONFLICT
5381,vmm-4425aad45c8cf63423c6665196fda1e81142e65adbfef7073f5406959abfbbc8,POWER_LABEL_CONFLICT
5382,vmm-a84ba238912fd36c9e00a74da4c1fa5e4bd9b10bbeebf6db9407870ea775732b,MASS_UNKNOWN_OR_OUTLIER
5417,vmm-682103911b2f490c750d0c8e92e2333f3e0026772e108aa874a9b884bf4b950a,ROUNDED_FOR_INTEGER_STORAGE
5422,vmm-c32756117cabb5f3de909457699218846139baee29fee4550bf2c5c237e05db5,LEGACY_QUOTE_REQUIRED
5423,vmm-471c15af77265f25f907c3a90890ac34431299ad8296a7c6916b894038b142f9,LEGACY_QUOTE_REQUIRED
5424,vmm-23f578877a19ff61e3db6858f1eeb44160af349244e480700136618f875c7c19,LEGACY_QUOTE_REQUIRED
5425,vmm-a1d377b604b1b06628c49f681af0c3e3dd29393ee116929b376de33f4c7d9960,MASS_UNKNOWN_OR_OUTLIER;LEGACY_QUOTE_REQUIRED
5426,vmm-e366a443ac6520fd7427c1a58d552cd41f17aac3120a4e31df968ad1e02f61d9,HYBRID_COMBUSTION_FUEL_UNSPECIFIED
5427,vmm-000c9580ee35c8dad277c694a8076390d8986b7264308c1e66fb8979e9255147,ROUNDED_FOR_INTEGER_STORAGE
5430,vmm-9af122eef8adfccc473f572262fb71853920b59628b825960f9318f96329207b,MASS_UNKNOWN_OR_OUTLIER
5432,vmm-f58bc4eebcd785681b62ec60ef3d8c5d70fe31c39ba6d41183caf6ea77b26058,MASS_UNKNOWN_OR_OUTLIER
5433,vmm-0efdf483afe674b13cf67bf64e54822dcc20eebf6e7195f255a6c322719e8080,MASS_UNKNOWN_OR_OUTLIER
5434,vmm-618a7495f4882afb63e6fcef451faee54906878bdd3083218b12a3b53b4d7cf9,DISPLACEMENT_UNKNOWN_OR_OUTLIER;MASS_UNKNOWN_OR_OUTLIER
5435,vmm-1236761be264e11bb9fb80f8658acc9d12f3848b58eda93612464218ce95785e,DISPLACEMENT_UNKNOWN_OR_OUTLIER;MASS_UNKNOWN_OR_OUTLIER
5443,vmm-c38906bd9e3150c43a74735611125b7813193f44bf946fbee6e4e660466915c9,MASS_UNKNOWN_OR_OUTLIER
5444,vmm-1d8a6d4a2a5b737455ed9928c4eda5fffb93b5e5c8b638d2576fe76fba993299,MASS_UNKNOWN_OR_OUTLIER
5445,vmm-85ec91461a470f98e83822d900880af278f61be3a6108d6c5642c15470a377d7,DISPLACEMENT_UNKNOWN_OR_OUTLIER;MASS_UNKNOWN_OR_OUTLIER
5446,vmm-e678ffdf57bdf3d67672d5d236e438115b56f12da3ff138377386087ee846b11,DISPLACEMENT_UNKNOWN_OR_OUTLIER;MASS_UNKNOWN_OR_OUTLIER
5453,vmm-ad5ac803c439b1011b730f824030948ed5931012da0b6a8d6891a5ba30622a98,MASS_UNKNOWN_OR_OUTLIER
5469,vmm-eddea1d33516130eec7cbb4081f3ae6dbb26b8ca1665cf05dc419ff6bf91ef0c,TRANSMISSION_LABEL_CONFLICT
5470,vmm-4dbe3cb3689f477152a6db0d12d278b0ee21b09b2d897e3526830fd45ff97b4b,TRANSMISSION_LABEL_CONFLICT;ROUNDED_FOR_INTEGER_STORAGE
5471,vmm-d45c988e541e88268c80310c41a073e2a0b470bbe5ff9db2ab94dc30575bd87a,TRANSMISSION_LABEL_CONFLICT
5472,vmm-a1b8dc8d8d58dbbc4be67a455753c9196b1f4ecada198fb9a0c8ab1c72f94f61,TRANSMISSION_LABEL_CONFLICT;ROUNDED_FOR_INTEGER_STORAGE
5477,vmm-3a8fd3361956fb4271be94c86c6ffb7fe8e6cad88412bdeca6dc2c00100d79e8,MASS_UNKNOWN_OR_OUTLIER
5487,vmm-e45b641cc39eafefc2d00dc538ee88c73a3638564772db2ee70635060b422b93,DISPLACEMENT_UNKNOWN_OR_OUTLIER
5490,vmm-bd12b8ed6c5409f4b85558ce4b06cab7797e6a333432c121559256181672538b,DISPLACEMENT_UNKNOWN_OR_OUTLIER
5491,vmm-925b81d05472dfecf6d2a32307d122f67bfbd263e1fbdb25aa9cb3e341a74af3,DISPLACEMENT_UNKNOWN_OR_OUTLIER
5502,vmm-bfc55e55eb45bcf3238d827b80aa5c2bffb47193e3c5d44b4bca6c4bb8237253,EXOTIC_QUOTE_REQUIRED
5503,vmm-2c1fba8bc93756b83c97a54b8f35e07c68547acc45af1e3662fab009067eb69f,EXOTIC_QUOTE_REQUIRED
5504,vmm-3d2297ab41dd846c9793e90a7c3d486123e9222bb9e26654bea822ef16933f01,EXOTIC_QUOTE_REQUIRED
5505,vmm-fa16c8b3561b830afcba1984c2765ce83f8a133565c4960f7314386eedb898a3,EXOTIC_QUOTE_REQUIRED
5506,vmm-48ac9230d263d3112e8538b6dc98c05fbb7456c07f3c0a141660d1faa7135577,EXOTIC_QUOTE_REQUIRED
5507,vmm-4b91031e29bd095c9d8e59071d1a9e7c27ad4a6f4bf42f076bdc929aefa0b698,EXOTIC_QUOTE_REQUIRED
5508,vmm-9d79739b28022d930c88ea64313cddefc4d1e847dafa5f3f3245ab62ad8ba8a1,EXOTIC_QUOTE_REQUIRED
5509,vmm-57b2af5e1faaea8554d3685fbb2e1941f2039cb24bf8a48d4af1319e7bc7cafe,EXOTIC_QUOTE_REQUIRED
5510,vmm-774c0f34795d3111ef841a84419193678391f0d77ebb8e9134e006eb3333d8dc,EXOTIC_QUOTE_REQUIRED
5511,vmm-002f45dd406323a50c0466695178329061a87833622c9cfdc358748bede2da63,EXOTIC_QUOTE_REQUIRED
5512,vmm-b75d0ce933e8ff41700da8ecf2229d6b819e5026971beb984da49ae8300525b6,EXOTIC_QUOTE_REQUIRED
5513,vmm-c632a818e27a782130120a7e97c408eeaf722961922e7e1d0aa93a61bc59351b,EXOTIC_QUOTE_REQUIRED
5514,vmm-b50c9e783f71c43e2583bba4f13a823021bc0eacb859ecdaba7d9e5d943aa1ce,DISPLACEMENT_UNKNOWN_OR_OUTLIER;TRANSMISSION_LABEL_CONFLICT;EXOTIC_QUOTE_REQUIRED;ROUNDED_FOR_INTEGER_STORAGE
5515,vmm-207e958ac36c0969d637d34cee43f0f0b69d1a2ed8f415b6d6964411a906322c,MASS_UNKNOWN_OR_OUTLIER;HR_PARTS_AVAILABILITY_UNCERTAIN
5516,vmm-0987131ab2af34f632250b0e2b68796cae419898ea1b0715c4a5d778b2b62d1a,HR_PARTS_AVAILABILITY_UNCERTAIN
5517,vmm-350f4e3dfc42660f916320989ecbb4e7ae3386f44a5a532d894e0ba9b228c574,HYBRID_COMBUSTION_FUEL_UNSPECIFIED;TRANSMISSION_UNKNOWN;HR_PARTS_AVAILABILITY_UNCERTAIN
5518,vmm-aaa478ffc89485284397274cc9d64653c056b2ed57fd4664906cf20d44ebed0d,MASS_UNKNOWN_OR_OUTLIER;HR_PARTS_AVAILABILITY_UNCERTAIN
5519,vmm-7be123fb088d5b89f62269db59e18ca647d9c67582fc70045c464a8bcd1ceb61,HYBRID_COMBUSTION_FUEL_UNSPECIFIED;HR_PARTS_AVAILABILITY_UNCERTAIN
5520,vmm-0957a1279eece3fbfe8d8a06c7abb6049805d2987e3d3b80b844ec9850dcd789,HR_PARTS_AVAILABILITY_UNCERTAIN
5521,vmm-3609637357b794eb4a7c5a1160d0757edea47dfba9b985ce1019ae13ca05ecfe,HR_PARTS_AVAILABILITY_UNCERTAIN
5522,vmm-59604de8da552dbd4160cf610c7596118e48911588e48483ff15daaf05224f64,HR_PARTS_AVAILABILITY_UNCERTAIN
5523,vmm-2d1c2af1117cc7ad6d8bd115ef85a5e890ed8b1a2880bf4976053c0f8af85a2d,HR_PARTS_AVAILABILITY_UNCERTAIN
5524,vmm-f26ee6094bdd45b2ef4e73e4fab3463d0ccb750840282df8f026a3161be0252e,HYBRID_COMBUSTION_FUEL_UNSPECIFIED;HR_PARTS_AVAILABILITY_UNCERTAIN
5525,vmm-3be98c64611f9174e29f7b23eec502c8e43a9b1cbba5619fea1133f6257b5a08,HYBRID_COMBUSTION_FUEL_UNSPECIFIED;HR_PARTS_AVAILABILITY_UNCERTAIN
5526,vmm-5447ae38a3c138c48d97a27f04698aa7ef863fa58e55817c7c63eb3b355a3e26,HR_PARTS_AVAILABILITY_UNCERTAIN
5527,vmm-dc94fa4df61f8bed8842d7a351cde713d0c995cc3fa7bcce7f79027fdd00285f,HR_PARTS_AVAILABILITY_UNCERTAIN
5528,vmm-3789641c996953c72d621fdcf03d4ea282d3d433022b0e2602f673bb5c4f8486,HR_PARTS_AVAILABILITY_UNCERTAIN
5529,vmm-e3cf283ee4e5734f424977947fe7a0b4061683c7337e8f5abf56bb0bee63531b,HR_PARTS_AVAILABILITY_UNCERTAIN
5530,vmm-c24a38154e1eb63ee40ab049bf3efc6dad8479615765b7f1c513a46b57db0caf,HR_PARTS_AVAILABILITY_UNCERTAIN
5531,vmm-a17966c94188f35751437e6a2117850c7ac50440e8c236bfdf26b71e35588a77,HR_PARTS_AVAILABILITY_UNCERTAIN
5532,vmm-f4a8ff4cfdbfd861cc80a237fe6cfe387f1537b38e7c4a173cbeeac6af1ef471,HYBRID_COMBUSTION_FUEL_UNSPECIFIED;TRANSMISSION_UNKNOWN;HR_PARTS_AVAILABILITY_UNCERTAIN
5534,vmm-a5ff51fcfb883294e0b9715d9e1091df13395e1640c5130559a048d9e032b3ad,CYLINDERS_UNKNOWN_OR_INVALID
5594,vmm-91595e53f56441941c891d06e8539ecec1c247a30aebad926a554ed571b75c0e,DISPLACEMENT_UNKNOWN_OR_OUTLIER
5595,vmm-0faded4d649b1b0dae6a9959e4c10c6688cb4df21926f9018044d02a041248eb,DISPLACEMENT_UNKNOWN_OR_OUTLIER
5596,vmm-4732a7744dde528a9455a2a0c62c69d905d5554b30dba9b8758734ce83f64fdc,CYLINDERS_UNKNOWN_OR_INVALID;DISPLACEMENT_UNKNOWN_OR_OUTLIER
5597,vmm-f95d9ab180754b84b22cd3388e2ded7341a6b1b97875c074fb38fe5e768fdf50,CYLINDERS_UNKNOWN_OR_INVALID;DISPLACEMENT_UNKNOWN_OR_OUTLIER
5598,vmm-9de47006a85e5ab84d2a2f16d8d919cfa97c0ef1adf5794d4fe143cae645f6c6,MASS_UNKNOWN_OR_OUTLIER;POWER_UNKNOWN_OR_OUTLIER
5599,vmm-b961a6be21467c3c13bf1f48bdf89fd132efb140893f4b9c829c65384288e1aa,MASS_UNKNOWN_OR_OUTLIER;POWER_UNKNOWN_OR_OUTLIER
5600,vmm-3de951b3355c677953d754105e44e04a369d4faffca5f43107ceca335a55b9a0,MASS_UNKNOWN_OR_OUTLIER;POWER_UNKNOWN_OR_OUTLIER
5601,vmm-8ebef97d5698b711175a33125856fa3cec16f5ebcae0447bb2e848998fecd5bc,MASS_UNKNOWN_OR_OUTLIER;POWER_UNKNOWN_OR_OUTLIER
5602,vmm-1974647d40b51cde47f9ee4982226d05d56b9db3260f98ad5bf76969197916b5,MASS_UNKNOWN_OR_OUTLIER;POWER_UNKNOWN_OR_OUTLIER
5603,vmm-f2711440b54b4071c31240edbc6968f96b686aa8f4b9ad44c5b6a4754f955e03,MASS_UNKNOWN_OR_OUTLIER;POWER_UNKNOWN_OR_OUTLIER
5604,vmm-0536690fe17a2e8a28371ee85a35dbbdf3cfa8a969a2d95087515caf10ebe57f,MASS_UNKNOWN_OR_OUTLIER;POWER_UNKNOWN_OR_OUTLIER
5605,vmm-80a294b1d65edea739229449cd68219cb71340b4b680fecafd6bac51f687d810,DISPLACEMENT_UNKNOWN_OR_OUTLIER
5606,vmm-09a1abbae948a662d42cb23e5351bcbda47e74bd0507859af4e097b64aca6864,DISPLACEMENT_UNKNOWN_OR_OUTLIER
5607,vmm-979e572f332f6488c2991cc07105ad003d010187e6d9b6ad17a885016034a020,DISPLACEMENT_UNKNOWN_OR_OUTLIER
5608,vmm-f1b7418f57d26a4d7a1324c28707d5cc8b62bc0f895da30b39cce25b91e7d0c7,DISPLACEMENT_UNKNOWN_OR_OUTLIER
5609,vmm-4dd64939d3c39736ef63b961c3e3bd3960e0ccc02ed42fc98b8c4cd96c59591d,ROUNDED_FOR_INTEGER_STORAGE
5610,vmm-d0d19d44db577ea8bf518d1830b804d840173720ddf95760464fa44d317e6ba6,ROUNDED_FOR_INTEGER_STORAGE
5613,vmm-9aa49ca714a33ccb3de5e3e833ec844abafcc6c34580440eecfb06b0139a207c,ROUNDED_FOR_INTEGER_STORAGE
5614,vmm-d6f26684bd9fb2b1d0fd71c04c967c6d54c0e3b0b5e22dc1bdf50c089b908afd,ROUNDED_FOR_INTEGER_STORAGE
5624,vmm-47f0599246d77a0c20f5c785c8c411e446687baf637c7325c8a0673fdcd5604a,TRANSMISSION_LABEL_CONFLICT
5627,vmm-f549640548e92489569fd6aa25c7c10b939a6da02663118ca8f2bd41584ce120,MASS_UNKNOWN_OR_OUTLIER
5628,vmm-80945f1991311e73c5d5c7d0a1f9352cae9aa7c814ca4a226b9e81947685b4c0,MASS_UNKNOWN_OR_OUTLIER
5630,vmm-c591fccbb716821ce40630f2e18da7d1da6d8466ea7dc8983644f108c4b83271,MASS_UNKNOWN_OR_OUTLIER
5631,vmm-e3085093272702d944243410261e616a72f9f4694680263ef591612f7a8657d1,MASS_UNKNOWN_OR_OUTLIER
5632,vmm-0fb9cbaee36581517841288b9ca1da6a4aaa180542e9363efc4183b498b6ae6b,MASS_UNKNOWN_OR_OUTLIER
5633,vmm-297bdd4478608b3c74b0e5854166159d1efb12848f88adc1b3f882310db95ee5,MASS_UNKNOWN_OR_OUTLIER
5634,vmm-74e6e95dffb3fa607f1e9a22b7a4140efe34bead7a7a185e4f587e6603eb4ba8,MASS_UNKNOWN_OR_OUTLIER
5645,vmm-4cb16c67c67bd8b58d8f265fb3149420a4be1a41e370d6f4cf6d24ec78aa7d82,TRANSMISSION_LABEL_CONFLICT
5666,vmm-518dde5a25a76a70987699620bda1266e94f72e7b336b9c5ad18e1d049078644,LEGACY_QUOTE_REQUIRED
5667,vmm-1213c976fa85a7575af8969f0e8dd4d49a38364672b4b5d79de3c691b4207d0e,LEGACY_QUOTE_REQUIRED
5668,vmm-329abfb03f26b048f9dd3a848a10300824c1b157ea39ac707e954eef95464f5f,LEGACY_QUOTE_REQUIRED
5669,vmm-d6d2d1f89405279e83b89d63dedcad87c246915fdd932e8b97bed79c3508c786,LEGACY_QUOTE_REQUIRED
5670,vmm-860cdf3ca3cb6b7e81f1612a201bceaae72d9b7397445c574c84ca036f2f5706,LEGACY_QUOTE_REQUIRED
5671,vmm-aec244665e1020485c52b484c5d88f0d17d4aeb159840ad657e6d01fea446e85,LEGACY_QUOTE_REQUIRED
5672,vmm-ad3c905bfb36a586f224b4ff641dc0dff9686c2dd1e0c431f5cdb4ad3ffaa2b9,LEGACY_QUOTE_REQUIRED
5673,vmm-231f83ec1ad00631adeb9b12e2d51ebdc23db46c25b3730397a3223d68568c73,LEGACY_QUOTE_REQUIRED
5674,vmm-b7cda73c2d20dd66ae3625aa013f9efbd90214026016dd78e73876127444184e,LEGACY_QUOTE_REQUIRED
5675,vmm-fe6acb7fa99e4de389f71ac0c5701b07eeac7e057f222c52dd65d60bd743568b,LEGACY_QUOTE_REQUIRED;ROUNDED_FOR_INTEGER_STORAGE
5676,vmm-ef1118839588d093ac4c267973c3a4fb75c54ed835ec5ca2cf5e45753dc1ca0a,LEGACY_QUOTE_REQUIRED
5677,vmm-e87c37fe5269107b6810253c2befec743d8986b4adad5a2815e1eb9a187cfc5f,LEGACY_QUOTE_REQUIRED;ROUNDED_FOR_INTEGER_STORAGE
5678,vmm-c25485bbd21e7a97fa59333f39e44d33c619376f18d178ddf6fbea91797cad9e,LEGACY_QUOTE_REQUIRED
5679,vmm-f319475159a6fa85580891199e211b5ae8f0ec062d9ce843217513bef6aa56f2,LEGACY_QUOTE_REQUIRED
5680,vmm-f1f106d836bb0a75895cf9fbc81bf4d9395fbee2396a1ef44e7da0eb571cdd25,LEGACY_QUOTE_REQUIRED
5681,vmm-c76b1fadcd0c726d88d3611b7000b5227f85e896b9f2bb5d11adb3f288f5a408,LEGACY_QUOTE_REQUIRED
5682,vmm-4fafb8c6edaccb4bfe95422fb07acbb6f1101e2248aa160c8598cb65f5b30f6b,MASS_UNKNOWN_OR_OUTLIER;LEGACY_QUOTE_REQUIRED
5683,vmm-6a6f6a33267ce8793dbde2ebbe8be35191df65cf56a9621b76f843b870ef986e,LEGACY_QUOTE_REQUIRED
5684,vmm-27f033d525bc3bbfadf65e4047f176bf99e67f8f74e336206869d625df91de9e,LEGACY_QUOTE_REQUIRED
5685,vmm-d5fca2d1739c659e108657618985ac5ca89de3e808d646f567a8cf205f44b073,LEGACY_QUOTE_REQUIRED
5686,vmm-2b11d15d7d1089875369009bc9dac631c1f80b78bff105f4eee0d3640b684fc5,LEGACY_QUOTE_REQUIRED
5687,vmm-51b88b4d20cc6e49f04bb942a7b6ac919c22792515ee1ae45d910ac86b5bf428,LEGACY_QUOTE_REQUIRED
5688,vmm-4fe9e88c08b47d53e1e54eddf10f096c818baf5afa1a42f96f2888d14c2db6d9,POWER_LABEL_CONFLICT;LEGACY_QUOTE_REQUIRED
5689,vmm-ac3665331d4179f251818e447188be9f24dc584c62abeaf848a2ee4effb1c0cf,LEGACY_QUOTE_REQUIRED
5690,vmm-e3492c58c3f43186e80fc7e075cb8ff5e5e65cac8f78ba7a81fdec53fd6b6a4a,LEGACY_QUOTE_REQUIRED;ROUNDED_FOR_INTEGER_STORAGE
5691,vmm-217184cbd4e133a08286abce01f661052cebbbcb51b8765e341602a6acda1f14,POWER_LABEL_CONFLICT;LEGACY_QUOTE_REQUIRED
5692,vmm-393fb80240182580a3011d230bfa93dc6c0e404fc1cdc121999aa472091a63e7,LEGACY_QUOTE_REQUIRED
5693,vmm-89f6cb099e84c27c80e335a42979d9521cca48a95c8dee6442e80e74fc1a931f,LEGACY_QUOTE_REQUIRED
5694,vmm-351ec3a48a4afd8410b852bfade4f20b5f03c6625b22ce6cc39922e1dcbe0c70,LEGACY_QUOTE_REQUIRED
5695,vmm-b85cef1ab3f49248d78a150fde79b07ea271127e40bf11ae98dc8d2f94d4c694,LEGACY_QUOTE_REQUIRED
5696,vmm-aaf5e059e70257d0bef48eb23588a943daebcd9c048403ad32bc0f5225079c19,LEGACY_QUOTE_REQUIRED
5697,vmm-06c870716f87e489a74ad8b6407ba0d0d0b89774482714b6742720f2b8af3150,LEGACY_QUOTE_REQUIRED
5698,vmm-90ece63bfa4a21e07461ae9d43adfa6dc24ea2a43812fb6d75e54d36912216b6,LEGACY_QUOTE_REQUIRED
5699,vmm-42c2d7301e092ca77fb80e4f6e11b95e8a77ccc74d799794b10878299c49fe2a,LEGACY_QUOTE_REQUIRED
5700,vmm-bbdae4db6376a21586404e3cb85574da76bbb45e71960389e05927abd8a36ef3,LEGACY_QUOTE_REQUIRED
5701,vmm-197a3b0318a20eb40977a332ae385bb9283c7f223840cd56ad6f55fb451a2ac1,LEGACY_QUOTE_REQUIRED
5702,vmm-3a5894b7746edf0d53a0de080476145202aa48f7c6c434fcd31c780ee652ddfd,LEGACY_QUOTE_REQUIRED
5703,vmm-c2f8e4eab7135f6ddce42e4ccc0f457543d1fea8f3a0c503f02286e8c1080f61,LEGACY_QUOTE_REQUIRED
5704,vmm-1fd4c085a98fe47001a8d706aedaae8302a64f627c6b2a429ef2ee94753ec77c,LEGACY_QUOTE_REQUIRED
5705,vmm-49916061a65d8e049d093c03ec4b1798f05da762e496d4357255bfad59727938,LEGACY_QUOTE_REQUIRED
5706,vmm-4fba9152a1a2b62e757a51c7932c9fab6e887b25f527d86fdc33309b349106e7,LEGACY_QUOTE_REQUIRED
5707,vmm-af8855ed1c097220b904b025165f4fbd98424b874093ee7e61521d5f5cbed1a9,LEGACY_QUOTE_REQUIRED
5708,vmm-858d4dea7883a7346187b699d045750bef0208bf494ccd9be6df5f4c3934564c,MASS_UNKNOWN_OR_OUTLIER;TRANSMISSION_UNKNOWN;LEGACY_QUOTE_REQUIRED
5709,vmm-48016a1c9a960588a654f9533fbaa44ad7b1d0e87ae6e7dadf8b6db2bdd94444,MASS_UNKNOWN_OR_OUTLIER;TRANSMISSION_UNKNOWN;LEGACY_QUOTE_REQUIRED
5710,vmm-e170b17d18652e4c80c371443ab1818e9f847246e65f8fb09ff17dc58706d1da,LEGACY_QUOTE_REQUIRED
5713,vmm-1e2f989b298fb963ae7314acaaa3864712d242216396f5731180320404dfaa5c,DISPLACEMENT_LABEL_CONFLICT
5714,vmm-877ca01e14d51590d7a046282683999f576be4f8ce6417953a8d7faa14d2fb60,DISPLACEMENT_LABEL_CONFLICT
5715,vmm-deb5981caed730c4569f6a786e6979fa49e62594225e98cefffd65e2460d903a,MASS_UNKNOWN_OR_OUTLIER
5716,vmm-a2c360b4fc16ceb9efd3e8f1b982703e07dbf7569aed9058108430e05473f085,MASS_UNKNOWN_OR_OUTLIER
5717,vmm-a7d4c7d06789e547f70a4fb4b91300c7f355a660b712fcc3ddc70bc7a711d0a4,MASS_UNKNOWN_OR_OUTLIER
5718,vmm-e4c6a392d19bdad08a4770fb45c2fd38d243f11f407a1e1414d6b382c7e91126,MASS_UNKNOWN_OR_OUTLIER
5719,vmm-98f45bf153dc55aafe32b565a0a16e64c326b24937b4936fff96ddd5ea7813b6,MASS_UNKNOWN_OR_OUTLIER
5732,vmm-8a0de5edb813c4e524778d2102d935cbf5424b5bb9106c07ba9a8c76f5062ca0,LEGACY_QUOTE_REQUIRED
5733,vmm-31b9bc3253d395da6b5ce95b412f7b96073813fab46e0b8af976611900743a80,LEGACY_QUOTE_REQUIRED
5734,vmm-2c9eb35d9e34c61d8392b9f0f66f63e33b4a068e39dc495015603477a612bdb8,LEGACY_QUOTE_REQUIRED
5735,vmm-709ba075d5a6082d587e4c03345ffb7d3fd8f23f0b0ccfc40b26c8e62d882d88,LEGACY_QUOTE_REQUIRED
5736,vmm-91d661634caac4757b1db09f6972b22e0516c108d1eea7f821e53cf4d3079030,LEGACY_QUOTE_REQUIRED
5737,vmm-741d2294d29152ea2d4674cd70d144c241778d81fd72c82e7509f3334dc18014,LEGACY_QUOTE_REQUIRED
5738,vmm-bb22c20489a17f591d8ceedbdfb7da8ca73a635c2595745ccb5b17ffae8d2342,LEGACY_QUOTE_REQUIRED
5739,vmm-a85fc7d39e35e2679566d7255f7a7393165df7e258614d825d9df07f188e0702,LEGACY_QUOTE_REQUIRED
5740,vmm-3d8b746100418078786fb6b4d4c544c32abbaf83dcadd6c66fc148cdbd188250,LEGACY_QUOTE_REQUIRED
5759,vmm-a68da8be9e1f35283aa962c40f458200985a7ea29fb8537df5d3b9283d598ffd,TRANSMISSION_LABEL_CONFLICT
5763,vmm-16d6915f3e702ce2a4c8e2f3bd0f29a9218a2e6582e787fd2ab1134fc3927bfe,MASS_UNKNOWN_OR_OUTLIER
5774,vmm-323a050cca70b92dc0c5f6322d0d7ec8f5e38b01d10321d9aa4f43c16ce3a31d,MASS_UNKNOWN_OR_OUTLIER;LEGACY_QUOTE_REQUIRED
5775,vmm-1b4d991cd5040da1b6fff4e0854842c564b26d85892a1e9daec2ac820a4115ef,LEGACY_QUOTE_REQUIRED
5781,vmm-84068b881dc560310f3db31be1dfd098af6414c4a68122cbeb104fdeb33efa7d,ROUNDED_FOR_INTEGER_STORAGE
5787,vmm-23aa4892c0a73964fa850dd1f843b438f8dadc331db034efc086b3398de51b54,MASS_UNKNOWN_OR_OUTLIER
5788,vmm-3859dabeee90a0cd31f64fceac7f859ac76839c6b02ada84adbadaef15635ce1,MASS_UNKNOWN_OR_OUTLIER
5789,vmm-ba1c87bbab1f6b78bea2e75993c0f7257e488e5e77e1c8c8659be446263fe801,MASS_UNKNOWN_OR_OUTLIER
5795,vmm-2c20ff8b1e180d7e3de24c4dbe6b2f6e294b33dfe93f495dfb423ed56681db5d,MASS_UNKNOWN_OR_OUTLIER
5798,vmm-a8a786022a0b2f05e2420cd1ad3c4be0a4ce7634ea331af0e393178cc770d46e,DISPLACEMENT_UNKNOWN_OR_OUTLIER;ROUNDED_FOR_INTEGER_STORAGE
5809,vmm-2479d9aa1b49dd63974a3a3ebcd698b5625e01968227eb2ec7f1a5f59ad2d8a7,TRANSMISSION_LABEL_CONFLICT
5810,vmm-28a43baa467f1625aa8d27f65bef5f54d0f2321109234e13613925b25ad6662d,POWER_LABEL_CONFLICT
5811,vmm-08458bc6a93920b45f60484ef54ce6aecae48ee2f653d20cc078ce2d8f1f328b,MASS_UNKNOWN_OR_OUTLIER;TRANSMISSION_LABEL_CONFLICT
5819,vmm-e26db41ba2d049d7e6bbd2aa6736a706c1134886dc8194c0c2a6a329dba0e863,MASS_UNKNOWN_OR_OUTLIER
5820,vmm-9786fa93f1a55f1c38ef5b78cee09b61356293c67881e1bf19e1262e4aa0dabb,MASS_UNKNOWN_OR_OUTLIER
5824,vmm-9b45e468d1bf2a55e770d5be74c6885de59e7c64af050daca9b5433b3e5bd560,MASS_UNKNOWN_OR_OUTLIER
5842,vmm-918de03366ece5873a6d49aaf620dc13c1d681cb3362d7803aa81dafaac83f89,ROUNDED_FOR_INTEGER_STORAGE
5844,vmm-42c7ce3babacd343d5291c79588954cb20cd5f77474226a76c86b773d6d8969d,ROUNDED_FOR_INTEGER_STORAGE
5850,vmm-713bd3cd27c879fd8af15c1b398b96c9b3a087dd894b9cb8c3de808f0c434d72,LEGACY_QUOTE_REQUIRED
5851,vmm-9654c4eaf9241ccfd5f089395a78a6d252361f510706c0d5defb54a730f38059,MASS_UNKNOWN_OR_OUTLIER;LEGACY_QUOTE_REQUIRED
5852,vmm-8513aef6daee6f1c0d9a591370da69190ddb3389beb442c4676dc42789453b7b,MASS_UNKNOWN_OR_OUTLIER;LEGACY_QUOTE_REQUIRED
5853,vmm-d27456edf7452380d188e4080b417dc992e5009377df47c46dbdd7bf3215a29e,LEGACY_QUOTE_REQUIRED
5854,vmm-1abe50ba475d03a290331a7186e94cd25f589ee76eea20f9515d6a1950a1848e,LEGACY_QUOTE_REQUIRED
5855,vmm-fbd5b67f94d781322f8635f8edaabf00f53b1e0ca2f899d4a5fda77dd5644254,LEGACY_QUOTE_REQUIRED
5862,vmm-3df610b4b7551092c2b1025aec8c403ba5be26a82c2ef787ed8d7bbf57f5dd87,ROUNDED_FOR_INTEGER_STORAGE
5863,vmm-219cd474ecbe11f3168eab3151dac5f52360a37aa2819796bfd42fbf2ac212f7,ROUNDED_FOR_INTEGER_STORAGE
5867,vmm-bfffad0c95ff53d8f7be9baca26fe4ebd88c1cc44bdab4bfba92765667433b23,ROUNDED_FOR_INTEGER_STORAGE
5868,vmm-a30e29c77861847285517e8c56ab1981c1b238740ade45b0a1673cf7f226cb24,ROUNDED_FOR_INTEGER_STORAGE
5869,vmm-82245d31c0a0525bf93f1867529fb24459ae40c105c909cf37c6301e15be84ec,ROUNDED_FOR_INTEGER_STORAGE
5870,vmm-2f453012cac2a97582a55c79e0d223a775d5e211933fb0df8f8e0e153292cd02,ROUNDED_FOR_INTEGER_STORAGE
5871,vmm-d469420107acd1a6f6c33d433f907b4c0b0920148bb9169f4319e291cdd3e002,LEGACY_QUOTE_REQUIRED
5872,vmm-1b5eb11816fa86a26c41c8ca12ede64bec879ab6e3c03f34017f2985db98f74b,LEGACY_QUOTE_REQUIRED
5873,vmm-1537ff9de01f7318c44038d11d8fd5bcc2b1128ff92f3014d58861ef10507c1d,MASS_UNKNOWN_OR_OUTLIER;TRANSMISSION_UNKNOWN;LEGACY_QUOTE_REQUIRED
5874,vmm-e832b8266c70045f5ec6d8b0887f99f965c6025d667150ce71e7dc525c5ab99b,MASS_UNKNOWN_OR_OUTLIER;LEGACY_QUOTE_REQUIRED
5875,vmm-fa05bbe8faf20eac1a72a95d33f01393c84c7489bfd38af29384c1e236699801,MASS_UNKNOWN_OR_OUTLIER;LEGACY_QUOTE_REQUIRED
5876,vmm-637af50cfbf0081455a8f32de9609edfc596bb24b47a464042a306944e1c96e0,LEGACY_QUOTE_REQUIRED
5877,vmm-6172a0af2dd7246766a101123763e8494af077edcdbcedea01aed84995223169,LEGACY_QUOTE_REQUIRED
5878,vmm-48c018e74821abad19e94f09e6dc2683fb7d237319c034bb0d1399a4b1bb942b,LEGACY_QUOTE_REQUIRED
5879,vmm-0740d3fbe9b058e32f2304f867cb3306e4b9896f1962662acad85e2e04ab7d26,LEGACY_QUOTE_REQUIRED
5880,vmm-ae1b6666dd42df5b6262b554792f761f83411d35724042b3fce580c61a1e5dc6,LEGACY_QUOTE_REQUIRED;ROUNDED_FOR_INTEGER_STORAGE
5881,vmm-b582b1a12a15f45c7ce00b47242ade6598964c1f1a837d6f5d9a0787a8d98a08,LEGACY_QUOTE_REQUIRED;ROUNDED_FOR_INTEGER_STORAGE
5883,vmm-63b14838e439c9b9bf4c18027189f11ee26e965a4c68971c4066b26a163360ed,DISPLACEMENT_UNKNOWN_OR_OUTLIER;MASS_UNKNOWN_OR_OUTLIER;TRANSMISSION_UNKNOWN;ROUNDED_FOR_INTEGER_STORAGE
5887,vmm-b8dad54d5846261b73ac008f9bac4e15173b65fb2d1145cc067de82c1d2e4bd1,TRANSMISSION_LABEL_CONFLICT
5890,vmm-bc958d936ef902f725afc00a8fe57f16ceef2f1d20a3443f10193f1d88c44105,MASS_UNKNOWN_OR_OUTLIER
5891,vmm-925c5df61a9be7c20c6d4aafdfd64482d13a0a52e6d43b582d3058ccabaa9428,ROUNDED_FOR_INTEGER_STORAGE
5892,vmm-bdb462639ee1650f586f77f48992d9ebb4786d3af0451e13b2fb43b4fef61a49,ROUNDED_FOR_INTEGER_STORAGE
5895,vmm-d92639ab52b3cea380d2a7ea3c4b4acc106df81aef655c9f3b92687f672fc25b,ROUNDED_FOR_INTEGER_STORAGE
5896,vmm-59fafccacce414bb2744632d54355619549dd4b501ecbf32d0b1856d5845b237,MASS_UNKNOWN_OR_OUTLIER
5897,vmm-44c28f54681f48f7aaa7863e81ee3a1a41a2d9c7e1f219dca7c3f4f5269e614e,MASS_UNKNOWN_OR_OUTLIER;DISPLACEMENT_LABEL_CONFLICT
5898,vmm-c35499c8a94f8ef69f2aa6282b66afafa7bb38e358d65f685d5509f6287940fe,MASS_UNKNOWN_OR_OUTLIER
5899,vmm-4b4be82d7924ef562c6d5cb9287c429627922d7a84acdc4fed6f3b5ac671fed9,MASS_UNKNOWN_OR_OUTLIER
5900,vmm-1b818c750eef4109557582e8e6cad9d939c85c1bc9109b64d5b0e60e3f1d005a,MASS_UNKNOWN_OR_OUTLIER;DISPLACEMENT_LABEL_CONFLICT
5901,vmm-4186caca513b57bf65e2d3864c360e1d0f0b0b795a7f6ceb3cf1e8bc2139b061,MASS_UNKNOWN_OR_OUTLIER;DISPLACEMENT_LABEL_CONFLICT
5917,vmm-98c359cb7e875f7c038680cfea66a0d677b6851e5ecc688e24c39baf1ac94d47,MASS_UNKNOWN_OR_OUTLIER
5918,vmm-82676f87b08e9c0f760143bf2762cad1bb46da288bfe8a57cf1a6fcaed0c9457,MASS_UNKNOWN_OR_OUTLIER;DISPLACEMENT_LABEL_CONFLICT
5939,vmm-f9891b90e40e35ffe1a6b449def73da860025243df777aa1adb911115ddda991,DISPLACEMENT_UNKNOWN_OR_OUTLIER
5940,vmm-4da747541ec558d52990102d256a73784e248fc432aad8d0b995dd9c9c69fb45,DISPLACEMENT_UNKNOWN_OR_OUTLIER;ROUNDED_FOR_INTEGER_STORAGE
5941,vmm-9c63fab09b42762f8b2d412ab439ce1d5b599e6a6d88f7ee951e65bbd5b0f4a8,MASS_UNKNOWN_OR_OUTLIER
5942,vmm-546311f3ee072e3d7d3a93cb7e3e83297e01cbe7e4b7a79d7fad69884e2b5c00,MASS_UNKNOWN_OR_OUTLIER
5970,vmm-ab3fef9bd88eb9a5d4fb37d76c0b5d8a339bbfb44d1f8a4e2d22f9b78ca652c7,MASS_UNKNOWN_OR_OUTLIER
5973,vmm-76fca46e5695f641a13973cb19a58497747460cdd15201790d29fab577aab10a,HYBRID_COMBUSTION_FUEL_UNSPECIFIED;MASS_UNKNOWN_OR_OUTLIER
5988,vmm-06f65c38b883ef4af8ea6481a35ab9edc14d5db16e6a592925634a1b080ac38d,POWER_LABEL_CONFLICT
5996,vmm-8010c4f72961ba7650684ecefd667a6268dbc32ecb4bfa7ba8ec4ffa5a85a86d,ROUNDED_FOR_INTEGER_STORAGE
6007,vmm-0a53098fe3dc2a1ec77411a9585e569f37f4c56b56fd343667dbbc0de01e87d2,LEGACY_QUOTE_REQUIRED
6008,vmm-01314a1bc93aaa510cb69349c8709a281b3390e8431d5acb9b5f66909f04936b,MASS_UNKNOWN_OR_OUTLIER;LEGACY_QUOTE_REQUIRED
6009,vmm-95593f324c26f0afb1104b9c490c8a0233bec4251d6cf0b522ea5b5dd2c72be5,MASS_UNKNOWN_OR_OUTLIER;LEGACY_QUOTE_REQUIRED
6010,vmm-584f1deaf877586d1f592bb802071e408b670a4b381721a0dcfcbb9f86aea285,MASS_UNKNOWN_OR_OUTLIER;LEGACY_QUOTE_REQUIRED
6011,vmm-76ae08e449e4282a441b0bb0db2f6abb5099d3bb4174082a3fa395f8f3c27b33,MASS_UNKNOWN_OR_OUTLIER
6014,vmm-85498aef66a48835ce554a1da882f07937a92397521aeda86fedb1a826acf9da,MASS_UNKNOWN_OR_OUTLIER
6015,vmm-162a84ab88c4a4e0e31f277d8d76ea69c4311a5b95dcc069192ce4dd71eefb07,MASS_UNKNOWN_OR_OUTLIER
6016,vmm-8c7f92a46334728f67af0d8305a8771aa93807d25f06351853098eda126fcc10,HYBRID_COMBUSTION_FUEL_UNSPECIFIED;MASS_UNKNOWN_OR_OUTLIER;POWER_UNKNOWN_OR_OUTLIER
6017,vmm-153284247e2899ba594ec68241bf40f4ecd0b85d6f1ac0057082de821d9796f6,HYBRID_COMBUSTION_FUEL_UNSPECIFIED
6023,vmm-320b13c9bcd2fbbeb290e279c5f1d9dff3fa2c1ed259046a2a5703f654f6c1d7,HYBRID_COMBUSTION_FUEL_UNSPECIFIED
6035,vmm-c0c08e032233c73d5f65ca162f066aae6ae41e13537a01d144e4cb8dec0788a2,MASS_UNKNOWN_OR_OUTLIER
6036,vmm-13d7ceec7d160910c4681b23d1fbfc2dd2a1536cd83f02e35519c828883e61ff,MASS_UNKNOWN_OR_OUTLIER
6049,vmm-07df9ebe9c11d8724ab7afdeaa725e7a2a83df4ba79596a9c25368af31036cc3,MASS_UNKNOWN_OR_OUTLIER
6066,vmm-5e200339276998754d73d73608d706ccbc8e4b67e62d5e774e54c2f5b2fb74e2,MASS_UNKNOWN_OR_OUTLIER
6073,vmm-3a62c1a33df44a5dd326b7a2345186144b2fabd5c60da1b2a9e3575ef6debfc1,DISPLACEMENT_LABEL_CONFLICT
6078,vmm-6989d8568200ac343a2ab53d7df72e554ea6ae52988372085d59c27c3b1e36d8,MASS_UNKNOWN_OR_OUTLIER
6084,vmm-e24ffa0c09ab59638fd3262a08ca989d7b97a67cdf916e9f3de098c809686868,MASS_UNKNOWN_OR_OUTLIER
6085,vmm-2c4d7271ee5ea413b3528e32afc4c7e1ba1aba8d555ca451089afa4464349ca9,MASS_UNKNOWN_OR_OUTLIER
6091,vmm-03ad8402374fb6cbc1c3d13827b44a5b416aac8f9881381d06388dd33b541233,MASS_UNKNOWN_OR_OUTLIER
6093,vmm-a9fa1f64d6265d9c859c25e8481aeb224aa304fcc34486da4f3462acdaef7363,MASS_UNKNOWN_OR_OUTLIER;ROUNDED_FOR_INTEGER_STORAGE
6094,vmm-86994d01990ec7d278d5449cd55cdde2adceda3b7871a84dd1d9a8a3ed880fd8,MASS_UNKNOWN_OR_OUTLIER
6095,vmm-c96bf2209ff91c5ae058d77067e7035127f6d1f98118cf505ceb171f54bc22f1,MASS_UNKNOWN_OR_OUTLIER
6096,vmm-2c19ffaaf4aa198939c5738153ba36c4788ade26f5d0ab1b9103322ca21aa616,MASS_UNKNOWN_OR_OUTLIER
6097,vmm-41ed0e54d18f62afdebb3b88e6aee4ca3458321790bdb7db453c65f220a8c685,MASS_UNKNOWN_OR_OUTLIER
6144,vmm-328fe7c82569cb584396f908f69141c65be5ebb4ac5fbbe48c776c34c25bd411,ROUNDED_FOR_INTEGER_STORAGE
6154,vmm-4fbd7ace64329955b6a2d939bc0badc690fbb4d9dc802b9cbfec8ababd63160d,DISPLACEMENT_UNKNOWN_OR_OUTLIER
6155,vmm-54ace31a4c73e0860b74b25884a3dc9298ac6daaa0f499b71a680b8ede35da0e,DISPLACEMENT_UNKNOWN_OR_OUTLIER
6156,vmm-0fd2834755361b299d9e7bbce59977db0f30e6758533daad1fe2a68e6f30dc99,DISPLACEMENT_UNKNOWN_OR_OUTLIER;POWER_LABEL_CONFLICT
6157,vmm-3ea09d763e4d71ebd7adac698f1c1e36f2edc41ab52bf1e5f3d4ab9d3b26b8e6,DISPLACEMENT_UNKNOWN_OR_OUTLIER;POWER_LABEL_CONFLICT
6159,vmm-ca8549f37d3f89389e2b497c4b1d5b48fa78175e5f6650a361ef8bbcbb735e5b,ROUNDED_FOR_INTEGER_STORAGE
6161,vmm-dc888f06e3f4df7b75e0047243ea700e0f673ace22b457008275115f61051f87,ROUNDED_FOR_INTEGER_STORAGE
6163,vmm-09d417a03b70f1e469ccbec3bc37a1e1c6b9c64b0c93a8c1a99cdb4bda53fb1f,ROUNDED_FOR_INTEGER_STORAGE
6165,vmm-cc3af68dc0daf5e7f68b1e61b411c9a67292643ad25f231791a8158a3ff50bec,ROUNDED_FOR_INTEGER_STORAGE
6166,vmm-d88cbf14895f8b594e1c497b54a6a61ce7cf48fa2d8563b39b930683458fd0ee,ROUNDED_FOR_INTEGER_STORAGE
6167,vmm-a6ce682a39ddaaa59fb191333026e3aab45c7636e77f5b3c375f76648eec4c80,ROUNDED_FOR_INTEGER_STORAGE
6170,vmm-06d3aeb788d6da8351adee599cbb06310d2009995204676ac3c150e9421b884c,HYBRID_COMBUSTION_FUEL_UNSPECIFIED
6171,vmm-53c884fc2dd4f44d1bbf6c0b0c5c3c33241b1be8ac40a2f642acdfb1d461c129,TRANSMISSION_LABEL_CONFLICT
6177,vmm-394dfdcca1133aa307670cbf80a9157a0bc936d82eb5542a70a44c3096872a8b,MASS_UNKNOWN_OR_OUTLIER
6184,vmm-bfe0095bea6e3f20db98f5e29317c23a99ab70d57d9a08560f26cfb05af76101,MASS_UNKNOWN_OR_OUTLIER
6185,vmm-42858109bb5afac4435eea6d6ef4ff52b4abb36ec2a751a600cc78118ae3455b,MASS_UNKNOWN_OR_OUTLIER
6186,vmm-ed5c04493467bf32982c9f3a23a086c3c089cec147efdcef364aefc7a94e289d,MASS_UNKNOWN_OR_OUTLIER
6187,vmm-22125ff38a40366b68b2e58ed788a41b2e6ff24f928c8c0991c9a95e2a37b363,MASS_UNKNOWN_OR_OUTLIER;DISPLACEMENT_LABEL_CONFLICT
6195,vmm-914df516a7196be09d72554d27983622d959fe7088be1ceb3bbf57b02707ca07,MASS_UNKNOWN_OR_OUTLIER
6196,vmm-bba454c9dc38e60c21b30c5d199b52c97bbeb39ffc874cdb8b430bdfcc9fa8ff,ROUNDED_FOR_INTEGER_STORAGE
6198,vmm-df48360ad9f2efd6512d36cb55ce38eef6dbfac0e69f3398b230cba88e69c412,ROUNDED_FOR_INTEGER_STORAGE
6200,vmm-9a622ceeb6c884d978f021b733466e15b7800a82001de0941b355339e0869164,DISPLACEMENT_UNKNOWN_OR_OUTLIER
6201,vmm-b198602e8ebcfb37c3636328f3027a916293007079b4e983a34277818dd30ceb,DISPLACEMENT_UNKNOWN_OR_OUTLIER
6202,vmm-13a3139f051536da15fb90c6ee7df85ee975952d008f353f919d524e3fb10e77,DISPLACEMENT_UNKNOWN_OR_OUTLIER;MASS_UNKNOWN_OR_OUTLIER
6203,vmm-0d9fba654e03fbb9e0c0e3b0979d3bab67b57f542d2e841b822ac1bd596c5177,DISPLACEMENT_UNKNOWN_OR_OUTLIER;MASS_UNKNOWN_OR_OUTLIER
6219,vmm-b73e8e0faa95450b5fe9e3c47d71db122b37fcf3861be55177add824fc849edf,DISPLACEMENT_UNKNOWN_OR_OUTLIER;ROUNDED_FOR_INTEGER_STORAGE
6220,vmm-2bdede161e92897a2b04b0f39b88a0bb5bc6ec18754e00250ed209615bb32cb8,DISPLACEMENT_UNKNOWN_OR_OUTLIER
6221,vmm-1609b6a66a84c60f11dff870812ec859075c9103287fd59f03caf7b6fb5c5c3d,DISPLACEMENT_UNKNOWN_OR_OUTLIER;MASS_UNKNOWN_OR_OUTLIER;ROUNDED_FOR_INTEGER_STORAGE
6222,vmm-ee4cf7c6a7b495d682935ee0ffba608ea6121478843755f13d63f137b5b68068,DISPLACEMENT_UNKNOWN_OR_OUTLIER;MASS_UNKNOWN_OR_OUTLIER
6223,vmm-5536858c7be187e06359c9c6fb6c059c9ac619b3e38c329b4524cd133480abb8,DISPLACEMENT_UNKNOWN_OR_OUTLIER;MASS_UNKNOWN_OR_OUTLIER
6224,vmm-d09bafbdb5d9d6f3da4d61d42b155d9a5c5772d8795dd6e65c1ef27d0c12083e,DISPLACEMENT_UNKNOWN_OR_OUTLIER;MASS_UNKNOWN_OR_OUTLIER
6241,vmm-a79fb686fa6a15f9bfc1dd6ad95c429e8910a9e9c53c9168ed07846a8ec12557,MASS_UNKNOWN_OR_OUTLIER
6243,vmm-f77537d370f4d38d9e5fe8f29eef4e44db494a27669e32d3b6253253eb88b8f2,MASS_UNKNOWN_OR_OUTLIER
6262,vmm-a715cde2d9c0094bbb200285742e96f53b8a9fa6c086ee37d1eaacdefb346872,DISPLACEMENT_UNKNOWN_OR_OUTLIER;ROUNDED_FOR_INTEGER_STORAGE
6263,vmm-e0d9e0db2b30d755e723bb717f05b835c215728695bceb8a9925eb5d58efffcf,DISPLACEMENT_UNKNOWN_OR_OUTLIER
6264,vmm-b16d41d115b4201061a409d24ccf27ab5e74d2038b19b4688af2e49c565f8925,DISPLACEMENT_UNKNOWN_OR_OUTLIER;ROUNDED_FOR_INTEGER_STORAGE
6265,vmm-2c59da9c65fd15359c44631ca59a98edc60ae99cf1612872a984947ab7ba6cb1,MASS_UNKNOWN_OR_OUTLIER
6285,vmm-1e926928460ac1e0a9ee788e0da03b10020fac839c939fead248ff7156c69096,ROUNDED_FOR_INTEGER_STORAGE
6286,vmm-f03ead47a6e1005da1969e390160981a415b5f21c124ad1b823ae4e0432f092e,DISPLACEMENT_UNKNOWN_OR_OUTLIER;MASS_UNKNOWN_OR_OUTLIER
6287,vmm-51e805d28fc34c2efc27f7fe6b612b3db1c491d4c6dcdab8fb25efd8b2f9fe18,DISPLACEMENT_UNKNOWN_OR_OUTLIER;MASS_UNKNOWN_OR_OUTLIER
6299,vmm-baa2f5ca1f9f83a396aa3e3780e754500dfd1ce7635dd27461ed9f554fabdbe6,DISPLACEMENT_UNKNOWN_OR_OUTLIER
6309,vmm-f8df5191db4da9165deb13a5f5a0e95b9569a6b14a4290a3f6b9a251c85ee120,HYBRID_COMBUSTION_FUEL_UNSPECIFIED
6312,vmm-62c15863e618fa9a0d26e205a4e4be5956a8a4450f00bfc484aae2a0801e5328,HYBRID_COMBUSTION_FUEL_UNSPECIFIED;TRANSMISSION_UNKNOWN
6313,vmm-d5457608e03cc8af78dc8f8095daf4d69c3fb22f53856d155366d7d50dfff827,SOURCE_EV_CYLINDERS_DISCARDED
6332,vmm-5c544b4a4ceadf7b481ce1845dcdf8abcb5811f33be675bdbac512960dcd3d66,MASS_UNKNOWN_OR_OUTLIER;INDUCTION_CONFLICT
6333,vmm-41f3b1273b3510bd1d79a60b0a3e2cd83667eeae10891004d8880f920861e203,ROUNDED_FOR_INTEGER_STORAGE
6340,vmm-b0eb70ee52abf35d7aa12570f24e209044f67232fa602a381e1d44fa31a49e35,LEGACY_QUOTE_REQUIRED
6341,vmm-1bb5a33f63a92dc77d7ea27034a9f7e018d9362de987a3922b66ddcaa4841d69,LEGACY_QUOTE_REQUIRED
6342,vmm-26e76ad8852c65bb195ca3c0d1fd03f2c32ff831152d3c20f828a59a642afe9d,LEGACY_QUOTE_REQUIRED
6343,vmm-85032c61f80f5ab183845b5e26208654eaf820a3fdee27cdf20018158068fdd5,LEGACY_QUOTE_REQUIRED;ROUNDED_FOR_INTEGER_STORAGE
6377,vmm-df522a880ba9aca18858c956f8cd53e0fc7bef4ae3399093f748587b6c222cb4,LEGACY_QUOTE_REQUIRED;ROUNDED_FOR_INTEGER_STORAGE
6378,vmm-833088d8a83ce992ec6d6388d3d0a54815b7ea9cd6783a9447cd5c3b515a7578,LEGACY_QUOTE_REQUIRED
6379,vmm-5b523802860df638231788c54f05d838776e8b31273f31fd004bd080607db3df,LEGACY_QUOTE_REQUIRED
6380,vmm-3e19978f6506253946ae73742a36ad88f80e1100573db372340fefc78d6fe8c4,LEGACY_QUOTE_REQUIRED
6381,vmm-a2beb4f38f004f16044b4610bb5b412e127898a101977f0682faaff1744fbe3d,MASS_UNKNOWN_OR_OUTLIER
6384,vmm-499784b8ccf18f1b8e5e7d858953fe0866c73e3c7ff5997defe200e943a49871,LEGACY_QUOTE_REQUIRED
6385,vmm-b90172ed1372cc97ff1e73d048cf49ba7b156e0a9277055f7d58759ff439f592,LEGACY_QUOTE_REQUIRED
6386,vmm-f52c27ba684a9dede8aa9703b46d7342d4a1ccb92a8830ae7749bd6afe86087f,LEGACY_QUOTE_REQUIRED;ROUNDED_FOR_INTEGER_STORAGE
6387,vmm-a214b15529202dd15cf639b15bda287ee45d5ad39708a84ec59f3fc052f2ba82,LEGACY_QUOTE_REQUIRED
6389,vmm-6a62a2a35a44a5c9031f950537744a6e54aed12687564be1d73f98eae1ed8c97,LEGACY_QUOTE_REQUIRED
6390,vmm-e4bd210cf23974cdf87a898270bdd109d58cecef6a8d83f91c6083b3c5f48b25,DISPLACEMENT_UNKNOWN_OR_OUTLIER
6392,vmm-fed6e2592d17bbe74414ec834995aa89625e00209add8787649fa4f550f81948,DISPLACEMENT_UNKNOWN_OR_OUTLIER;MASS_UNKNOWN_OR_OUTLIER
6417,vmm-da7f0a2d19db713ff8e36637c0788f397a551e79fd2a7bef25b66e70d09cc201,MASS_UNKNOWN_OR_OUTLIER
6418,vmm-0ad88645a6faf5250f5925defdfb822a6b7b131de40d3315256f3f8fb822c998,MASS_UNKNOWN_OR_OUTLIER
6419,vmm-d28dbb560b174be641ef259f10d270da3bbaa500307ece8a6cfd6f851b352ee5,MASS_UNKNOWN_OR_OUTLIER
6426,vmm-6bdc8aebf9575e607f7fad801903c98567ae0d381697833f0fd34413da9ca469,MASS_UNKNOWN_OR_OUTLIER
6443,vmm-728d6e06dc24ab3e13fe788b9984edf32da5110aca3659a8f773ca08f1d98ac8,MASS_UNKNOWN_OR_OUTLIER
6465,vmm-9290a49fb1f4da2541c2a94366a8fce59b1372a4e75648596cd439dd3bdee9f2,MASS_UNKNOWN_OR_OUTLIER
6469,vmm-16b4da80951fa947f9658c0eae8e1cef185e8e554c0c421755729994bed18dfe,DISPLACEMENT_UNKNOWN_OR_OUTLIER;LEGACY_QUOTE_REQUIRED
6470,vmm-da3142d577dea427c5158e202f792713f9b2604983490e4a42619d169fe2e8ff,DISPLACEMENT_UNKNOWN_OR_OUTLIER;LEGACY_QUOTE_REQUIRED
6471,vmm-6b27004f99fe91545d6f996163d1b77656221df99cb41b68e711778a6e81b64f,DISPLACEMENT_UNKNOWN_OR_OUTLIER;LEGACY_QUOTE_REQUIRED
6472,vmm-547c41852c7b47aa8a6aa18169ae3d2841a5fc8e92e19aabee0324f6fd09579e,LEGACY_QUOTE_REQUIRED
6473,vmm-434bd35132bfa55a09c1638369a9cf7893990bb879e6b94320f8e6f2c7e34dab,POWER_UNKNOWN_OR_OUTLIER
6479,vmm-94772e511be0978f25473517ec6635bf0155122df7b51f28fa564b6392125a1f,LEGACY_QUOTE_REQUIRED
6480,vmm-fa9ca1282076eaa207b69389f0cf1b9b41062c5a84da2ec21932940a6f678f85,LEGACY_QUOTE_REQUIRED
6481,vmm-d5e82e898246f47db6b9d4412fa245d2bbf567a15434d269cdf557db7131bd28,LEGACY_QUOTE_REQUIRED
6482,vmm-745a8270b576035e6394727cddb0296b9b20d3b31d44e4e1be41d58f985ae8a0,LEGACY_QUOTE_REQUIRED
6483,vmm-cd005df388bf6780377bdfb94c88f42b916e57b5278a5b4b91e647977a65d478,LEGACY_QUOTE_REQUIRED
6484,vmm-160cb1ebdb58d617905bd80ea8769722921c323b1f5d9a71434ff8a6da903007,LEGACY_QUOTE_REQUIRED
6485,vmm-7f2c497ae403d82edfa4bf52c404a14a8601260b3308a78d3d697d13a21c10b0,LEGACY_QUOTE_REQUIRED
6486,vmm-9db7fdd9ecaa9c72d18ecdb16d6fa9c8ce79fd68f5b12f726d49244a04d2e7c3,LEGACY_QUOTE_REQUIRED
6487,vmm-0dce0b9b14af5c9aee8978199c0b6830e2ebacb7206b1b1fa7f333ea4105f39c,LEGACY_QUOTE_REQUIRED
6492,vmm-a85ee5f9c99b61e2cde5a83f15f020419c7601ef545c126fb68b287abeb50d99,LEGACY_QUOTE_REQUIRED
6493,vmm-0f911760fd12852e0d22bcebca0b8ab74ee45ae6693867aa25bf4d7a042e56bd,LEGACY_QUOTE_REQUIRED
6494,vmm-fb8c86b8ba1ad25b318b6de4b1bdb21bd67aeb98661d9cc0b3d23d24ac086350,LEGACY_QUOTE_REQUIRED
6495,vmm-e6e856334a92943e125f5e234fbaf8e7fef50ad865b9fcd472f2476ddd03f8dd,LEGACY_QUOTE_REQUIRED
6496,vmm-225c706cd2a28620792669ec292c24e2f9c246fe35862e959ee97ed4e8c53ef3,LEGACY_QUOTE_REQUIRED
6497,vmm-8f7beb977cbca50f5adaff2effcf5057132486dd7532ef64cb584e798f4559f1,LEGACY_QUOTE_REQUIRED
6498,vmm-7f43df97d304532a97831ddabe15f9184d3e77d6a954024a734ea0006d854878,LEGACY_QUOTE_REQUIRED
6499,vmm-b0b490028692901b484ff4ccf6f56bdbd17880b705626c1155d6488ca0a2e649,LEGACY_QUOTE_REQUIRED
6500,vmm-8966bc79bc1c8ddc8e268e7b0dc8ffa0fcb13593d457dc15ff88637d27552a97,MASS_UNKNOWN_OR_OUTLIER
6501,vmm-c6677773777187eac6089f4a19023a2c98d82e6bafa71f1becdd5ead493fb8d1,MASS_UNKNOWN_OR_OUTLIER
6502,vmm-1a0a1a7badb25ae3ee65eb0b4e0db31c67ef4d8319ccd9cb8c487d2833847f70,MASS_UNKNOWN_OR_OUTLIER
6503,vmm-9ab5768dd70dc4e5143a6095cd1d800281f46c20af6727d433cd91dca381dc91,MASS_UNKNOWN_OR_OUTLIER
6504,vmm-ec4be10bf6a3fc87aeecfd5628813c6f7a4f676eaa88e8792dbc616539be0c32,MASS_UNKNOWN_OR_OUTLIER
6505,vmm-4f84f755a3df246285dcea88b8a317007d35c083e4c6f30979bbe6cdf2b10699,MASS_UNKNOWN_OR_OUTLIER
6506,vmm-ac353babf374038b3ab2ce3242d7f3e98ec4b1f19c048a9cb04a4674dbd93992,DISPLACEMENT_UNKNOWN_OR_OUTLIER;MASS_UNKNOWN_OR_OUTLIER
6507,vmm-6ba043d86d727d8c9856ccc7456bc17c20f854321d3e205750694e83e3e2711b,DISPLACEMENT_UNKNOWN_OR_OUTLIER;MASS_UNKNOWN_OR_OUTLIER
6508,vmm-73b08503bb3ee92a53893858265a25a0cfaffc40171d0f44d33dc2d0b02bb1b6,DISPLACEMENT_UNKNOWN_OR_OUTLIER;MASS_UNKNOWN_OR_OUTLIER
6510,vmm-1c0d5826d186a288364bd630703a341396a2812debc18686e68dc9e73d1bdf3c,TRANSMISSION_UNKNOWN
6549,vmm-ed5327eb337822c9cc91eb3b3d8b6f3b02cbd73c91641dc3f4ff947775572e8c,LEGACY_QUOTE_REQUIRED
6550,vmm-e55c4d4535bfff2db2bb0787d8b4930558e7a22a459158115bf2debdb2c30341,LEGACY_QUOTE_REQUIRED
6551,vmm-fd3296eb5f1531ebf5815255d941a1235aa3eeff663f4194c1968a8d2a29e507,LEGACY_QUOTE_REQUIRED
6552,vmm-5006ecf7652e25748043bd0abac4ab19a59c662f1288c8c6e0c1761fc5921e08,LEGACY_QUOTE_REQUIRED
6553,vmm-c007831730f88d1eb03ea1eb41c56077966c34c0e421881c5903d880e6525168,LEGACY_QUOTE_REQUIRED
6554,vmm-3f932416c4e11a8a583c15edfb7fead5da245c6af6db35b9630d10378f6a5470,LEGACY_QUOTE_REQUIRED
6555,vmm-8875d2e46d4cf346903c25ebfc1a3e70abf3a051ee5b09a4eae37f4a3bd12980,LEGACY_QUOTE_REQUIRED
6556,vmm-6519104d504ee7dafc68f6eb9a421018f8a5d7d5aa3189f92c7ab32d777e8c68,LEGACY_QUOTE_REQUIRED
6557,vmm-d3510134171e46cd83598b092f7584166271e8db3a1df821bc84dce93e40d7d3,LEGACY_QUOTE_REQUIRED
6558,vmm-1e187b9ee389abc0747c470ddbe712e6d87cddc7659829c06024e8c1f62035f3,LEGACY_QUOTE_REQUIRED
6559,vmm-649f7328651009aeea42af58bb59dc42acc071b2411baa78bd43a647486d55a4,LEGACY_QUOTE_REQUIRED
6560,vmm-380c5b9c1b64d35569ae201a348b8dcbdc8c43e1b1665481efe1f08da82e42db,LEGACY_QUOTE_REQUIRED
6561,vmm-7c304ff3c089138677add034704b721011ab00c53f36bb2fdced7823c02e1296,LEGACY_QUOTE_REQUIRED
6562,vmm-f4830e3ce1039dc52fef7d54ab5a1e4c29d99813560608f478e1db392cbcc9a1,LEGACY_QUOTE_REQUIRED
6563,vmm-525db54ec0652147ca259a984eae9152a89816f725ede6fd592f42245cab41d8,LEGACY_QUOTE_REQUIRED
6564,vmm-2454954412f127e1ae1b3ab8c252fa98e2a0cb80efd9566c2411d63528b2310a,LEGACY_QUOTE_REQUIRED
6565,vmm-3befa26a394920877b488656beafdbb206c33017cb57652f40752efe118e1811,LEGACY_QUOTE_REQUIRED
6566,vmm-012c56a1c250568d13d24b15db1b7e64487f594c67943057159ef6ab58d50a2f,LEGACY_QUOTE_REQUIRED
6567,vmm-a972d824568c4bc3bcdfe5725dcaedad2646c2ecc305da8c0e5273a76f32d9a1,LEGACY_QUOTE_REQUIRED
6568,vmm-4d2804c1d9bd6ecc63a7546c1062f0a94b93758925370b5ce266b820d4e4a46f,LEGACY_QUOTE_REQUIRED
6569,vmm-1d34975cd5f97bc438e331c54086c554ce39da64b909f9b9c1a894bfbce72562,LEGACY_QUOTE_REQUIRED
6570,vmm-ba07055d13849b7f76a56c4195c54e14e44bece81bb8683f1d5c48cb5548134f,LEGACY_QUOTE_REQUIRED
6571,vmm-4b6dad93359a2132ca82fb774a18a8022ee46f238e59fddea40ddecf968cf35a,LEGACY_QUOTE_REQUIRED
6572,vmm-2249dc46ac1e02f60e01a4bfe5647fe329d8895c07020575d1728da605fa908e,LEGACY_QUOTE_REQUIRED
6573,vmm-d63e78afb9bd1ce9592cfe0905589fd444359e596579118737ec4f163ccd368f,LEGACY_QUOTE_REQUIRED
6574,vmm-dc5fcbf15ee69e25888fa386133fdcb8dbfac03b540aa987b2063187b9eb0eaf,LEGACY_QUOTE_REQUIRED
6575,vmm-a48f74fbf3964c1d30464f93e5415a0725c1ec3edfc484ef2a3d71e9a6b7572e,LEGACY_QUOTE_REQUIRED
6576,vmm-63ae8a64e7c963c22a92362122f7771df9ecb9d466b6e6eb84dc10739186a165,LEGACY_QUOTE_REQUIRED
6577,vmm-90ca2b9b8cc79cd445291d7ddce7007eb0889d50ff0528ded2c94b65b027fd63,LEGACY_QUOTE_REQUIRED
6578,vmm-9863013e60e840067eeb8274a2bf4ca12106221b0f4fa932a2b695a59ad08a04,LEGACY_QUOTE_REQUIRED
6579,vmm-becf1258c70f916f75fd6926645849ff45412e5417de379a4417a805c2784448,LEGACY_QUOTE_REQUIRED
6580,vmm-d481852020957e323ee5c1960d820fd1e8cbb8ea2f0b0b4c18b0ec9b9971d309,LEGACY_QUOTE_REQUIRED
6581,vmm-68eb1fb0589ea9c4df2fb2254ff919c51fdad81fd274871d2cac9f0db811b962,LEGACY_QUOTE_REQUIRED
6582,vmm-3ae544d89230273e83fa7e2f70a608f24a96c0cdc005fcaa10070c0c0aef5f1c,LEGACY_QUOTE_REQUIRED
6583,vmm-3cb522eb72d2af9e0a2178d6d6c91513307234d0bab28609896843812ebfa0cb,LEGACY_QUOTE_REQUIRED
6584,vmm-bcdd409cfd2d15185ba62731e2184c554652d95338d23f7b8091024bed554e7a,LEGACY_QUOTE_REQUIRED
6585,vmm-2d84ccf16e6e6a6c7707b5d8ef9722d7245574c2cdda2a89de14bb4d59126f17,LEGACY_QUOTE_REQUIRED
6586,vmm-6eabed19c07c171f7a5bb1c0d1e85bd935163deece51a8e6bdbf9844cbe2e0e8,LEGACY_QUOTE_REQUIRED
6587,vmm-83597d5ed67fc3db7ed1d8105dea9ba66f7843a750601048ded761695aa3d4cf,LEGACY_QUOTE_REQUIRED
6588,vmm-c9ce2d039fa1dd7898e42c9da9dd6011539c5bb2257773ba7cab92f5e9917a1d,LEGACY_QUOTE_REQUIRED
6589,vmm-363dc5b895a59177bdb102ad07d5d76052f7b36f1e4c09847fb443317e0b4c48,LEGACY_QUOTE_REQUIRED
6590,vmm-ed79803228dd55be8988e1d497653fa106173db3275fdc4674e8bafbcfd6708d,LEGACY_QUOTE_REQUIRED
6591,vmm-864c0ddd9f6f403f4a393792c7db1bf5bbcdbb5fdafad50708e70398c8493aaf,LEGACY_QUOTE_REQUIRED
6592,vmm-1a7b73e40c3e7412e39ca09c4ae964e11b4d57265392151fd3ae3740c3761607,LEGACY_QUOTE_REQUIRED
6593,vmm-ade75bd80d33cf17777060742e0c114b4b032edfc7b234d0b906faabe369454c,LEGACY_QUOTE_REQUIRED
6594,vmm-253465a022513a7cef8055cdc5dda4b86246c6a3f7acaf80ce6a9efb06a321dc,LEGACY_QUOTE_REQUIRED
6595,vmm-a489a7ebebadbbf9e838e2a55837391be3a88b8a68bc5375f4b19563ed61b243,LEGACY_QUOTE_REQUIRED
6596,vmm-87d3f1272eb16b315d8da6e390d9101ec19b8a484e9a77d1f9b707e00dc42570,LEGACY_QUOTE_REQUIRED
6618,vmm-a99015d116cb95f8d0c8c3e69cb251bd7e53844ce19b8bbe472eff4a22cff2a9,TRANSMISSION_LABEL_CONFLICT
6621,vmm-f2d11eb47a02ab3cfe086ff3d19cd012cea5333c720b503ecbe382ea1af0028a,DISPLACEMENT_LABEL_CONFLICT
6625,vmm-7b3ab94bbe1e7854290994cb5e8f6869651568ebd7ed603a0727386e77d3a052,TRANSMISSION_LABEL_CONFLICT
6644,vmm-bd534398934644b8c6cf541326e9aa56ea6deeeacdc37712112776c507146f05,MASS_UNKNOWN_OR_OUTLIER
6701,vmm-1f7616ef70011aca725910e5491d52f2146e311791a0c0b4d2e07fcd0d224e2f,TRANSMISSION_LABEL_CONFLICT
6702,vmm-2ee79341cf723cc67feddfcede6405e7548562c434d7be9981a94226078bd825,MASS_UNKNOWN_OR_OUTLIER;TRANSMISSION_LABEL_CONFLICT
6703,vmm-e191bdbbbd0954fe6d50981cb94c2c9d456776e835b39d6c66926d508574d401,HYBRID_COMBUSTION_FUEL_UNSPECIFIED
6704,vmm-bf82bcce1509f52866f21a5f3fbee03c0bbd9b404899614b4a0744e9cc35f3db,HYBRID_COMBUSTION_FUEL_UNSPECIFIED;MASS_UNKNOWN_OR_OUTLIER
6705,vmm-03c2d3d6987528a60d364f45a3f3277eec2322a07acb479d8ef8050c89841b44,HYBRID_COMBUSTION_FUEL_UNSPECIFIED
6706,vmm-b6da7d7dabcbd578de97b75ccaaf492ea3ac29ec44dcc36c621a672d3d06fc56,HYBRID_COMBUSTION_FUEL_UNSPECIFIED
6707,vmm-08ba9417c5e350b28d0205bf10f0a723160a0e61d6c87a59b5b2ea335b356f8f,CYLINDERS_UNKNOWN_OR_INVALID;DISPLACEMENT_UNKNOWN_OR_OUTLIER;MASS_UNKNOWN_OR_OUTLIER;POWER_UNKNOWN_OR_OUTLIER
6708,vmm-84d124f76378445b9b0f5a6d0fb1935fd09c0e69a8f163c20831dcbe08f074ae,CYLINDERS_UNKNOWN_OR_INVALID;DISPLACEMENT_UNKNOWN_OR_OUTLIER;MASS_UNKNOWN_OR_OUTLIER;POWER_UNKNOWN_OR_OUTLIER
6709,vmm-a7c8c3a88cedd9be3a70b089fea36150496e4e001fcf11759ae4b20c23f27317,CYLINDERS_UNKNOWN_OR_INVALID;DISPLACEMENT_UNKNOWN_OR_OUTLIER;MASS_UNKNOWN_OR_OUTLIER;POWER_UNKNOWN_OR_OUTLIER
6710,vmm-95360b84406ef2d1256d5ae58fa4abe2221d12f0bf1a41d31e9f626bea7ec989,CYLINDERS_UNKNOWN_OR_INVALID;DISPLACEMENT_UNKNOWN_OR_OUTLIER;MASS_UNKNOWN_OR_OUTLIER;POWER_UNKNOWN_OR_OUTLIER
6716,vmm-466951a7d3b8c025df32146009a7a5fa8e31aaf8fbdb46528a6474ac936519f6,POWER_LABEL_CONFLICT
6723,vmm-29eb0851f2805f7f64d82be989ea4abc68a75a00ce6d57f5798a1fcb5d39f709,DISPLACEMENT_LABEL_CONFLICT
6732,vmm-9afe8ccae77073befdcbd6abf55f8bf3ce202e6ea59eaed67bb63a79a0e3d3ce,MASS_UNKNOWN_OR_OUTLIER
6735,vmm-e79eeb86649cb3cd74585c8fd37fddeec7f818ed9cec032c0e1440c06d987912,HYBRID_COMBUSTION_FUEL_UNSPECIFIED
6736,vmm-edbd9b204bd2a8c9a018cfadac6c30483cb658f62116f3526123a9518d1a9179,HYBRID_COMBUSTION_FUEL_UNSPECIFIED;MASS_UNKNOWN_OR_OUTLIER
6737,vmm-24d185fa510f8eda123d7799fc421c4b43aa74cdd593ee7f273ec5004e8e314a,MASS_UNKNOWN_OR_OUTLIER
6738,vmm-8537a6b7fab894514dbdca16a9f7b3d67e9f18856640c6f824c095965c0631a9,MASS_UNKNOWN_OR_OUTLIER
6739,vmm-e5db382be0be997d3d68f60c953503606c5d4076aae35111ffdce1e4793214db,MASS_UNKNOWN_OR_OUTLIER
6740,vmm-d730ccd0e37c4b6f58a3623791e624180e05275494dffe04c4d49ccca576fd47,HYBRID_COMBUSTION_FUEL_UNSPECIFIED;MASS_UNKNOWN_OR_OUTLIER
6741,vmm-20040ccb0d5b4a5ac054e0b9cabeb78ad337ee5cb280f3153dad8ccb82f32aad,HYBRID_COMBUSTION_FUEL_UNSPECIFIED;MASS_UNKNOWN_OR_OUTLIER
6742,vmm-52fbebac277b488fbe342cf8454a72d52341a700795cb315054d42518f41396c,CYLINDERS_UNKNOWN_OR_INVALID;DISPLACEMENT_UNKNOWN_OR_OUTLIER;MASS_UNKNOWN_OR_OUTLIER;POWER_UNKNOWN_OR_OUTLIER;TRANSMISSION_UNKNOWN
6743,vmm-4e9567198510dda765de34159c9195235bcfe89cc0ae3ead972aee2773228bbf,CYLINDERS_UNKNOWN_OR_INVALID;DISPLACEMENT_UNKNOWN_OR_OUTLIER;MASS_UNKNOWN_OR_OUTLIER;POWER_UNKNOWN_OR_OUTLIER;TRANSMISSION_UNKNOWN
6744,vmm-8cf7da01bb7c8dac54ab48a86e7cf212febd34cf64d61d7ce1e0637f0ec52b19,CYLINDERS_UNKNOWN_OR_INVALID;DISPLACEMENT_UNKNOWN_OR_OUTLIER;MASS_UNKNOWN_OR_OUTLIER;POWER_UNKNOWN_OR_OUTLIER;TRANSMISSION_UNKNOWN
6745,vmm-7bd076906a3b4bb155adbd9515bb5881c59c9236731eb97d32bc41cde20d77f9,CYLINDERS_UNKNOWN_OR_INVALID;DISPLACEMENT_UNKNOWN_OR_OUTLIER;MASS_UNKNOWN_OR_OUTLIER;POWER_UNKNOWN_OR_OUTLIER;TRANSMISSION_UNKNOWN
6746,vmm-087daed28d504dfd5806aca73fbf7c9c4b554ffb6446e57ba733f7b6f0cd42a5,CYLINDERS_UNKNOWN_OR_INVALID;DISPLACEMENT_UNKNOWN_OR_OUTLIER;MASS_UNKNOWN_OR_OUTLIER
6747,vmm-4b2990b2142b9c6977cf70cefd4932de0e9b963a3fb8badd07332dc5ec9d285c,CYLINDERS_UNKNOWN_OR_INVALID;DISPLACEMENT_UNKNOWN_OR_OUTLIER;MASS_UNKNOWN_OR_OUTLIER
6748,vmm-070c7a3251e699b30b5cd28bb3aea4fb2df86c4382e23920c26be0839dbf8cbc,CYLINDERS_UNKNOWN_OR_INVALID;DISPLACEMENT_UNKNOWN_OR_OUTLIER;MASS_UNKNOWN_OR_OUTLIER
6749,vmm-555e9e246951001c5bc2c5e9c5a5389ed78529a03ab6ab056ec1dd93cc6ef5d9,CYLINDERS_UNKNOWN_OR_INVALID;DISPLACEMENT_UNKNOWN_OR_OUTLIER;MASS_UNKNOWN_OR_OUTLIER
6750,vmm-af29e3e26af8d3bf516b61b4446709ccb248995f52c536b0d28b2a5958dea6d0,CYLINDERS_UNKNOWN_OR_INVALID;DISPLACEMENT_UNKNOWN_OR_OUTLIER;MASS_UNKNOWN_OR_OUTLIER
6751,vmm-f24e15fb85dfbd5433e6378f94bea9c08fa40db5445183be2426bfa8d89c7860,CYLINDERS_UNKNOWN_OR_INVALID;DISPLACEMENT_UNKNOWN_OR_OUTLIER;MASS_UNKNOWN_OR_OUTLIER
6843,vmm-ed99313cf58e189b64660fa632273169a4278c6ae50c5017f30a8d15338f0ca6,TRANSMISSION_LABEL_CONFLICT
6876,vmm-bcde21dddfa6f5e0776b4cc99d137f00b65ea194b9c77f352b3c27cf1cfca7f0,TRANSMISSION_LABEL_CONFLICT
6949,vmm-07d04a45936fe76e77efd070ba14b4fd4aa09daf3903b858bf6d875ded6022c6,MASS_UNKNOWN_OR_OUTLIER
6950,vmm-ea91b15bf5bc3cf8eb20f6986b6b02678f24218c97199df4418c9cce9485a492,MASS_UNKNOWN_OR_OUTLIER
6951,vmm-ea07a2420e5ee9fa8564b1f482b3e51512b59df9e5230e53f3f86fb6aadce139,HYBRID_FUEL_UNCERTAIN;DISPLACEMENT_UNKNOWN_OR_OUTLIER;MASS_UNKNOWN_OR_OUTLIER;ROUNDED_FOR_INTEGER_STORAGE
6952,vmm-6d7c862c1af051e7fab061d665c00c743519f6541539cc900091d409e2c8a482,HYBRID_COMBUSTION_FUEL_UNSPECIFIED;HYBRID_FUEL_UNCERTAIN;DISPLACEMENT_UNKNOWN_OR_OUTLIER;MASS_UNKNOWN_OR_OUTLIER;ROUNDED_FOR_INTEGER_STORAGE
6957,vmm-55faa791c2fc8446ec4a76214911c94c241651ca7c4ff69bbcdcb4afc4ae425e,HYBRID_COMBUSTION_FUEL_UNSPECIFIED;MASS_UNKNOWN_OR_OUTLIER
6958,vmm-75645259dd378d8679fa6ce555674f198e1f2f4755875e261d60bff49610d61c,HYBRID_COMBUSTION_FUEL_UNSPECIFIED;MASS_UNKNOWN_OR_OUTLIER
6959,vmm-56d382347ab880ad2e82f54d01b242590ba7f1dd03cfdaeecbeb42c6307e6acb,HYBRID_COMBUSTION_FUEL_UNSPECIFIED
6960,vmm-5610b0f651eb17f9436d74c823c7af52c15ebc95755ed92b83a16a62a74439e9,TRANSMISSION_LABEL_CONFLICT
6991,vmm-941d9222b397b3c48c19c4dda945d2f1cbe620529c08a0934926ab5ae30e3f2b,MASS_UNKNOWN_OR_OUTLIER
6999,vmm-1dac59ff4743ad9f0e8cb56614304f57df891611c4fe0b2c81db3c7061d4a699,LEGACY_QUOTE_REQUIRED
7000,vmm-790e3f8d7d9f3b7f0a14b20a436def73861d43e2e1071b5d7edb413a33d3ed02,LEGACY_QUOTE_REQUIRED
7001,vmm-201f3189034182de907ca748a0d6964bfd2417ef3ef79ecd0aefb384b1e216a7,LEGACY_QUOTE_REQUIRED
7002,vmm-8cc2135ecff5efe336b91376836f09b7e80bb56f9a99ceb140ff158af26290a8,LEGACY_QUOTE_REQUIRED
7003,vmm-f52ff879a203b4cd146c95e5e2a3f6bb313c87c60a710214367de0327cf00e0d,LEGACY_QUOTE_REQUIRED
7004,vmm-66c2d0ffb9b3cbba6719c00f90e89250d455c37f6f74ce59585beec700512395,LEGACY_QUOTE_REQUIRED
7005,vmm-0f60b4fcedfc2e9f3a469398491ec7ff4311eaa2caf557b56fd391db211ad019,LEGACY_QUOTE_REQUIRED
7006,vmm-d8ac4a13df5fa10b74c6199f0ad1d74acdeec3f5312fb22c45fd27c2d11d8b12,LEGACY_QUOTE_REQUIRED
7007,vmm-a1266a0acd7ee1718acefae6e220733d8e919773346a019a6391cbdf961afed6,LEGACY_QUOTE_REQUIRED
7008,vmm-103293e96c1f930f889186bd817cfce7c44c7a790539b358b487af357b11b7e9,LEGACY_QUOTE_REQUIRED
7009,vmm-c66a30225573d10c774593871dc5dc646096ba113a131042508897d92c088dbf,LEGACY_QUOTE_REQUIRED
7010,vmm-e6587431ee110ab8dbdd2ca6f9efa50fc092abd0676aaa0ee80922584ded6aed,LEGACY_QUOTE_REQUIRED
7011,vmm-6eb45b655ab3b2c2b79c3ed9feb90cda4a0c208cafd425fe3c38f623ebb07707,LEGACY_QUOTE_REQUIRED
7012,vmm-c73143402a14ea7196b5a4ace8cfac0a4d44626950a89c1f724d3ef3eafe3006,LEGACY_QUOTE_REQUIRED
7013,vmm-33ee917bb9cafd9e29ae7ac294d137c6787e8b3a4da43d9342ac78ba95546048,LEGACY_QUOTE_REQUIRED
7014,vmm-2197d9247b613416b154b74cdba72108ef9c25cb3ab574510804d7b81ee44e58,LEGACY_QUOTE_REQUIRED
7015,vmm-127040e34f599d0d412f88c3c57e3d5828cc4e77c02b6338b4a72c556c9ea896,LEGACY_QUOTE_REQUIRED
7016,vmm-212fcd528ab061b818b706a4b4ffb6bd9cd72525b7c47e1ec36771f3c31fc111,LEGACY_QUOTE_REQUIRED
7017,vmm-07b3c7c201d666b2ed6d89da489969cd68020a43754cc2701bac16ec97687c18,LEGACY_QUOTE_REQUIRED
7018,vmm-56b8b62667fb7557026d9716c3e71adaa45a65ad918eb3e0adda949bf04eedaa,LEGACY_QUOTE_REQUIRED
7019,vmm-b05383f094cb90b1c7f99d916e7631221761806b28239af9640d894fd14888e6,LEGACY_QUOTE_REQUIRED
7020,vmm-86bc05b85c4014bdaea4bff1dcafcc84b7d04c19b7952d36debcbbad69c4258a,LEGACY_QUOTE_REQUIRED
7021,vmm-101a880141ab7258ab5956f2baf25e2a5ac3017b98b838feabd1452a80f2eaaa,LEGACY_QUOTE_REQUIRED
7022,vmm-8686cb4b97c9e7d4dc8790c41c9cc7df423d2c1144d16b79ab6c96e4dc7dafca,LEGACY_QUOTE_REQUIRED
7023,vmm-dc90cb8dbf19ea292feb28a1badff2c5e1c55378c1f544ce65bcd79c94839170,LEGACY_QUOTE_REQUIRED
7024,vmm-bd098f46745858ad08764175eac015949a94f2fac2a57801b3045f2137d47de0,LEGACY_QUOTE_REQUIRED
7025,vmm-e33c8d456977976db20a46596877882c61f1fa2655db1ba9ae7f275fe7cf42e7,LEGACY_QUOTE_REQUIRED
7026,vmm-09b61051325fa1e85315e9e763d05aa4e247e208d10d28ea3b5187803cf4c40d,LEGACY_QUOTE_REQUIRED
7027,vmm-21582be3490d88cc99960f2b57cf2f21d41738c5a2f38f2c51d51eb652bcbf1c,LEGACY_QUOTE_REQUIRED
7028,vmm-354a6114865d0d08f6d9576b6ed71181ca52f5cb284e2f0aa03a5601e4c0e5c1,LEGACY_QUOTE_REQUIRED
7029,vmm-f9f8dc96d601b25078d18ddaeffe49e2ad358217e88255261bf2f21daa62b3da,LEGACY_QUOTE_REQUIRED
7030,vmm-1c6a59dfda6e1ac458dcbd923805da1cc6dafb7a5e0fb13f2e4b1c634cd6630e,MASS_UNKNOWN_OR_OUTLIER;LEGACY_QUOTE_REQUIRED
7031,vmm-f6e0175e3fa30daec8fbb871fa21ea04e4a0ee283aedf5b8f168f2aafcbadc2c,LEGACY_QUOTE_REQUIRED
7032,vmm-61e4cb4250ece04a404b2bf14f77de59adb15a2770718491e5811440ecefac5d,LEGACY_QUOTE_REQUIRED
7033,vmm-66cd84916a49e6f65c0eeed623a880c4e601d9de37ef2a4994e941f19f0b5c3f,MASS_UNKNOWN_OR_OUTLIER;LEGACY_QUOTE_REQUIRED
7034,vmm-8548f79dd8fcd29a69ece4f026754de498b012c2a029d97c722af1211d75546a,LEGACY_QUOTE_REQUIRED
7035,vmm-e1b24735c2afb91f692a8f4aae2bb24abb09c0908083abdda8aee6cf89d77cde,LEGACY_QUOTE_REQUIRED
7036,vmm-89e0b1d323c13bed07bd7f85a8f9bf3ec9c0a2324a91e0230f8d0532ebeab253,LEGACY_QUOTE_REQUIRED
7037,vmm-87633c31a18baafb8402a03dd60469d8e21a617e772d49a327dace5a3b5c47f8,LEGACY_QUOTE_REQUIRED
7038,vmm-c3df3c66858fb269f144c780ad712b8a0b1f188922c58e1652ea601442e10b92,LEGACY_QUOTE_REQUIRED
7039,vmm-e643eed9214519ad2e640c8954bd5fc58ff5f94835da757e939d0eead3ffcab7,MASS_UNKNOWN_OR_OUTLIER;TRANSMISSION_UNKNOWN;LEGACY_QUOTE_REQUIRED
7040,vmm-e5b6f2be420f431911669bf145450368ce7d1bbfb564dd0bb3861c3547cab6a8,LEGACY_QUOTE_REQUIRED
7041,vmm-cb3b1a8edbf65010244a9198d72cd4f23736ff2914f94190c28f009399d0378e,MASS_UNKNOWN_OR_OUTLIER;TRANSMISSION_UNKNOWN;LEGACY_QUOTE_REQUIRED
7042,vmm-62c6d11d7fc492f73f0640d98f598bc59a994092b932123fbe11b9c40f73becc,TRANSMISSION_UNKNOWN;LEGACY_QUOTE_REQUIRED
7069,vmm-12aebdd13a5a7a6a1ac7443d58f494a1cea347dfcf5c0beb24c977a3f08b3290,LEGACY_QUOTE_REQUIRED
7078,vmm-08e2624d707258cb81afc7b3e88184fe69e6af403efe6b52d7c314d17cb23449,POWER_LABEL_CONFLICT
7106,vmm-ad910672fb0495ef44145c08d77b021cf9269b1762f2977d38e5eae6eda242d3,MASS_UNKNOWN_OR_OUTLIER;LEGACY_QUOTE_REQUIRED
7107,vmm-8806a631644dbddfda2697ec3b3ae703abe919f0ca1d2df37991cf0220c3f883,LEGACY_QUOTE_REQUIRED
7108,vmm-6a876a800e071392deb5374d0f8ff08e55e6f37489612ea960f5201d27b97800,LEGACY_QUOTE_REQUIRED
7109,vmm-5df43d7a2e41c46979c1c99c213fd594b4174f8ec68508ea9934404e8c45a267,LEGACY_QUOTE_REQUIRED
7119,vmm-969f5b573e48380801d84398ee6bf9b3878359fde8a5aa8269f0edb7853e30ea,DISPLACEMENT_UNKNOWN_OR_OUTLIER
7132,vmm-a478e307c42ce86375de449291bb90e6010f45c9e4e87c5307a982b76ec38e03,LEGACY_QUOTE_REQUIRED
7133,vmm-2b2a0680f7ae71401ccf77557d81a681d6b339811aeccd9861d2c36b0a9b96f4,LEGACY_QUOTE_REQUIRED
7134,vmm-d8d97d8b6fdf3955e073327a691dc03036c920807e47652e8263f180058230b1,LEGACY_QUOTE_REQUIRED
7135,vmm-255cb26f94db3376f07b0494703847a10cc0fe565af8ea2d61d9430e18d51ced,MASS_UNKNOWN_OR_OUTLIER;LEGACY_QUOTE_REQUIRED
7136,vmm-96b2c4074b26b5be4d09527e1618df0e9dc4cbe714132c298e635f6975017a06,LEGACY_QUOTE_REQUIRED
7137,vmm-ddeb52e2c6c181bd9b25f949dd069d576aa10e7656e6c18ae345216f36f19a69,LEGACY_QUOTE_REQUIRED
7138,vmm-3615966c47782d55745a2b738c431436c99283bf5ceb3408ddd1e280e9be6246,LEGACY_QUOTE_REQUIRED
7139,vmm-12f51c420918f55e6c3203bfea3c53f911d5a6e40dc061d2ff35d0044ba2d921,LEGACY_QUOTE_REQUIRED
7140,vmm-34af86037290874ca3c7faea06623de08805f36b6412482c98ee938752ecd627,LEGACY_QUOTE_REQUIRED
7141,vmm-edd07b9a3037be1a1dfc525655b1a720f7ca2a2442813eab31194beb6226c776,LEGACY_QUOTE_REQUIRED
7142,vmm-c787e0f63cd2778c43161f0b5fdfd4f9697c47daac149881f339472c2682b5a7,LEGACY_QUOTE_REQUIRED
7143,vmm-532c9e5bfa540f031cd93e17296a44d4db413ac5d13b9d1c368bcec246b1b3b9,LEGACY_QUOTE_REQUIRED
7144,vmm-712dec7a12bea85e3e79bbf7bb91661215245d44383b6d1419a0befcfc291f37,LEGACY_QUOTE_REQUIRED
7145,vmm-8e019d685b3a2ad7856e7defc99285b665275a0007e90c6492e5e5ab1d993a1e,LEGACY_QUOTE_REQUIRED
7196,vmm-27da651211b95eb7ea6d6060504d617d29fb9585d29e8f3d209aed77c8739970,MASS_UNKNOWN_OR_OUTLIER
7199,vmm-25d20cee3ef95c1f3c6954e2843ce65b68b5a213568fec874f9035098e4c8923,LEGACY_QUOTE_REQUIRED
7200,vmm-42a71495f005749f37c1bbb632ad4d93b406ac20393baffa6b469690c37ce62c,LEGACY_QUOTE_REQUIRED
7201,vmm-b875a656dccc67e8050421e787adf3a368cf7e7eb5bdd118100a66d67785e0e1,LEGACY_QUOTE_REQUIRED
7202,vmm-2579f9a5c3924617031a8a3015d6b1014479d69d167dbbcea79428cb4485d705,LEGACY_QUOTE_REQUIRED
7203,vmm-71b0eb5cf9eb570bd16388842987dabe5975d1d2b2b28c6e95f2ea689eceba67,LEGACY_QUOTE_REQUIRED
7204,vmm-73d3efcbce7a56c0696a3c8f903fd7058ca10f80c022702e2773eba38e193416,LEGACY_QUOTE_REQUIRED
7205,vmm-916d06a9af24724d9c58e0215629e841ec241a4e65fc9e2fca8cfdff702d71be,LEGACY_QUOTE_REQUIRED
7217,vmm-c59e4541ce678e2879aed2f1f52c46c8ad403b85584b3996f810d1a895691830,LEGACY_QUOTE_REQUIRED
7218,vmm-3925680f390413f30be2ce20c64233270daff2c825530677ff0f51ac5d770cba,LEGACY_QUOTE_REQUIRED
7219,vmm-4b010a22f10178563fd988eb6e2c1a300e002dd50d5ce727fab2fb1cde4bdd9f,LEGACY_QUOTE_REQUIRED
7220,vmm-8f654eeaf2380265009f962ddd4c4b8d324bf7c795995963d02010a6dcb35e22,LEGACY_QUOTE_REQUIRED
7221,vmm-e73d00c732425a108775ab77f87e5a99e4b95eeb58403d5413ba3574f2ba2b67,LEGACY_QUOTE_REQUIRED
7268,vmm-1faa90e4ca5fcf412562c34c0c977310c9357917733c8bcb6888e874ca09094b,POWER_LABEL_CONFLICT
7279,vmm-f4c600aa3bb600298993380dad46b29cfa0485d52198045890e2de14326c7260,LEGACY_QUOTE_REQUIRED
7280,vmm-3770f15383c7e655678c7d3ade3b592ac23bcc0f5112a870a0ecd6c84becab0f,LEGACY_QUOTE_REQUIRED
7281,vmm-9636cdce0902dbb6c4ef4ab7c0296749e711d96504cff1355ec684bb85ee7095,LEGACY_QUOTE_REQUIRED
7282,vmm-28f9f04b6610bad34793fe11fcc10f88f04e0c7e77ccc8b9c331b3edc0d96abc,LEGACY_QUOTE_REQUIRED
7283,vmm-4fcd8aba76fedc513103aba1fcf034b4ffeb3a256754efe3e0a34731b315dcca,LEGACY_QUOTE_REQUIRED
7284,vmm-f4764060eac14803e2b5b7225d564c8b0a6b1e2428cc68d3f89bf5233314f413,LEGACY_QUOTE_REQUIRED
7296,vmm-7383cd3de6b0e067a1ca2cba101816100281403b7da235a12269aa24cdff5ace,LEGACY_QUOTE_REQUIRED
7297,vmm-c1a3348a59e2cbc43dcb6655908493ee0c4aab9ed2060f1da84994ad9861c6db,LEGACY_QUOTE_REQUIRED
7298,vmm-2b007fb3025c711f8fbab291c1d83976c0779729f7d23324ef68594bbe32e570,LEGACY_QUOTE_REQUIRED
7299,vmm-e2c3147ca364ae79e01b3314f38b797f35e9b2cb766d2980b65694f6fbfc36f6,LEGACY_QUOTE_REQUIRED
7300,vmm-2e5843565444e559fea9296446ca322fb1461ae8a2ee4c0235b1b93a2db74e98,LEGACY_QUOTE_REQUIRED
7301,vmm-fc0bd38fe2bfd753e9ae16b88d40a6770dbd0029848911d6b9eae53c068c2a1a,LEGACY_QUOTE_REQUIRED
7302,vmm-c69bcc0f29f00d3f286dec804c0b446100881b76a84b433f19fbb6ffaad17933,LEGACY_QUOTE_REQUIRED
7315,vmm-6ba1fb3af8fa4c1fd4816e4479a315da1bba6efe3e5fe64e8c7aced8c4ca28ce,MASS_UNKNOWN_OR_OUTLIER
7316,vmm-28b7427ab0c31ca536ed6794047a2fb799ffc0bae4c1c07cd1a6ed88ed09598f,MASS_UNKNOWN_OR_OUTLIER
7317,vmm-174924107a629bf3c7c8518f448f61b3c7c10f35e9dbe09eec77ab77a70897fe,MASS_UNKNOWN_OR_OUTLIER
7318,vmm-4a5b267459917a041eeadecfd48cf9d5d601117d1d70ec2890e4145d024b2c1c,MASS_UNKNOWN_OR_OUTLIER
7323,vmm-c442b3ceef111c4287607462ff3b648e16336a45ba5fda0839582a12120cc6d9,HYBRID_COMBUSTION_FUEL_UNSPECIFIED
7324,vmm-dd4634aa860d5f2f876dc828b52b2caf50c9166189458b997a40e4a08e1c1183,HYBRID_COMBUSTION_FUEL_UNSPECIFIED
7325,vmm-41c5854aa3414fe8cb7fa45a6d7ab482449bebf6703af351b5eecf544ca617d7,HYBRID_COMBUSTION_FUEL_UNSPECIFIED
7331,vmm-390a5e7624233ad1c3e9153904fe17acdfdaf8ac6d6c9a058127806f8dd94ee1,POWER_LABEL_CONFLICT
7334,vmm-690be71775f46ef6e76065eb57a16f5c3a06bb5f36806fec940c3cf9c16c6d8b,HYBRID_COMBUSTION_FUEL_UNSPECIFIED
7335,vmm-8bbe4c3a467df8a79988b1ab0313563819000f549664755a58ccad8539e69f28,HYBRID_COMBUSTION_FUEL_UNSPECIFIED
7339,vmm-b91487f5e4ab8279e9ed74a43737e1f72e0cb6da62c39c34c620b40eb3baec1f,HYBRID_COMBUSTION_FUEL_UNSPECIFIED
7340,vmm-229dfa3232d63602b23c43e28a2a1e8028c4d82a87b29a5754636e5054bac15d,HYBRID_COMBUSTION_FUEL_UNSPECIFIED
7341,vmm-b4e2d8b42bf7ebf7e3e65be1d91b0c5ec8cd6c6d7024a4580128198747b80cd7,HYBRID_COMBUSTION_FUEL_UNSPECIFIED
7342,vmm-e99f059ad1f0d4c4fd351c2a0dfc33d8a98be1214208b029c5d0fc2cbc93a60f,MASS_UNKNOWN_OR_OUTLIER;TRANSMISSION_UNKNOWN
7343,vmm-64aaa53235caa121caaf27fc13f487feac56dee3da41241aac5f26564aa8077e,MASS_UNKNOWN_OR_OUTLIER;TRANSMISSION_UNKNOWN
7344,vmm-9cc48444cc212e9c3b460243e3f4d299179babddb8f8f227835a648835f180bf,HYBRID_COMBUSTION_FUEL_UNSPECIFIED;MASS_UNKNOWN_OR_OUTLIER;TRANSMISSION_UNKNOWN
7347,vmm-d63a05ad2c7d7d3d1a1c107e7baac9467f91f33ea7d782443e7ccbd4152b4924,HYBRID_COMBUSTION_FUEL_UNSPECIFIED
7348,vmm-d0287f9e4aa7c71164f6b9ba4fefa5c8995ba5f987ff8c82077f692d27c7e5c7,HYBRID_COMBUSTION_FUEL_UNSPECIFIED
7349,vmm-3d604dc31e6be3616f2d19ba345440285b751fdd71dede56abef2243de36b969,MASS_UNKNOWN_OR_OUTLIER
7350,vmm-886928bc4a76c2dc90aa4ab6521b9dacee7b37276f1e2a3be93ae833ff31794b,MASS_UNKNOWN_OR_OUTLIER
7351,vmm-8d48fd134596b264df09d1daddb373fa8779f7b5ceb96c58c0885580ea486026,MASS_UNKNOWN_OR_OUTLIER
7352,vmm-a670ad7a3066d9956118210ac61cf35610e08179851b58ddacc867e9ef2e1feb,MASS_UNKNOWN_OR_OUTLIER
7353,vmm-c8ce6eea6f9fa698d6d600edd533b3d45f7b9de5974d2d084f62329281c6a354,MASS_UNKNOWN_OR_OUTLIER;TRANSMISSION_LABEL_CONFLICT
7354,vmm-a325b86a90679e8913e7b2f5f1e6748777a6ca97341be023cc0b3e793bcbba2a,MASS_UNKNOWN_OR_OUTLIER
7355,vmm-018bbc8b4d10ab800c6b69d61eaaf6dd21f8cb54f4f1cf47f93cb94640d1e531,MASS_UNKNOWN_OR_OUTLIER
7356,vmm-5649cf4df01cc7a167ce450954b705094ae3a54ce6731f2b0bb8d72e288d7f68,MASS_UNKNOWN_OR_OUTLIER
7357,vmm-a51f6019aed9e872b37032664b343bf70867a3745719e7449f2dc96f27a2107b,MASS_UNKNOWN_OR_OUTLIER
7358,vmm-1153ed1ebf36ab0dc869f0f0291e73b1c9b85668ade882cc9dbc73d0219d2296,MASS_UNKNOWN_OR_OUTLIER
7359,vmm-a74ab488131b5ef4f366d78616d9ccdd75f2ab13d1d5be3ccbaa86d012f5880f,MASS_UNKNOWN_OR_OUTLIER
7360,vmm-8e988f04f4766a8e226632ab6b59ca2bed720d207aa0c40be78c388d9ff4e981,MASS_UNKNOWN_OR_OUTLIER
7361,vmm-369cd0161bab1b48f640edf897dd58234dad9a5b5b99b73d8a3e7d2361c613d9,MASS_UNKNOWN_OR_OUTLIER
7362,vmm-6b91515b9a1430269ab8f10dfab22783553cbf995021584d13b3fc42eb73f442,HYBRID_COMBUSTION_FUEL_UNSPECIFIED
7363,vmm-1101b93a3c4d29856188af7bcaed22c7c5a53586f61d1ec1b84e3d1aa987182c,HYBRID_COMBUSTION_FUEL_UNSPECIFIED
7364,vmm-0c54abacb1e2d1346a2921339659c217e2f8facadb9850b278208ee16af3330a,HYBRID_COMBUSTION_FUEL_UNSPECIFIED
7365,vmm-9a11a68e5a18e4041ad1c8e24856d6d609c74fc89af1e5699b21dab31f875a69,LEGACY_QUOTE_REQUIRED
7366,vmm-db7b874ec69442ef3dc41a174ff7b5c8f0cfe3dfe107b8ecd57661c1181a7493,LEGACY_QUOTE_REQUIRED
7367,vmm-17762aaf400821cd2f4552fa1b5c74692d4cf951f46edcd12c8e39f4a9d92e45,LEGACY_QUOTE_REQUIRED
7368,vmm-12ba98d1144ed54df23ea35058b0abc6b542a4152eef440da8dc22a5b5772963,LEGACY_QUOTE_REQUIRED
7374,vmm-5a159ed9a80cd8731d01731274aee9452516d001c35afbbd9cb0fce1c0be2a4e,LEGACY_QUOTE_REQUIRED
7375,vmm-cd869f1517fd3ba790ce891d73142c344b4ae93b3c1ff007e11bd176def54d51,LEGACY_QUOTE_REQUIRED
7382,vmm-af88d621394d0bf2816951b99c221c64ef9e4af25c9a0d7e23fd827d4200d926,LEGACY_QUOTE_REQUIRED
7383,vmm-73a57ab750f0bc5c8f50170a14126da48ed00c7f25679feddfc54ca23688d04e,LEGACY_QUOTE_REQUIRED
7384,vmm-ff0779fa7b9c38bacb1869e544aac4629539ec7eb391638aaeaaa7d0f241aa6d,LEGACY_QUOTE_REQUIRED
7385,vmm-e78a6a894594fb38de917f94d9a5e9fda023bf05f3ebd3307551c2692625e4c9,LEGACY_QUOTE_REQUIRED
7386,vmm-02877ef4de0ec87f4a3f5244eb5f32a2c36b1d61eda01e19961d001d307fdce5,LEGACY_QUOTE_REQUIRED
7387,vmm-e923564d8c4fe796c1668766ee0aeeb29bce0bb9f4c8c540d34757ec54e8edac,LEGACY_QUOTE_REQUIRED
7388,vmm-795b610aee87bcef62c3bfd263caa75b015619b3aa6c32c9a60f18d8292a5b92,LEGACY_QUOTE_REQUIRED
7391,vmm-d760672e76510d47529839dbf06666f0b83f69e6877e0efdc7118251b44630ed,DISPLACEMENT_UNKNOWN_OR_OUTLIER;LEGACY_QUOTE_REQUIRED
7393,vmm-1ffef58c19f00971335d8fd90f712cebb1bca2f756c259ddcdea517925f9836c,HYBRID_COMBUSTION_FUEL_UNSPECIFIED;MASS_UNKNOWN_OR_OUTLIER
7394,vmm-4b440aa25c159bcaf6de60131d21d504defd1e13e8dc0642a73223eb7ec60716,HYBRID_COMBUSTION_FUEL_UNSPECIFIED;MASS_UNKNOWN_OR_OUTLIER
7395,vmm-e135248a5ec2bc2b8ddfa9a7037b46b7734668a3be6360e62e6dc430e9f41231,MASS_UNKNOWN_OR_OUTLIER
7406,vmm-214d685abec88158aaaf660f483c7852610468cae3bb4baf01012a8cc4b6be41,MASS_UNKNOWN_OR_OUTLIER
7407,vmm-02cedac6444766e18569b3450bed16b42d4eb6276809cbbf85955472bd7c6445,HYBRID_COMBUSTION_FUEL_UNSPECIFIED;MASS_UNKNOWN_OR_OUTLIER
7408,vmm-051698f59f79fd2405e89417528f5bc840efe9b8384b8697b577330f90a2c4c9,HYBRID_COMBUSTION_FUEL_UNSPECIFIED;MASS_UNKNOWN_OR_OUTLIER
7410,vmm-74e62dae7a59fa991d27c6891cbb425021e59b9cdb4bc2f31585719e9150cecb,DISPLACEMENT_UNKNOWN_OR_OUTLIER;MASS_UNKNOWN_OR_OUTLIER
7411,vmm-c5a2a66cdbe0b3fc40a413f07fdb320932dc49a1252e66d6c761312f1e0be496,DISPLACEMENT_UNKNOWN_OR_OUTLIER;MASS_UNKNOWN_OR_OUTLIER
7412,vmm-619fbd967f310928c1876d719f68b8cec3f2374cdcdbf9c353944c3b3e8e19ff,DISPLACEMENT_UNKNOWN_OR_OUTLIER;MASS_UNKNOWN_OR_OUTLIER
7413,vmm-0442df94f774b4956d7416fd1e2ad10a8cedf910999b075179067fe8647acbd2,CYLINDERS_UNKNOWN_OR_INVALID;DISPLACEMENT_UNKNOWN_OR_OUTLIER;MASS_UNKNOWN_OR_OUTLIER
7414,vmm-fb55716feb0eabfac57f5447437990690dc40bf485d118076c55dfc95d5aac7d,DISPLACEMENT_UNKNOWN_OR_OUTLIER;MASS_UNKNOWN_OR_OUTLIER
7415,vmm-d4bb3644ffb29d46973e7d1956e0947aac4d28ee62cd0b22152dd789928f3c1c,DISPLACEMENT_UNKNOWN_OR_OUTLIER;MASS_UNKNOWN_OR_OUTLIER
7416,vmm-07ff37b1d430050505299496487a9931d64a7bb00b2742ba98ec3fa0313f8de2,DISPLACEMENT_UNKNOWN_OR_OUTLIER;MASS_UNKNOWN_OR_OUTLIER
7419,vmm-e2463f0982fc79efe12e31cadd92cbdbaaf6237c2221668980257f83bba24cc3,MASS_UNKNOWN_OR_OUTLIER
7420,vmm-e5a99641ab958109c67909ef2cc3475e1f9150b8470a112328dc224e2230a38f,MASS_UNKNOWN_OR_OUTLIER
7443,vmm-93c1760104295e39be5688fd06110bb3c4bc1f5e347f62d1fee793f835bf781d,CYLINDERS_UNKNOWN_OR_INVALID;DISPLACEMENT_UNKNOWN_OR_OUTLIER;MASS_UNKNOWN_OR_OUTLIER;TRANSMISSION_UNKNOWN
7458,vmm-f85598a3b8f7db3c3684a75a721eff39dfcb80e68fa8724602cc4e8499e382c2,MASS_UNKNOWN_OR_OUTLIER;POWER_UNKNOWN_OR_OUTLIER
7459,vmm-5bf8ff06f33c004c7e956bb782b21c44834c7574d33337ca1fd9b74f543fc2e2,MASS_UNKNOWN_OR_OUTLIER;POWER_UNKNOWN_OR_OUTLIER
7460,vmm-6be12190071457527d1068800342cdcddbc1506ff31817c25e1d923607c6e8a2,MASS_UNKNOWN_OR_OUTLIER;POWER_UNKNOWN_OR_OUTLIER
7461,vmm-2b062065063b01a5a4b8eb7ba9bee70db8ee09b8134ee720f80fb0bd350a853e,FUEL_UNKNOWN;MASS_UNKNOWN_OR_OUTLIER;POWER_UNKNOWN_OR_OUTLIER
7525,vmm-f941fefb3f378f41ae3119d81bcf61b2af6d8a62bdb281300f669e16a5c37b2f,MASS_UNKNOWN_OR_OUTLIER;POWER_UNKNOWN_OR_OUTLIER
7526,vmm-c17ff79991637c194149e8e6306210ba27c5cd6f45244482ad1bf466902192d8,MASS_UNKNOWN_OR_OUTLIER;POWER_UNKNOWN_OR_OUTLIER
7527,vmm-cb81e33611f5887c48661ffae7b7ef489f63095741cc2188e907a5b57bd33304,MASS_UNKNOWN_OR_OUTLIER;POWER_UNKNOWN_OR_OUTLIER
7528,vmm-cd4c0033e1b68d82644d51dc18597e09744bfdfbebd486508784ac746d1339dd,MASS_UNKNOWN_OR_OUTLIER;POWER_UNKNOWN_OR_OUTLIER
7532,vmm-3455e09d7a8ff1940a4ccac894daa6d233c630d0c929967c15dffd314e6463f6,MASS_UNKNOWN_OR_OUTLIER
7554,vmm-c54fdb59ce728f867584174a48412ea8efc488e9bdffd0b8efdc70659cf22568,MASS_UNKNOWN_OR_OUTLIER;POWER_UNKNOWN_OR_OUTLIER
7555,vmm-d47dde07d83ddbc4b18d32de037fa12792b1599ac7e2a6f2b68ceb11603fe012,MASS_UNKNOWN_OR_OUTLIER;POWER_UNKNOWN_OR_OUTLIER
7556,vmm-a60b181b6280064c7548c4587971b900037f1dd8b566913aa31531766ad744db,MASS_UNKNOWN_OR_OUTLIER;POWER_UNKNOWN_OR_OUTLIER
7561,vmm-57f1b72e18dd059e60f68c052c094abef5e906574530f9fd5457a8c35cee5759,TRANSMISSION_LABEL_CONFLICT
7572,vmm-c2e622b88297f874f81d29cf33cacb2480076116541e504dc25b114295769c46,MASS_UNKNOWN_OR_OUTLIER
7573,vmm-8ab304e1c4f3d7de63b7bbcce86f5737858272c46046757137d2459a2be4a4e7,MASS_UNKNOWN_OR_OUTLIER
7578,vmm-628bafe0497b5dfbf0a66a1f0a7251f271c196acaa74ec98eeaf8155c373052c,HYBRID_COMBUSTION_FUEL_UNSPECIFIED
7579,vmm-ae04173a9497c517ee5fed1264147640f9beb85044a99d035ca57d2a9f46781b,POWER_LABEL_CONFLICT
7585,vmm-36ef9d4837cc7f44c1e6a3a3acc38bfde6db4c0bf1d6d363d95878d1f86baa2c,HYBRID_COMBUSTION_FUEL_UNSPECIFIED
7590,vmm-14bbeb76231925285c93e64cf95c37e5465a02ebaa4090f16ff6a3e846cc03e2,MASS_UNKNOWN_OR_OUTLIER
7604,vmm-53621e3f01df5cf72446d3e181052782e0cb5ba976facba0fe185a5530b3647a,MASS_UNKNOWN_OR_OUTLIER
7657,vmm-2dc400084a01a96cee715b584de93ba13ff1c64021a1967c1bb52b43aaa50f8a,MASS_UNKNOWN_OR_OUTLIER
7659,vmm-c919a413f8c18ff00cb8fe28094c54d3498677f40891a738506d1c4e81d6ae8d,MASS_UNKNOWN_OR_OUTLIER
7672,vmm-25719e75be8af3537a9918ffaa607af3f588aac157469dba58aa90a0ed793847,MASS_UNKNOWN_OR_OUTLIER
7675,vmm-401457551368609889165cff5338a35bcb6a9eb361b2d5c5d79b4a1e126e4eef,MASS_UNKNOWN_OR_OUTLIER
7676,vmm-2dfa3a9890b467f5da738d3cfbf004ea86bd60aa1434e6e6a3e228f1d8342e6b,MASS_UNKNOWN_OR_OUTLIER
7680,vmm-00fc1641d0158aea886565d6e1106ac3ee8c37dc42f0ee1baa19ed4b0b541699,MASS_UNKNOWN_OR_OUTLIER;LEGACY_QUOTE_REQUIRED
7681,vmm-ea8146addedea28558226973a67880c50acac1b2610fd49c02e7ce5310591ee2,LEGACY_QUOTE_REQUIRED
7682,vmm-4428bb4251f3067c04dcfa430583a12159a7d45794bff38fa1d815f5bbf283b7,LEGACY_QUOTE_REQUIRED
7683,vmm-2bccf831fa7b54c88842b2429271aadc4b8b969bf474e447631af9aba7d922a0,MASS_UNKNOWN_OR_OUTLIER
7684,vmm-872f55f4f7680a28704122c7d08a6eb9c7d39523d5187369955666bea7528a39,MASS_UNKNOWN_OR_OUTLIER
7685,vmm-0e580a7610bc2569e13c674b2d89a12ef4c6db58b4efe9e072f78d7d1253d9bd,MASS_UNKNOWN_OR_OUTLIER
7686,vmm-d1f6474dbaca99eddf265b19a07ee158ce9ef09d80570537f8ca0fa4cec4bdcc,MASS_UNKNOWN_OR_OUTLIER
7689,vmm-58c957fdcb403f94fdb62edc3ae300d8b222d4294ad55891ad7c50f684a0c92f,MASS_UNKNOWN_OR_OUTLIER
7694,vmm-3c99d018aca1ade9c056647bc74f0a45a34acb22df90ef71ec3ade27a083610f,LEGACY_QUOTE_REQUIRED
7705,vmm-16063962baa0ae7c2450f9e71d1c9a0892ab6c7a6e0ee91e9f383c4ea4a98db4,LEGACY_QUOTE_REQUIRED
7706,vmm-1394df2d64f47a7facf989cfdfeb2346e50e1f0b6c5edbeef77637351c684762,LEGACY_QUOTE_REQUIRED
7707,vmm-26953170e2517e7c57b86b7af1b9f193d37627aa5404e29c894d9673b88b6915,LEGACY_QUOTE_REQUIRED
7708,vmm-9ed98160ec4a98705d211b25e96409854278e148904376e98c9e180c0f81d393,LEGACY_QUOTE_REQUIRED
7709,vmm-3e44ce28e46cc4df0e5882d275551b59ebbb1024bd7f96cf0cf2bf04368884b0,LEGACY_QUOTE_REQUIRED
7710,vmm-d3053c4a670587b976933c9550bf8ceb5cbfe3727e65e69a9fe510ff5aae550b,LEGACY_QUOTE_REQUIRED
7711,vmm-496a587fa00629c3edddc87a2f3eac28e5050a9f4997ac00550b033222504d79,LEGACY_QUOTE_REQUIRED
7732,vmm-85da9fece6d27777b4b5b48e1a9b9ca023bcf5d29ec4e39a129a79efa75ac9c5,MASS_UNKNOWN_OR_OUTLIER
7733,vmm-152dac33b76edcc02c37441af7826ddd6e03fae849ccef6a68b56e0379fe11c2,MASS_UNKNOWN_OR_OUTLIER
7734,vmm-0074276fad829b8772aa91d9ce648f48c2c9fa48bb308390c1484a222c5cea95,TRANSMISSION_LABEL_CONFLICT
7740,vmm-33490499d5c69ba7323ccca5f65e2839b3e913d7e386ac0ff81097afc0a2d8d7,MASS_UNKNOWN_OR_OUTLIER
7741,vmm-88c1a34d085f0c7ac0067e7f59838586d753dd4115c14f25cbc4795daf45e0cc,MASS_UNKNOWN_OR_OUTLIER;LEGACY_QUOTE_REQUIRED
7742,vmm-6f2b771d1bd9d1ced8fd1bcb7ef6cfdf00cd8928b1a599013e1f6cd82e6742bc,MASS_UNKNOWN_OR_OUTLIER;LEGACY_QUOTE_REQUIRED
7743,vmm-1c591a1b4b36090ba8546888760d12487fb18964b6d1a266a2144137b71337a4,LEGACY_QUOTE_REQUIRED
7744,vmm-11ee2a6ddbc868734258b6407efb8612b85e704dbbc921181ac2e1487a3f9da0,LEGACY_QUOTE_REQUIRED
7745,vmm-d4664009af52533990fec86b074dcc50a7ef54963db8a11d629a876080aed224,LEGACY_QUOTE_REQUIRED
7746,vmm-36ba48d6b7a9fe82e82e75c64f0e8ce97ed372b9a755e7ceaea9014d015cdf86,LEGACY_QUOTE_REQUIRED
7747,vmm-47ee816623947cc64e1f824d62472a00f0ce5bebd7fe57f1f0ac1e168fc6d2e6,LEGACY_QUOTE_REQUIRED
7767,vmm-b7468f0243b0527d4cc3308b5c97f7dafab1c9d5f1c77aa491f33b0c597d373b,MASS_UNKNOWN_OR_OUTLIER
7769,vmm-644244d67fd1417a9ac75bc6ec6ea8deec01c8f03a194a2b685bab41aae0db40,DISPLACEMENT_LABEL_CONFLICT
7770,vmm-900a47cb3abe7ec5d03ce93cdecdd02f54b964ab4cdf3d7f808253d85f4f09dc,DISPLACEMENT_LABEL_CONFLICT
7773,vmm-eff943424ebad28a65d866d2949a68b7cc6b66a6ee1cc7704474194033449ef9,MASS_UNKNOWN_OR_OUTLIER
7778,vmm-eb153f0558892284d9720886e24cf89d6d0a6c7d73ae7dae0cdf6bbcc8464996,DISPLACEMENT_UNKNOWN_OR_OUTLIER;MASS_UNKNOWN_OR_OUTLIER;LEGACY_QUOTE_REQUIRED
7779,vmm-659306ac4435f19d6e791f7092f6dcca5f686bf42c6c35e1517a68b649f34c75,DISPLACEMENT_UNKNOWN_OR_OUTLIER;MASS_UNKNOWN_OR_OUTLIER;LEGACY_QUOTE_REQUIRED
7780,vmm-86898a5ab9b2bb616bf8ce3ec518019d3662f1df0347223be619c1aea708368f,LEGACY_QUOTE_REQUIRED
7781,vmm-9cfdf46745c0aaa67d13fd55608e15bd83b291d15dbb66b4a67bfb831c3cf2d6,LEGACY_QUOTE_REQUIRED
7782,vmm-40cec77fb91c40164a120b9677f564baf4c56b01125039c76d391aa4fabad803,LEGACY_QUOTE_REQUIRED
7783,vmm-af5b10460f3e1c55998a3b1685dee4cc729103042218755b7e696b00017ea064,LEGACY_QUOTE_REQUIRED
7784,vmm-d5b1064f11c061ae63a11701ee69056651aac32322648e6198a36ebaaa633710,LEGACY_QUOTE_REQUIRED
7786,vmm-50ef045d6f043b7987852aeaf5f364f05fed4ca5b691059b51257fea159ecdf8,TRANSMISSION_LABEL_CONFLICT
7792,vmm-76553fcde68ab1955d4e1efbeacd3e36c647103a8a9d447143cdbecc893901a3,TRANSMISSION_LABEL_CONFLICT
7799,vmm-6e461d12dc962c2f7b9b2b6dfdd29daa7735e043d13cbfba9c7bd745e18b2d5c,TRANSMISSION_LABEL_CONFLICT;LEGACY_QUOTE_REQUIRED
7800,vmm-9b4d48bd8e86683d4b638e027d7d8caed39241ea720c83a4f14c17a44e27ef7e,LEGACY_QUOTE_REQUIRED
7801,vmm-fff5ce45d8e3b9d203f99bbfb3848d53275b2e34f2bce67ad7e4c31d3178327f,LEGACY_QUOTE_REQUIRED
7802,vmm-e87376e26b258a03a6dc69432e6b9941757b0a142946fd0d84a1d3adcde50473,LEGACY_QUOTE_REQUIRED
7803,vmm-cbbe5557890e2fe5e2e44f7049a5a6c3442cfe0ec84f16c8415b8d80a0eb78df,LEGACY_QUOTE_REQUIRED
7804,vmm-1f1d0de3a21787dfa3154a6d7ecc56db59c35f1f6f62ed5ce37ecb8796a47832,LEGACY_QUOTE_REQUIRED
7805,vmm-d6975dfcff8ba7526499834f3c7f09c0dbeaf805bb75ddd8789d372327f4df38,LEGACY_QUOTE_REQUIRED
7806,vmm-6575540b1f4ff3dcc27fb6d7caf898b328f3dd6477577662f811ea05249bec8f,LEGACY_QUOTE_REQUIRED;ROUNDED_FOR_INTEGER_STORAGE
7807,vmm-dc4b2a24def029e1b8c17e8d51cdd3ae087eb5c80a9870b73547cc1f1dd18e5e,LEGACY_QUOTE_REQUIRED
7808,vmm-8e00558b9a547c56af888e0e2143e057915f4772802043a36d2f22dd6d411400,LEGACY_QUOTE_REQUIRED
7809,vmm-90d5233eca2351a910eecbf7877f9f0b72d493a43256183cce91fcd3aaf22291,LEGACY_QUOTE_REQUIRED
7810,vmm-6af407ef82bdd80a0cf6d8d981c6ec8ce6c96e2246f06a66847caa20810ccb17,LEGACY_QUOTE_REQUIRED
7811,vmm-9203390ad9c0b2d949add2bd4438fe2cef9743f15bd36ed89a21e2b541e682ae,LEGACY_QUOTE_REQUIRED
7812,vmm-ce41f2fec2c827e9d27eb2e445945d62e285a19aaac1dfd93f663b32cf905282,LEGACY_QUOTE_REQUIRED
7813,vmm-f58cfd8ab28442d8407bbc034a37c7301ee1da4ca01473fdb21b3eb907f00b6a,LEGACY_QUOTE_REQUIRED
7814,vmm-d1a7378f5e0afb1fd69389aa0f3922c70c59b08c905c16b4719e9db6c9feef5f,LEGACY_QUOTE_REQUIRED
7815,vmm-5bd42f9d0925d858bdd811a899b59eb6269de59776c2c1d4c9660e01eb433a9b,LEGACY_QUOTE_REQUIRED
7816,vmm-eaea8e31b00eaaaa38a57e8b316396010a73e71ea985fa356a2a5a82c46549e9,LEGACY_QUOTE_REQUIRED
7817,vmm-385817379677a7d61984cd3a088775a45bd6a978a1c4cb55ca4a00c680f9cf1f,LEGACY_QUOTE_REQUIRED
7818,vmm-0ef860adbb3c4798ff68c5043c5666a004b962e414bdc6d4592ccffa0f887011,MASS_UNKNOWN_OR_OUTLIER;POWER_LABEL_CONFLICT
7840,vmm-4d0cd6a477a7d7eb3312128e60678d2599266661f945b47dfefa9b1089bd8c28,TRANSMISSION_LABEL_CONFLICT
7841,vmm-92ac80b3d87d83fb9cf061a66eecae751ddc54090395a77aa8e5d0958b97bdde,TRANSMISSION_LABEL_CONFLICT
7842,vmm-780b09ff98fa89956b9d4286aa4339736656a375c1784ca42f74f073369e79d8,TRANSMISSION_LABEL_CONFLICT
7843,vmm-2732f32840f2125d319b823b9f11dd7521e652153e7fc3e4e81f66f21fc3f83c,LEGACY_QUOTE_REQUIRED;ROUNDED_FOR_INTEGER_STORAGE
7844,vmm-6e24f77d5eeee6126d7061d6dfdc53a3787f2fc869398d5febf2a1998a15cf51,LEGACY_QUOTE_REQUIRED;ROUNDED_FOR_INTEGER_STORAGE
7845,vmm-44585d782ceb948dd1137ad231c6c313360c2f2addfac7f0b5b8bf58ee453f7b,LEGACY_QUOTE_REQUIRED;ROUNDED_FOR_INTEGER_STORAGE
7846,vmm-3e5e94f15270387118cbec03c1d6021306972b969d5e3bd86936ae7d6822ff51,LEGACY_QUOTE_REQUIRED;ROUNDED_FOR_INTEGER_STORAGE
7847,vmm-0d7885cbfe77d469d9ba57d017c90db4dc75157026122adf79bb0a20f2986861,LEGACY_QUOTE_REQUIRED;ROUNDED_FOR_INTEGER_STORAGE
7848,vmm-33db4edbb8402b2b169f3fbbe294951fd7feea753360d674f0d7ba4d12206def,LEGACY_QUOTE_REQUIRED;ROUNDED_FOR_INTEGER_STORAGE
7849,vmm-11840ac997a6fbc7d8abbfae186c78733fa8f4c806eae65ea99548e932f6106e,LEGACY_QUOTE_REQUIRED;ROUNDED_FOR_INTEGER_STORAGE
7850,vmm-e9b9540b016267d245dcb0f9671abd4299c3466f8d26057a83325e8f0ec64120,LEGACY_QUOTE_REQUIRED
7851,vmm-f6bfa26d4a18139a87f33eedb7d9d5cf1a6daaf861098c2212a5f2685f335c43,LEGACY_QUOTE_REQUIRED;ROUNDED_FOR_INTEGER_STORAGE
7852,vmm-fd63cf37f736915fa228bc6c3a5ae584e5ac14eb4f9c2415c25a9db18a9cb7cd,LEGACY_QUOTE_REQUIRED;ROUNDED_FOR_INTEGER_STORAGE
7853,vmm-a05abff36e0dedc9406a5b8831e4955bbda1a04c8b711aaf5b7085a339ca12a5,LEGACY_QUOTE_REQUIRED;ROUNDED_FOR_INTEGER_STORAGE
7854,vmm-f37986e07d394292565295d01f877d801d4a9583142e70211285ca19ff355aa7,LEGACY_QUOTE_REQUIRED;ROUNDED_FOR_INTEGER_STORAGE
7855,vmm-f2958a785ee9f35ed68a3628ea9a105c45647b856d61044459a380f6d9f645c8,LEGACY_QUOTE_REQUIRED;ROUNDED_FOR_INTEGER_STORAGE
7856,vmm-48023e0eac22f3790d27f930c057a147f637412850f4d7c021ba34995bfc724d,LEGACY_QUOTE_REQUIRED;ROUNDED_FOR_INTEGER_STORAGE
7857,vmm-7f2a7e4117783bb10a74040ebec437a250f027e2028f424537039cf114b8fa73,LEGACY_QUOTE_REQUIRED;ROUNDED_FOR_INTEGER_STORAGE
7858,vmm-6f1bcd9a69790cfd123cb1c3fc1cc591e36eb38cae70605f8517728b412aa86f,LEGACY_QUOTE_REQUIRED;ROUNDED_FOR_INTEGER_STORAGE
7859,vmm-14234da379ab772f7213ecc2cf7b166c8d6d8cb7f9769d8842ce496c32fdb662,LEGACY_QUOTE_REQUIRED;ROUNDED_FOR_INTEGER_STORAGE
7860,vmm-327dbf0ed8c6f0caa089ad23e63f3035cc3505df0210374ab1c1609eab7cdfab,LEGACY_QUOTE_REQUIRED
7861,vmm-c9f7741850dc34a5abd32822bc4baab61e40ff986531e84f5dabde70413533f8,LEGACY_QUOTE_REQUIRED
7862,vmm-605265dffa3da9012de020a621e5153d53ba96de14bc5917b0a1d7f63a53227c,LEGACY_QUOTE_REQUIRED
7863,vmm-56ee997da065ef5d60996cf904ec328d89c8a4c07b5e7e261c33c92656e58203,LEGACY_QUOTE_REQUIRED
7864,vmm-b8aa0e954f54a81e3de0dab006498a30f80f6492f72f9363f4dc37d6414f0949,LEGACY_QUOTE_REQUIRED
7865,vmm-91cdcdc7fceec89a9dce7044ea779e1f5d5cae7f2ca910adf3f1823281310b13,LEGACY_QUOTE_REQUIRED;ROUNDED_FOR_INTEGER_STORAGE
7866,vmm-1e6bf295405485b79673da48df8d5ea5e3c3be657416adc955174c9cd70b85ae,LEGACY_QUOTE_REQUIRED
7867,vmm-1f8a47b60de993ea45a86216d2a98e71c950a754633bcf5a42c4e1d5816b4c30,LEGACY_QUOTE_REQUIRED
7868,vmm-33a51f337ff33dc8f642b392b961197bf1db2e5912d7f93af9eb694b92436a43,LEGACY_QUOTE_REQUIRED
7869,vmm-202943b92dc78dfff5618a24924910a9b55e2355132c59620417a3b3a7de0ed5,LEGACY_QUOTE_REQUIRED
7870,vmm-095b9bdef1a7c69b4a80362a5425ea3f308bfc86efbcd2bf34e63215102fde1a,LEGACY_QUOTE_REQUIRED
7871,vmm-1ede28cea3d685c6fade52d7e3027155d9ff339dc345729ed9c9854c94b8e65b,LEGACY_QUOTE_REQUIRED
7872,vmm-0b607e85e8526ebe1f7259aced8a01157774bedba0c5eea542ab50602707aa0c,LEGACY_QUOTE_REQUIRED
7873,vmm-882f3e1b2a2afd2d97ca5ef59092a4c971d3adbba9f80dad28b93ba2e75d0466,LEGACY_QUOTE_REQUIRED
7874,vmm-0cb59fab8dcb850ea192862972cbb87f73453e39356997ad9411e67fdb09c13a,LEGACY_QUOTE_REQUIRED
7875,vmm-4cfc9fed251af694d93206e1b4a08ee3a033a824c195aebb9d77244f53fa133c,LEGACY_QUOTE_REQUIRED
7876,vmm-9b37480f60025b8f2abb064552f50aa139c1bc2de773636e2e46b74c67d8ebb6,LEGACY_QUOTE_REQUIRED
7877,vmm-ecfb5c2720ecb3f1fcc1f80ed9e22f3de3f9869be29c94c875d8d95416042277,LEGACY_QUOTE_REQUIRED;ROUNDED_FOR_INTEGER_STORAGE
7878,vmm-257667c48f6f68da81902c48271c76d7aa6576d186b0f568638a2fdacc451770,LEGACY_QUOTE_REQUIRED;ROUNDED_FOR_INTEGER_STORAGE
7879,vmm-0035bb159bf8912bce63050d24039a6cd4e9cb0980a3ca572b8cf1c2a282099a,LEGACY_QUOTE_REQUIRED;ROUNDED_FOR_INTEGER_STORAGE
7880,vmm-8a729266a86353dcd2c5da43612c76da5d15c32e1ce28107df1d230353b96a52,LEGACY_QUOTE_REQUIRED;ROUNDED_FOR_INTEGER_STORAGE
7881,vmm-8eb543036a5b99f674dec3cb716809b0b528e2c877eb93ee2c6008d46e803d40,LEGACY_QUOTE_REQUIRED;ROUNDED_FOR_INTEGER_STORAGE
7882,vmm-cb6648665e446f186bc179ef26dd0c6ee659584309c6dcf7a18dc0f9d373e89f,LEGACY_QUOTE_REQUIRED;ROUNDED_FOR_INTEGER_STORAGE
7883,vmm-96c2f3ed9f2678a143a555955479e6a8d8d98a76a096af7709cd869c9d5a97a0,LEGACY_QUOTE_REQUIRED;ROUNDED_FOR_INTEGER_STORAGE
7884,vmm-c948151b97f0a71ebac9954567229c44495a63444ff3e9a22214661686f1966a,LEGACY_QUOTE_REQUIRED
7885,vmm-c90f253a8867d853b89d9bf3eeb6152cc1729c0b3d2437c578f3e5516ad7dc93,LEGACY_QUOTE_REQUIRED
7886,vmm-2353d0ec4b69de3e7f8e281acbf65ad12fdba097b378595e31e05b938b13ab9e,LEGACY_QUOTE_REQUIRED;ROUNDED_FOR_INTEGER_STORAGE
7887,vmm-7ce6507501f396bed2145e9e5317a04beef885773437e1344358c6dd34a785f7,LEGACY_QUOTE_REQUIRED;ROUNDED_FOR_INTEGER_STORAGE
7888,vmm-7b29f6c9cb3c5a58e0d107f13ee07e6f012769574682e27139eb3585b3cfdd88,LEGACY_QUOTE_REQUIRED;ROUNDED_FOR_INTEGER_STORAGE
7889,vmm-9e1f2ae04f4034b061dd2cc1a5df763617d185320b8d5c72e158e3cbd545d8ed,LEGACY_QUOTE_REQUIRED
7890,vmm-7053f4b425db1cc711b375a531bd11afa40b1be7fed39cf442a11cd4ff4478ff,LEGACY_QUOTE_REQUIRED;ROUNDED_FOR_INTEGER_STORAGE
7891,vmm-06be6369e3eef3ea17acdf97396070ec60d252972069df94a7b710e54d8768a0,LEGACY_QUOTE_REQUIRED
7892,vmm-9aa784911dff06955d7f363cc0516a7a595f52d53b776bbe682a423d1376f2ed,LEGACY_QUOTE_REQUIRED;ROUNDED_FOR_INTEGER_STORAGE
7893,vmm-67bb9f3ec448a83f15200769bb20eae0e18aace377ad97bae38a4f016ed3fb45,LEGACY_QUOTE_REQUIRED
7894,vmm-c5266fb625b732caa4843a584f9be8942f2e83c45bc5dc68d200f9959700b2e2,LEGACY_QUOTE_REQUIRED
7895,vmm-8ab4a7f1af28ceccc7811303f56861007948dca08fd4dff5f4b11cff133b2c51,LEGACY_QUOTE_REQUIRED
7896,vmm-c1775bf60c7f018c25e3d134cbc874602542aed8fa30e400c4ca12448ad9c4cf,LEGACY_QUOTE_REQUIRED
7897,vmm-803117b1c04f03759c4ab4248756290a8d9f6f8501e9015967d5905863a20a66,LEGACY_QUOTE_REQUIRED
7898,vmm-ef4072f8a9e4812baa48c3f0d636f2458cf58c20fb6db0bb5a59d0f85c5f6e07,LEGACY_QUOTE_REQUIRED
7899,vmm-c2ac2cc3c2f739ad3e3179c1de5fb400963118547e6fba8388d7d1d48845513f,LEGACY_QUOTE_REQUIRED
7900,vmm-6c3b8f982372ab33836854353c76a19c1f00bab4c7808f46172ef6b6399f163a,LEGACY_QUOTE_REQUIRED
7901,vmm-b43f43e3d74c9398984846a616abc913267345d51d396a99e339806fcf9024a2,LEGACY_QUOTE_REQUIRED
7909,vmm-f59c828090929e7f68ffe519b4048b085f992a39d674e61979de1d8e9c3326df,ROUNDED_FOR_INTEGER_STORAGE
7914,vmm-1582bb5b0c77e0b32505a2fd0a22859db1395d0f0becbb8bc66a0cc6e944addd,MASS_UNKNOWN_OR_OUTLIER
7915,vmm-d85940635146a9509c3a05cae0682320a2a91a07ff9d7f5507e3cfc5115db1ca,MASS_UNKNOWN_OR_OUTLIER
7916,vmm-eb3d7451ff26418127434e0857eb24c9cb1c5042ad11cc3666ebb2051b51e26d,MASS_UNKNOWN_OR_OUTLIER
7917,vmm-57c9ee883f4a8d966730ec7067323c79d0d33c2f4403fb46687e1ee22e371eae,MASS_UNKNOWN_OR_OUTLIER
7922,vmm-6d8ee382d0ca77f7a8069af382f7b38aa308a78dab863580cd9900cc30ff9f53,DISPLACEMENT_LABEL_CONFLICT;POWER_LABEL_CONFLICT
7926,vmm-d32e632c6c7605be8aee6a941db9d855005b9de6b9e48689ce717dcbf4912208,MASS_UNKNOWN_OR_OUTLIER
7938,vmm-8d3776a45e129e96a29e92b4eff12fd47e4588f0d34bbd0e84431804f72af3aa,MASS_UNKNOWN_OR_OUTLIER
7939,vmm-65f22a6d1b219efefe185970bcb06aeaeecd419da0465f8b29d23b3f57d8cdfb,MASS_UNKNOWN_OR_OUTLIER
7940,vmm-d322beb2a166d2517a03f4cfe9c07b8fc0d151dc11f3631da6031a8a05942fa3,ROUNDED_FOR_INTEGER_STORAGE
7941,vmm-7e8b3b0627976c4eea397dc730e951f8ea05de8e1b3f90414f2e07686c0d6ae8,ROUNDED_FOR_INTEGER_STORAGE
7958,vmm-3b8a2e43cfce19c6f2a683783bf24c8e542953452704c59ef6a3a1b6a0ca69c9,MASS_UNKNOWN_OR_OUTLIER;DISPLACEMENT_LABEL_CONFLICT;POWER_LABEL_CONFLICT
7960,vmm-4f365165a15a345453e3cf81ffb1a5b0c1e9c08158062f7a0c717c83a3e96d94,MASS_UNKNOWN_OR_OUTLIER
7963,vmm-7148725ea002687e63be1ae376c0c1abcc6b995272dd8c4f7ed97270939c8029,TRANSMISSION_UNKNOWN
7981,vmm-ef0a152e5392f5b3c3a3783306ea9ec94b7c1c2a45f8377e6b9f86ae2ca24e8e,DISPLACEMENT_LABEL_CONFLICT;POWER_LABEL_CONFLICT
7983,vmm-f98e797e417b43434969f84c40e2fcb5d31aed776ca2909e9ff1a6ce8a6a6cf4,MASS_UNKNOWN_OR_OUTLIER
7984,vmm-fd8f3db98f80d4412c4cf30dbd398cb10d84a0f53895f57ed2505b661998dc2f,MASS_UNKNOWN_OR_OUTLIER
7986,vmm-343ad3870382eb1e4ed930aeb5b0d43d42d1e7c858d3bf27c75a8965fc4eb82c,MASS_UNKNOWN_OR_OUTLIER
7987,vmm-387b65c8b0f8b63f6382971561e1fd75f6d0f6d1942e70c1257ae3832b87dbed,MASS_UNKNOWN_OR_OUTLIER
7992,vmm-a05b871290abfeb9e6ba32cb293d936f240d708ec60589a821425819ce44d641,TRANSMISSION_LABEL_CONFLICT
8010,vmm-0b3b3c2ab60b62489aca1019e505bded4680a636cfacf2f829f4bd6e1d5e0e53,EXOTIC_QUOTE_REQUIRED
8011,vmm-a0f8149f35ccceb9d381ebf2c3073f2df8113917ba30961d369ebc4692341a77,EXOTIC_QUOTE_REQUIRED
8012,vmm-54a73b1d16b375635ec7e37dedf30eda47458b243780f3f95ae6d45683fae51b,EXOTIC_QUOTE_REQUIRED
8013,vmm-8df0bfe586e09d2d7551871afcef575424555549c1840ded985e8799becedbee,EXOTIC_QUOTE_REQUIRED
8014,vmm-b1e8a2a857b29ad4943aa111b4f4ecdb9adb87f339fa78b82ff20da43146b803,EXOTIC_QUOTE_REQUIRED
8015,vmm-4e409afa9a2df72b744c2fad68bd534516cdc38a9c0cd4fe82fd5836637915e9,EXOTIC_QUOTE_REQUIRED
8016,vmm-7c30d3f6433defaab1a87f50490d7615e61e746d8149e7c46a082e9232455f7a,EXOTIC_QUOTE_REQUIRED
8018,vmm-5439cb1c8809069276f50dbcfba5a65b21da943da2e949b9e6f36df74a230642,FUEL_UNKNOWN
8023,vmm-57ffbdca658976a64b8a9f3b8e69969d802241f900df2328a3ed456c50d8e5be,TRANSMISSION_LABEL_CONFLICT
8024,vmm-0905ba03d904b794bd9264cf7fd840b858dc51e966f34b39bea3f98634f9bcb2,MASS_UNKNOWN_OR_OUTLIER
8025,vmm-3048b15eb94023533e0fafe4bd4e6b188beba95e5fc635e88018540466a68907,MASS_UNKNOWN_OR_OUTLIER
8026,vmm-6ff5abe93c3986f135b2e0a588f05c15d7a0b17be98bda7e0b5ae33c08e78a8e,MASS_UNKNOWN_OR_OUTLIER
8058,vmm-d1a0aaf5b74523665e50ba464507dffa2674f4e705ddfe48f3b5e0a6fc59bddf,TRANSMISSION_LABEL_CONFLICT
8065,vmm-ab8f58006334477ca51e2eccd0fc66e6c7459de85d0320cc0311054e608c6138,MASS_UNKNOWN_OR_OUTLIER
8066,vmm-9a1c9682fd89397c3ca01fa80723caad80a5a04572934af8bb4929e89d2ab068,HYBRID_COMBUSTION_FUEL_UNSPECIFIED;HYBRID_FUEL_UNCERTAIN;DISPLACEMENT_UNKNOWN_OR_OUTLIER;MASS_UNKNOWN_OR_OUTLIER
8067,vmm-52c69bdf7b5fb9480f18639a4a64efc77d1fd78504b0ed8ebfea93298a336c11,MASS_UNKNOWN_OR_OUTLIER
8072,vmm-ad98a22bfd2bcd208dbddec3d722483cbc2dc35ff2bd84da225c439e291c404e,MASS_UNKNOWN_OR_OUTLIER
8073,vmm-57da4a69969617a1756db645590e6f20ce7bf3570c62b00a3a94217e103c0d13,MASS_UNKNOWN_OR_OUTLIER;TRANSMISSION_LABEL_CONFLICT
8074,vmm-7efe778de7a0322ab4bca3a9fa1fa06fe869e350b88a3f3d0951c46eaf5dbf75,MASS_UNKNOWN_OR_OUTLIER
8075,vmm-a935c55c405567ef2b6e3c4e29397b36afa7404bbe24766217bfaf5b0ccad6b0,MASS_UNKNOWN_OR_OUTLIER
8076,vmm-9172a4fc195671bc945a8587eb9d6a05af5124e9e74fed69a9ca24d1aa06da45,MASS_UNKNOWN_OR_OUTLIER
8077,vmm-23960d415eb325dfd82cb2baf7d683e83ed5306a2c665d1cd4bb633450349f83,MASS_UNKNOWN_OR_OUTLIER
8078,vmm-3ab0055dae735c9f8ecd855fa5ed29d7b005c7db1b48e3765a02f1b0fbad03b7,MASS_UNKNOWN_OR_OUTLIER
8079,vmm-13712b61600641d14a1de3dd71c9ad1eed7280e384277b5c3cf68fb08d3f4153,MASS_UNKNOWN_OR_OUTLIER
8080,vmm-5f5e9058dc9ab5c6ba73422df47017b200548087fb5159be0508a6886602e8a7,MASS_UNKNOWN_OR_OUTLIER
8081,vmm-3cca5b71f7f39fb8793c5ed89414e0e978f56fb19ae0c9d75cb35bb20e7c7673,MASS_UNKNOWN_OR_OUTLIER
8082,vmm-48bb35cf964ae08f474841b65b412496b02e6b7640c59dc99c634927eeb2016a,MASS_UNKNOWN_OR_OUTLIER
8083,vmm-6cda493270345b7888fb964243d1525f63ff99868ba4bd40cb8c9bf58dfde614,MASS_UNKNOWN_OR_OUTLIER
8084,vmm-e8eb531c19c549cf4f48c5179ebb698b7fdbcf83477220f76bbd2a203cf7f870,MASS_UNKNOWN_OR_OUTLIER
8085,vmm-7b8b0c027c7fa91b48e4ccb5360f7a58e446d7d8f9d267b7675d5a71f77e2906,MASS_UNKNOWN_OR_OUTLIER
8086,vmm-948448ffdf450d14fe0fc009ee8a7f5eb53e2c0e080b38b1e89b4fb0bf72a975,MASS_UNKNOWN_OR_OUTLIER
8087,vmm-ca94fcf380b7a980125161ffdf5e531e60b4aa48fbfbcb547486ed9a9b369671,HYBRID_FUEL_UNCERTAIN;CYLINDERS_UNKNOWN_OR_INVALID;DISPLACEMENT_UNKNOWN_OR_OUTLIER;MASS_UNKNOWN_OR_OUTLIER
8088,vmm-899792c7ecee1102ebbcf3352b03d600c58730d722da97548f932354af7a1b42,HYBRID_FUEL_UNCERTAIN;CYLINDERS_UNKNOWN_OR_INVALID;DISPLACEMENT_UNKNOWN_OR_OUTLIER;MASS_UNKNOWN_OR_OUTLIER;POWER_UNKNOWN_OR_OUTLIER
8091,vmm-2211b7a5231392d6c7c7150a23ba20dbdeef8d11cf363441faaef0cd14a3a993,MASS_UNKNOWN_OR_OUTLIER
8098,vmm-8491291e8df6b4a0b7ce8991dade013e5ef4228c6907b89b3cb7469bd010f12e,CYLINDERS_UNKNOWN_OR_INVALID;DISPLACEMENT_UNKNOWN_OR_OUTLIER;MASS_UNKNOWN_OR_OUTLIER
8099,vmm-1f4c7d1468284919fbd84612948b651adf82e88009020ec997a03c244f27e1cf,HYBRID_COMBUSTION_FUEL_UNSPECIFIED;HYBRID_FUEL_UNCERTAIN;CYLINDERS_UNKNOWN_OR_INVALID;DISPLACEMENT_UNKNOWN_OR_OUTLIER;MASS_UNKNOWN_OR_OUTLIER
8100,vmm-149e4f3d113f2a859e12975a130c493d90d80c6990906a3430f209ae865dde2a,HYBRID_COMBUSTION_FUEL_UNSPECIFIED;HYBRID_FUEL_UNCERTAIN;CYLINDERS_UNKNOWN_OR_INVALID;DISPLACEMENT_UNKNOWN_OR_OUTLIER;MASS_UNKNOWN_OR_OUTLIER
8101,vmm-49fe9726227a19b6e131c68f6de4c2c0983759449825a1bfeb6881eff62e2372,HYBRID_COMBUSTION_FUEL_UNSPECIFIED
8105,vmm-caac19d9df358ebb40344b5513eb012ed5d68c3cddc7b56e605f049a1a9ffec3,LEGACY_QUOTE_REQUIRED
8107,vmm-49b8f265e51c1b71a698657a81fc675a1986498f219ba0b0e6986d7cda6f99e1,MASS_UNKNOWN_OR_OUTLIER
8108,vmm-2b253b52ae848f2fba4b463e8107c5db7dc94fff9ab248bc19de1e69c829696f,MASS_UNKNOWN_OR_OUTLIER
8111,vmm-1f5f9402cfde9d9c695415b44108033ef0d4ba755c7f2aac60ebe629c99d4d70,MASS_UNKNOWN_OR_OUTLIER
8115,vmm-2eb0c00977f1754744c248253a17e4e89f5df6a396920a02d3269297d88ed927,MASS_UNKNOWN_OR_OUTLIER
8116,vmm-850d69439f23f278b47a9c869490aa6a726d6ba10e51a07cc04a96779c556f28,MASS_UNKNOWN_OR_OUTLIER
8118,vmm-f71826422d305a94b564b0d8042db45cc9b8c804b552756d3e9c58c37e1a8b90,MASS_UNKNOWN_OR_OUTLIER
8119,vmm-ee3d70b9f28280fb22c00d8cd5227cd62b8cb949df8f044b02013f9e63698c7a,EXOTIC_QUOTE_REQUIRED
8120,vmm-7e93b35d3d4677faf5557a8f261ab40d7432fb31cb014ec6b3a1888561936937,EXOTIC_QUOTE_REQUIRED
8121,vmm-488ede87d8631e07351b65c9f3747b01bd7c96165b87424ce8c9d45213291925,HYBRID_COMBUSTION_FUEL_UNSPECIFIED;EXOTIC_QUOTE_REQUIRED
8122,vmm-aa741c2e223a87f13a8ae4afe76c32c0e23881caa519414910450c2a24e5d79e,EXOTIC_QUOTE_REQUIRED
8123,vmm-a50caa84759f39b56c88b0e91083680004df28297d49edee18e3e29e890a5231,EXOTIC_QUOTE_REQUIRED
8124,vmm-ec105c4d789424292bb3582bcc75e309401e72437158c277d9a6c7c4e8b9c363,LEGACY_QUOTE_REQUIRED;EXOTIC_QUOTE_REQUIRED
8125,vmm-f0192111c40781d5b140218b394bd6fb0e9ca35296720917e325beb0a9b51cb3,LEGACY_QUOTE_REQUIRED;EXOTIC_QUOTE_REQUIRED
8126,vmm-d9a11237a73661a35fc010e2eeca5d29ed25b012e87ca869350e9302cc5c41ab,HYBRID_COMBUSTION_FUEL_UNSPECIFIED;EXOTIC_QUOTE_REQUIRED
8127,vmm-b8946f70a192b3cfbb532e1e09f45d80654c9d893e79245236330974e531b2e9,EXOTIC_QUOTE_REQUIRED
8128,vmm-0e103299f113d726a6b48e1a045cb57b331a3caafd189e769d064d6520b5a0b3,HYBRID_COMBUSTION_FUEL_UNSPECIFIED;EXOTIC_QUOTE_REQUIRED
8129,vmm-ad4b8d680096f70ca5ec1824164b3937f556043e3e8058a55b05ade549603f92,HYBRID_COMBUSTION_FUEL_UNSPECIFIED;EXOTIC_QUOTE_REQUIRED
8130,vmm-882cc762fe2909798f6e02ade7ca91152307ec8f56ae28809541d9f29f68e581,LEGACY_QUOTE_REQUIRED;EXOTIC_QUOTE_REQUIRED;ROUNDED_FOR_INTEGER_STORAGE
8131,vmm-85c9ffc446edd2bbea1323c7db7484bee3f0e24716ebb0990cebf7c7d887db9c,LEGACY_QUOTE_REQUIRED;EXOTIC_QUOTE_REQUIRED
8132,vmm-ae52180b036c872101919562fdfaeb0d3e2212595353c251a88b4cf0362961ec,LEGACY_QUOTE_REQUIRED;EXOTIC_QUOTE_REQUIRED;ROUNDED_FOR_INTEGER_STORAGE
8133,vmm-c0abe4ae29b8ecb4b9dc42a46422b20f8cda53b7abea4049894b930c702e0985,LEGACY_QUOTE_REQUIRED;EXOTIC_QUOTE_REQUIRED
8134,vmm-71c9a72155eba9e11f4d2d7da99c8fe6c2bd5e616bf9f07632307acfde153bf1,LEGACY_QUOTE_REQUIRED;EXOTIC_QUOTE_REQUIRED;ROUNDED_FOR_INTEGER_STORAGE
8135,vmm-6f6dbe50f6672f929a15cca1e12f94b2f54311b5f4eb3336f42e141e680a3c02,LEGACY_QUOTE_REQUIRED;EXOTIC_QUOTE_REQUIRED
8136,vmm-3e8d416309fa39216c18c80720c2a51489b8fa1ac9bd1713486c09327fc3ee9d,LEGACY_QUOTE_REQUIRED;EXOTIC_QUOTE_REQUIRED;ROUNDED_FOR_INTEGER_STORAGE
8137,vmm-837c7755fed0d90fb7f53b0b66fb0425f33d3449ba98ff0ada8ba01cacd5f057,LEGACY_QUOTE_REQUIRED;EXOTIC_QUOTE_REQUIRED
8138,vmm-4b764aff08cb92fe9d74795541f1286d002564cf5c52bfd01c9b9cc7bbe8bced,LEGACY_QUOTE_REQUIRED;EXOTIC_QUOTE_REQUIRED;ROUNDED_FOR_INTEGER_STORAGE
8139,vmm-2aa42bd687aa79924dcdf45ac1c6cb94eea3982b0ec12d6f95a18d8c21503e73,LEGACY_QUOTE_REQUIRED;EXOTIC_QUOTE_REQUIRED
8140,vmm-c22c3b4bcf650baa3924477e5223ce06264528055c45d374b48548ee3b1555ac,LEGACY_QUOTE_REQUIRED;EXOTIC_QUOTE_REQUIRED;ROUNDED_FOR_INTEGER_STORAGE
8141,vmm-9bf7ba28c9a5032126b4e4143293fb9c8d4f264a449ff9eaaa3e747e054165ec,LEGACY_QUOTE_REQUIRED;EXOTIC_QUOTE_REQUIRED
8142,vmm-56af9f9533fb3b3b53fff97e1b550e03f2e5b8dc8fc19c7246c1763e407134c1,LEGACY_QUOTE_REQUIRED;EXOTIC_QUOTE_REQUIRED
8143,vmm-59f7b14ef5bdbf32f19b8d34a81a2404effb3c76fd92655f8ed985a0d7df87bd,LEGACY_QUOTE_REQUIRED;EXOTIC_QUOTE_REQUIRED;ROUNDED_FOR_INTEGER_STORAGE
8144,vmm-705f5e99b8a9ea808e34e01ac9e16e510a10c3ab79b2b9e3a6ae08e106374978,LEGACY_QUOTE_REQUIRED;EXOTIC_QUOTE_REQUIRED
8145,vmm-ba125cf0aac162080b6474a869f73535e6d44dec980fa9db3a3b521dd1cd38db,LEGACY_QUOTE_REQUIRED;EXOTIC_QUOTE_REQUIRED;ROUNDED_FOR_INTEGER_STORAGE
8146,vmm-d679e80e5ccc01af38fccbfbdaf1877be4d5928d9aa1460da28f1a1165fa6b2f,LEGACY_QUOTE_REQUIRED;EXOTIC_QUOTE_REQUIRED
8147,vmm-1fb31aa65fc1b0371c3a6c42768c7fabc83ce4ddfe7be1b199fcbd1ed981a156,LEGACY_QUOTE_REQUIRED;EXOTIC_QUOTE_REQUIRED
8148,vmm-6abb155a9baedc4c6453b437f4fe5263bbdfd3eb4f012d133c0bd3d55175901d,LEGACY_QUOTE_REQUIRED;EXOTIC_QUOTE_REQUIRED
8149,vmm-b007fd73e55bc7693ed92f67642da87df0e5cefb4d61c6f819721307f86086f2,LEGACY_QUOTE_REQUIRED;EXOTIC_QUOTE_REQUIRED
8150,vmm-75abdf57798fa707ab63d5ccb4263871a051685aa299b733b63ef447a5068500,LEGACY_QUOTE_REQUIRED;EXOTIC_QUOTE_REQUIRED
8151,vmm-aedbae98dec9ea70f010ba6cc064f611bbacf7264833fcf7998417a215937cd5,EXOTIC_QUOTE_REQUIRED
8152,vmm-33078365edbb7b2a0790516b3473008ae4b684a0bf7a792056dcba1f94ef4201,EXOTIC_QUOTE_REQUIRED
8153,vmm-9d7eac230eaa5f68be90b6b69f38aa620aa8adee4c8de9ac6a6a02f237ee79be,EXOTIC_QUOTE_REQUIRED
8154,vmm-ed9a94b73726e99f126e64883e71e5b27f6c715f9e5422fd3085b4e583b7dfb5,EXOTIC_QUOTE_REQUIRED
8155,vmm-355fdbcd7e81385217e02a16545c1154369f713d3a6c4a32f03710ae91906aad,EXOTIC_QUOTE_REQUIRED
8156,vmm-ead726b45d2b0d241d26b7faee88efe5b74efe2cd9d54d19144c90c6d211b497,EXOTIC_QUOTE_REQUIRED
8157,vmm-79f66b19469b660fea014f1a76871818d630c20bd8631dea3798a1edcdbb87eb,LEGACY_QUOTE_REQUIRED;EXOTIC_QUOTE_REQUIRED
8158,vmm-e7aff28377c3a6daf1d988b97abd00a7cb5ffcdd99ad52d1b21687e5edc30b4d,LEGACY_QUOTE_REQUIRED;EXOTIC_QUOTE_REQUIRED
8159,vmm-98f99c9cbd0c55ec4931887ec2ccce77c4aefdf3363184029b220d5d13d08529,POWER_LABEL_CONFLICT;LEGACY_QUOTE_REQUIRED;EXOTIC_QUOTE_REQUIRED
8160,vmm-73712463358effc3de449a0b772343a8ca7e1bed523de386f70a8db028e4ff58,LEGACY_QUOTE_REQUIRED;EXOTIC_QUOTE_REQUIRED
8161,vmm-6928736572e0bcec8aaa5a7b242eae93fd298149d23bf39d61554d550455b41c,LEGACY_QUOTE_REQUIRED;EXOTIC_QUOTE_REQUIRED
8162,vmm-aaf044855a9b4c9af93530ec1b46b10690c5b8b57004d3b2f4ff092a0bb04f8a,LEGACY_QUOTE_REQUIRED;EXOTIC_QUOTE_REQUIRED
8163,vmm-38721f231c939431c472caa92aa03b6ea6c7d63fe46e5efd5a44d6cd6c156f8e,LEGACY_QUOTE_REQUIRED;EXOTIC_QUOTE_REQUIRED
8164,vmm-b0aa9a4b849bfbe094f89f64cb745046b9e3fd4dd995005b8966fae56079c290,LEGACY_QUOTE_REQUIRED;EXOTIC_QUOTE_REQUIRED
8165,vmm-a943fc630ca197ad48fe8b4277c7cd41976fc3f0b1a5cb25a9002747a913a506,LEGACY_QUOTE_REQUIRED;EXOTIC_QUOTE_REQUIRED
8166,vmm-1490342f67ec01febdb9c41e203de595684dd116da9a5e464b4d08f831e82f49,LEGACY_QUOTE_REQUIRED;EXOTIC_QUOTE_REQUIRED
8167,vmm-1a06b44cca2587a3cfc548557adfe89890ad830b7fc78a506ee60980e94f85bd,LEGACY_QUOTE_REQUIRED;EXOTIC_QUOTE_REQUIRED
8168,vmm-9b491a58cb03e7e5b92cf79a1ac5615162cd1d059b5e7a1bb3db7a1c155bfc19,LEGACY_QUOTE_REQUIRED;EXOTIC_QUOTE_REQUIRED
8169,vmm-81014289583dcd43558bae39cd137d67c77366dac36e5fc6862f790be1952748,LEGACY_QUOTE_REQUIRED;EXOTIC_QUOTE_REQUIRED
8170,vmm-fdabf113c0c22ec564c73b95db8a007ffecee6efa5b39720056836f510291138,EXOTIC_QUOTE_REQUIRED
8171,vmm-ded69420dfeafce2709ed742af152f48d10b4a36fde4309bc01021909b227673,EXOTIC_QUOTE_REQUIRED
8172,vmm-777fb1037cf74ee7897368e56cfbf1042106b35a2d82eb5edcd18f5b906f7d53,EXOTIC_QUOTE_REQUIRED
8173,vmm-3c7d312b9b20e710fe485e527f3a6748a4055eb0a84a7236e1bd767d2114703d,EXOTIC_QUOTE_REQUIRED
8174,vmm-327809e73460c17c6d15427d7a422d80d4e4b9d2216f71151d47fb69c9a456b8,EXOTIC_QUOTE_REQUIRED
8175,vmm-32402d13a6fc4e1207cf57684d9b28cb9f4bd0f24292d690514a5978d3156a33,EXOTIC_QUOTE_REQUIRED
8176,vmm-960f38bf25733a01c02978d567bcfce57bdb9020869c8c26abb7c0bcb7a7b9f9,EXOTIC_QUOTE_REQUIRED
8177,vmm-3dab6a952e10cf106c7b301abf0d027abf0df97b39e9044773a13d9d641aa10f,EXOTIC_QUOTE_REQUIRED
8178,vmm-ea48a7fd01e68a1bba382d8822e5d9ccf78df3026870d29eb4f054c607a8d49c,EXOTIC_QUOTE_REQUIRED
8179,vmm-1f37cfb24dfd62c2ef34efb5b2400e6d5be659a215d8744c47c3bfdf36af5094,EXOTIC_QUOTE_REQUIRED;ROUNDED_FOR_INTEGER_STORAGE
8180,vmm-5ca58fb44dd7a47c0f370e2074ec6711d8106b8fea33e8e06694ffaf07ec0a7a,EXOTIC_QUOTE_REQUIRED
8181,vmm-ccae7b6ab20731dfd0addf1ed7f69bca932350262b6d11dd05dfc8d73438a42e,EXOTIC_QUOTE_REQUIRED
8182,vmm-1fabc8d83f49e2f9d1b4ef7b52ea10c585380277b57dfd8f77456caba90e210b,EXOTIC_QUOTE_REQUIRED
8183,vmm-2c8d4f18b9e82f1f576cf4e37a285bf8f68690ccab5f543aa8a403108d2f2142,EXOTIC_QUOTE_REQUIRED
8184,vmm-e929553caf445f682f8339c080cc4c0480c2a42e632609016974118b77010b51,EXOTIC_QUOTE_REQUIRED
8185,vmm-3256899bfdb55eb786b779a34dc69172f2e8d180cc366124f08d29d9ee9a1535,EXOTIC_QUOTE_REQUIRED
8186,vmm-d5c8e7e00824307765505ff32ea7d4dddff89a795a8f54a361ca0c018c8a7c1c,EXOTIC_QUOTE_REQUIRED
8187,vmm-475bcbb6c156b2afca01dd5a337b2ab967d0ef70a79a235f47c4c9bad0b994e6,EXOTIC_QUOTE_REQUIRED
8188,vmm-45efae4d52bd7d770072426f0f88e5e66a7cbe09cb022324e1b5fa599eb491c2,EXOTIC_QUOTE_REQUIRED
8189,vmm-9ac258b5a26e53c16bd216acc2116c8116a19d0f2e33db430389c66204f76cd4,EXOTIC_QUOTE_REQUIRED
8190,vmm-4a2ba79f8809fdb9c15bbd118c2b04835b084370c5bbd38f2bc3ac3b0834a6cb,EXOTIC_QUOTE_REQUIRED
8191,vmm-a2483fe10a203d064e8a9ef13e05d1bb2add74db3cd386b97b3f68d506ae8e8f,EXOTIC_QUOTE_REQUIRED
8192,vmm-e40149b5e271ed1c7e009f5f8ea107a2fec603cd1d26170d8c9d0c55edb3a780,EXOTIC_QUOTE_REQUIRED;ROUNDED_FOR_INTEGER_STORAGE
8193,vmm-dd1f7e33336799f10d316bd9e6bbb5991a895f932f8956b4eb8ef8daea7f2a36,EXOTIC_QUOTE_REQUIRED
8194,vmm-65450e2a43d11d4ffb0c947bc18972da2da99806def8aa7b0e657327fa59cc11,EXOTIC_QUOTE_REQUIRED
8195,vmm-ea7a6167c86e46bd1b6ebee9eedef86589c0309f6dd8993c72107b77ad98a277,EXOTIC_QUOTE_REQUIRED
8196,vmm-4bd3a862dd9a4dff817caeaa73632d0d085cc0a36eaef37dac491a07a936c8d4,EXOTIC_QUOTE_REQUIRED
8197,vmm-0ab3936500ac71d01e24426e68cdea725c72887b25416237be7b474f7ab79d2a,LEGACY_QUOTE_REQUIRED;EXOTIC_QUOTE_REQUIRED
8198,vmm-934065b8b5a13dc90e425b97a6de356b53069e7b72507c78102838887e5a2d78,LEGACY_QUOTE_REQUIRED;EXOTIC_QUOTE_REQUIRED;ROUNDED_FOR_INTEGER_STORAGE
8199,vmm-d3b10fb2e55d4a1aafb43368c9b909c67c14446f3267ea17abdafc784738b0f5,LEGACY_QUOTE_REQUIRED;EXOTIC_QUOTE_REQUIRED
8200,vmm-6fe46eacd9825e175b3ebdd38e881e171de0a0631df5757b126dcf45e7c87653,LEGACY_QUOTE_REQUIRED;EXOTIC_QUOTE_REQUIRED
8201,vmm-2c8cea130af67c7e11140f24062692e7fc039ff5457f269c7c8aea0274a0bde4,LEGACY_QUOTE_REQUIRED;EXOTIC_QUOTE_REQUIRED
8202,vmm-ffdf7d8bf8f94a1edeea5d7a9d7088533fb50344216ac372041345e651bc1533,EXOTIC_QUOTE_REQUIRED
8203,vmm-d3401711e2d5cd1e2af9b37f80fd1168a4c1751254c136e025d7ef8bf6f89fd9,EXOTIC_QUOTE_REQUIRED
8204,vmm-756eb31e17d070b732cbc49716631cae86ced5edf1d390466ce83dbc4205dfa2,EXOTIC_QUOTE_REQUIRED
8205,vmm-60876a1cc2066b819964cfc6d285fe05286b6ca626e8d15a1ef2ae2632ecc252,TRANSMISSION_LABEL_CONFLICT;EXOTIC_QUOTE_REQUIRED
8206,vmm-cb94bf8568ac9b4ffde3fea7ee3d42b2630fa5b0d5f290de8c7c5f9e1078f9f1,EXOTIC_QUOTE_REQUIRED
8207,vmm-e4229b391f972c3bf28b3d8d6a38ad5883651b4d6f37d448104a23cb7b55ff5c,EXOTIC_QUOTE_REQUIRED
8208,vmm-b49e63988a36a40501c973af8b323be6b62fa4fef668f50b598aad419ee5fa1b,EXOTIC_QUOTE_REQUIRED
8209,vmm-293e7ff38d7e1878f00dbffc3c83757958a1c670ea3a7800fdd8cecb3beee5f2,EXOTIC_QUOTE_REQUIRED
8210,vmm-91eef7496c9b10145fdd840d55918d5ad8886ca4f317cfb7781f94b77afdb5e2,EXOTIC_QUOTE_REQUIRED
8211,vmm-dd6272bfa7c6ffb287c0d9e601371fa422f06e3f5d53475ba6250a8f4db4b67f,TRANSMISSION_LABEL_CONFLICT;EXOTIC_QUOTE_REQUIRED
8212,vmm-e5ce714d1a64efa58668222859abaf8bcbeb873989163666be428f1aa513b9d2,EXOTIC_QUOTE_REQUIRED
8213,vmm-0a106504a96de53a97826a505336e2aa3558fe6e624bc42a047afee9feea89e0,TRANSMISSION_LABEL_CONFLICT;EXOTIC_QUOTE_REQUIRED
8214,vmm-ebc8361a1013eef0aa7cb3b3925e0f619c927407bfb8660fbf4c6902f8cfd98b,EXOTIC_QUOTE_REQUIRED
8215,vmm-7a1660445a30b8f27d836bf1dfabb20ccb890cfb9c33a5d0be95d3b2337a1723,EXOTIC_QUOTE_REQUIRED
8216,vmm-6b3fbecae8bed5344553b29472e221a9e0a5f9ef3c366f7a848b824cba6b48c9,EXOTIC_QUOTE_REQUIRED
8217,vmm-a6e538c3c7f2474784bbf026c282806a0011bfcd458369d2176cb5a5f8385307,EXOTIC_QUOTE_REQUIRED
8218,vmm-2e54279ddd2d2e409eb2dc92fb1674772a7f85d5cfe33bc7429eee82523bde1d,EXOTIC_QUOTE_REQUIRED
8219,vmm-dca8bea57e2a726374bf2276dce9ebd6e0e02239d1b29cb5206fb283918d2d40,EXOTIC_QUOTE_REQUIRED
8220,vmm-8f1be6b8fdc0753aab0e2798d76c31078802bf659c7fb2c356758c30fdd955cf,EXOTIC_QUOTE_REQUIRED
8221,vmm-73c23b8c137b4fd34d2dda753012448491059e06f9e3160251b9968a861f19c5,MASS_UNKNOWN_OR_OUTLIER;EXOTIC_QUOTE_REQUIRED
8222,vmm-488e498d7f93a479e3454f473b510efe117d332e5295aca30e31648b59cc9ea5,EXOTIC_QUOTE_REQUIRED
8223,vmm-58de3d3a7fb1c96f22bddffa972bc15522376f73c3b0829c0e143966a5d87066,EXOTIC_QUOTE_REQUIRED
8224,vmm-8fed45432a5439a535149066cda7f9bc2ad9f177bb3d80ae2cb5dcb3fec7108b,EXOTIC_QUOTE_REQUIRED
8225,vmm-9388221687dc5dde3ad2ceb30ac96b99b8d1f00c2e06c95e04d9b613b1da54f0,EXOTIC_QUOTE_REQUIRED
8226,vmm-c184c872fd6bb666005e4f48651d5c7b221935430c01da33b14dac2fb6857081,EXOTIC_QUOTE_REQUIRED
8227,vmm-cbe78fe65b6e257b5fce7ed740be6c1cb6cac98060a48598af70e47f6f6c009e,EXOTIC_QUOTE_REQUIRED
8228,vmm-407f21bf93ef6f909af8f5c9cef434cdc000cac34fade42a1cc473c21ca57074,MASS_UNKNOWN_OR_OUTLIER;EXOTIC_QUOTE_REQUIRED
8229,vmm-9dbd95a9edbc78b08c7f1144ae577e433ee10f3dd35ce30f50480410f0cb5777,EXOTIC_QUOTE_REQUIRED
8230,vmm-59382ca14d29123b6cbe601948f2db86fe23983204090da9e754820f8dfaa44c,LEGACY_QUOTE_REQUIRED;EXOTIC_QUOTE_REQUIRED
8231,vmm-1160c280ef54a47fca988355bfd9876b4a48cdf5f0a895867523d89876a3f546,LEGACY_QUOTE_REQUIRED;EXOTIC_QUOTE_REQUIRED;ROUNDED_FOR_INTEGER_STORAGE
8232,vmm-e7240363cd28661db8c2938062fb4ed7a806480464af1f12cdcf5ef378d1a951,LEGACY_QUOTE_REQUIRED;EXOTIC_QUOTE_REQUIRED
8233,vmm-c2f392f24e80bb6fa39f9baa5b31e04858f693c6aace4a61b9c3a8f2d8d97a63,LEGACY_QUOTE_REQUIRED;EXOTIC_QUOTE_REQUIRED;ROUNDED_FOR_INTEGER_STORAGE
8234,vmm-2e15dcd2b3539d085788511c8af83f3c4473a85aa865bd31a0b26dc75f5c948e,LEGACY_QUOTE_REQUIRED;EXOTIC_QUOTE_REQUIRED
8235,vmm-24b5d714589a5240c187b1c6e91730a479148e312db180e9b269a2e43e3c1758,LEGACY_QUOTE_REQUIRED;EXOTIC_QUOTE_REQUIRED;ROUNDED_FOR_INTEGER_STORAGE
8236,vmm-ab23efb0debcd635f16ada46287a01b2106e03106c03959b97fdc3ab1d69f39d,LEGACY_QUOTE_REQUIRED;EXOTIC_QUOTE_REQUIRED
8237,vmm-4b9e2d7e06869dfa2917244824dd5062d80b2b3fe3433837c12458c263803dad,LEGACY_QUOTE_REQUIRED;EXOTIC_QUOTE_REQUIRED
8238,vmm-bdebd96dad3bb8a430819290677942a861e7ebe85e0b5d2d71bf74955af6e437,LEGACY_QUOTE_REQUIRED;EXOTIC_QUOTE_REQUIRED;ROUNDED_FOR_INTEGER_STORAGE
8239,vmm-47d7c0a07c3d41c5a2e87792b2f4106f8d8aaab8edea817968e04984411827c4,LEGACY_QUOTE_REQUIRED;EXOTIC_QUOTE_REQUIRED
8240,vmm-74b37c1623ac5d11c1356e697645a098593694f244acfe62f8399ef94922e816,LEGACY_QUOTE_REQUIRED;EXOTIC_QUOTE_REQUIRED
8241,vmm-50a007a98370b0bc56699227992edf2f6e52b10b747780cbf138005900bf5d81,EXOTIC_QUOTE_REQUIRED
8242,vmm-84e4f4a6dc0788e7713cf2bec81599d4a90cc2ccf095992303579507c00fc267,EXOTIC_QUOTE_REQUIRED
8243,vmm-077d3bbe93b279d5455c9f15e0cc10abb623888c7d68b7d21f82de3109677e24,MASS_UNKNOWN_OR_OUTLIER;EXOTIC_QUOTE_REQUIRED
8244,vmm-cf643c2ce53328936a0d7492881ab35c058d256073df4e730976323556f5f006,EXOTIC_QUOTE_REQUIRED
8245,vmm-cc1491ca61544090af4566ac8729dc007c930c9a52eb419561dd3697b86035f6,EXOTIC_QUOTE_REQUIRED
8246,vmm-78daac454b50a6aebe641fa5b45211fcb03d81045b5933796f366e0fe303464d,EXOTIC_QUOTE_REQUIRED
8247,vmm-590d44c9abcce0a4563a56704ec5191f3bf3829755820a54ad372ad595318b91,EXOTIC_QUOTE_REQUIRED
8248,vmm-69733d18179290cb15767dcd251206b147d1bf54e8dd45b3af492d734d075fa1,EXOTIC_QUOTE_REQUIRED
8249,vmm-5e707f4d31dd7aa3f1633666ebb8943986b1db433c33b63e3e749eebc0761f2c,EXOTIC_QUOTE_REQUIRED
8250,vmm-37a7206c0af7988cb544659c65957f2fcf169b972628d4433d94c97dd14b8753,EXOTIC_QUOTE_REQUIRED
8251,vmm-79f08e591b05354d5b536819d1047757d46e1a3848f129e59f45ee37875c9a9e,EXOTIC_QUOTE_REQUIRED
8252,vmm-cf7ebb9055e77f318c17cea635fd2e626c4deba37d28b248afe88fb439c694be,HYBRID_COMBUSTION_FUEL_UNSPECIFIED;EXOTIC_QUOTE_REQUIRED
8253,vmm-c5bfac78b5f9b6b6e9b2def324fea63cbf6486dd38b02dfeb248faf9a0d93e2d,HYBRID_COMBUSTION_FUEL_UNSPECIFIED;EXOTIC_QUOTE_REQUIRED
8254,vmm-f70a79434eb6f83a06242505c1df54c27bcb8562cf9132ae7703f15ace049d8b,HYBRID_COMBUSTION_FUEL_UNSPECIFIED;EXOTIC_QUOTE_REQUIRED
8255,vmm-673816df3d5acdc32de61e1f2243885152569642add6aaa9ded2f33f1383bec4,EXOTIC_QUOTE_REQUIRED
8256,vmm-df9dfbcba27ee843d35e422b04e27761c6beb975cbc32b023b5013b66a1fc865,LEGACY_QUOTE_REQUIRED;EXOTIC_QUOTE_REQUIRED
8257,vmm-3b09ddd96b4b938fe72799b83412cb581dc3ff65f89a8bd96258d18a91e87aa8,LEGACY_QUOTE_REQUIRED;EXOTIC_QUOTE_REQUIRED
8258,vmm-3161e11b93813a6c15b7f85c36487f49df608cce8ccb62934cdf54b98fec5f16,LEGACY_QUOTE_REQUIRED
8259,vmm-aa100ee857db28f45fb6a23cc7d27abb95b7cfd7ed4497152507462635bfc5ad,LEGACY_QUOTE_REQUIRED
8260,vmm-d6e0cb0203b2b782ce504ccf35bfd652cb314568adb54853766665856503bfb5,LEGACY_QUOTE_REQUIRED
8261,vmm-662d0ba7e1df801b2c8b25b53bced9bb47a6aed4966bcc531edb05fb19d3ad8e,LEGACY_QUOTE_REQUIRED
8262,vmm-e5fc25467547c934b297f45ed492ce3f279e5fac50809a8232bfb40a3d4f69df,LEGACY_QUOTE_REQUIRED
8263,vmm-81a4cb1cf007037dc42f86d29929eb7f05ce3b6594cf60188e631d712fe34a89,LEGACY_QUOTE_REQUIRED
8264,vmm-c5eda1940c3f5a63efe2a0677bb2f6be31fbba18ed0824315bd6316294e17f82,LEGACY_QUOTE_REQUIRED
8265,vmm-926b3f67d9443e1b9a8624011506f5de79a42840057e4090647b793d3c58ec83,LEGACY_QUOTE_REQUIRED
8266,vmm-69e32d0d502064198c6ed9e48705b428cefd70d5621328e9e07f216a776ad4cd,LEGACY_QUOTE_REQUIRED
8267,vmm-35c5adabd192d292f74a0aa7b6a56e43ca8be6364d211f2802c3ff3d6c7c4d7f,LEGACY_QUOTE_REQUIRED
8268,vmm-5185b37f7e015f07052e574bbdb76af3543d6d5c15c902bce5da97093ea341b9,LEGACY_QUOTE_REQUIRED
8269,vmm-a6360ee89b5c3bfefc010e528fcab09f23f6c17ffe1faab32000741cddde5e0c,DISPLACEMENT_UNKNOWN_OR_OUTLIER;MASS_UNKNOWN_OR_OUTLIER
8274,vmm-629c440ddb0115772176c8b9555e691899925b9d23b5135508ceb4d00b667750,LEGACY_QUOTE_REQUIRED
8275,vmm-e2ea97ed7851e37350ff5898c90e5f380d5b46acf8180802421ce2eec6ebbcb8,LEGACY_QUOTE_REQUIRED
8276,vmm-6a21870b097b77a5d9c252e3e2569cc7c2a14ca06b288528da9126f871fd4ca9,LEGACY_QUOTE_REQUIRED
8277,vmm-aa3301616afc01649235595c48fed543f5f0a6724a607be628773c294dd811c2,LEGACY_QUOTE_REQUIRED
8278,vmm-191f1c49a5f841c922d78b4a657c4417e94d05ee3824f323df81dce70634bd47,LEGACY_QUOTE_REQUIRED
8279,vmm-73dd7fb04d329b10b4e4577212730f82db69695e15d163b3609a38e349936d0d,LEGACY_QUOTE_REQUIRED
8280,vmm-5552bb54b60b878c49694d574fd21ff3dc8935999c2affbbe7d975a5ab118ebf,LEGACY_QUOTE_REQUIRED
8281,vmm-ad518cc7fe3aa2f7be0ee91ca2d5a0d867f4784ca4f16f334df03685b5d5d735,LEGACY_QUOTE_REQUIRED
8282,vmm-87f1cedb0480ee1e3eaa83040ac2239cb1a1769ef4773f71ff7180d59bbbccbf,LEGACY_QUOTE_REQUIRED
8283,vmm-95acd4b985704772bf0d826a2b77c19133b86403a82260ee267260400fa46a68,LEGACY_QUOTE_REQUIRED
8284,vmm-079d87964fab8cb842b1d9541990dc8cded69873cdacbf2e61b4bf410b36c392,LEGACY_QUOTE_REQUIRED
8285,vmm-c8bc22869b399b9bd692e7e7c6ffba641451352c597113cc0342321acbab523c,LEGACY_QUOTE_REQUIRED
8286,vmm-a90a97e4ff122f4d2bb497a729d8e524ee1ed7f574c7abae6dc371b38b310acd,LEGACY_QUOTE_REQUIRED
8287,vmm-46cb0041f899adb10ccf287be286647fafee618cc7dad6785a96bf8bc3ea456c,LEGACY_QUOTE_REQUIRED
8288,vmm-3840d61bb0f4a2bd0b3bdc4e4cabf6dbd8ebe0b3ce5a71598984726689361425,LEGACY_QUOTE_REQUIRED
8289,vmm-4242280755e64506b6c32bf053949c599d77b8b85451343ded6d472e9e1cb2df,LEGACY_QUOTE_REQUIRED
8290,vmm-90aee6967849597ae3cba367cc2e3b44d6d37aee2f3957aa8c8f948b8fc9945f,LEGACY_QUOTE_REQUIRED
8291,vmm-22d83c683c048b2f6147a3d769cada1cb8ece069af34d197996ae44a80580943,LEGACY_QUOTE_REQUIRED
8292,vmm-e10849aca4f940262ec761adf1da85797a03d9be756b79782b6db7f67b951a5e,LEGACY_QUOTE_REQUIRED
8293,vmm-5f8d4024cc6ac62f9703cb3b1417dd65e1f4c31fd1c802b078715eef942dc95e,LEGACY_QUOTE_REQUIRED
8294,vmm-56350c972a9db4c9cd406d62113738860aca50e4cdffc7fab65d1b13f62bce7e,LEGACY_QUOTE_REQUIRED
8295,vmm-4e99a91adcf76a4dd2d619560832005d624505bd00d13c9523941a719bb1841c,LEGACY_QUOTE_REQUIRED
8296,vmm-9f2ec7900f8566fd81365dbb9f80e79a01499144690f6bcf3c74eebd4bac4331,LEGACY_QUOTE_REQUIRED
8297,vmm-a316e5b675a65ae537330bfd658166013e3bd70b419b94a2b0af2ec81a3bfd29,LEGACY_QUOTE_REQUIRED
8298,vmm-edc0d438c064a1194970a67efe2a6af2f9a8d510211c01c63e856e4675ca381f,LEGACY_QUOTE_REQUIRED
8299,vmm-bf02e3d93ed7e0053f9fe074e897724952020ee8715efd7c861481f7d7996266,LEGACY_QUOTE_REQUIRED
8300,vmm-68baa724553d31c69467a93f6307d886b75c7406f78087a2b2cc77398ebb3ee3,LEGACY_QUOTE_REQUIRED
8301,vmm-c568b2ed19d19c9f2d50a5a015813d99f24716f040f996fba99fcd77f869d76b,LEGACY_QUOTE_REQUIRED
8302,vmm-bc7e51e9cb2fc697ad39638c0e11541720f4c8a57c1ca56d4ad710801df6d0cf,LEGACY_QUOTE_REQUIRED
8303,vmm-8e4a8e22a6c0cd8fda82960e5ab4a50db3c0b40bbc409e1c63039dcf79f42548,LEGACY_QUOTE_REQUIRED
8304,vmm-a2fff9ae1b27300ed5a400552f9da1bfddcd53431ea33c12ee22d7f53b800144,LEGACY_QUOTE_REQUIRED
8305,vmm-aa2262d22b371a82e86fa5992629f7a880bf6c1638603ed892d6dce1049907fc,LEGACY_QUOTE_REQUIRED
8306,vmm-d217b9d965bfec9b0a1f270471b0d13038e22a02b795e843b414016ac778157b,LEGACY_QUOTE_REQUIRED
8307,vmm-d8e4e25b057925fcc71d660aa23d0abf3628deaced59f39ac28b5ba51d12ea5f,LEGACY_QUOTE_REQUIRED
8308,vmm-76e2c12a0fc75a9f373fc1ddcfc01d7a81b50838e4409df48cc15f4ca1d74e61,LEGACY_QUOTE_REQUIRED
8309,vmm-e4756f01d595ce045e1e6ae598c67cbb12915053cc0ccbbe6cc9b4c6c4c47fd4,LEGACY_QUOTE_REQUIRED
8310,vmm-06b0b2165bfabb55d116bddb42d1c8a40ab2fee7ef6ea5e58b59d363fb21e014,LEGACY_QUOTE_REQUIRED
8311,vmm-f98272789cd929e41f6c4c3b1b9f671aca0f5a0808fb3d0b686fc2ff5a5938e5,LEGACY_QUOTE_REQUIRED
8312,vmm-b1bc7ed42bd4a6b247475caaf6da6047e4c21b1aea90ceadb1e5b6452a02c2e6,LEGACY_QUOTE_REQUIRED
8313,vmm-9a5971af3bfcc9f2db6b4f0fe643d82d9433802bb2e40d0cffb051dd9cc939ca,LEGACY_QUOTE_REQUIRED
8314,vmm-bfe586d52cf8d9c356098ee565610e1cb522b2376626684d371d7d366737df96,TRANSMISSION_LABEL_CONFLICT;LEGACY_QUOTE_REQUIRED
8315,vmm-de6763c49b6790432f705144acab732efad88dc7a4505d8d0594e8135c263c20,LEGACY_QUOTE_REQUIRED
8316,vmm-5e376b3b88f90e050f778cfcc70efc04026fe2b8099db6f4567c9799a2e3a526,LEGACY_QUOTE_REQUIRED
8317,vmm-8724ed61a21dd8c7eb64bffecee6fe2eb0be610862c1c101d78491d120343b26,LEGACY_QUOTE_REQUIRED
8318,vmm-3eae2606808e46afda95044c515355e900a70b24c76e0fc83ff723ac246739ab,LEGACY_QUOTE_REQUIRED
8319,vmm-173950684796a3b3bf67901989a0dddf6cc03d0c6dc74b5079ff9a89bcc01040,LEGACY_QUOTE_REQUIRED
8320,vmm-c6ed07e09de07ff4cf64dd048c5855049f0b8bdac15ab126f46d4d7a544b0d7f,LEGACY_QUOTE_REQUIRED
8321,vmm-c72a6bc15b9dc3f49dfe3273a0dec85beb839b23ca7094f8ca720bc3c4428c64,LEGACY_QUOTE_REQUIRED
8322,vmm-70f40fb0da2c21dbaa8fe399403719db73ce43f7af36f4f5be3c157c0674ff5c,LEGACY_QUOTE_REQUIRED
8323,vmm-49745d8ee468a369032695e6f58e5724734e08e78210f7390c6f02c70cf55b61,LEGACY_QUOTE_REQUIRED
8324,vmm-2cfc3862adea6eb7dabc5ff37db0c88588fb8f83f7cf178e2fd51d90ddb4946a,LEGACY_QUOTE_REQUIRED
8325,vmm-426c72e060298415383ad85b79876adcba5c945b667716c97d4b03a3f8cf51a3,LEGACY_QUOTE_REQUIRED
8326,vmm-51c77b85149b6addf202a88f988d679796dcd05d62bdc0dc414c937890f740ee,LEGACY_QUOTE_REQUIRED
8327,vmm-56178fd7f8f6bb7428730d273b4773c45f2492f585aea69afb564c332e5f2fa5,LEGACY_QUOTE_REQUIRED
8328,vmm-d3b58d43a88303a0b91e5935779a67c19bb8036597cc528225c4c2fc3d820f99,LEGACY_QUOTE_REQUIRED
8329,vmm-a57b58901a586384982016a4f425cdad911a48a60a05908fa5d69214df4530d2,LEGACY_QUOTE_REQUIRED
8330,vmm-c6e60bb8028ad208e66bc694e187f62715f89b57fc6fe551e73516ef32aa6cac,LEGACY_QUOTE_REQUIRED
8331,vmm-c0c11ce450df2f3aea70d2ed4a432bed410e55b38c4adf9a982107b92e78c7fd,LEGACY_QUOTE_REQUIRED
8332,vmm-cd44e4ad5d9c93e82bb0ebe04c871d2187f2fbaf12514e133e573bbd9a981121,LEGACY_QUOTE_REQUIRED
8333,vmm-740f760714dddf6850ebc870f008f40da1ce990968bd012bac900a368f332c38,LEGACY_QUOTE_REQUIRED
8334,vmm-a7099c592e8fda006710b86366031f279155e9b7b4dd8a14cfdb909329fa42dc,LEGACY_QUOTE_REQUIRED
8335,vmm-f5dda2cc74405da4a0ea70756cc3fee147ca44c010b0634b9fd31705e8b8cb12,LEGACY_QUOTE_REQUIRED
8336,vmm-e287971d88c64c7e1a1e82d41650a4c543cca8e2384066a54d18994cc95401a6,LEGACY_QUOTE_REQUIRED
8337,vmm-58e44fbdb189e4b05bac8d951139366a1030d4e3163c6286d878bcb023ea3a52,LEGACY_QUOTE_REQUIRED
8338,vmm-8050614b62261d83e8cbb17f38d125d41602f9d57c014982c9c57cf6c7725143,LEGACY_QUOTE_REQUIRED
8339,vmm-8ac4f42c880d55ad50d8dae74eef2ff9e1473d89b01dc241cfd34fea5aef9f78,LEGACY_QUOTE_REQUIRED
8340,vmm-74eab266c48c4be7cd0569dceb701ee25472b4cf721d934e8b618a4b879c01a3,LEGACY_QUOTE_REQUIRED
8341,vmm-c1505a7bb2601a4508b650501217d91fc5e99be9d753cfaad416e99c51bdae95,LEGACY_QUOTE_REQUIRED
8342,vmm-52feadb3c65cd547b1d1afd06f2ea2715e38ab20c8afdeebf04a8407165b0dd4,LEGACY_QUOTE_REQUIRED
8343,vmm-1d1f9960b016c6634c7763fa1f831aad450dc48834bb6ac759c2010a0a239194,LEGACY_QUOTE_REQUIRED
8344,vmm-a9befcd6da9b80365e418fc66767d7d7c398531c7686b04d1b02a490da4ecbb9,LEGACY_QUOTE_REQUIRED
8345,vmm-a9182cf01d78ce23a1e8d3883e550c3f7326e9a5f7373e7899f9b7a74062ed35,LEGACY_QUOTE_REQUIRED
8346,vmm-44500824162a0b9a673e1db57f17e314ca89107cea0209b15cf6b7a3d01856c9,LEGACY_QUOTE_REQUIRED
8347,vmm-aaff9e65295c771d916158743e8c2267f8bd85d7affd14e2f65fc295b77af678,LEGACY_QUOTE_REQUIRED
8348,vmm-fc321b8fad892fc85b7e94c17664be8135dfbd678b62b90c909baaebf0ccafc8,LEGACY_QUOTE_REQUIRED
8349,vmm-13800155f9cf7ddd18d2333f4379ccbedb64c8b38ee48ce47e34bc2463317651,LEGACY_QUOTE_REQUIRED
8350,vmm-2f22890b330354733f00db5471930dfd02fcbe2f84403b74bc3d05cf61627c1f,LEGACY_QUOTE_REQUIRED
8351,vmm-71c032cbefd7a779527b23a68409d7dc4daa2762e9be444f4241766038d089b6,MASS_UNKNOWN_OR_OUTLIER
8353,vmm-43b1fbae183e2a4c12f206c9b421591c86aea76232d2c177134dddff2c3b7324,POWER_LABEL_CONFLICT
8379,vmm-a3b2396a0a3f0937a8dfd2d94cf6927f956fbc253f418472efa5611392a60cec,LEGACY_QUOTE_REQUIRED
8380,vmm-e2b784c4d27735bc3d7b13eca3963c5794ff7b4fed6d0143b9bc0c8e5df0c065,DISPLACEMENT_UNKNOWN_OR_OUTLIER;LEGACY_QUOTE_REQUIRED
8381,vmm-f6baa2d52673d69241a3aee3927f73903d7154cf43a0351c321da07990ceff0e,DISPLACEMENT_UNKNOWN_OR_OUTLIER;LEGACY_QUOTE_REQUIRED
8382,vmm-ff96bf6bbbd3b386e1fefde15538d58e4e8edb217c704d519f84d823b9f52406,DISPLACEMENT_UNKNOWN_OR_OUTLIER;LEGACY_QUOTE_REQUIRED
8383,vmm-cdb3823202f9dbb7eb1cda07adf73832cbc354664d40316e5e5af9ac177498c2,DISPLACEMENT_UNKNOWN_OR_OUTLIER;LEGACY_QUOTE_REQUIRED
8384,vmm-a62e303f2663813587d6da0229f637b84db8de67bad7cafd281cccea3720d9f6,DISPLACEMENT_UNKNOWN_OR_OUTLIER;LEGACY_QUOTE_REQUIRED;ROUNDED_FOR_INTEGER_STORAGE
8385,vmm-10704af21ed9b99cc354bfd69a948280c6d90cdb95e02fe64bd9ea78845c8400,MASS_UNKNOWN_OR_OUTLIER
8386,vmm-781f4fb8b309414b9c84db4f49b6c595ce43c42d54686b1082caad831be36fad,MASS_UNKNOWN_OR_OUTLIER
8387,vmm-cc0508466bc5124efa9d064ddf46ca63cd156013745c7c0e64d6d7734273d23a,CYLINDERS_UNKNOWN_OR_INVALID;DISPLACEMENT_UNKNOWN_OR_OUTLIER;MASS_UNKNOWN_OR_OUTLIER
8405,vmm-84458441e19cab866fcf0ca56e3e2989bb1f7dfe4d2ecf4990c5c0c050b00f09,MASS_UNKNOWN_OR_OUTLIER
8417,vmm-6a2b2035bac8e260925355a091cc1b00a5fbeb36da38571455179906a5c4c42f,DISPLACEMENT_UNKNOWN_OR_OUTLIER;LEGACY_QUOTE_REQUIRED
8429,vmm-5accfa576c892fc4ef66ca2aeafc567c07f9c7ef4cda6620851752b5b5fe1706,MASS_UNKNOWN_OR_OUTLIER
8433,vmm-00041f74430631f6d91961e54e5955bf9fe6cf3ea3e6f6d3d275cedea1348c3b,DISPLACEMENT_LABEL_CONFLICT
8437,vmm-64e23c6fb711f372d8ba4074d1dfabf5cbcf9eb01f09cdd2066744da3267e821,POWER_LABEL_CONFLICT
8455,vmm-d20615337ec56d97d558ff3717a91cb39745a8321afa59ae5d87cf1373530a01,MASS_UNKNOWN_OR_OUTLIER
8463,vmm-dff92cb1a47d57de4e0f384f2ce32f092d05ecc017dcdb44d40e27ee9ed538ba,MASS_UNKNOWN_OR_OUTLIER
8465,vmm-2d41fb3b8f1ad41e1be50ebda4a9f02caf4723866aa43e3b8a75945d22dd0ef5,LEGACY_QUOTE_REQUIRED
8466,vmm-16c3b5992f46ddf67ebe40bc0fc03e9a9bfc835b1797339448f67a2af6644934,LEGACY_QUOTE_REQUIRED
8467,vmm-6786bb2201603c36057c950e75dd0f91dbb74bf5f2b859e616741d42dda66d70,LEGACY_QUOTE_REQUIRED
8468,vmm-1fa9f32df6521aeef04a29d2e16fb9515a79c450e5b02f328e5990ac1164eb1f,LEGACY_QUOTE_REQUIRED
8469,vmm-0ac292f0ae967ceb152aee31e70c7520b768d112ee4f507ff665623fcc98ba3e,LEGACY_QUOTE_REQUIRED
8473,vmm-c3b7286a52f27e983052bac36cac9fb701d32a7d4f57771ef3de64331387babb,POWER_LABEL_CONFLICT
8477,vmm-fabb1ff920b966eed9d4f06a59ff907aadf091fad7e9781f486d9457dc224640,LEGACY_QUOTE_REQUIRED
8478,vmm-ef9d2b1f7840ae95eda26f983f83a55653f595b0acb9c0c216fa5ab6e2a5f03d,LEGACY_QUOTE_REQUIRED
8479,vmm-5f42c9f68da05d8cdd96f72dc8bb927970a045ffcd3758514f5f3e22bdc7126c,LEGACY_QUOTE_REQUIRED
8480,vmm-825e72a9f4f5291e6abb2a1d0a15fc26595b39c46f654f268d8e2c2fcbd8fcf2,LEGACY_QUOTE_REQUIRED
8481,vmm-00b9fc0de69104d03d23dcb99c75665f00caaf37d76317123dd7e584fccb748c,LEGACY_QUOTE_REQUIRED
8482,vmm-d29a14637440325f3e3d2a5f9ac84c67e9162e5485765537920d8d5051048b59,LEGACY_QUOTE_REQUIRED
8483,vmm-1e8a50320de02d44294f5a3c9d158e7916c40df2d459d15c41ebd857b64c593b,LEGACY_QUOTE_REQUIRED
8484,vmm-860fc0ab65ec285905ad88fc35f4102f8a21ed19748ed003d512fe461e996731,LEGACY_QUOTE_REQUIRED
8485,vmm-7ac1674f62cc55ce08fee394aee6e35a50d8783dfc13b5a3eadae41e63391c20,LEGACY_QUOTE_REQUIRED
8486,vmm-117bd1a0706e4bcd14bc759721919264260c1cf27397988dbe493313f2cf4fe0,LEGACY_QUOTE_REQUIRED
8487,vmm-c6b9e2b05ddcf3ada3840c0b1b1901716f06d32943f466c7829c981e2cc23cac,LEGACY_QUOTE_REQUIRED
8488,vmm-c670ab0d8c106c846b9b00ffd08dced4535d6f6583eb9eec8b20079b3d2d8ed8,LEGACY_QUOTE_REQUIRED
8489,vmm-e00dd36d9715aeec17a64def0bdea9e12032d81c4e2722c2991a61bcbe0c991e,LEGACY_QUOTE_REQUIRED
8490,vmm-a0dfc1660e68c2a2fdb5e72d945ce60da552f9e061749eeac1ea23335455ce76,LEGACY_QUOTE_REQUIRED
8524,vmm-fdd5743e2ec8d396a1ae98a138e59eb849735061d2894f01305f7154246bf66f,TRANSMISSION_UNKNOWN;LEGACY_QUOTE_REQUIRED
8525,vmm-cf54f0508d6f3c20f328ec21cf0fc2b83e888d45b886732282d158460b5bbafc,TRANSMISSION_UNKNOWN;LEGACY_QUOTE_REQUIRED
8526,vmm-ccdf5eb64eb1543549aa396ea1936011fbc8fb659554277c0a3363fb907a83a2,TRANSMISSION_LABEL_CONFLICT
8545,vmm-28a5d5482ef081c6c6cbb565d93f241b7fc5d5530f50ebc5e2dccb087a4abbaa,LEGACY_QUOTE_REQUIRED
8546,vmm-0dc95a84a2cb54848258250be3aedcf219f55526388ec8c04472c16d44dd7e31,LEGACY_QUOTE_REQUIRED
8547,vmm-30ea3bc64988fa986228e558be62df5f9cb2a9c2cbb31f5a84d04148aa2c430f,LEGACY_QUOTE_REQUIRED
8548,vmm-f777d7d8d1401a64c77322bcecaedb432d85a711c33d53778d5f2e2b99a97e65,LEGACY_QUOTE_REQUIRED
8549,vmm-d88f9dec059ceb23cacdf72d13523256f8ea11cc57163cbf384223979408b9dd,LEGACY_QUOTE_REQUIRED
8550,vmm-9ec7afb458e78515a65d78d8397b20f2c9e3d54cedfbb1222b9defaa1d796c9a,LEGACY_QUOTE_REQUIRED
8551,vmm-b99c2c9e675bb6e6109e2f52fc5cef58e5a67e700ada39c23c1d9cc5abf71beb,LEGACY_QUOTE_REQUIRED
8552,vmm-99e0a2a5a6cec493ee128b3c76a6645e5d5649ad0673e5f6ed8c5fa7928cbc65,LEGACY_QUOTE_REQUIRED
8553,vmm-dedacc5d1ff0e1f11a145a4a5ed96abb86ea3674c4c991f6edb88db645ac2107,LEGACY_QUOTE_REQUIRED
8554,vmm-98f08b878c4ab2bebd9ae42776fcfaf9490ed8638400e983cf9747339f28f7cb,LEGACY_QUOTE_REQUIRED
8555,vmm-f1568b38b4d906dfafaec8d9f3f52f8b850f59aaab645f3b12dca3c2ebd9a103,LEGACY_QUOTE_REQUIRED
8556,vmm-f3a6a910c0ae35f6a91a5687ca69c0b007a9a823854471b6dc2ef320379618ca,LEGACY_QUOTE_REQUIRED
8557,vmm-a2ead4c27d0123d290d449d9b2b1d8e7b00f47a88b3ccf41d8ce0793ab393f41,MASS_UNKNOWN_OR_OUTLIER
8559,vmm-0e33025f45454f03bde4beec12cfacb3d249e1f47d6495f36f733e2d3001c8f0,MASS_UNKNOWN_OR_OUTLIER
8560,vmm-300ed3466540943b3e344e6f54db59d5b052ba98886ee5e3243b9cda81277363,MASS_UNKNOWN_OR_OUTLIER
8561,vmm-f6b0e18809eb971a8f04468e371d5e711c5c730f374b939c9da7608188c382a7,MASS_UNKNOWN_OR_OUTLIER
8562,vmm-a03e99b2c3ed9f5a8167c8c30c782567a17c3ecc7c8379d3c82ffaf8e04525a6,MASS_UNKNOWN_OR_OUTLIER
8593,vmm-eef2160020ae75cd8ee586c5de3adac4ab3f2476ef311c76c983dec268d7c05b,TRANSMISSION_LABEL_CONFLICT
8598,vmm-3298f5170d3f750572555568c937840b6d18a03eb7c347c4bbd70071a1310e61,TRANSMISSION_LABEL_CONFLICT
8599,vmm-4a6abeb91387a9514511808eb2bb2c29d5e04e978d2406e96c09a37d416f9f2b,TRANSMISSION_LABEL_CONFLICT
8600,vmm-a6ad167e025b36823af53caee4eed96f7becf999f256d03c939e238c5a1c3ad4,MASS_UNKNOWN_OR_OUTLIER
8601,vmm-6eb666908e1847412ca0c8c45492031cbf7facdef0beb60dd37b0a35e34bdc71,HYBRID_COMBUSTION_FUEL_UNSPECIFIED;MASS_UNKNOWN_OR_OUTLIER
8612,vmm-eaa639c5a3e304ce0c60b4e04df6e724b7fb6d12a1712383f1bc0103aeaf83c9,HYBRID_COMBUSTION_FUEL_UNSPECIFIED
8613,vmm-545032aaee64fba996dc80cff4b7b86ab83c3fa0b6557a7738b13e1f43b1ceeb,HYBRID_COMBUSTION_FUEL_UNSPECIFIED
8633,vmm-3f078455a317f6e61625b351e489fc38c01aae71b07131417a6dbbea2999e404,HYBRID_COMBUSTION_FUEL_UNSPECIFIED
8634,vmm-29d936facee5c05d394d677be1a1e983366dff3e916df0e483106c9801e769b5,HYBRID_COMBUSTION_FUEL_UNSPECIFIED
8679,vmm-6df7104be595a163c6262e9f6e7d0d5cd5694c572cbd5d71723ee45585373bc5,LEGACY_QUOTE_REQUIRED
8684,vmm-05f300f3200ced5e2bafb418eed06bc649674181510a073ed5e7c116d7a78aa3,MASS_UNKNOWN_OR_OUTLIER
8685,vmm-801abd24512d6404ea9f4a7bd1392319931a88c818a746e4b7d76f26352e6231,MASS_UNKNOWN_OR_OUTLIER
8686,vmm-58b81dcc82675c50f892fe2710965225619210d5cf8bd8f1a844d27be63eb93e,MASS_UNKNOWN_OR_OUTLIER;TRANSMISSION_UNKNOWN
8687,vmm-4153a93d1c5afffed8c3146be7a2faf3d7b266ac1bcb5f88f44f2e0eb822d960,DISPLACEMENT_LABEL_CONFLICT
8699,vmm-cae4e320e19a3a9d216a9666b1828399652e30c10b8fb52fa0914cea4698b965,TRANSMISSION_LABEL_CONFLICT
8706,vmm-00ba32ffd3522a9813981fbadcb13849cbd6905025d604908976fb30cfa9ed8c,LEGACY_QUOTE_REQUIRED
8707,vmm-9e3dc149bfa9e61efa270f50db765b126776733592baa66778e4d75be56523ee,LEGACY_QUOTE_REQUIRED
8713,vmm-e07a4d1ff14cd0f7d23eab81b901ec075a517b4d992d20d00104625893ae4ccb,LEGACY_QUOTE_REQUIRED
8714,vmm-77842781084eae435689eca20e1046c2027a03f7cb106c42eeb90cb2cfc5de7c,MASS_UNKNOWN_OR_OUTLIER
8719,vmm-5a56d74fec569ebeacee51cc8f04da6510a7db800df3a08fecaff3e914bbd2d1,MASS_UNKNOWN_OR_OUTLIER
8750,vmm-d23d9984ab960eea183fdc82cf228a1a6ade6463780863152a6115236e7c4ced,MASS_UNKNOWN_OR_OUTLIER
8765,vmm-ddb068f17310ed6974e17171ab594ab59903b7e7dfb909c1854b3e9beb2bec7a,DISPLACEMENT_LABEL_CONFLICT
8782,vmm-bf553ba33a16389ddb1600a5e26562d266b533c42721e65c1ce4c52a394ebbfc,LEGACY_QUOTE_REQUIRED
8783,vmm-a388035eccc14777cb1b71c95d6a6b7d110072f0bc35b93f4f770717fdf047bf,LEGACY_QUOTE_REQUIRED
8784,vmm-e47b18e2a2bfdf666db8c4d054c18e6fbfdf944cc9360b34cb6cec44d1dd3d1d,LEGACY_QUOTE_REQUIRED
8785,vmm-a0e92392067d0b97dd009da6191b352dcd51f84438e6134cd8f53d4ed338c1f7,LEGACY_QUOTE_REQUIRED
8786,vmm-39b2ca42833a48338d6e8709ff0cef3e3a7ead7318aab9f9d48417096e1408fc,LEGACY_QUOTE_REQUIRED
8787,vmm-e44455072781ed3ca0edb8161fceed55069686556b1ed7a5b1e0281c182735b6,LEGACY_QUOTE_REQUIRED
8788,vmm-cc1ff2922b383c00f01b3aab2ac26df92d60e63598b745515799bb99c2b029fc,LEGACY_QUOTE_REQUIRED
8789,vmm-b518f12e50b2235512e0981a0cbe0965b603745def7da48e056b967664fe0ace,LEGACY_QUOTE_REQUIRED
8790,vmm-9e9e93b3cef81c4b6d57617f40cff6cac1aaeccfdc798e50712b4942db3658c2,LEGACY_QUOTE_REQUIRED
8791,vmm-6dd8b7180e90cf6e028a70dd6819a6c522efdee17f6719e8e1f6006d9ba677c2,LEGACY_QUOTE_REQUIRED
8792,vmm-b7f5be51553e794e6910a06d8bba5384ff950bd556c6fcd694e5f9f50902e28b,LEGACY_QUOTE_REQUIRED
8793,vmm-1d84f081bc3bd3c600b540d96a7ff2c560cd19a668c69c8cb6b2bcd994ed161c,LEGACY_QUOTE_REQUIRED
8794,vmm-9c59b53ce163839842565fd8936e7d52ce2112c05a723a8a6552de14cd232545,LEGACY_QUOTE_REQUIRED
8795,vmm-257ee0fab662c530e804106eada24178ebff873d8b7dbeaf4e61c74e7e7154c5,LEGACY_QUOTE_REQUIRED
8796,vmm-4d058e2c353377c5201736c8ba29f073cd9fdc7848b173ed9225b07fe831222d,LEGACY_QUOTE_REQUIRED
8802,vmm-adc6f8952eb8bbfd409748cf902de59d83f9f056ce85ea7af01f70c382bbcb19,DISPLACEMENT_LABEL_CONFLICT
8825,vmm-86561eb15384b77406a1f71df09c3548f32620a93d9689c22910d23bd51ac4d7,POWER_LABEL_CONFLICT
8826,vmm-f3b7078cd4f2a0103a8eca684743db699c6098c50143af5c71c40a3ddbc77b1f,TRANSMISSION_LABEL_CONFLICT
8857,vmm-476e903ffd52b6b461d26ac5cc33ae10676b613dae372ce5f0e1c903f4601fde,TRANSMISSION_LABEL_CONFLICT
8879,vmm-1e81c67f19ef4bfbf1300a71375610c2745356cafee16fb46f459719201720ee,LEGACY_QUOTE_REQUIRED
8880,vmm-31b370cc687599af470e3dfaae2ed535385b898272e3f3559733e8fbbf2a8444,LEGACY_QUOTE_REQUIRED
8881,vmm-1eba621dd13fdbb24c7bf446fc914fa566e476bde3b8dcb53b011c556cac075c,LEGACY_QUOTE_REQUIRED
8882,vmm-f30432a49865b60e29b6b6341d1c33a3dda95b47771404f15c6875bc891678df,LEGACY_QUOTE_REQUIRED
8883,vmm-b45795a1102e8c8bd9f4bc59e88aa14d20da3d3ba5071f3faa1c3e63e5bcbf72,LEGACY_QUOTE_REQUIRED
8884,vmm-7c7a684c31f0e76bf7ae74792b2ed1bec6cce43fffcf6b0f435b48e5bdb7dead,LEGACY_QUOTE_REQUIRED
8885,vmm-0dade4974de342c68a4460bc3090ad15aed1de97d81a929af3c43e437ceb26a0,LEGACY_QUOTE_REQUIRED
8886,vmm-721f2471be6ad466c53d5f502d09165cbcc697f0d29fe95ff340389c93c3ca16,LEGACY_QUOTE_REQUIRED
8887,vmm-7df2b27110eeee5fe7d050eb0b960230076651cb383682aa90774208856b05c8,LEGACY_QUOTE_REQUIRED
8888,vmm-895a3c51cdac25c31dd547c1fde97ad93e7a97484124892b206edca62d61078b,DISPLACEMENT_UNKNOWN_OR_OUTLIER;MASS_UNKNOWN_OR_OUTLIER;TRANSMISSION_UNKNOWN
8889,vmm-7198adb443ba7c0f616bb559867335d9eca94a0929e3f82909499870d973a379,DISPLACEMENT_UNKNOWN_OR_OUTLIER;MASS_UNKNOWN_OR_OUTLIER;TRANSMISSION_UNKNOWN
8890,vmm-d8606a4cfb3fc851ce7e28c4ce889192f76ba7f0070cc77fbcdd699c694309bd,DISPLACEMENT_UNKNOWN_OR_OUTLIER;MASS_UNKNOWN_OR_OUTLIER;TRANSMISSION_UNKNOWN
8897,vmm-b7b950172b94a1fcc8063922de15e3e93d09a1da1ead31db82e552ef4c63e0f5,MASS_UNKNOWN_OR_OUTLIER;POWER_UNKNOWN_OR_OUTLIER
8898,vmm-a5d6385deb7bae80de7d3b5ea424ea978246173c4b5771060830fe85f892a533,LEGACY_QUOTE_REQUIRED
8900,vmm-c8a2840e7e1a9643e56498784d9352a269769ec4a99decd4d78aea1f17359caf,TRANSMISSION_LABEL_CONFLICT
8920,vmm-e3fe651ce8784e1bbcab69cd1d71cbae6d63886efc84ce84087b8722d21c895e,LEGACY_QUOTE_REQUIRED
8921,vmm-e1bb07c159b16cf2e6c200cc36edd0240780440149d185e3725f617914ae9b34,LEGACY_QUOTE_REQUIRED
8922,vmm-9bc7c1d4d74e18c5e50f5c9e2ee3865a1acfe7287bdb0127efbc966df025e69c,LEGACY_QUOTE_REQUIRED
8923,vmm-425025b162fe97cfbf732749c283c1aa35721c4a9aeaaccb57e4700177b4e3e4,LEGACY_QUOTE_REQUIRED
8924,vmm-d8eb9521c86176c6f2a20ed14c7ede6d0da41ad79216fd2c2c4bdb0d264f6147,LEGACY_QUOTE_REQUIRED
8925,vmm-65d1941ffb052ac0a2b1b2525e6ec6b20dba7849fe2c829312b68878527e7806,LEGACY_QUOTE_REQUIRED
8926,vmm-699d1fcae9a5f7a36040d0e2ac8f3520bc1a3fc97ed747c0b7d599ccda7fc267,LEGACY_QUOTE_REQUIRED
8927,vmm-936f01a03e97de6456a9c1c0d2f5c27830a8a667d8605d57470c829712e3bc70,LEGACY_QUOTE_REQUIRED
8928,vmm-906788e546bf5b2210f90d6bb322d2e62a1ff7b3e13a428380de190ad1644876,LEGACY_QUOTE_REQUIRED
8929,vmm-685a4ae39094c23b7cbdcad96236b09ff784259da5449a1dad588c53e9c64d3d,LEGACY_QUOTE_REQUIRED
8930,vmm-173f5d24e3966540b0d352811d295186a23f365e8f69103b2b0a54a0938b373c,LEGACY_QUOTE_REQUIRED
8931,vmm-eb3908134d4c5c7a5abdf5c8820d730474e4c46bdb6c450221f172654542c9e7,LEGACY_QUOTE_REQUIRED
8932,vmm-8eb8a24c0ffab9961e814038af172f42cd48d102448bb370e49cb39fb1291f7e,LEGACY_QUOTE_REQUIRED
8933,vmm-ae8a8e19cffda7783ce9891e5a5c5526ee1e833bdd6ba4d2f755c51ebe99803e,LEGACY_QUOTE_REQUIRED
8934,vmm-af305e765494e1aac7898f0e5fe752eca43b4f7a134b95ba094bbadd4f36439e,LEGACY_QUOTE_REQUIRED
8935,vmm-23bad51195ebb5cc66fd4ea097848505ab829f48922b6f8ea3111d8c9003dbd6,LEGACY_QUOTE_REQUIRED
8936,vmm-1246a30311a51de64a00b26aba35de2214b5c4c4470df68eaab25c3bdf624d4e,LEGACY_QUOTE_REQUIRED
8937,vmm-6234bf784047d61060c1196033a64b7b7a04776f1a867448570b1da44994966c,LEGACY_QUOTE_REQUIRED
8938,vmm-6e1dc957cfb74a84a4a72dd5e082a9a151dedd69687635482041b7cb295acfa4,LEGACY_QUOTE_REQUIRED
8939,vmm-900248560cbe5d63d4d733d9c36ec6643883033858d391e8e788f22acb1a0ac1,LEGACY_QUOTE_REQUIRED
8940,vmm-90b0c0e0b6d2f46b95bd9aa3d584439a54f60975f95381a8826df464dffada08,LEGACY_QUOTE_REQUIRED
8941,vmm-07883185dd2bdbdf408cd52c53aa0955bceeb05f83b295f5fc31ed74e1f5f085,LEGACY_QUOTE_REQUIRED
8942,vmm-a97b2737a213a1ab27766e16f39f5f5cf0d0077e3a9a6ea0b9127e6a26eb141a,LEGACY_QUOTE_REQUIRED
8943,vmm-dcde2635a0f04bc21b9056e61ee5ebcde0cd3072ea5c13a234e48fca58d54203,LEGACY_QUOTE_REQUIRED
8944,vmm-fd0db98a9b98381361ca59f96107b0f476290ef913e7bf99ad4a093d4082e340,LEGACY_QUOTE_REQUIRED
8945,vmm-b7ab932ebec723812089c623c4a0d8703c6ee6b79628c03d788f46b16ff2731b,LEGACY_QUOTE_REQUIRED
8946,vmm-82336c79b49f89a58cab172030e5de5aa80e695c3e37fb00ef9924ae3a62dcf1,LEGACY_QUOTE_REQUIRED
8948,vmm-281d2ad1d6c0c9c6493bf47b7e2d0453a036c12250178515a7ac89d664da6cc4,TRANSMISSION_LABEL_CONFLICT
8949,vmm-85f64674461d312cfc01e2006898d3943dc01e4e5338bb949339055542b20f2f,TRANSMISSION_LABEL_CONFLICT
8950,vmm-51f6bbd1f0f59d6071bbb592ccb4ae9f369635d1a880bfb6898c3b02dbc247f7,LEGACY_QUOTE_REQUIRED
8951,vmm-e8b53255626de338df519358b4977671ebf01da7db9f53d740e8adbea882fa93,LEGACY_QUOTE_REQUIRED
8952,vmm-34133252d1c7f3c4f6ef4fc30d1f462949c552b8d6078ae2a0aa889d4d6ea7af,HYBRID_COMBUSTION_FUEL_UNSPECIFIED;TRANSMISSION_UNKNOWN;ROUNDED_FOR_INTEGER_STORAGE
8953,vmm-795a55d0acbef345902823571a86b315ea3f54d295ccbcd72928630966808c48,MASS_UNKNOWN_OR_OUTLIER
8954,vmm-66f34493849402931fbb00454a3bcf407543daa0e8a8be7277131c890c6fd9d8,MASS_UNKNOWN_OR_OUTLIER
8955,vmm-c8793a7ae08c83d3e84337abf2e920c81af6bee7dd48cfb457a9ca5438a3f665,MASS_UNKNOWN_OR_OUTLIER
8959,vmm-c0a24c09e3b4295e46c9be657f0224944a9f53115f5ede1df5b1c9c5df843cd9,DISPLACEMENT_LABEL_CONFLICT
8962,vmm-613f7ca0359bee3b297a8aa283d511966d2259eea7f7c0511a0a724348e42ae2,POWER_UNKNOWN_OR_OUTLIER
8963,vmm-3cbcd95e3569b73573604cd39fbea75f06a9804407a2001db04359faf3bcb8cd,DISPLACEMENT_UNKNOWN_OR_OUTLIER;MASS_UNKNOWN_OR_OUTLIER
8964,vmm-b576bcb95030c3e34ed2fe442ba5d5720f5e3ee769f6750af06d2a40ab6f1180,DISPLACEMENT_UNKNOWN_OR_OUTLIER;MASS_UNKNOWN_OR_OUTLIER
8965,vmm-d26645d53e46fdb0063fc0a90202ef4792ed15b39e0894bb5f7cb40d38e42ba8,DISPLACEMENT_UNKNOWN_OR_OUTLIER;MASS_UNKNOWN_OR_OUTLIER
8966,vmm-908ff890b96c0a0577f1c5c575ab65f3995201b61e0166dffc000014932df234,DISPLACEMENT_UNKNOWN_OR_OUTLIER;MASS_UNKNOWN_OR_OUTLIER
8967,vmm-451763e5a47d97a98f7e033b6335ce072a8c0009effd5420bef00b95e6b08e2c,DISPLACEMENT_UNKNOWN_OR_OUTLIER;MASS_UNKNOWN_OR_OUTLIER
8968,vmm-d7f6346a49fbfc3e9f6e7ed6daece440ea741343bc964249eb5d5d2f1362c7fe,DISPLACEMENT_UNKNOWN_OR_OUTLIER;MASS_UNKNOWN_OR_OUTLIER
8969,vmm-0b583607a50a222f43f16c98cd359da70fa6d2f17236110f4370d13423b547f1,DISPLACEMENT_UNKNOWN_OR_OUTLIER;MASS_UNKNOWN_OR_OUTLIER
8970,vmm-3b2816ee79ef2a3f99238cdd54c711068e23c12257d9100e8974341f2a9b12e6,DISPLACEMENT_UNKNOWN_OR_OUTLIER;MASS_UNKNOWN_OR_OUTLIER
8971,vmm-18775f41f6960881e53a5192427fa444bcdbe40b4369aca7490e159bcad32d4f,MASS_UNKNOWN_OR_OUTLIER
8972,vmm-77113f885e6da5a2f643013fb9e2c78e3d3ad2ad3f91ba81e012fe7ca1380fb1,MASS_UNKNOWN_OR_OUTLIER
8973,vmm-540accddca812c49b2e172d968d2de5f5d303ccff60fc97dd960bd1dcca14748,MASS_UNKNOWN_OR_OUTLIER;DISPLACEMENT_LABEL_CONFLICT;POWER_LABEL_CONFLICT
8974,vmm-e4fa366cd3761b81ebfde5901741db289a34e6c85f9d65c000fb7a05904ec107,MASS_UNKNOWN_OR_OUTLIER
8975,vmm-debf8078b0c452d4f8827003287ba1c3041105370a981da63a8bfd0298e1415f,MASS_UNKNOWN_OR_OUTLIER
8976,vmm-4a07c702b94b8a43b8e0c6aa468f8dbf5f5eef8601448fa97a4cf0ffe63fc72d,MASS_UNKNOWN_OR_OUTLIER;LEGACY_QUOTE_REQUIRED
8977,vmm-eb463b177dc1d107d09d9a6ebcebc1de62cea89e16a4e245a647a103ea2636d1,MASS_UNKNOWN_OR_OUTLIER;LEGACY_QUOTE_REQUIRED
8978,vmm-6d279d94127e1ffa0f62bce868887bb8c6c4479e8852893905f1ea85bd50209b,MASS_UNKNOWN_OR_OUTLIER;LEGACY_QUOTE_REQUIRED
8979,vmm-e14ee4e435e5372eb70f87d1212d982fa9e883b1ad7f328461ac9db00d39ea89,MASS_UNKNOWN_OR_OUTLIER;LEGACY_QUOTE_REQUIRED
8980,vmm-76492213b8fe2d53de195b5241a8a3c2129c626d2fd7b8207ef9ceb1e82f971d,MASS_UNKNOWN_OR_OUTLIER;LEGACY_QUOTE_REQUIRED
8981,vmm-39b9e364149187e43a25b1a8f73a3b4ba903a18ce57f0316ce51973b3066f2b7,LEGACY_QUOTE_REQUIRED
8982,vmm-5c90381848d5f40a4dc15a766897e4c7be13cc839c4805fecb76abe62b8cb27d,MASS_UNKNOWN_OR_OUTLIER;LEGACY_QUOTE_REQUIRED
8983,vmm-74638cb88bf74c27b1361f0eea668af45e54fdf7224663763cfdee0ebfc1bf34,MASS_UNKNOWN_OR_OUTLIER;LEGACY_QUOTE_REQUIRED
8984,vmm-5907c3bcb387154fd97ffb13dec2d314d4d028a71560f6f94b5127311805e55a,MASS_UNKNOWN_OR_OUTLIER;LEGACY_QUOTE_REQUIRED
8985,vmm-3d9397fb1bb8aedbf8f216d9eb566e1c89100675db4ea6e2983870936f8bb2fe,MASS_UNKNOWN_OR_OUTLIER;LEGACY_QUOTE_REQUIRED
8986,vmm-d01c52a378f5d2a3d45e299739c42228bf7df80d9e37281de4f8a45fb28659d3,MASS_UNKNOWN_OR_OUTLIER;LEGACY_QUOTE_REQUIRED
8987,vmm-fc11be99ac91f4f0c164920c0c10cb30b5ac85a04e622ebc350ea6bf6d756b5a,LEGACY_QUOTE_REQUIRED
8988,vmm-64d1f101da33872677c10c620b75e13d9957e65a620fe19e14b0cc67950cf1c5,LEGACY_QUOTE_REQUIRED
8989,vmm-2374d524e0d03d5e3eecebd99bad908b6d277e47c68c94a0ddc7d52bc17a7098,LEGACY_QUOTE_REQUIRED
8990,vmm-15302527aafd3cbeadcd136a6e98e1f347bba871533c1a0c034a59b35e1b2ab2,LEGACY_QUOTE_REQUIRED
8991,vmm-de3d9f089b495303dfb3fc691a09ccbf64a4b38402c196b006419d08782b7f82,LEGACY_QUOTE_REQUIRED
8992,vmm-357109cc889483705688ff145866da5eb9110e0892c24cccd157e54fb80d1952,LEGACY_QUOTE_REQUIRED;ROUNDED_FOR_INTEGER_STORAGE
8993,vmm-1582565351c3a5d975046ab4b62614d89b3ae93527bd330e08580da36f65327c,LEGACY_QUOTE_REQUIRED;ROUNDED_FOR_INTEGER_STORAGE
8994,vmm-98cea37a937cce6b84f7b2ff5734dccf45ef9ff3a2fdae3632d772c9fe3bd453,LEGACY_QUOTE_REQUIRED;ROUNDED_FOR_INTEGER_STORAGE
8995,vmm-d53328e1dadf346330d95377daa5154bd26ba53800193e65aa0260933e19e5ce,LEGACY_QUOTE_REQUIRED;ROUNDED_FOR_INTEGER_STORAGE
8996,vmm-eabc0ba165211e8c49f99c654e16a39c102e02a533d33949d50485c838f46e93,LEGACY_QUOTE_REQUIRED;ROUNDED_FOR_INTEGER_STORAGE
8997,vmm-f7ae7fc4328a840177022649c495120c57a2b0af2c0a0b100e1e5b81e10507a1,LEGACY_QUOTE_REQUIRED;ROUNDED_FOR_INTEGER_STORAGE
8998,vmm-96bfa0add28bc3ac5a9ba6b9e30f2b54729e3d00f5e649ac2ae984bbfcd21ae8,LEGACY_QUOTE_REQUIRED;ROUNDED_FOR_INTEGER_STORAGE
9027,vmm-fb76e5bd0a483b1cdf825a8dba0b3838a1d2abe293e73823c5c3476660c17325,HYBRID_COMBUSTION_FUEL_UNSPECIFIED
9043,vmm-a89a7b1d7912819350b7a276a97b790f07daa4add19478cabce1d05f987e9945,HYBRID_COMBUSTION_FUEL_UNSPECIFIED;MASS_UNKNOWN_OR_OUTLIER
9044,vmm-28d7ef407b91a719a5844cdfaf0219176d079154748834dc00fa2b44d365c2ea,HYBRID_COMBUSTION_FUEL_UNSPECIFIED
9045,vmm-600cf4ca8284fc9cdf428f1dd7b7b0e0ab8478e856db7a9b6005be0fa8caad60,LEGACY_QUOTE_REQUIRED
9046,vmm-687c2e57d5c9c66f5d2718a34d087761ea6aea9bccdcd6ea7866806f3b43c009,LEGACY_QUOTE_REQUIRED
9047,vmm-ab4c4850615e021b0d59096fea76126d8342bba9219be5b03ab0dd5986d7435b,LEGACY_QUOTE_REQUIRED
9048,vmm-69fe19195d66f2e4594915f273da6d2c00dd9584362a9891facbbc5b10a4759a,LEGACY_QUOTE_REQUIRED
9049,vmm-5179abe8c845591a6371684651b212e96b48f722d764f960fea41205549fb3d6,LEGACY_QUOTE_REQUIRED
9050,vmm-893c1cc03fd5a62c755c14e61f8f48ee620b2e151da962e4653fd49a69960ec9,LEGACY_QUOTE_REQUIRED
9051,vmm-2958126648e988eb9fa04d2f8d5c809142dd72433e83e927bed6dde48e1fd0d0,LEGACY_QUOTE_REQUIRED
9052,vmm-9379497a10ff0ff067a09b2b98ba2b6f6366faec22de8cb182bf683d4414b66c,LEGACY_QUOTE_REQUIRED
9053,vmm-2c039af6ae773ce3e500d08fd9e39a3332098b00b06ff4083bd142090e314a44,LEGACY_QUOTE_REQUIRED
9054,vmm-3f5509582aeded055d9e9a9a4292c4d734f2e98aaec15c617846e12b45358a84,LEGACY_QUOTE_REQUIRED
9055,vmm-7a3ea853a45cfb0b26141f97ef14dd1fa4546c99a3c04cd4e68ed71350616b11,LEGACY_QUOTE_REQUIRED
9056,vmm-83130a1ce64517fadfac373d13a165241687000a2e03ce14846c55b542169ea4,LEGACY_QUOTE_REQUIRED
9057,vmm-7726c65a8958b9ed909feaa46b490ae82d85f6ac8af0afeb0bd91292c0504c0b,LEGACY_QUOTE_REQUIRED
9058,vmm-7bfd3044d8cfa336383c0acac1f725628b424225336d0912d5a4706caf288994,LEGACY_QUOTE_REQUIRED
9059,vmm-854622225236dc91142cbbfe0c56c4d3bd36306fd59a08ab41fc312723b77a58,LEGACY_QUOTE_REQUIRED
9060,vmm-b93fb00a74f5719d4c71585a9772fe5a2e82f385e78d9183b199effd3618bea4,LEGACY_QUOTE_REQUIRED
9061,vmm-29c176dfb02872ffb5eb81d5896d4120b73a6ac0a79488281f1fe9c3dd729e27,LEGACY_QUOTE_REQUIRED
9062,vmm-78c4843ffdb43b57900a58a7cc4ba19d03f99896ff2784cc56cd86c0eddaa6c5,LEGACY_QUOTE_REQUIRED
9063,vmm-92b287e551fe54f345260a8e0b14f64c97660e0f29105115e9d6af4b000cfea8,LEGACY_QUOTE_REQUIRED
9064,vmm-78ac65548025d50b61d118ea1ff4d3b183adbdcbc5a22a844369ed17d1e25343,LEGACY_QUOTE_REQUIRED
9065,vmm-e58c1701483010ab71bf45cb9ceb571efaa65fd5ebbfef07b503d6dce08284a6,LEGACY_QUOTE_REQUIRED
9066,vmm-14382a49961c8bc916ab8f8f3ea39a844e890d5630f61a0f710d0728d564b529,MASS_UNKNOWN_OR_OUTLIER;LEGACY_QUOTE_REQUIRED
9067,vmm-edcd3cb2867e5f4a5ef5fa5e62f8a8a147230e365b5cecc2a1c72b4b6786263c,LEGACY_QUOTE_REQUIRED
9068,vmm-3c1e4994f3f2a5770d20ab79be44d4bd9b1df62f91539afdc63d36e9e92c9d96,LEGACY_QUOTE_REQUIRED
9069,vmm-a242ae4969dbad68653e2968fff66d20b6159caddffc055f91aebe457a0cb566,LEGACY_QUOTE_REQUIRED
9070,vmm-090009dd74322068c13657c360360ffcdbff3a3215454ddcafea30518f254ba8,TRANSMISSION_LABEL_CONFLICT;LEGACY_QUOTE_REQUIRED
9071,vmm-99e21be15124c0b467649cdcbfbc5f73e6ff21fb3779786efc58191eb94d51f8,LEGACY_QUOTE_REQUIRED
9072,vmm-53ac8301d7435506630de84fd4f551ef3f5b658badb56d6ff8b76d2809e1a695,LEGACY_QUOTE_REQUIRED
9073,vmm-53959d44fcdfc30fde6a30cae860106464175420fdd8554fb64161c31e8810d6,LEGACY_QUOTE_REQUIRED
9074,vmm-900bc68b0d82331366fce5cc7a863cd67020ea8dce53fdf3ed66d8c5a7525646,LEGACY_QUOTE_REQUIRED
9075,vmm-cdf61506418cb842331566bc21f07938c8d1c2b9c38972784bb3acf3e6833e9c,LEGACY_QUOTE_REQUIRED
9076,vmm-cd0f8bef9e4cb059f599beaa9328a830e5854cee10e62f8eebe30654be19f4af,LEGACY_QUOTE_REQUIRED
9077,vmm-2baaa92a40a9c85a7bd8e530bb9126f1e16a418fd0a192d74f43dfda717221ed,LEGACY_QUOTE_REQUIRED
9078,vmm-b80b210bee3d5e0b01eb5727168df205f336bcc451bd68c4f57d18eac136741d,LEGACY_QUOTE_REQUIRED
9079,vmm-14eb57804bdd24a20ecf3c0695e44984df5cf8b5cb68fa85c59f98fa702cf887,LEGACY_QUOTE_REQUIRED
9080,vmm-260188dcf79c11939d38b8ad610568e95e58970b52000111c396ec66a0671fea,LEGACY_QUOTE_REQUIRED
9081,vmm-8d7e26e81c5ed9df64630bdb7b4df4d826343876cbd5cd7784c318f07f9552bc,LEGACY_QUOTE_REQUIRED
9082,vmm-83552803055fd3d513a3387b306708edae48d962f4464cfdb9618949d05fe5fa,LEGACY_QUOTE_REQUIRED
9083,vmm-cbc13668c3dca046449847e989349d799d02aa75e03c1de70484a83b091446ba,LEGACY_QUOTE_REQUIRED
9084,vmm-6dc5c515ee2f4c4991f930990c66d18c3575fc18d6299c39dee78db18970dd30,LEGACY_QUOTE_REQUIRED
9085,vmm-b57735828cb7001698e0f532c79973fc71b3a847452749fedd40afc8697d6f71,TRANSMISSION_LABEL_CONFLICT;LEGACY_QUOTE_REQUIRED
9086,vmm-30480ca2ee1dfd83961d0e421bb36eb118cb85e4663828f8ba84e0cd961d5e99,LEGACY_QUOTE_REQUIRED
9087,vmm-55e6b28634b5ca3a9e190be1409985d39d6fbd33c267d1d34d91a05bee4af577,MASS_UNKNOWN_OR_OUTLIER
9088,vmm-d3bdd171805052c5da77027286aae9e2471dbde05cd7d2a4830ffdbf3458e137,MASS_UNKNOWN_OR_OUTLIER
9089,vmm-4092347125ae04a78a71b6acc9c0ae773ecbabe98ecbad1c3b6c0c75f21502f6,MASS_UNKNOWN_OR_OUTLIER
9097,vmm-71849be66729d73dd7de70d25bfc6380ae00ce00b80ff9e4f47d902ef1cb7d28,LEGACY_QUOTE_REQUIRED
9098,vmm-164934fd7ba92584e18eb32d47fa230649a6bccb675340951622c289dfe5d2e8,LEGACY_QUOTE_REQUIRED
9099,vmm-02cfafee798564651676e7b54fadb6d15b94689ff2d87bab30f15ca77a2854f7,LEGACY_QUOTE_REQUIRED
9100,vmm-7a288a722d2f44247b308fe625a78bd6debe8a8672f5fdc2a09905854c64c6df,LEGACY_QUOTE_REQUIRED
9101,vmm-27a48b7613446acf7a6175e980730b674538429d0a483ea7718911d72f179b1e,LEGACY_QUOTE_REQUIRED
9102,vmm-2460b87c9ec908a368d00bd3a9d064935906e7a1b50d4a00e828f01983450d41,LEGACY_QUOTE_REQUIRED
9103,vmm-f1334a5162e5cba4908e50b554df34ca07057d9875c73d89e4527c55d18a723c,LEGACY_QUOTE_REQUIRED
9104,vmm-4d955b162eafc0efd3d11c60f8200d42fb30bc524ffca642883e18ba87ae360c,LEGACY_QUOTE_REQUIRED
9105,vmm-5cc853a1158d47e1f198fd0d7be1f786edaf42c6f50b68af207e7595ca6743df,MASS_UNKNOWN_OR_OUTLIER;LEGACY_QUOTE_REQUIRED
9106,vmm-cbfa028dd359d9d117df00e8d18da18b18a967205a398b9d6c4aa5241106de49,LEGACY_QUOTE_REQUIRED
9107,vmm-36fd4af86568fed37610ef50980e50bb87ea6b2a4f5734850136b79c167534c6,LEGACY_QUOTE_REQUIRED
9116,vmm-9421408ca67e49506d2e8e8fb8bc9d87717241133c37ed58d183ee7483a1e1c8,MASS_UNKNOWN_OR_OUTLIER
9123,vmm-37e598f905e5e6d04414c35cc840e36e6817e3a507532ed444c2d146704cd412,MASS_UNKNOWN_OR_OUTLIER
9140,vmm-de03e59abb9f071e886c6c728153c5df4ba6b990eb45fd0de5c15752866e7666,MASS_UNKNOWN_OR_OUTLIER
9141,vmm-231ce57d0e11aea0569afb8faa9fb537fc856d272a34722535d8a2b38774e7a9,MASS_UNKNOWN_OR_OUTLIER
9142,vmm-79ddcb4766af9874ad222efc48a88a97dc1fc7c37244f181b2b4b785a1dc2743,MASS_UNKNOWN_OR_OUTLIER
9143,vmm-a12a45d2906824ef34ddf68e4d0f71b2450f3f5356e6a3d5aa8c97bd578694c1,MASS_UNKNOWN_OR_OUTLIER
9159,vmm-1306e2b0adb796c289c49f3867e7701c528c68c4c2fa0da7dd529978191d21fe,MASS_UNKNOWN_OR_OUTLIER;ROUNDED_FOR_INTEGER_STORAGE
9160,vmm-275ef67fb3fe4aa7589144d9382d273ee4176cabf4926b2831917366682e8d68,MASS_UNKNOWN_OR_OUTLIER
9161,vmm-ea51e68203952cd9d4bc8fc9baedd8e944d7f51796604cdb5193be236c5ae4a7,MASS_UNKNOWN_OR_OUTLIER
9162,vmm-5b8bd3b517bd8e9193b93381f65452e8fb3dcd442c3efe0adb5ce38623d57d94,MASS_UNKNOWN_OR_OUTLIER
9163,vmm-c54fd25092bf7513fb477a60ca2b5aa0efa4ba65dd9032b0bd6b557672dba2d7,HYBRID_COMBUSTION_FUEL_UNSPECIFIED;MASS_UNKNOWN_OR_OUTLIER
9164,vmm-6cddd756e5d3686529b0ff3a4db1640b2c7b8baf01bd1c4b95a1629a0e97b644,HYBRID_COMBUSTION_FUEL_UNSPECIFIED;MASS_UNKNOWN_OR_OUTLIER
9168,vmm-84c869e8697e377366cab2bd6f197eebb3f59c89add1072244c8256107c1b2b0,HYBRID_COMBUSTION_FUEL_UNSPECIFIED
9188,vmm-056597b6e18ac317b71406d01a3de339ca1ef757f489babd34485f9d49e9e7bc,HYBRID_COMBUSTION_FUEL_UNSPECIFIED
9190,vmm-3127d8bb72490298209a45b037dc6ab99f66d396fa9e3906c92ec089aeb31dcb,MASS_UNKNOWN_OR_OUTLIER
9191,vmm-a1e8c8d47aed0d0b3ea50571be5c6f2b248001edc3a614a5e678c971807b1751,MASS_UNKNOWN_OR_OUTLIER
9194,vmm-6420ae37f230e5823c6fcc45a07f7bc0ebc837701415dc707a200bce5c240d3f,HYBRID_COMBUSTION_FUEL_UNSPECIFIED
9199,vmm-a1d70f470da259ccf039f699e978089399fdaa4e11906d0add9f8de2f470dd02,POWER_LABEL_CONFLICT
9204,vmm-23cbf72e52836c883b5e94ac18b60ae0142794bed0bb89eebc8c7624e9aef6a3,LEGACY_QUOTE_REQUIRED
9205,vmm-a629f529c4d0ca250770955c74313e499ef8d9aa01e575c3983c1a73723f4b1a,LEGACY_QUOTE_REQUIRED
9206,vmm-aec291a056ff68625b0d5bb08df58858984f0f1755986d0bcd146e5fef4044d3,LEGACY_QUOTE_REQUIRED
9207,vmm-94d4fc3fc42378764a59be3697255cff4cf15b1b9d8caa135ef1d8cdf348d0c7,LEGACY_QUOTE_REQUIRED
9208,vmm-74495e7a6919322d2dbaf17c855f245965e1cc169fc243e58b7ea7cda2bd4b2f,LEGACY_QUOTE_REQUIRED
9209,vmm-51bb089254203d8390ae876048adbfb3d7f69ea6d4dc8a166a631ff35ff0aced,LEGACY_QUOTE_REQUIRED
9210,vmm-a84893c63769609a549332ee04b5d0c7f4cfb469638e1fe1e8e51e639cebf958,LEGACY_QUOTE_REQUIRED
9211,vmm-3cf1b9c1a385113ce11b3a4bf7cb5f7decb12f1067f079728a8ccebfcb2ae3ec,LEGACY_QUOTE_REQUIRED
9212,vmm-d25f93fb2bbae2850fb914466ab86fb975f575c2442f000719464d2a55a94ec6,LEGACY_QUOTE_REQUIRED
9213,vmm-d71bf0f858e5b22217a8cfa78382a83476ad56d2185538eeaa6e1d81c3bade48,LEGACY_QUOTE_REQUIRED
9214,vmm-1e30342bbfb761016d94f3b1e33479a453d407faa441658149c4175ef6209ab5,LEGACY_QUOTE_REQUIRED
9215,vmm-b7f0493c50bd9f2c0b5d1dacc5b085fee34b48c42ab5fec451dcd5ad7ba10643,LEGACY_QUOTE_REQUIRED
9216,vmm-6941c215d49efbec79b69283a142861f6460e11f8136181615ba2c9883d95a92,LEGACY_QUOTE_REQUIRED
9217,vmm-56a2a6757d3f7bcc5a7f3b45d48ad94ce4146820c166b558b13c26a9c5c6dfd6,LEGACY_QUOTE_REQUIRED
9218,vmm-22e144e0cd7ba9dd5328638c8b84d7804943923f0ce499fd621267cf6e99ab8d,LEGACY_QUOTE_REQUIRED
9244,vmm-80d6655f27195d6a6b11da9d812bdcefbe4ab54c23098beb9916691c15740d5c,LEGACY_QUOTE_REQUIRED
9245,vmm-d16c83c4b4bc7c79ae615edc09155c14c77c501a779ba5112eb214b88c6f1530,LEGACY_QUOTE_REQUIRED
9246,vmm-22120b77d084c0eec8ba49278c501f26b9a7f05084eee4927f750a51fdd03ad1,LEGACY_QUOTE_REQUIRED
9247,vmm-6efaad8f8d3c3e1d8ded74b684615dd2267195accdd5e332a264e47a135cb8f2,LEGACY_QUOTE_REQUIRED
9248,vmm-253a940b084c0942b858415543c78f30571219d4320e8c2ddd51d5d9cbbcdf55,LEGACY_QUOTE_REQUIRED
9262,vmm-a955832f94b9ff99973fe205d1436e6a0362f2cb5bed760f2ad36e5d718d26b6,LEGACY_QUOTE_REQUIRED
9263,vmm-78c87c0d135a623c0e992e322a297345b0938a4994a7c045db4fd2263c01f591,LEGACY_QUOTE_REQUIRED
9264,vmm-15c35236ca0152ed229019ef1b8991a5c96fd4b4acb4ee1402f063d2eaf39351,LEGACY_QUOTE_REQUIRED
9265,vmm-31b7e83a1a639a96f58dea9d83bb91d5cb135b1b26e42fce97596ad251e40c6b,LEGACY_QUOTE_REQUIRED
9266,vmm-fd30bd6a19c0a0ddc3e69d8b63697bcc0057781003c25b1677e60698c39806e1,LEGACY_QUOTE_REQUIRED
9267,vmm-c6732c72baca77e4df63aeeb8634fd60c4b6c1c603664e218e9a84cf382a96f1,MASS_UNKNOWN_OR_OUTLIER
9268,vmm-227324e120ef0d21447096b2492fb65d5ab45e78d76217b593e33ee48aa8f784,MASS_UNKNOWN_OR_OUTLIER
9269,vmm-79b0f1c5c65ea81feefee29f4aa76a35c68f3676eff534361ea4b6e579253474,MASS_UNKNOWN_OR_OUTLIER
9270,vmm-43001c40242e28f9ff1e8ca09ff8152407a23fac29f628333b3b56c6d289349b,MASS_UNKNOWN_OR_OUTLIER
9287,vmm-2bb93777a9e832439cbbced5f12141196dfaa87bcfba77ec6f558938412fbbe5,POWER_LABEL_CONFLICT
9288,vmm-9e7fd910a7aaf8d5f058a965b2b7408ed9c8d287bb7b2852e0294ac35d495da3,DISPLACEMENT_UNKNOWN_OR_OUTLIER;ROUNDED_FOR_INTEGER_STORAGE
9290,vmm-9f7178f70236ceab3d2bb679c7447b74506797e46722e7c68d9806963798be41,DISPLACEMENT_UNKNOWN_OR_OUTLIER;MASS_UNKNOWN_OR_OUTLIER
9291,vmm-d1fecdb6de2793cea34afc427ca1255e7d9c9bc6fb8bcb7c9b2c900843135eec,DISPLACEMENT_UNKNOWN_OR_OUTLIER;MASS_UNKNOWN_OR_OUTLIER
9310,vmm-51de73d1dadd83250240ec7eebed8761198be3a0d9d4c5baf8298a67d7c7aa45,ROUNDED_FOR_INTEGER_STORAGE
9311,vmm-f2f93a000f298aec31808da37709698d7396c4d2c9ef373932ff6e4f5bb60f75,ROUNDED_FOR_INTEGER_STORAGE
9312,vmm-1b38dd8c87f4b1cf87343c1b4471558ac78e83422df6edf4afa260368f0466d2,MASS_UNKNOWN_OR_OUTLIER
9313,vmm-67a7835eec4efb35e5fe8a4882952385150c4f6b361ea540ddc57c59dec15805,MASS_UNKNOWN_OR_OUTLIER
9314,vmm-f69612db845060b4e208b049f89e83c977d61fc3932f4502afcfa1233f94f151,MASS_UNKNOWN_OR_OUTLIER
9315,vmm-230e5c26e62640103c9f31b5606e5dd43969794933688351ee10095117a4bb9a,MASS_UNKNOWN_OR_OUTLIER
9316,vmm-832bad7cae197bd0a3d5dda14f502b722f5b214c6d7a72bc3b597310151562bb,MASS_UNKNOWN_OR_OUTLIER
9317,vmm-49673a5454ff231829f2affc85b4a6f1d08ab95f0d4b1be252e8df5fb673bb96,ROUNDED_FOR_INTEGER_STORAGE
9321,vmm-3f0541b17dae38cfd9b71ba9c994f4f8f11cb0996409b83ea14aec369a615e2a,MASS_UNKNOWN_OR_OUTLIER;ROUNDED_FOR_INTEGER_STORAGE
9326,vmm-ac1dd95ba4043b7e4ba336a017a7c459664d7a2dc6e5ee2a7e07390166b1999a,MASS_UNKNOWN_OR_OUTLIER
9328,vmm-ef5e448571ce0a8bac3b686b59ac7af2fee2d9327d774c8a8a35ebba869ee583,POWER_LABEL_CONFLICT
9329,vmm-79a64a1279435c5925a58c0b949d3a16ece9bab806e34afab295c3a0ad45e0cd,TRANSMISSION_LABEL_CONFLICT
9333,vmm-faf0c1d6e67c53cd4243184e7bd90d6877d578094dcaa7cec3d04c52a4a28e3b,MASS_UNKNOWN_OR_OUTLIER
9334,vmm-30697e9a18b8798e5df3f6057ee3c9729ad0d14affbfc12c3b66e0c8d8207a52,MASS_UNKNOWN_OR_OUTLIER
9335,vmm-d579f989e36360e1d8bca3c47959cd4c8955f377233334db59a1efdeab69f5ed,MASS_UNKNOWN_OR_OUTLIER
9340,vmm-a0c807b67ad56c37c3aa9a4d4ff9504ab58c130409d2df52e0843cd758758b6a,TRANSMISSION_LABEL_CONFLICT
9341,vmm-aebf19c76c6683865bebf16e1bf803d862ee177979aca4759c0dd098398ede5a,MASS_UNKNOWN_OR_OUTLIER;POWER_UNKNOWN_OR_OUTLIER
9342,vmm-075a4245c17ba037eb6c4e0e498fb60882197e16e55f6fb83ff48bae934061a4,ROUNDED_FOR_INTEGER_STORAGE
9366,vmm-d9ec84071d4ec9c47f5ff0ce1983b1e3c61a01e658ee0442db6b4390227543eb,MASS_UNKNOWN_OR_OUTLIER
9367,vmm-603216705f20ab57d7d299804d32f2ab607d46863d9bb01abf3a7b7916f35a57,MASS_UNKNOWN_OR_OUTLIER
9381,vmm-667461660634087bc08edc62620e539333f799bb652823a5f77b74ea98d68cdb,DISPLACEMENT_UNKNOWN_OR_OUTLIER;MASS_UNKNOWN_OR_OUTLIER;POWER_LABEL_CONFLICT
9382,vmm-4352f535888b4fc1c47e90ec6686694e84d8260959fdcddcbb2821406a6ead05,MASS_UNKNOWN_OR_OUTLIER;POWER_UNKNOWN_OR_OUTLIER
9383,vmm-4ecc898219bf46160675a7f0784386bd3372aa5d055e5874658d652f4f859a62,MASS_UNKNOWN_OR_OUTLIER;POWER_UNKNOWN_OR_OUTLIER
9384,vmm-92fe6c1a39a7a3cef4976291db16a9cb4ee7b7459e7c1c4b46584020d5ef5f95,MASS_UNKNOWN_OR_OUTLIER;POWER_UNKNOWN_OR_OUTLIER
9385,vmm-60aa9b30d70fabf56f080427d08d91cd87a9caae5772c80e6df53797972ae045,MASS_UNKNOWN_OR_OUTLIER;POWER_UNKNOWN_OR_OUTLIER
9386,vmm-411b5f7e757105dca29450ce4d31ffafdbc158d485125374a9ae49857778e015,MASS_UNKNOWN_OR_OUTLIER;POWER_UNKNOWN_OR_OUTLIER
9387,vmm-c4c0e4bbed23d5429fe7a2439dfa7b9f00481c14763c5bb88684eb0f6d1b3722,MASS_UNKNOWN_OR_OUTLIER;POWER_UNKNOWN_OR_OUTLIER
9388,vmm-faedc401733823112588e33eaebeea72471d182cfd1af610a0ae1ef1e21c9cf1,MASS_UNKNOWN_OR_OUTLIER
9389,vmm-380dff0e32d70e78224b7b17046371d0e8d73b3f8a5750736b27550194d5f7d5,MASS_UNKNOWN_OR_OUTLIER
9390,vmm-8c394c28ed9693ac28ce4957aa3fb7ba237f26005f15bf77bad15f9dc62a9022,MASS_UNKNOWN_OR_OUTLIER
9391,vmm-8569163fb477be54fcfaeb94b1227b5b307c281996db6fb22e93b408221adce6,MASS_UNKNOWN_OR_OUTLIER
9392,vmm-d7d970ff4a517588de64c4cabc892d8fdcaed25516c10b87d77958cf529f0918,MASS_UNKNOWN_OR_OUTLIER
9395,vmm-551eec56c1d423fa98264a16774b3f7b1922ed911c06b5fa6c72aeba5d4aeb4e,MASS_UNKNOWN_OR_OUTLIER
9397,vmm-4ab66342391214481eb9a87825c8d66b44ebdc0da097fbb9ba319c8c8b5c470e,MASS_UNKNOWN_OR_OUTLIER
9407,vmm-9f508a163165fd5aa41c4dd3a24c69d4735be627cd1b8a62431379002beabeff,DISPLACEMENT_LABEL_CONFLICT
9408,vmm-61f979963a4dc56d8ea1fc5ce08949c0c67fb8de0dc971c374f0b79fff049f85,MASS_UNKNOWN_OR_OUTLIER
9409,vmm-5ff9f7735989b074288e64adc0c97e67651bb14f8f28f8027eecef7e42c298e1,MASS_UNKNOWN_OR_OUTLIER
9410,vmm-4f42aba9dfa1256a1573af0a2c88255de112bb1751fb3116a6b798dc1cbe7f27,HYBRID_COMBUSTION_FUEL_UNSPECIFIED;MASS_UNKNOWN_OR_OUTLIER
9411,vmm-bb51758991d97368b81939313224a2d6f1d9e6abd6d99b1ab9068bb5494cd61b,HYBRID_COMBUSTION_FUEL_UNSPECIFIED;MASS_UNKNOWN_OR_OUTLIER
9412,vmm-d28b11c5faaec3bc4407954dd1faf5eacb4c1d7ceb85a479199a61442d62cb1a,HYBRID_COMBUSTION_FUEL_UNSPECIFIED;MASS_UNKNOWN_OR_OUTLIER
9413,vmm-a53b5931a7fdcfafb6f9d474d73e259a778201a931b2e26026c7d0719b47f8d7,MASS_UNKNOWN_OR_OUTLIER
9437,vmm-d8848f284807c0617c2db3e55eda60cc5e56b4adce1f00427b5de39d50aaa14f,POWER_LABEL_CONFLICT
9438,vmm-17dd3db53bab925b95d1e0fef919d56ec198e542462a2a5fb29c37eb8d4ffa4e,MASS_UNKNOWN_OR_OUTLIER
9440,vmm-11aeded09abcb5bd8a2dba33ab4d4dc987f786145fa8b5e0e82c18ea20a80dcc,MASS_UNKNOWN_OR_OUTLIER
9452,vmm-2736239baed5704625a81e092449ad47acae41a002a4b1f88e8f2c5f17455f09,MASS_UNKNOWN_OR_OUTLIER
9468,vmm-e814ca034dcd8bde55b53569eb2211fa6bfa4c07e3793eee3df6a9373d2ce4af,MASS_UNKNOWN_OR_OUTLIER
9473,vmm-d2e74eea2eb6242daf2cce92a0497d30a623f6cb378152f16cf54de7da9837a8,MASS_UNKNOWN_OR_OUTLIER
9499,vmm-1e0f60a4dda9bad36b846860072513388dc50729f65084cb1e3c42d17dbd5201,POWER_LABEL_CONFLICT
9540,vmm-81b50fdc256537e30f52769cacae9bcd14cd64116e342c9743bf644f5901f6fe,LEGACY_QUOTE_REQUIRED
9541,vmm-6ee8aab563cdfc6ab07a86264248c0c835f4768c4aa059152e7a4496bb0884c2,LEGACY_QUOTE_REQUIRED
9542,vmm-7a62c8563d9fad23dfd26ea41f8e9b56d508fa0288d59a32f87abba637b3f43a,LEGACY_QUOTE_REQUIRED
9543,vmm-1c64ee8e4e2808912be914ad955d0ff6c39dd972110f3ed87094905cc12a42b9,LEGACY_QUOTE_REQUIRED
9544,vmm-2ffc48ed127618237b27491b920599affb44647e998be67bda78a17cfc4f1aae,LEGACY_QUOTE_REQUIRED
9545,vmm-6c695ac7f89603485c65b45ac7ff24e93ce8f89bdb317a053345ca1b75fcfe3c,LEGACY_QUOTE_REQUIRED
9546,vmm-d24b74699bf84e17cbf0b6bb751fc83ccfba581e7ae6fd5c8335cb159c21399e,LEGACY_QUOTE_REQUIRED
9547,vmm-68e276f42390c29a243460b5af81b8926a29384dda1831a9396589f627757ba0,LEGACY_QUOTE_REQUIRED
9548,vmm-fb61448398dfe6b7eef7a81f74fc386c88fbb2a97c73d7787f57f538e3507aef,LEGACY_QUOTE_REQUIRED
9549,vmm-23fd3f85bf161f1459b5f9096ef151a25a88df82c9b716bac07679e6159f89ed,LEGACY_QUOTE_REQUIRED
9550,vmm-b8ed3542385ecec0c67b12d02f56ba8e4d1902c7c1922e35d1a2f590f7fb956c,LEGACY_QUOTE_REQUIRED
9551,vmm-c07a21f6071bd78ac59d046fd4c7d64f06e63a2ad17613af37087eec70ac5f41,LEGACY_QUOTE_REQUIRED
9552,vmm-177b232ead03ed080490998872eab1e0a0db309cf4dcf5f98309250e5e2a0ec7,LEGACY_QUOTE_REQUIRED
9553,vmm-61f6b5d3d30343a9b20fa4a0d4b4e06b488ce0df98d2aee5129d7ff32e266a28,LEGACY_QUOTE_REQUIRED
9554,vmm-b5cc648c03e82ff62ed33cb5e6a8c4952e676f6c34f8aa9ed6b03efc858c7e0d,LEGACY_QUOTE_REQUIRED
9555,vmm-d7389846d23da069fa685fcab059640fbbf7e1b8968d5afe50b185b65513f509,LEGACY_QUOTE_REQUIRED
9556,vmm-4f9146ae549017068813a05171a3d4a4cca9f9c87e27b1d23b88567ffb3eeab4,LEGACY_QUOTE_REQUIRED
9557,vmm-ac6fcaea7994d120f23f70aa154a24db8e1f44cfa42d74125693657372a6aac0,LEGACY_QUOTE_REQUIRED
9558,vmm-588221f4eff1e9984d2139ebe330f37d1d3ebe3d286b39dab416de26dd310da0,LEGACY_QUOTE_REQUIRED
9559,vmm-4abd425e9643fadf0f25d451d9b57501c4157f12417aeb00828be7f192040ce0,LEGACY_QUOTE_REQUIRED
9560,vmm-036e8cc8334842e166eb2a56c748bb7014514efb390eb63c3034c0ffacc01149,MASS_UNKNOWN_OR_OUTLIER;LEGACY_QUOTE_REQUIRED
9561,vmm-683dc3ca70427b63ea09beffcc6f500263b3929545b086704d6762efdb26ad22,MASS_UNKNOWN_OR_OUTLIER;LEGACY_QUOTE_REQUIRED
9562,vmm-ac5c0e7863716cfdc6ab1daacee0da3a7a7281b29eb61b983323c6e2eb04a89c,MASS_UNKNOWN_OR_OUTLIER;LEGACY_QUOTE_REQUIRED
9563,vmm-0966c2079aa63e2ea32147279e9a37055f9db5c9fa6a0582ad001d2dc1e5a012,MASS_UNKNOWN_OR_OUTLIER
9564,vmm-a4a34e48bdd49e42c5fbedde850edefe0ceb1a64b37c9a75d5746c0f3f5c8a47,MASS_UNKNOWN_OR_OUTLIER
9565,vmm-cac6024009859547620523649150ca04c6854fb289cedef8229c82663e874edc,MASS_UNKNOWN_OR_OUTLIER
9566,vmm-4630ebdbdc37a07e1ee6c478d5023146f019357fb06fa3b2501cc6ee9afb3fce,MASS_UNKNOWN_OR_OUTLIER
9571,vmm-7c7bea519c5aab50081528d3ffdfb284cf41f9712824c367c0e3de6ddbd66978,MASS_UNKNOWN_OR_OUTLIER
9572,vmm-a42dcbb6b4e0d47249bd247aef98d93cea208cc3698b71f6700e39f99bb36080,MASS_UNKNOWN_OR_OUTLIER
9573,vmm-069acf3b48d8754653c286d91e59490ae30a53aab3ab6717717f8db2445614e3,MASS_UNKNOWN_OR_OUTLIER
9574,vmm-a64e54ea193894e9c348406a0ac4bd4eb5c892b5883d81dce01301837464b3db,MASS_UNKNOWN_OR_OUTLIER
9575,vmm-e736fcde99c67d4ec83bed9d600eaab4367f074ecf2023677c465b2ad48ac583,MASS_UNKNOWN_OR_OUTLIER
9576,vmm-1d15b1f26fd39f55195d1527557a7b0247dccf31c3f05fa54a720d56ed9c5143,MASS_UNKNOWN_OR_OUTLIER
9577,vmm-3cd57408e4c4d13f32263d0d640b1e247ef1b0c51cb795408cadb6849974df5f,MASS_UNKNOWN_OR_OUTLIER
9578,vmm-e287476dcafb10bc6a4de35c3cce27bf42481c04b02368b4631b42265a18452b,MASS_UNKNOWN_OR_OUTLIER
9579,vmm-36083fa3e0b186410ec80ab2c6ada2f4fc8f3c47cd54ffa22c46610ecb6d2a98,MASS_UNKNOWN_OR_OUTLIER
9580,vmm-62802c2ab9420c58a002d5cd43583b7d3a6f95c331d21f90c8d3224eb3cbd1ad,MASS_UNKNOWN_OR_OUTLIER
9603,vmm-2764f590b219af4f191b8c4a1e084019086b88f422da9a8ee10bc0f30bb275ef,DISPLACEMENT_UNKNOWN_OR_OUTLIER;MASS_UNKNOWN_OR_OUTLIER
9604,vmm-3c2045b8705ea6538564af4d6daf6b65cfe30bf91ff74c109fb141988d1c1ba8,DISPLACEMENT_UNKNOWN_OR_OUTLIER;MASS_UNKNOWN_OR_OUTLIER
9672,vmm-f24a9a716bb947d20a5bd1670c20066e8e2960f8b55625d81b09f50f750a041c,HYBRID_COMBUSTION_FUEL_UNSPECIFIED
9700,vmm-4eea2c3293e6b0d840d6b641d6aca31f79f547cead9488584a8ee9fa9adc4262,TRANSMISSION_LABEL_CONFLICT
9731,vmm-204bd645eaee1f8d5f67fb15d54093d9230dbcbe893cdc8a8fa20109ef715441,POWER_LABEL_CONFLICT
9738,vmm-9128047c79bc099e285dfcad32d163300283fdf04b29a5a20eda6c1ba9228328,HYBRID_COMBUSTION_FUEL_UNSPECIFIED
9749,vmm-3ac1f107d288c01f3625f2f9c724e69a30c769bd21af81ffd320dc5604d901e0,HYBRID_COMBUSTION_FUEL_UNSPECIFIED
9762,vmm-a72b95b34de3e494d7b2403fa73b0214f032f0c1eda253713c6191b5fa13d478,MASS_UNKNOWN_OR_OUTLIER
9795,vmm-991d1db90312f5472b77d425c294a3deae5238aa803fa073933b6a5595f3034f,MASS_UNKNOWN_OR_OUTLIER
9818,vmm-4664f1738a323bf179fcf701a6b4b16dff00302694a287b0cfc5440d1202f411,POWER_LABEL_CONFLICT
9842,vmm-7ed810fe9271c1ed7251e4d81502f9f63e21cb9d939fad002e60fbfd9bb3812c,HYBRID_COMBUSTION_FUEL_UNSPECIFIED
9863,vmm-ae2a14c0cf8b5256b6e3f29dcfce39b5511cd7a87a074119f8aa50ac6a663ad3,MASS_UNKNOWN_OR_OUTLIER
9875,vmm-49c81aaf31434f810c23e16e661d98352bcbb57403076bb0aade879cfe982e44,MASS_UNKNOWN_OR_OUTLIER
9876,vmm-14bb43079840ed8fc03cf7fe4261cb3191039222367e95f68897a404e6c34e31,MASS_UNKNOWN_OR_OUTLIER
9879,vmm-9d004640565bbf9a0c399a5a4fc65647da4c355f9a20c27d9d004299e73d4209,HYBRID_COMBUSTION_FUEL_UNSPECIFIED
9887,vmm-cbe6c0918f4476a21254546c122710da78b90d10af3059e7095252613c450645,HYBRID_COMBUSTION_FUEL_UNSPECIFIED
9888,vmm-e0fcecb587777d73aa451e2f1a686e38585a83facbbc50c7aadfead5209a8004,HYBRID_COMBUSTION_FUEL_UNSPECIFIED
9892,vmm-9db5b95fe9c84cbbfd24b5fc7018fa0d4298befd63afe5221a4f929eee405597,ROUNDED_FOR_INTEGER_STORAGE
9893,vmm-edfa01670b1b6a4fb4c8dc3efab6d43365605b342d212195cfb787b69ea85a23,ROUNDED_FOR_INTEGER_STORAGE
9894,vmm-076026419507d7f751618b265eb87e5e9d72cd969fe368de37117bc368594ffe,ROUNDED_FOR_INTEGER_STORAGE
9895,vmm-a18b8feabc34d69fc1142da6cc4ab80815385ffc17ce9e3b4451b18cb9b73ce7,HYBRID_COMBUSTION_FUEL_UNSPECIFIED;MASS_UNKNOWN_OR_OUTLIER
9896,vmm-2126a290c26dcb5045d92a597c9a14aceea6395b441fd01b5dc80f8b04dee1f5,HYBRID_COMBUSTION_FUEL_UNSPECIFIED
9903,vmm-74e40d06692c1e4acf54f865a316616e5d3e579e087fb9828bcfafa75149b4be,HYBRID_COMBUSTION_FUEL_UNSPECIFIED
9911,vmm-c33953d36989e523ef0d9759837f70dc80ba62d4613a52193a1250c3b4e8c724,MASS_UNKNOWN_OR_OUTLIER
9912,vmm-1314a286b2e87ce7785b09dfa778534299de92ce1e583d89ecdc8aeb010731cf,MASS_UNKNOWN_OR_OUTLIER
9913,vmm-447dec02e2cd6a5e91cff2c95030774285a7b973e5d0a7b303d33a795fa1879d,MASS_UNKNOWN_OR_OUTLIER
9914,vmm-860ca997fbf4c3fa3c4ff5a13358f0fd7d447b6cc83326a0b8eff82036c4eb45,MASS_UNKNOWN_OR_OUTLIER
9917,vmm-ef84aee8b1b6fd45fecebafbe5efc7836356c36283a0b2e5a3a48ec28264be94,MASS_UNKNOWN_OR_OUTLIER
9918,vmm-ebaa881f2a8f86faba29136194710c487c8d36f2b19a9598a8c871f3d8227896,MASS_UNKNOWN_OR_OUTLIER
9919,vmm-4e02969a10ba31c1ac396d6ae96009b2131d2119761a550350bc22f6efa1d84b,MASS_UNKNOWN_OR_OUTLIER
9920,vmm-22ae7dbf422416e2e085052873e6b42490c6eb6b9045eefe46080bbd9b3608bc,DISPLACEMENT_UNKNOWN_OR_OUTLIER;MASS_UNKNOWN_OR_OUTLIER
9921,vmm-8e539b7a4543dbfbb20da708773035cb30d8b20a9942f415bee09b02040108b3,MASS_UNKNOWN_OR_OUTLIER
9922,vmm-b26d576818aa422d7351b52cf557441f5353bf1fd522b78be1d5641e4b3e5a22,MASS_UNKNOWN_OR_OUTLIER
9923,vmm-bb23c5bcb19aa72ab6427e27cec654f21d6372bb41af96074f0d06c25b9baf5b,MASS_UNKNOWN_OR_OUTLIER
9924,vmm-a5c641504b9bdbdf1e81e7401e04261844f671cf7560f9c30b9d50a0bdb3b0ab,MASS_UNKNOWN_OR_OUTLIER
9925,vmm-e6f1bb43e72a1bdb9d6e35ff48381894b12be997ca6f3eff29825eaf5ab95de1,MASS_UNKNOWN_OR_OUTLIER
9926,vmm-cad8194b515b6aa5a42469595eeb5ff7e1c7854c019ecaf34a2b580e2067ac2e,MASS_UNKNOWN_OR_OUTLIER
9941,vmm-82dc574181ede426b28dea120d03dde89c8462762ee2f150bf7ab45cffeae0dd,DISPLACEMENT_LABEL_CONFLICT
9966,vmm-097c782e82fbb4d76b1642e86806b17d1c0abfb17a2b7a0a762649ce02d07576,EXOTIC_QUOTE_REQUIRED
9967,vmm-a915237463f8cabde61ee6babe8cd982b4f1dd8eda5acf3621f7e4e19fd3e9bb,EXOTIC_QUOTE_REQUIRED
9968,vmm-da1645538c6e64f44c58703b9d4c5825a5c45ed74edc9e24b0cf5729dcc90856,EXOTIC_QUOTE_REQUIRED
9974,vmm-b60e0b6eeb5a6c246b38335d3af745af6d901bd0002b8441150bece0e76bad40,MASS_UNKNOWN_OR_OUTLIER
9975,vmm-f6b124b31083f193db4a1167caf763b2e11fbe7fafd4b04b9ba66be00f9347f5,MASS_UNKNOWN_OR_OUTLIER
9976,vmm-4d4fb54b8e558a2c37f908c8d09c2d67c602fb4decf24259624cda2297bf6217,MASS_UNKNOWN_OR_OUTLIER
9980,vmm-a23d64c491e85e9435146a23cec6d8191bb137dc17942480121835fb64fc63d1,MASS_UNKNOWN_OR_OUTLIER
9981,vmm-bc605346a9265f1d731b4e850528b93fca4b305a2048350a187905b720cdd276,MASS_UNKNOWN_OR_OUTLIER
9982,vmm-c59c9a9dce8c98487941ea35ecb52762ecdcd1ba634174f7b9f912e3d8850dce,MASS_UNKNOWN_OR_OUTLIER
9983,vmm-75a2513092d76aeab0ba9432a3b777f0de99499badf0b36359366efaa7a80781,MASS_UNKNOWN_OR_OUTLIER
9984,vmm-06309af8fdf24e66e3344526793e44094a43975e6b896c0c39e83ce4ffa08a63,MASS_UNKNOWN_OR_OUTLIER
9985,vmm-10cf9ec16444ec09949db997dfe09b57acd2837d12b69d87f6965cb25dba47b7,MASS_UNKNOWN_OR_OUTLIER
9986,vmm-698660cdb806f513ee4dea393f401c177445c52955059d29077dcc8cd00debb1,HYBRID_COMBUSTION_FUEL_UNSPECIFIED;MASS_UNKNOWN_OR_OUTLIER
9987,vmm-818831df6481ee4715f1df1adb1f49f88e17c6a04b4c4116178f310ed7b71f5f,POWER_LABEL_CONFLICT
10010,vmm-b69022396611bf23e68a4dde555aab112dc72a7febbe1fba246ba62040c415cc,TRANSMISSION_LABEL_CONFLICT
10022,vmm-4ebc20594b9f2c79bf65a3adf7e0a1cade29ff77a1b4d424baa4c1a0c6ed1196,TRANSMISSION_LABEL_CONFLICT
10027,vmm-55d54906e17336d21b11bf3a973c3aa300061992daa261be8bb714c12e6af3d8,POWER_LABEL_CONFLICT
10074,vmm-dddc0768f7bec05aa966cee6440a05e512db537d1896b41cac2a431d8b207c4f,DISPLACEMENT_LABEL_CONFLICT;POWER_LABEL_CONFLICT
10075,vmm-5ff13fba132994670eddd057c3302c6861b4bb3fec2e862da8d1a4cedfd699d0,DISPLACEMENT_LABEL_CONFLICT
10077,vmm-e6aa0dbbfd59d0702ad14ec034ebb704dda79616d6b9cb394324e957f65985ec,DISPLACEMENT_LABEL_CONFLICT
10131,vmm-d0e712246b800b24beaadaa3ae1d6ac005928f0dfdcbf70f392ba42259c11554,HYBRID_COMBUSTION_FUEL_UNSPECIFIED
10138,vmm-b5c35dcda93f8378628a6246178de1e79ab3f876c4d3507ad7a313d4c2307800,MASS_UNKNOWN_OR_OUTLIER
10167,vmm-4adba0571f6e720c33b0a3fc58e7e79a6cd1459f3ace43ea3f023617c8705782,MASS_UNKNOWN_OR_OUTLIER
10183,vmm-5583dd239cccf60b8c0c60b55d28e9facab0fbfecfa7e72f06ae0901a1b71b1e,DISPLACEMENT_UNKNOWN_OR_OUTLIER
10184,vmm-783a0578ac90c05a3ec570d88a4f7866a875b948487f96d30a19806d6965e10f,DISPLACEMENT_UNKNOWN_OR_OUTLIER
10185,vmm-f9b00421514cc99c793dea05386c8deb4446101774216ff1688780e48a85e0ea,DISPLACEMENT_UNKNOWN_OR_OUTLIER
10186,vmm-3e1332c568a4e9506aacfb290bd69c62a815ba25d2135fc72c4331da187d41eb,DISPLACEMENT_UNKNOWN_OR_OUTLIER
10187,vmm-ee5e7592604814e1cc27c4e2f394ee827035994716623e2ae093632e46ae7c18,DISPLACEMENT_UNKNOWN_OR_OUTLIER
10188,vmm-2edfaecf2bbd434a333cc39d450d2dfcbaeceeb53a17a6f86ec14e3491b298e1,DISPLACEMENT_UNKNOWN_OR_OUTLIER
10189,vmm-645aad14fc25275463245a579e819af7cb596364e6f266507ce693e195ba9ae2,DISPLACEMENT_UNKNOWN_OR_OUTLIER
10190,vmm-de73a2ec2d2914072669423702a7771600d9723bc2100b0c1670e405b5e12061,HYBRID_FUEL_UNCERTAIN;DISPLACEMENT_UNKNOWN_OR_OUTLIER
10198,vmm-23c8c70bc79ab789b0ed04b61239df725b74f3294a684a6e892fd1a7eab40b86,TRANSMISSION_LABEL_CONFLICT
10259,vmm-828eee789519bec0543eda40c0b977c1ca9684995407d4f87ee28ca1e0459409,POWER_UNKNOWN_OR_OUTLIER
10260,vmm-2de5a689349df2599668ca35f086c7ccc5702a11cec6e77588213f0a07a30196,POWER_UNKNOWN_OR_OUTLIER
10287,vmm-21af8c07abfae2afeb342041d08321d029de1eeae494ca725c74e45093104110,LEGACY_QUOTE_REQUIRED
10288,vmm-5758c4b6cc1c920275531478cd7663f751fcf41c556106da9c60455d1ea83587,LEGACY_QUOTE_REQUIRED
10289,vmm-b476743ced920cc6734cfb3aa8416723fc25bd7842a667c9e147b509ce059643,LEGACY_QUOTE_REQUIRED
10290,vmm-faf950bc3f8758a0bf427319f53678dcffcb417a68cf6968345ca0866740911a,LEGACY_QUOTE_REQUIRED
10291,vmm-0c74e572a2787a30ba8344c225121d9f9fe82913d7b7c37a071a523a6c683e55,DISPLACEMENT_UNKNOWN_OR_OUTLIER;MASS_UNKNOWN_OR_OUTLIER
10292,vmm-0b66014f88e495a665122c42faed82d52c4ef2723e97c017180b67037515826c,MASS_UNKNOWN_OR_OUTLIER;POWER_UNKNOWN_OR_OUTLIER
10293,vmm-7933b55ed4011ac71a9df37b9fbc36e8ba48cf9e0f67355f4c1e100e5b569591,MASS_UNKNOWN_OR_OUTLIER;POWER_UNKNOWN_OR_OUTLIER
10294,vmm-733c015b95ce549a764f5c139829d04cbbdadefe765ccd37810148c9b4358f9c,POWER_UNKNOWN_OR_OUTLIER
10295,vmm-962551a474e29854128c585b78686b84ebd62d621fcc810598d29541c50e9fea,POWER_UNKNOWN_OR_OUTLIER
10296,vmm-5cfa4a76505981e8c2f17b3fb007774ec9d91da2fa30527a76b8d61e60848d13,MASS_UNKNOWN_OR_OUTLIER
10297,vmm-61495d0548f9f5940a24a3ce048e9cfacbcf25701fb77922109d8c0259d854f3,DISPLACEMENT_UNKNOWN_OR_OUTLIER
10302,vmm-45968f081e6458a79b1925170673846db5022ef30b0a4474a1f451057ebe68c1,ROUNDED_FOR_INTEGER_STORAGE
10319,vmm-84eec11b94a48b96314bd8ab51c0fbe431b03e50be5f7c1a91d72ff029ce9808,ROUNDED_FOR_INTEGER_STORAGE
10330,vmm-c7eabd17faa72565648f0c4fddaf7ab8164963211df52cb7b434bd3878f23a02,LEGACY_QUOTE_REQUIRED
10331,vmm-577c200e599c8702a7a28cd1b96c38945728e71a41209665889b10327a46eb47,LEGACY_QUOTE_REQUIRED
10332,vmm-df8e3b7bfd9798dc13f80c39d2af0e4468ff835aae76efd407c57ebcd3e6e0f7,LEGACY_QUOTE_REQUIRED
10333,vmm-cad772633f63b1b2dafa0ec3d5d90fbf9e2cad0a354c797251c1ca6e88e94bf5,LEGACY_QUOTE_REQUIRED
10334,vmm-aef71e76d92005a9be03a086bf0004e92aa75e7be3003221ddf141c1f8457806,LEGACY_QUOTE_REQUIRED
10335,vmm-15d2699b325d02ac51205ae8a4c8402285b8c47444ec70096d183af51254c548,LEGACY_QUOTE_REQUIRED
10336,vmm-60205d04978a060b1299fc284b17198150219ced4a3ace060c8d6e4b59611d94,LEGACY_QUOTE_REQUIRED
10337,vmm-ce97ccf48f2eb4689e838153cc0dc55d4d2172f26f737900a0abd30c2987fd21,LEGACY_QUOTE_REQUIRED
10338,vmm-a9a36a87c686bf9d8caf0e53006d233841e48210ec2ee327fe0180ba8d85f7b5,LEGACY_QUOTE_REQUIRED
10339,vmm-92fca6d35e5c072922416224c008fae0c2664bccf01a35cad393498be02871d8,LEGACY_QUOTE_REQUIRED
10340,vmm-02aa77ae7c6f1e0a7dd361bab25d426b9a75c180346b260c67b81d8ebfa937e6,LEGACY_QUOTE_REQUIRED
10341,vmm-d220fa85895289ea355bc83b87b6e7293c8f772cccad0b944e6d9224993afdf2,MASS_UNKNOWN_OR_OUTLIER;LEGACY_QUOTE_REQUIRED
10342,vmm-456765d01c28abfa83ed015f1249d92ea5962e73999577c3905d30f8a22af76a,LEGACY_QUOTE_REQUIRED
10343,vmm-09ef19091309f37c750c65e5e83a7d46764dc79680f6be1cfb1fa7264bf59110,LEGACY_QUOTE_REQUIRED
10344,vmm-f6dcd745c5e6b07e65a5733b2b0bbb274e2a3a7a9a68d0a568c2be7c11ad4055,LEGACY_QUOTE_REQUIRED
10345,vmm-2387835ec4590bcaafd9aac4631d0578c7e95e79d4f510e0f4ff72aff50d2578,DISPLACEMENT_UNKNOWN_OR_OUTLIER;MASS_UNKNOWN_OR_OUTLIER
10346,vmm-6efc5229e6d368180ce48b588ef9c805fe50499fd8d54c25e7f759e06681746e,DISPLACEMENT_UNKNOWN_OR_OUTLIER
10347,vmm-5ff7d653f27fb8b132be1889b138ef252685c49c5c45d1d2abb04d8a13c9f183,MASS_UNKNOWN_OR_OUTLIER
10348,vmm-e8e14627931bba8297c403cabc87a7f331ab35e5c974fd3d0d3f709ba6c0d32e,MASS_UNKNOWN_OR_OUTLIER
10349,vmm-e827a3c32316b5298aacec4ffed6999af4560272dc282342c7996a17be928a49,MASS_UNKNOWN_OR_OUTLIER
10350,vmm-4c60c7a690493945862090fe3316ffd3dd12e29541102b3b9768550ca05d0ac5,MASS_UNKNOWN_OR_OUTLIER
10352,vmm-5ff9b3806b6a6236886d0901a34f27d59f5b41dff935b1d9c316149bb28ec69d,LEGACY_QUOTE_REQUIRED
10353,vmm-6d4c1848543c2f46e3a6a49c7cb2ce48ad233598ad8d243400a2c1fa6dfb9d2e,LEGACY_QUOTE_REQUIRED
10354,vmm-d5ed2680c156353ff3c5c117004b5a173f3837ba646828a1458b6b519088aa09,LEGACY_QUOTE_REQUIRED
10355,vmm-42d586997738456d8de27f3e22c57a7b1b046c335d7ad4d0048a42834d8e4c7b,LEGACY_QUOTE_REQUIRED
10356,vmm-bc3b3c63c41e87abd7afb6b2334b58ff31ed06df8280efc01404e4cf386a4eb3,LEGACY_QUOTE_REQUIRED
10357,vmm-69a56057691fc9af2c485b8e0b3346028912dd407cbdb42aa14f2c8e55cb4881,LEGACY_QUOTE_REQUIRED
10358,vmm-137cbfe0dd0f99e72abe775b7621d13167c748725c946c7f1f1f0974cf11e171,LEGACY_QUOTE_REQUIRED
10359,vmm-211dc13c56e9049e148cf9b9e4d1300eef32a5fa947ef0cd30c7520d4cdc8813,LEGACY_QUOTE_REQUIRED
10360,vmm-8a79d64af6d5e6d6f3590f998984ec7a3efde5f9e8f3c740af15a266ceb38500,LEGACY_QUOTE_REQUIRED
10366,vmm-838f575e0253b6ffa5d668453ed60457cfdd4872b011da4ce45c412cbec97f16,HYBRID_COMBUSTION_FUEL_UNSPECIFIED
10367,vmm-8f0354ea1cc2cf49693c35e8b8b7f8b4b8633c622760e905a64f80fde7a82ea6,HYBRID_COMBUSTION_FUEL_UNSPECIFIED
10373,vmm-4e50faa283ae9211422c05311a919bde96d00d962a235a5e9187bee9052d5ffb,ROUNDED_FOR_INTEGER_STORAGE
10374,vmm-2e11924c1db50248cefc042329619e57a796a445ea437eff94fbd39a9234b684,MASS_UNKNOWN_OR_OUTLIER;DISPLACEMENT_LABEL_CONFLICT
10375,vmm-ad19ad2c95656e213b9927c07cdbfbd98b6af549a8ebe2ef4825df0f00319686,ROUNDED_FOR_INTEGER_STORAGE
10377,vmm-dc533b36dfbfff377452db9b5de01ce33227258742da5ca3ce9720e464d646c3,MASS_UNKNOWN_OR_OUTLIER
10378,vmm-c65bcbd8d786d6fe553d81dd5ac98fab0d458357969792b974c237e8b7f07cb0,DISPLACEMENT_UNKNOWN_OR_OUTLIER;MASS_UNKNOWN_OR_OUTLIER;POWER_UNKNOWN_OR_OUTLIER;TRANSMISSION_UNKNOWN
10379,vmm-3fd7a74785026764ec2f02679f109f4337f32eb6553ac3394fbe8cc268e36525,DISPLACEMENT_UNKNOWN_OR_OUTLIER;MASS_UNKNOWN_OR_OUTLIER;POWER_UNKNOWN_OR_OUTLIER;TRANSMISSION_UNKNOWN
10380,vmm-5db92d8008a347cd92af949d7ca1a12aa32495ac250a996deb3a179c148d0676,MASS_UNKNOWN_OR_OUTLIER
10381,vmm-6ed2c83bab36893d39054e8e8db9ae0b6a39284cd93129a5c3386e575e8c9c19,MASS_UNKNOWN_OR_OUTLIER
10382,vmm-4b4fd8b41fd03b9ee84d7caf1eb8c26ddb3146b92dd687b6937aa005ef8a277b,MASS_UNKNOWN_OR_OUTLIER
10384,vmm-4afb975ea0b0708edd39854fba054027f938f58128866c8f9750682f6f6fcd14,MASS_UNKNOWN_OR_OUTLIER
10431,vmm-00556dcbd72f3de95cf07edca0890b3d19dc0399d7ed1b5201d45e7e1cc76922,DISPLACEMENT_UNKNOWN_OR_OUTLIER;MASS_UNKNOWN_OR_OUTLIER
10432,vmm-8b87e1e670438305d24077df3eab7848daa6130a987bec3ddc00afa9105343bb,MASS_UNKNOWN_OR_OUTLIER;POWER_LABEL_CONFLICT
10434,vmm-1128bff88dd32797a3b4a705e8867c440a5a33ca4aa2f5449c910bf76c0217e9,MASS_UNKNOWN_OR_OUTLIER
10435,vmm-cb0a3f90d2d2e8bc53ee4bebc89b37a85fcf84cb60a680d35a1670b3338eca67,MASS_UNKNOWN_OR_OUTLIER
10436,vmm-d3e1691710df983c81f4b39e6d8e2c891d1d77293e31eb0f83766caf44365f99,MASS_UNKNOWN_OR_OUTLIER
10437,vmm-48d821e39c6d72c22f3b3d2110521e0ef68ff5e2400e5d221ec50a3ea33971b1,MASS_UNKNOWN_OR_OUTLIER
10438,vmm-ed1b6c0fc2c67a457c72e33c7cac324438b3dd76f7fd39bb7fc67f1467629829,MASS_UNKNOWN_OR_OUTLIER
10462,vmm-28ef954d97a88a956a0615b3a5c6534cd37de3637bfd8ddfec3a5c7191a51f81,LEGACY_QUOTE_REQUIRED
10463,vmm-d5543be1a41772eb58d10bebdf164ec5542418b2ca71931f00f97b107e1dc650,LEGACY_QUOTE_REQUIRED
10464,vmm-7bc08b20f1cca879516db5a22377bffd0db1f7c3614b41f097a8db9389253d56,LEGACY_QUOTE_REQUIRED
10465,vmm-465dfc8f198fccec2bedbeb56eb8da7b0dbba60f7c05fdab16dd96989971038d,LEGACY_QUOTE_REQUIRED
10466,vmm-97d8d7f4b4ae762ac1024600b75aff7e48eb77c3301d32eceba02dd8545c6c41,LEGACY_QUOTE_REQUIRED
10467,vmm-931f15e1faec15cff89d66207753db7ea4b4f443229141d647d44adb347eec24,LEGACY_QUOTE_REQUIRED
10468,vmm-7d7b7ad12acbc25f273cb676bf7c281ba92d26e83f625c00c8448f2ba2b2ab1c,LEGACY_QUOTE_REQUIRED
10469,vmm-06e832e2d6e6038f7f30cac44314edd9934fcf002091eb3d265bc6c7c0bcbef7,LEGACY_QUOTE_REQUIRED
10470,vmm-b526f4135611f4bd44aa2227d7b211bed31286da7e0d38922a4de7fe00bc5393,LEGACY_QUOTE_REQUIRED
10471,vmm-60ba932fbb94162bca8154c24dcc2c70f7e9991b6fc5feeb4c90895cf0af9846,LEGACY_QUOTE_REQUIRED
10472,vmm-8a0a536c0d743f442c5ede24008e30cb3f2da59610189e7152c412c8fe5b9ab5,LEGACY_QUOTE_REQUIRED
10473,vmm-79db33110ce0ca9975c304034a9444e0b214c1b4c84e6f732aa97800c57f5c97,LEGACY_QUOTE_REQUIRED
10480,vmm-a48fd5642549c04c1de96d131d3f6e728d9abf873610cc11406f9d3e06b4e7c4,LEGACY_QUOTE_REQUIRED
10481,vmm-ee6515164fdf1b5f94c2ea50ef0a454fb27386c33179ab9a36fb31207076b0dc,LEGACY_QUOTE_REQUIRED
10482,vmm-db896789312469f2a0791c242a73b25169b3a69d4b81900ea617fb6c52734b4b,LEGACY_QUOTE_REQUIRED
10483,vmm-75dee7ca851a3bf551659ee8f04b1df086481d25bb34fc6655a114ca77d15c0d,LEGACY_QUOTE_REQUIRED
10484,vmm-e9c81901636565bcc5ba0a926aeaf6095626bdebf05b8e3da760a77cc09ae3ae,LEGACY_QUOTE_REQUIRED
10485,vmm-58f6ad3a93cea08e8e70deceb1f4950357f3071551d0914a27cbf2a03c70d0d2,LEGACY_QUOTE_REQUIRED
10486,vmm-4993a575c2998588d81af8dd06ee913c2acb5458f13aae5e014e02afed0bad0e,LEGACY_QUOTE_REQUIRED
10487,vmm-13f377ebb7afd146f1d96bb97c31e18b5facbd6bf0f957d1231fd8bbb676a7d5,LEGACY_QUOTE_REQUIRED
10488,vmm-bfa074f103fa4e6dfc5a2644c969e626b2717c869f1137a010b789d3ef6a8036,LEGACY_QUOTE_REQUIRED
10489,vmm-2b41f0f394ba7eed4c24ccfcbe582938df6affe9acede6479cbde6bd61da0277,LEGACY_QUOTE_REQUIRED
10490,vmm-2e8c1e0abace184ac4a1db8b2d5ef79e87b3703bdb0938a2d167fa8d4f896562,LEGACY_QUOTE_REQUIRED
10491,vmm-22ea9b72b24548c5d55b17bd20530a947cb250f942e4eaf709689556da76f85c,LEGACY_QUOTE_REQUIRED
10492,vmm-0e947fea071e35b17fe040d835400e073871cd686a894e62558aa8915c4cf178,LEGACY_QUOTE_REQUIRED
10493,vmm-7e13633e14859a897b301aa990b81ff49cfdcd9393d876e598c9a009375bcb3a,LEGACY_QUOTE_REQUIRED
10494,vmm-ef47027438258c60550d9a1d967142d5cee2cf9aac525a91e30c661ffeea7013,LEGACY_QUOTE_REQUIRED
10495,vmm-f538744d81a02fb712f04905b6c0fb8153b1d2094d811a6ccb3ab17e7647983f,LEGACY_QUOTE_REQUIRED
10496,vmm-8454b7b67e4647473865824b8c8c0f945290b5fe582386363fafe470249c5499,LEGACY_QUOTE_REQUIRED
10497,vmm-130c5dae0db5fd214933cfafc0e532a5aed985ab0a09cc0fddb7a641f372df30,LEGACY_QUOTE_REQUIRED
10498,vmm-123c67e27774ec78b76dbee8c42d0bcddf4efc477ddabdfab63f8734c066e88d,LEGACY_QUOTE_REQUIRED
10499,vmm-27df0d6dcd85278903ec9a26593a638ebe33c466bc63b1ad9aa3fd96cca8fc67,LEGACY_QUOTE_REQUIRED
10502,vmm-cd1f0efa35ae654361575d2c60d32824feebde8c47fcfa3a1cf017b8b4cbbd81,DISPLACEMENT_UNKNOWN_OR_OUTLIER;MASS_UNKNOWN_OR_OUTLIER;TRANSMISSION_UNKNOWN
10503,vmm-fc36d4acb3cb431873d835420e06e5ec294091a0d84ae7de1695577f2b6044a4,DISPLACEMENT_UNKNOWN_OR_OUTLIER;MASS_UNKNOWN_OR_OUTLIER;TRANSMISSION_UNKNOWN
10531,vmm-2d6f07d0528f57f3cdb31aa0538f67535336755eccb4b754b0436c3a2f0d338f,MASS_UNKNOWN_OR_OUTLIER;LEGACY_QUOTE_REQUIRED
10532,vmm-475c61ef5e0afa44ee57021831280639fb8e0cd837af1a125f8de41fcf82c363,MASS_UNKNOWN_OR_OUTLIER;TRANSMISSION_UNKNOWN;LEGACY_QUOTE_REQUIRED;ROUNDED_FOR_INTEGER_STORAGE
10533,vmm-0d97ff067d470c21468efbb93a51a3939516ab51869281ab8205f58497df9dd2,LEGACY_QUOTE_REQUIRED
10534,vmm-c6f70e5dd329d5c032c9ca335dd68e78105ba9df7c716c3d892f917d63240670,LEGACY_QUOTE_REQUIRED
10535,vmm-a94dc1b97f2df740a4fd40d52bb025ff86ff7e0b560fb8f39fd1c32d9747a7b0,LEGACY_QUOTE_REQUIRED
10536,vmm-0bc999c5736e17a23e768034298affb76efb11dd563043aa0b7ba04e9b322fca,LEGACY_QUOTE_REQUIRED
10537,vmm-5d3c4a1b3c62b4e157722106883b8b043d0a95c722f25bc70795b696099336f4,LEGACY_QUOTE_REQUIRED
10538,vmm-ad067d4bf851d963861db96e52592d304dc3f4e15e05b5274679d855c19151d9,LEGACY_QUOTE_REQUIRED
10539,vmm-4f00c9095a8e55f7e71028047f461ccbd1f55beea7e651b932ff05d0c6aa9987,LEGACY_QUOTE_REQUIRED
10540,vmm-39792104fd98b2cfc9a07ef787d1d49cf5cc8e1145e8ba301ff32aa39e61d5e9,LEGACY_QUOTE_REQUIRED
10541,vmm-6aca02c8e950f4d4a40b45446a9e998265b8e783f765b1a3e1dbc6496de293ff,LEGACY_QUOTE_REQUIRED
10542,vmm-ad220dbb542486679d9d0b1afee5a51e2939070e71324f7b21acc2cb5a5a2877,MASS_UNKNOWN_OR_OUTLIER;POWER_UNKNOWN_OR_OUTLIER;TRANSMISSION_UNKNOWN;LEGACY_QUOTE_REQUIRED
10543,vmm-05922ac5d6fcb3678e7114756571eb88723be9d4cebd27d95d08fbe07379218a,MASS_UNKNOWN_OR_OUTLIER;LEGACY_QUOTE_REQUIRED
10544,vmm-514211de0924d7b3c6ced4f33706f002e0f1e154eedcaa75464e07e2b4f979f0,DISPLACEMENT_UNKNOWN_OR_OUTLIER;MASS_UNKNOWN_OR_OUTLIER;POWER_UNKNOWN_OR_OUTLIER;TRANSMISSION_UNKNOWN
10546,vmm-99261abf06d058d34c1af77fc4b50a804473fd721d2230beb96412e145416dcb,CYLINDERS_UNKNOWN_OR_INVALID;DISPLACEMENT_UNKNOWN_OR_OUTLIER;MASS_UNKNOWN_OR_OUTLIER;POWER_UNKNOWN_OR_OUTLIER;TRANSMISSION_UNKNOWN
10568,vmm-0375d212721de6d73dbecf07304210e7aaa3b3771cd4bdeb8d4e151ee130007a,CYLINDERS_UNKNOWN_OR_INVALID;DISPLACEMENT_UNKNOWN_OR_OUTLIER;MASS_UNKNOWN_OR_OUTLIER
10569,vmm-036817d8e61e6d8ca3030e2af543a9166416120cefb016998cca8ba74eb7041d,DISPLACEMENT_UNKNOWN_OR_OUTLIER;MASS_UNKNOWN_OR_OUTLIER
10570,vmm-2d12b71b8e03c7d1470e7777c85c437527df23ecfefc389063c4d2b30d44bd25,MASS_UNKNOWN_OR_OUTLIER
10575,vmm-d4fa3654a5f5d2d586949693a10d90bc9df48a06e8b4831c046cf9ac94f2c189,LEGACY_QUOTE_REQUIRED
10576,vmm-1da9f9797f485e5f3d38d7c607da9a23de75415971c8ff1ea14498eb081a30b3,LEGACY_QUOTE_REQUIRED
10577,vmm-6046be29e3279b3de423e76056afde2fbe1971aea6ce906c66632bf8bc9f5108,HR_PARTS_AVAILABILITY_UNCERTAIN;LEGACY_QUOTE_REQUIRED
10578,vmm-9efdf8841a5ef69109683f3a1de56eafe34ce796a76ef92738e273074ae2d9d4,HR_PARTS_AVAILABILITY_UNCERTAIN;LEGACY_QUOTE_REQUIRED
10579,vmm-b35447b86b9b2cf2c39615a816a8bbcb21a327fb4b6a7493aa98cac0b79ec4d1,POWER_UNKNOWN_OR_OUTLIER;HR_PARTS_AVAILABILITY_UNCERTAIN;LEGACY_QUOTE_REQUIRED
10580,vmm-f4be655f344459589b51a23a89471ee2481498f381089616f650be7fd7e93caf,HR_PARTS_AVAILABILITY_UNCERTAIN;LEGACY_QUOTE_REQUIRED
10581,vmm-285be6dfe50b1ee518ac97ed9eeb709d1bdad90e771ee08068a772126a2dbd10,POWER_UNKNOWN_OR_OUTLIER;HR_PARTS_AVAILABILITY_UNCERTAIN;LEGACY_QUOTE_REQUIRED
10582,vmm-8646b7065e5ec135ab7d4bce67d3ca1303c4be0707e2617257d6b70b100d8086,POWER_UNKNOWN_OR_OUTLIER;HR_PARTS_AVAILABILITY_UNCERTAIN;LEGACY_QUOTE_REQUIRED
10583,vmm-c474b244c8bd63490d44b2b8b4a7156d6c31b52df6be91598109963c3e74f310,MASS_UNKNOWN_OR_OUTLIER;HR_PARTS_AVAILABILITY_UNCERTAIN
10584,vmm-a42744c79ebde7452ff25fea2f6b9bfc55959e85eb26a8c81cf24cf0c174def1,HR_PARTS_AVAILABILITY_UNCERTAIN
10585,vmm-f15a5953f1e2f22fa6a5c3956d941444293a28abe73e58aacd652d705bde279c,HR_PARTS_AVAILABILITY_UNCERTAIN
10586,vmm-0462b476bf6a70be741d70640c2bec70724bbfaf7bb9120d209538013a0290ac,HR_PARTS_AVAILABILITY_UNCERTAIN
10587,vmm-0867bafb35f1517224a4e476f2540549ac2112594e29cabc1cd71af9ede5d81f,MASS_UNKNOWN_OR_OUTLIER;HR_PARTS_AVAILABILITY_UNCERTAIN
10588,vmm-a918a771772e8bca123ed82a6274485c4437e2346dc73224e0f78c2e7fa6ba61,MASS_UNKNOWN_OR_OUTLIER;HR_PARTS_AVAILABILITY_UNCERTAIN
10589,vmm-7905ff1e9c876827ee7413d7ac78c6506c986fb2365a461a0059f1eac0a0a011,HR_PARTS_AVAILABILITY_UNCERTAIN
10590,vmm-84bfbcc454f29eaaea1d0208d0705d40080a42f279844642432d2cdec1710c8f,HR_PARTS_AVAILABILITY_UNCERTAIN
10591,vmm-74dc00c073dee2bd1bba14fc07e648068e7a9c438e5afc6d766754eb25a8de10,HR_PARTS_AVAILABILITY_UNCERTAIN
10592,vmm-0480ba9fc72be8dee8d62f49f6c4f52b70c510f3013934d6795a48a84a3447cf,HR_PARTS_AVAILABILITY_UNCERTAIN
10599,vmm-361a11ffef8415e1ff4c7994f92e20191162aea5852f57f57475303838274bb2,MASS_UNKNOWN_OR_OUTLIER
10601,vmm-b07dc8df350578a3239648d850b24910ef09e9531924ff6dc2491e966d074cf7,MASS_UNKNOWN_OR_OUTLIER
10603,vmm-32cf32de5fa739ab4f5ad21d86d9201e2eff1d2c49ad95dacaa59e8383f45c8c,MASS_UNKNOWN_OR_OUTLIER
10606,vmm-6db936d1e10d14cdff6f561304b6031475987e0ee7b8b8d832757165ae2c9e50,MASS_UNKNOWN_OR_OUTLIER
10609,vmm-c2de3a54d77c5a1e0ece75beff10e9c0441ef93c8e3ed05dead147ab5ed67c10,MASS_UNKNOWN_OR_OUTLIER
10610,vmm-f76361238656ab71fe6d5de1a349a6761662a43f1d4e2628940d98fe1fb9ffcf,MASS_UNKNOWN_OR_OUTLIER
10614,vmm-7a6557720d2b3bd66516f4d7ded156038f613368084c95c4e3a2567dd3cc93f7,MASS_UNKNOWN_OR_OUTLIER
10625,vmm-b03570d9aabc836a5253781b59781a2ebc8ba2342b6362dc61c5c667b7fa35a3,POWER_LABEL_CONFLICT
10626,vmm-6b82efb5b7997f510865235eb806c772156f1f89d8be1db9aad217c850d20278,ROUNDED_FOR_INTEGER_STORAGE
10627,vmm-cfe7e41f3a02b0807eb16ffc48fca978247399027679bca99b96df901c23ed68,MASS_UNKNOWN_OR_OUTLIER
10629,vmm-adcd4cab9b32c0196d6f6fb4e82b12424cce27f85f10b79343c7d2161a8b88a3,MASS_UNKNOWN_OR_OUTLIER
10633,vmm-a4d175815b48718d75629a34ebb2b5a6d09afb9d6a7e1af2b546ac60eba60511,CYLINDERS_UNKNOWN_OR_INVALID;MASS_UNKNOWN_OR_OUTLIER
10634,vmm-ef7a30c86950648941f9529e46241b3febfd122b9206712f85451817275b0f4b,CYLINDERS_UNKNOWN_OR_INVALID;MASS_UNKNOWN_OR_OUTLIER
10635,vmm-70da6c738e9e0ceba1098dabe35c78f9264ed8eff05571aa0ba104ce048fa648,CYLINDERS_UNKNOWN_OR_INVALID;MASS_UNKNOWN_OR_OUTLIER;POWER_UNKNOWN_OR_OUTLIER
10636,vmm-1f4cd0951006152678cf6917f057ab3f64498b573c1fd87df5efc3e89779c566,MASS_UNKNOWN_OR_OUTLIER
10637,vmm-680035d64c2ff226b05e2f7189bd16a2c54653c031f1889977d0c3d5e6468f10,MASS_UNKNOWN_OR_OUTLIER
10638,vmm-6aec0c65a5e4a04c1fb31bf436d543723b7823da9172da2a0fba25a5a14120e6,MASS_UNKNOWN_OR_OUTLIER
10639,vmm-ea978add5b4d2a650151bc3557918b9a390215a997d43d7ca73dfa82eba71c32,MASS_UNKNOWN_OR_OUTLIER
10646,vmm-d5b6111a3105bcd22923928d9e24c4cc0a27ac5c594ea61c595c1c23eadf4785,MASS_UNKNOWN_OR_OUTLIER
10648,vmm-e5595b1b58ae14179f9402f2092a8bbd2c4e292074fd08e635ad63c0800146ab,MASS_UNKNOWN_OR_OUTLIER
10649,vmm-fdb0f5a1c8560243bea1d0da00217056f281580dcf2128e49205b0302fc00c67,MASS_UNKNOWN_OR_OUTLIER
10650,vmm-32c15b7385affe99d73f00cb3116dbdea066a7f4a446fcb5242e25c339e1d66c,MASS_UNKNOWN_OR_OUTLIER
10651,vmm-2f0a4e1f3d255092434cb027f5581099846ea5efc21359a9dfa9a4b660fd3502,MASS_UNKNOWN_OR_OUTLIER
10653,vmm-b2e4f6955da210b8b25901c6b46365810ec641b66c2e9522b62d9197ebba35ba,MASS_UNKNOWN_OR_OUTLIER
10654,vmm-b61d901bf2df60fd1ed69212d89b41b20c0397cad11083c47c041549423f2232,MASS_UNKNOWN_OR_OUTLIER
10655,vmm-fe679ee50bd73bb3b910c0577e38a740a6323c3a11dd48a46f7ad69ceac77915,MASS_UNKNOWN_OR_OUTLIER
10656,vmm-53a07fc5fcd55264739f8c9649fd3ffb4e1b66218e682635f97ba7909a2e326e,MASS_UNKNOWN_OR_OUTLIER
10657,vmm-ad49ead8996390c46c19a974803d682ce4138f9784660fd3dbd737d170bd2627,MASS_UNKNOWN_OR_OUTLIER
10658,vmm-fa5ae3d2c3b4509640c1fe47de046966228fd512a38b637ae85c7e232ae51056,DISPLACEMENT_UNKNOWN_OR_OUTLIER;MASS_UNKNOWN_OR_OUTLIER;TRANSMISSION_UNKNOWN
10659,vmm-f889db380fb79de70bda4f28952ec4f2d160b139be0af3e74fbc9943e63d91b6,DISPLACEMENT_UNKNOWN_OR_OUTLIER;MASS_UNKNOWN_OR_OUTLIER;TRANSMISSION_UNKNOWN
10665,vmm-1ac55b749db553d7850833be892300d58d4b67ebdc7a7d5f867fe0c9c5f3962a,MASS_UNKNOWN_OR_OUTLIER
10666,vmm-0b590097f6ca676561d2b2b239afbf193d5e83d80e570e284cdd9fefad507dbc,MASS_UNKNOWN_OR_OUTLIER
10667,vmm-f634a7a6d2f57dbbae5b5fb2337390ba33f5599fb198ea5ae27c3b4079895d95,MASS_UNKNOWN_OR_OUTLIER
10668,vmm-0a8a7b0d6ef5155e6d52abd43ab162f6bcb5865102053e5ec8268e2a3e6be4c0,MASS_UNKNOWN_OR_OUTLIER
10670,vmm-88c4577bf6bab050a9ce62793926fc57f6f7f5654059914626cf48d475a829c6,MASS_UNKNOWN_OR_OUTLIER
10671,vmm-61a836e29cc6d92892cc88283e9ce990b404fd6344a86ac80ec957839b0fbdb5,ROUNDED_FOR_INTEGER_STORAGE
10672,vmm-cc33fe82c5e94623b730f669555a902a8806ef9ed936e65e376ce3efaed919ae,MASS_UNKNOWN_OR_OUTLIER
10677,vmm-dd78f3ed5a724e4fd6bc5041cdbc3acd55c8b3ede25af75ff38201a0f24afffc,MASS_UNKNOWN_OR_OUTLIER;ROUNDED_FOR_INTEGER_STORAGE
10678,vmm-75437a91485e9ec929766cc415d98c96af2c6268e61de98ac77a1736b5ff9817,MASS_UNKNOWN_OR_OUTLIER;ROUNDED_FOR_INTEGER_STORAGE
10679,vmm-eaf2ca7fbd6792b5a9bbe36e52703fcbefc9dc61df38cceb2e0411149db2fc60,MASS_UNKNOWN_OR_OUTLIER;ROUNDED_FOR_INTEGER_STORAGE
10680,vmm-314e6a16325f87fc0b2747a503696b3f6ec216aefbeb59812c4785abe628c96b,MASS_UNKNOWN_OR_OUTLIER;ROUNDED_FOR_INTEGER_STORAGE
10681,vmm-196fe719b26454eab4aef88c04501c00695e8bb27799eb3cf9337d84332808f0,MASS_UNKNOWN_OR_OUTLIER;ROUNDED_FOR_INTEGER_STORAGE
10686,vmm-e4eb263e37c50db82d9ffc99754202ce5ee59787a5486dbbd96dc3217df26e8a,MASS_UNKNOWN_OR_OUTLIER
10707,vmm-df860e6aa34acec1d7fc2f3ff9f4a70601bb76aca5295a44c3155f0e5c079791,CYLINDERS_UNKNOWN_OR_INVALID;DISPLACEMENT_UNKNOWN_OR_OUTLIER;MASS_UNKNOWN_OR_OUTLIER;TRANSMISSION_UNKNOWN
10708,vmm-0f600f6da27b71d0f05fc9a8be2278b14447b3b29ce85a85c959c9f41835acba,MASS_UNKNOWN_OR_OUTLIER
10709,vmm-b5e96c4308d34941ef7a0ab3d7c98a47a3db9c182e38a9228a9d6621b08a3d28,MASS_UNKNOWN_OR_OUTLIER
10710,vmm-f776702260d956f5a2b949da8b1b4a8ce4344d741536b1dde275352fd1df3a2f,MASS_UNKNOWN_OR_OUTLIER
10715,vmm-5fe1e3dc9bf739a7c8930c7b542eac4e2f3497da6ba5949c9cfe3f06f16a2238,DISPLACEMENT_LABEL_CONFLICT
10716,vmm-f036e83a46946637e45b43543a0659ed9097e7938f02a158a5a38d023122beb5,DISPLACEMENT_LABEL_CONFLICT
10726,vmm-5524c6c32b1160cbdaa790a4ecbb9b2d0a03867aa5f142c53afe955570fde99a,MASS_UNKNOWN_OR_OUTLIER;POWER_UNKNOWN_OR_OUTLIER
10727,vmm-6dd567197c5bff2d1e56562ac503443d1df8b72aad6efcde7551f8373eb52d5f,DISPLACEMENT_UNKNOWN_OR_OUTLIER;ROUNDED_FOR_INTEGER_STORAGE
10728,vmm-c843b51190eb332a1bce8873e47f605f3f6291dd2d5221fc72526794fb9e8f59,DISPLACEMENT_UNKNOWN_OR_OUTLIER
10729,vmm-dbf74b003b4918fc260fbcd87f652158d441e4851b8f6807fafc315202d66ce9,DISPLACEMENT_UNKNOWN_OR_OUTLIER;ROUNDED_FOR_INTEGER_STORAGE
10730,vmm-69a1b6364cdba67a1a0515ba23e593681dc7bd7aaed765f2754824cbca18f07d,DISPLACEMENT_UNKNOWN_OR_OUTLIER
10731,vmm-17c4af259059d1e82c57ed144eb94cb4439bf6af81acb9c434050295257ef4c6,DISPLACEMENT_UNKNOWN_OR_OUTLIER
10732,vmm-92a0cb66253e2869aa29c7b6ed6d0f2be2f107307c0fb8aa726449b81fb3a58d,DISPLACEMENT_UNKNOWN_OR_OUTLIER
10733,vmm-2dbf2db9ce4efeca00ca2681b0a82809ae4b578279c111eb4b500bcbc2ac1c53,DISPLACEMENT_UNKNOWN_OR_OUTLIER
10734,vmm-ccf1da5cdd09f3391d1c79b954f357f8779946639bb55073a72a2f3bc3ece5d7,DISPLACEMENT_UNKNOWN_OR_OUTLIER
10735,vmm-441482274a31af8bc820a9bc3bf7ce1c90a94570dec74718ab727c8b27a1cbdd,DISPLACEMENT_UNKNOWN_OR_OUTLIER
10736,vmm-43ee1c1a2b08c40656296f1bd35663232567d3f1e33df7f861daff6f9adf6388,MASS_UNKNOWN_OR_OUTLIER
10737,vmm-9857df691170e57ffe076e2b714269aa6562f2c786397ad5dff8ba388e8552d3,DISPLACEMENT_UNKNOWN_OR_OUTLIER;MASS_UNKNOWN_OR_OUTLIER
10740,vmm-f2ddb34c6a0dd7eab5500c0668e01140f3660331509080ebe0146183c494a296,DISPLACEMENT_UNKNOWN_OR_OUTLIER
10741,vmm-3fea3a4251dd93f2573f0b26ccae859e69bee82686e5ef8d7a031313997e5a06,DISPLACEMENT_UNKNOWN_OR_OUTLIER
10742,vmm-0196503b07afdcc871384e24dd9d2aee971dfc7d1ecfc10ae120a91e62d2b6e2,DISPLACEMENT_UNKNOWN_OR_OUTLIER;POWER_LABEL_CONFLICT
10743,vmm-ec5811b5210c39dc6e6836f7febabc57881a637d6d1653912f57a93f52d612d8,DISPLACEMENT_UNKNOWN_OR_OUTLIER
10744,vmm-a78180b2d470d23bace6b7ab1167182de82bfacec82cb1a80ff194f5f187fd96,DISPLACEMENT_UNKNOWN_OR_OUTLIER
10745,vmm-0caf63fddb834e75368fd7ae11cc095f6d0c924c6497d9a821b83220514bcca5,DISPLACEMENT_UNKNOWN_OR_OUTLIER
10768,vmm-909eff0be0bdab1659444775d448c36274c8744e067dfb77d7d3787ca7fcc4cd,HYBRID_COMBUSTION_FUEL_UNSPECIFIED
10774,vmm-7fe46d401a46d94425ae317e9c82df1a7df20c91dedb34e6a1bf4f71a7495178,FUEL_UNKNOWN;CYLINDERS_UNKNOWN_OR_INVALID;DISPLACEMENT_UNKNOWN_OR_OUTLIER;MASS_UNKNOWN_OR_OUTLIER
10789,vmm-02ad68d1f65f2e4a2276af10bb83b63e6f7fb52423598c9e0b93f9e313883ace,HYBRID_COMBUSTION_FUEL_UNSPECIFIED
10790,vmm-ccb4ad224ead2271b98ce3cc7b88f80c02c15449182c495e301ae726bd72702a,MASS_UNKNOWN_OR_OUTLIER
10791,vmm-8532451d5874901b1a74e721b69869fc9aab5bdc0f729127b771260c9f18e2b2,MASS_UNKNOWN_OR_OUTLIER
10792,vmm-f081816d86aa4f0c0cdfe3edb2c5c950fdcb302846bbb8c52652784a1683a584,MASS_UNKNOWN_OR_OUTLIER
10793,vmm-2d48f16a7abcafe5430fa1f9db0b76da58e7e113fe37d63f03a2a6e113ba2da4,MASS_UNKNOWN_OR_OUTLIER
10794,vmm-9e6eeb8d06e226f12c5d9083e880e16dbe4b9faf36927d72778db71dbeeb1ade,MASS_UNKNOWN_OR_OUTLIER
10795,vmm-da8f88bffa3fdfcc2161a739f832caa06f90f6a3fa3c926b02cbb01c0502c805,MASS_UNKNOWN_OR_OUTLIER
10796,vmm-0fca9ce045df13fd19b36a499c7ea495f48468abf1342e0a529fc023afe6e6cb,MASS_UNKNOWN_OR_OUTLIER
10797,vmm-a61dd9f943deeb49facd1bea4b194a6c90edfc47abdbb319077b784c8658da83,MASS_UNKNOWN_OR_OUTLIER
10804,vmm-4887f570172496d09148eab697924b2e7e89b01028f3b261fba2a3641df2aa82,TRANSMISSION_LABEL_CONFLICT
10811,vmm-c64fe13b414534b3652c2988e3e99186b9e95ecec87ee195fa61096dbb6065a1,DISPLACEMENT_UNKNOWN_OR_OUTLIER;MASS_UNKNOWN_OR_OUTLIER
10813,vmm-1667c5bbfb1afe8208a0d33cb45445c2a8514fe684c9db616b11692422fe1727,MASS_UNKNOWN_OR_OUTLIER
10814,vmm-da6aa5c6b94f4e1923f810271c29feb61773d0ce3019c618529d07df3ab810a6,MASS_UNKNOWN_OR_OUTLIER
10815,vmm-2ebed0ee7309f5228fb9ca3f9b256bb03a5d4d7f74d46da246dbf569abf9aa44,MASS_UNKNOWN_OR_OUTLIER
10816,vmm-88dfaae36517fc815cc47694c5c73342f85a263cceaf5421dbfac000888d8e00,MASS_UNKNOWN_OR_OUTLIER
10817,vmm-f9eb71d22b96e075f7e521cb884f599ce4681e328dd5adb5758597e531331e38,MASS_UNKNOWN_OR_OUTLIER
10820,vmm-b6cf3aceb0e167cd154c27f03516a803f9c8030cc4bfced9e708b0352a3659ca,MASS_UNKNOWN_OR_OUTLIER
10821,vmm-da6b240ddbadb85c05b6d1beb1cc1097a2ffbf218092e296d4659e08b440cfd7,MASS_UNKNOWN_OR_OUTLIER
10828,vmm-ebd0404e7d4e32a7a5f71877a0770e60fddaa72bf994d02c11b3a3a82c2e1b39,LEGACY_QUOTE_REQUIRED
10829,vmm-16a216ee9c6d36f13fea1e32d3c5c1887d55cadb07b2e848f4b8e504bc8b2840,MASS_UNKNOWN_OR_OUTLIER;ROUNDED_FOR_INTEGER_STORAGE
10830,vmm-fbc529ee3de97b700289e9484cb507e261d98791e579057bb0b7f9361e35bef1,MASS_UNKNOWN_OR_OUTLIER;ROUNDED_FOR_INTEGER_STORAGE
10831,vmm-7191552eeb5cb0daa402ce69a60f0efc674130c23a559dcbfc9d5887516d7932,MASS_UNKNOWN_OR_OUTLIER
10832,vmm-25d8af45a91befb9dc49ab891308dc3559d042b0b90bf70ac43d59481f14a166,MASS_UNKNOWN_OR_OUTLIER;ROUNDED_FOR_INTEGER_STORAGE
10833,vmm-7e84556485bc48df4d605a51912909cf76dcea157a52d0251de9f65a09a757bd,MASS_UNKNOWN_OR_OUTLIER;DISPLACEMENT_LABEL_CONFLICT
10834,vmm-6f5d7d7ae6920b8481b3c111b6a89c96d93b7eab91ba72e9ffcc717f6c698b4c,MASS_UNKNOWN_OR_OUTLIER;DISPLACEMENT_LABEL_CONFLICT;POWER_LABEL_CONFLICT
10835,vmm-09ef346a913c34e3f38c47ec5f0602e40cfc2edcad367e484e75521197f61241,MASS_UNKNOWN_OR_OUTLIER;DISPLACEMENT_LABEL_CONFLICT
10836,vmm-bc3f2008deb63bb0aa0d3a76d79fa8e95bbb0756cde34c4e5ece5399d1ff7feb,MASS_UNKNOWN_OR_OUTLIER;DISPLACEMENT_LABEL_CONFLICT
10851,vmm-d440d5e8117d8ed050e10efcf0e4c044c11ae4cd66d4fd1eb4318e53f6ac76df,MASS_UNKNOWN_OR_OUTLIER
10852,vmm-78ed85f27f7ad1db6e6d0d296fec736f8112765135f574a4690985a0b88e7d96,MASS_UNKNOWN_OR_OUTLIER
10853,vmm-6e5c8fba4249726898d3ff99461ee95e0d377b6e951c64b01c395fadd853e391,MASS_UNKNOWN_OR_OUTLIER
10854,vmm-f2da19e2700bdb747da0f1052a4a235b1748ee9c0c54312bab52981c477b8114,MASS_UNKNOWN_OR_OUTLIER
10862,vmm-7a1287429bb60e49239f296945665627ac7677857e388af4e77975e67dec425e,MASS_UNKNOWN_OR_OUTLIER
10866,vmm-0cf48e4af16b8e75641684c6f4224967a7de3533d30cf7913ddce95d4e45b2de,EXOTIC_QUOTE_REQUIRED
10867,vmm-cf3fbb55ba1e62e7f54e9cea50c45da249bd60bb48b252e2848cf8a3632d493f,EXOTIC_QUOTE_REQUIRED
10868,vmm-e2894aeb21c335e2832b5c2177021be2d47c6ac58d02e790b646ceecb6c76876,EXOTIC_QUOTE_REQUIRED
10869,vmm-f4af54cc1ab03dc57e7a2eb3bb8bddc544a1a2715f203fb2ccb22f167e61e044,HR_PARTS_AVAILABILITY_UNCERTAIN;LEGACY_QUOTE_REQUIRED
10870,vmm-091e2932f0589026bbe45acc8f29279ab252384fe7ddb3ecfee9817c4abf7e28,HR_PARTS_AVAILABILITY_UNCERTAIN;LEGACY_QUOTE_REQUIRED
10871,vmm-5dcbf598c18f12d607967455f18f0a50461ce42ab06b22713c0d66e18d4cf89c,HR_PARTS_AVAILABILITY_UNCERTAIN;LEGACY_QUOTE_REQUIRED
10872,vmm-0da967dba2efb0dd9fbe3663aec5ba48264928b4a74781580cc9cf551f708f70,MASS_UNKNOWN_OR_OUTLIER;HR_PARTS_AVAILABILITY_UNCERTAIN;LEGACY_QUOTE_REQUIRED
10873,vmm-ff675203a9ed1a96411533c665bbb8eb9def2fe571c0ac36c1e4334b99584a2f,MASS_UNKNOWN_OR_OUTLIER;HR_PARTS_AVAILABILITY_UNCERTAIN;LEGACY_QUOTE_REQUIRED
10874,vmm-6fe472df48fe35c9fb2205354bbfc197c035593fe4ed67617f955686dbfe5762,HR_PARTS_AVAILABILITY_UNCERTAIN
10875,vmm-85b4343ec11b9a651153e6eeeaf35fa8086e6888b48344d77dedcf623d5ffcf1,HR_PARTS_AVAILABILITY_UNCERTAIN
10876,vmm-d49039fcac6291e7a65da1bdc7e2b47ddda98f42d87deed609718ecf409930cf,HR_PARTS_AVAILABILITY_UNCERTAIN
10877,vmm-8653639c738954e21c57c12965edd067a1a6a72212914e427fadab4c0c1c3815,HYBRID_COMBUSTION_FUEL_UNSPECIFIED;HR_PARTS_AVAILABILITY_UNCERTAIN
10885,vmm-9b8fef2bd5d3975e355e0713c11b5f5a8efe096a68192d9d402b06f95b6670b5,TRANSMISSION_LABEL_CONFLICT
10940,vmm-e9c98ce4789c89a075f8d67f692d6202817247850a17410772cb91daa56433fa,MASS_UNKNOWN_OR_OUTLIER
10941,vmm-09cdcc3ac27256b7d375a91e9ba602b2ff70c1d66e7f12b2bb557883b24a9833,MASS_UNKNOWN_OR_OUTLIER
10959,vmm-34ac1b4ca0cb31fdb761197608f2c3c85708347e036361818c689c1426356c45,MASS_UNKNOWN_OR_OUTLIER
10963,vmm-eea7fdfc3b220f3b60e849b79973d2ed11f2186a10afb3ab4d521fa585c7abb9,MASS_UNKNOWN_OR_OUTLIER
10964,vmm-a8453c9c4d67f7d9094bc6c626666f32d3196164ba879905ba56fc8a61b35701,MASS_UNKNOWN_OR_OUTLIER
10965,vmm-cb3e58710148234a2d54a088c8fcf3a5ee75acb158404d48e7a77f221cf7bf7a,MASS_UNKNOWN_OR_OUTLIER
10966,vmm-e6760ec9c8c515152e7fe07b37bc98307536a57ceb4c54fa10968ea6e446b89c,MASS_UNKNOWN_OR_OUTLIER
10967,vmm-80e69b2610581d46f68f780e33ab41bfd4236d0dcdf17dba58ae6644e06a6fa4,MASS_UNKNOWN_OR_OUTLIER
10968,vmm-ad3b4f0c5d14e331e7bb985d1fbdb86f56d2bceca9f2e96f975b2fec70268907,MASS_UNKNOWN_OR_OUTLIER
10979,vmm-55d260221edc05d75005f29cc7345a37abe4d12cda193bde8058b6b728d363e7,ROUNDED_FOR_INTEGER_STORAGE
10980,vmm-030eaab2273eb3d15f7f217cf9d9395a28f37d350a270bc197dc9985697c1cac,ROUNDED_FOR_INTEGER_STORAGE
11012,vmm-db150793ba8597ca6b0157535a56d1b4ae6980575aeb88cd613b5a68d9522887,MASS_UNKNOWN_OR_OUTLIER
11013,vmm-e8a95f7f61ee4651d27c02a1270fce655f3a87f4a36a29826b132e0cd07f02b8,MASS_UNKNOWN_OR_OUTLIER;TRANSMISSION_LABEL_CONFLICT
11014,vmm-1f315dcfe7b5c9e6f8f63011743998e3716eafb0c55a57cca9c204ac894fc61f,MASS_UNKNOWN_OR_OUTLIER;TRANSMISSION_LABEL_CONFLICT
11024,vmm-e20e34d30a0a69ebbd45f559888b696bd03ba9f2f3c8e260fff3fdd1c2194a93,MASS_UNKNOWN_OR_OUTLIER
11026,vmm-c5aa7f3b752e1169ef4c7acae2f6f9e1388b1e8812965fd4a91a553f1762f988,MASS_UNKNOWN_OR_OUTLIER
11046,vmm-9a6869325d8463b0f3769b1a97f4644e31f0895855f2ef6e3b9c671393208a0f,DISPLACEMENT_LABEL_CONFLICT
11060,vmm-91697c381fa7159606a64010a6140d19465cdb32c156b67ceaa912ef3274924c,MASS_UNKNOWN_OR_OUTLIER;LEGACY_QUOTE_REQUIRED
11061,vmm-f0eb2d10b0292a1cc662f659a13b0be84ec0628115d4b138796b4efc59fe5188,MASS_UNKNOWN_OR_OUTLIER;LEGACY_QUOTE_REQUIRED
11067,vmm-151d25d21ab0e5e07b77c57a67420284a4e71a354183bae115cd2bb4293f43c1,MASS_UNKNOWN_OR_OUTLIER
11069,vmm-204d06bbf667235e78b3f62368c082c92f3a71605a23690addf55d39c16925d7,MASS_UNKNOWN_OR_OUTLIER;POWER_UNKNOWN_OR_OUTLIER;TRANSMISSION_UNKNOWN;LEGACY_QUOTE_REQUIRED
11070,vmm-216127d180f7262183dd1b3fc4d76f2423293a0c2ad19485601b5bf73028fd4f,MASS_UNKNOWN_OR_OUTLIER;POWER_UNKNOWN_OR_OUTLIER;TRANSMISSION_UNKNOWN;LEGACY_QUOTE_REQUIRED
11071,vmm-a4312a200a50cc90528c90ada86610d2c0dfd9737a63693410fb0aaaef07cdda,MASS_UNKNOWN_OR_OUTLIER;POWER_UNKNOWN_OR_OUTLIER;TRANSMISSION_UNKNOWN;LEGACY_QUOTE_REQUIRED
11072,vmm-43f6a4baa1abb4ca5eb99ad18ef0b78229639c829867fbbe93a30a03c1f3e90c,MASS_UNKNOWN_OR_OUTLIER;POWER_UNKNOWN_OR_OUTLIER;TRANSMISSION_UNKNOWN;LEGACY_QUOTE_REQUIRED
11073,vmm-6c77cd6aa817c7a3abda22e099fdc6786983c5bd25172310ab8079dfb7463fc3,MASS_UNKNOWN_OR_OUTLIER;POWER_UNKNOWN_OR_OUTLIER;TRANSMISSION_UNKNOWN;LEGACY_QUOTE_REQUIRED
11074,vmm-975390b2e602b2ba7ba22c1709b3b20f39e54ab107c41ae26e8032d1a5365cca,MASS_UNKNOWN_OR_OUTLIER;POWER_UNKNOWN_OR_OUTLIER;TRANSMISSION_UNKNOWN;LEGACY_QUOTE_REQUIRED
11075,vmm-625adcca79eda37355e6075eb83c5bfc5e3a96a6b73e7158ba6f0c11b5d28318,MASS_UNKNOWN_OR_OUTLIER;POWER_UNKNOWN_OR_OUTLIER;TRANSMISSION_UNKNOWN;LEGACY_QUOTE_REQUIRED
11078,vmm-858c57bdee8b038fa186b3f1798b0d8d658fdd51567685b6bce2aae83be399ae,MASS_UNKNOWN_OR_OUTLIER
11082,vmm-feac6f9ff571608fc0a160877721568a70cf3b8875bc19694554f9be48961d42,MASS_UNKNOWN_OR_OUTLIER
11083,vmm-f28f11ea4ec7f7d6f22e88f0f18255731b924c45781954cdf4721ee8b6e7033a,MASS_UNKNOWN_OR_OUTLIER
11090,vmm-636a1b25cdaeecab4d5d1c66a9b5d63014544747fd6a3b810b6eaf1e5eccabc6,MASS_UNKNOWN_OR_OUTLIER
11108,vmm-1d07551dcc8163ae599e8f5fa356ed3389db8ba80063e880563ff74812b0117a,POWER_LABEL_CONFLICT
11109,vmm-ffc3b3d6a6a01da4ffad24a9dff96d0b779aef0ac18dff1306a494d148276778,MASS_UNKNOWN_OR_OUTLIER
11113,vmm-d50434ae5635d452a5626fbe1d1ff6b7155cb7e8c287666f3d642efdeea9251c,DISPLACEMENT_UNKNOWN_OR_OUTLIER
11114,vmm-39adc67c0d81bbf10ec9904e320757712932c1bfaf387e61e840abe4cc12de57,DISPLACEMENT_UNKNOWN_OR_OUTLIER
11115,vmm-75c12b565cb5fded3ad74413f7438f12f043a1fec65b636849e53c845ba65b58,MASS_UNKNOWN_OR_OUTLIER
11116,vmm-b4a447840053483049b3ab9bd091ce4069ea0f06c88c2e865c79fcef0dcce9cb,MASS_UNKNOWN_OR_OUTLIER
11117,vmm-e0102b042c1e11a11a962cf8a7073f05b8c9657c9c2566ef60f6463e85f7a937,MASS_UNKNOWN_OR_OUTLIER
11118,vmm-52b760c0ba2c1f5519f936e95a28e8e106f1da919d3c7b04fe74cf1546dd1af2,MASS_UNKNOWN_OR_OUTLIER
11119,vmm-47cb8f2f60749ab028f8c4e71fb6e637c7f65538f14b433e28edbfb47c0c4529,MASS_UNKNOWN_OR_OUTLIER
11120,vmm-06965c33e724c2175fd2275a2eda600bdb6e1ab5922fe25a788f9c70ea8cdc94,MASS_UNKNOWN_OR_OUTLIER
11121,vmm-211033063dd82be082910cc9039ebb09fc34f578973a496e9b600b3919d33016,MASS_UNKNOWN_OR_OUTLIER
11122,vmm-c544fa5511f49ceb92d7df169c42ec9501e01ebf1d988af0a8dd5c5c5ac4eefc,MASS_UNKNOWN_OR_OUTLIER
11123,vmm-e77e3a164c673df4c2792d1b89bac813b20b9186d1f959ac88235f2c09776446,MASS_UNKNOWN_OR_OUTLIER
11124,vmm-bca69c7c5910d5113cab188251b0806798572658fd13dc8cc9f08fda50f17438,MASS_UNKNOWN_OR_OUTLIER
11129,vmm-eab2d1509a87a2fb4b32ab20a2ddc85ba9ab1cda43b8ae27432347d1d58dd8d3,TRANSMISSION_LABEL_CONFLICT
11153,vmm-47abf46f3288f5b0f8f4832ba27bf5d1fbc2244ca2baa66ba9c3a7f15ea6121e,MASS_UNKNOWN_OR_OUTLIER
11171,vmm-6b60bf48b8074c625e98cf01c4da4ccfc876f2e9d6ed88f9bb01d7e08332b9b7,LEGACY_QUOTE_REQUIRED
11172,vmm-0632d09428a2b6338b9b51f80a3fde6a563c624b579fb9667f5dfbd4133c1042,LEGACY_QUOTE_REQUIRED
11173,vmm-a573f9aabd944aefd8aff5a8d0db0621e201c93bad14f03467af13a1cb40795f,LEGACY_QUOTE_REQUIRED
11174,vmm-8c1fba3bec7adb3d7c0da1c179dc4bae3374c413d3b3bdb2e5922b263fa9c736,LEGACY_QUOTE_REQUIRED
11175,vmm-72752ab6bcffe2c7899c5676cfcc422dbd47a33443fa46aec44521e716c446e5,LEGACY_QUOTE_REQUIRED
11176,vmm-183596bf56e1b6be804c69b847e83250f9bf0b02c7a8f54bf0d63177ab041e0c,MASS_UNKNOWN_OR_OUTLIER
11177,vmm-75d71001f2fccf38af828a6d34fb58e43ea64debc6b0abcc8b90589f2fb24eca,MASS_UNKNOWN_OR_OUTLIER;TRANSMISSION_UNKNOWN
11178,vmm-0d82afaf30413def79e8f3143cbaab835fe7453b769693e0410e0fc116d8c67b,DISPLACEMENT_UNKNOWN_OR_OUTLIER;MASS_UNKNOWN_OR_OUTLIER
11179,vmm-acff5a35d636807221986474e5db1b61594e860950840a3099e472ec708a52b5,DISPLACEMENT_UNKNOWN_OR_OUTLIER;MASS_UNKNOWN_OR_OUTLIER
11180,vmm-7c5f3b6a4b1efeab1858b3fc59c6271dc203aafcd92260e9cc662518398e6e4e,HYBRID_FUEL_UNCERTAIN;DISPLACEMENT_UNKNOWN_OR_OUTLIER;MASS_UNKNOWN_OR_OUTLIER;TRANSMISSION_UNKNOWN
11185,vmm-c9f001d5c38aebdfc8f74482123d483a472f835469732e2d9adc64992baf099f,HYBRID_COMBUSTION_FUEL_UNSPECIFIED
11191,vmm-371f4689ce549831f90e0802011e63d4169f707cb1aa5599c1a13ed0d9168aaa,HYBRID_COMBUSTION_FUEL_UNSPECIFIED;MASS_UNKNOWN_OR_OUTLIER
11204,vmm-24b1bcf4ddc05a50274d4663e9309dd78e014fff6a516cb9e5e035e564c701b4,HYBRID_COMBUSTION_FUEL_UNSPECIFIED
11223,vmm-22352a5653a3cd09406ba6989a0ba9d88854223d5706102f774406d9bc695285,LEGACY_QUOTE_REQUIRED
11224,vmm-8db29ad4c3931d00489a6185229e6d72a8415d3859a2080f213d5325aab5805b,LEGACY_QUOTE_REQUIRED
11225,vmm-6a03ab98fb679ec36b1b3cff63153bbf8545d28d5d0cf23413b45ba09d7a0e91,LEGACY_QUOTE_REQUIRED
11226,vmm-81deb459bf854ba31f8eec99967fd390af8fc4778102ef569c30e9051035c911,LEGACY_QUOTE_REQUIRED
11227,vmm-1ef398d39b5fcd42f825d039142eaa96b078cca305703cfef2ebdecadf622a2c,LEGACY_QUOTE_REQUIRED
11228,vmm-0cd596a31dc63f40273f5fee73cce0e5f9d22142f18f45fee9e3bf5a3b503c7f,LEGACY_QUOTE_REQUIRED
11229,vmm-27f92e5b7146bd3d5dff8a847d045b5564589db26b24a2ad436b2467e1a90d6b,LEGACY_QUOTE_REQUIRED
11230,vmm-ca2cd0ec75986242300cdf7da2a34b60339c7b2f688baf754c3f48e26bcd7e02,LEGACY_QUOTE_REQUIRED
11231,vmm-d25a97c72fa87d6ccb3ad2a245971280f9dd681c8d6fa4a0b8a2920d93342adb,LEGACY_QUOTE_REQUIRED
11232,vmm-0330f04fb53e82fabb728c2c6b6267266244cd65ab6ea0451c06d723f6c8f246,LEGACY_QUOTE_REQUIRED
11233,vmm-f0a73a90017f033cb46a8ac163f768648d558eea51f54b5f1d89a20f10dce741,LEGACY_QUOTE_REQUIRED
11234,vmm-39d34548f99bc616bc1400ce472d7ac5005f9a67bbdf4f960ebee8c6a2b08d22,LEGACY_QUOTE_REQUIRED
11235,vmm-a958dc9ad58a8d7f908fe1f95d388e12a17cd0c249ba1cd216c8a4fde9fe97fb,LEGACY_QUOTE_REQUIRED
11236,vmm-9f79dd0b2d281e7cd9eac3f63f8349d86c02cd521723786469ad05e02e3f9189,LEGACY_QUOTE_REQUIRED
11237,vmm-7f5e7cab2a1f35979acfcbbecc1002fb50aa2296d61b92f19f224cabe0f2147b,LEGACY_QUOTE_REQUIRED
11238,vmm-075c261e72c283d91aaf8cbe7f3f45b37e94b5ca43b3c30613716bf800360a17,LEGACY_QUOTE_REQUIRED
11239,vmm-b4ff3c80ed728ac5718d471e62a7acfe13f63523ed5e0f1646956b3e78cfa8f6,LEGACY_QUOTE_REQUIRED
11240,vmm-9cd97192cca3e1c718d5c5ee07439df691296011fe04027f6d82c66bf0839139,LEGACY_QUOTE_REQUIRED
11241,vmm-c74d18ec6cc79e9c0daf5f9923a624732f048f66a7af9c5150cdd4c0563dc2ad,LEGACY_QUOTE_REQUIRED
11242,vmm-ff625ff2103074df63d9c882b9b71908c87246e1ae40b99a0ab0735d19d23f27,LEGACY_QUOTE_REQUIRED
11243,vmm-cdb8b0a418c13981b95501cef7a68dc4ed24bb106d0afaa70138082e751b51e2,LEGACY_QUOTE_REQUIRED
11244,vmm-564fe366f47bcc618d46343b3ad4cd9dcf8a4d12a02e34c8e29948bbdc8a851d,LEGACY_QUOTE_REQUIRED
11245,vmm-b021e087e7a1225cec6ecb88cf1234c4d58d7e4f7bc413d5918fb9a823671ff2,LEGACY_QUOTE_REQUIRED
11254,vmm-368772e8e9f7ac3245e8bac5ccb2c25404983682485fe2997bdecbed9bb2e4c9,TRANSMISSION_LABEL_CONFLICT
11292,vmm-16de07f0750ab5dfbd6e34386e22d811405765a84f87d20dd35831e46c4f4bca,TRANSMISSION_LABEL_CONFLICT
11315,vmm-4f9b53d3867c9521f39527da6a86cf6eb077d0e096be1d22cb84372fc27b4f2e,TRANSMISSION_LABEL_CONFLICT
11345,vmm-1f9d635831b78a824248107bfb816039afc57c11c53e0b1e18f002e563576a40,LEGACY_QUOTE_REQUIRED
11346,vmm-1e7ab0891325b8a4daa50965eb8f9a7515b0886931f1507bdf580f0775ee2a9b,LEGACY_QUOTE_REQUIRED
11347,vmm-8de93c10f2c5e1d3d031bcd26ac9cc2f2dbcb63beeae694464597ceee4b52314,LEGACY_QUOTE_REQUIRED
11348,vmm-103fe7679b8b655252073c255fab8922fbb1b48ebbe48bf2058e2839dcf6af68,LEGACY_QUOTE_REQUIRED
11349,vmm-89689ebe9eb7d87e01e73008554b9d46b0e23989b0096c7b2b5b996aaa5e4878,LEGACY_QUOTE_REQUIRED
11358,vmm-031e83818665463387b3d89d4b4ece81beb2aa374520733de04977a11a7ca4e6,POWER_LABEL_CONFLICT
11361,vmm-1fbc36fea8d02d8076a58ba1359ca90f90789cc21c2d2a5078aee377971de89e,MASS_UNKNOWN_OR_OUTLIER
11362,vmm-4f107e18e1936676cc3eee0b01c94993c5e8d30b82e202b053b4adbc84a6d59f,MASS_UNKNOWN_OR_OUTLIER
11363,vmm-b12e72fd9e837290ec8207c8c25ac31f0a168791565f4b21eca45c5537fe2b57,MASS_UNKNOWN_OR_OUTLIER
11364,vmm-411111e697b0e335d3ef6fc0fe114508748a20f341d57853c49883137e2854fa,MASS_UNKNOWN_OR_OUTLIER
11365,vmm-96718efdbfa5ce892c5f938af70a5946fe39b174999a3197bf01918870100a99,MASS_UNKNOWN_OR_OUTLIER
11369,vmm-ca9fafec2d99fea642aebfccfe58340baa170f263763f1cd4d68ebff55dee671,ROUNDED_FOR_INTEGER_STORAGE
11370,vmm-fb2229a198d331ad376ef3783b2e6a90ee522aec34d9587a3a8870c314261faf,ROUNDED_FOR_INTEGER_STORAGE
11371,vmm-02ec2ed9a8265bc4329e5631ec226dbfcb1b9c92b28497f7cc2386d69f83798f,ROUNDED_FOR_INTEGER_STORAGE
11372,vmm-48c262ac2ba462e9292943ed0a51b72d5e87463a46ce582deae3e61aeaf2835f,ROUNDED_FOR_INTEGER_STORAGE
11373,vmm-cf2e508c5cd850a9db1703c1041e42846cef7915f3f64f3b8de05a5a3c0c5d4d,ROUNDED_FOR_INTEGER_STORAGE
11374,vmm-ccbbdb70ae9413d3a0bb9634a818b5e30b467869ba08ae3ee3e240f4a22ff733,ROUNDED_FOR_INTEGER_STORAGE
11377,vmm-7d54cb7bc7974c481100ef0263089ca4c74b92e762df22a8890e7fb37ab01efd,HYBRID_COMBUSTION_FUEL_UNSPECIFIED
11381,vmm-e27e480352b9db49ef047c2dc81a6a743c48c7f58d19da5482cda2678af585d4,HYBRID_COMBUSTION_FUEL_UNSPECIFIED
11395,vmm-953fbfeb30fea78b88bdc775eb3a1173fff7f326e408d40595f129783167e511,LEGACY_QUOTE_REQUIRED
11396,vmm-c2d9c52c3bf5235a255080dbdab98ad3f0338a4ec93b89ab64d4f1d84a640c6f,LEGACY_QUOTE_REQUIRED
11397,vmm-60bd58c139275d045b05629717d8516abc37ad300a88f076df08dd2ab348cebf,LEGACY_QUOTE_REQUIRED
11398,vmm-7b213cfe87d2cd32d52fac1bac94de03a2524a7ac1ef7ccab1f74181eea7bdd7,MASS_UNKNOWN_OR_OUTLIER
11399,vmm-dd056caa2e9f6f022ee87f9135b50a14aa915147ec738060ab7e3ca9f563f22b,MASS_UNKNOWN_OR_OUTLIER
11400,vmm-4b759dff8d64e74e7b801c7e0aa9c68cb65e50769bc4c13ba16b30524194fc75,MASS_UNKNOWN_OR_OUTLIER
11401,vmm-aae0e942e36f1a1420f09c4a37d5444a0d3245a32268abc4ef8b47ff228a7c99,MASS_UNKNOWN_OR_OUTLIER
11402,vmm-53c78ab640dd6d85f969d122ea1713a43e90a3107a590ed3d1589b6350e29a8a,MASS_UNKNOWN_OR_OUTLIER
11446,vmm-143dcb06423f13fd0b88354a42f7cd2cb55320541455fcef73b9ae8cc7f120b2,POWER_LABEL_CONFLICT
11460,vmm-7a22fdc6f987617d85b1d0953febeec0599d97f0636d339deb61f9ce0d44d3ab,DISPLACEMENT_UNKNOWN_OR_OUTLIER
11472,vmm-9aa7dfa3c972130776c5f4b4c1e263204863b0e24b9869e14328d319b0bbace7,LEGACY_QUOTE_REQUIRED
11473,vmm-ac4a534f97c8be829ea4754335df05489bcd26b6fe989811a3f5aebb85a20925,LEGACY_QUOTE_REQUIRED
11474,vmm-bd9c65699c339fc46a2336fee3f30e4dea3c876d0e55f32ba8fd43c85fa507c8,LEGACY_QUOTE_REQUIRED
11475,vmm-17411546fa5eb69d02b0d3d88b1329ee796e4a85f8d8c3f41313d2bec4f2e5f9,LEGACY_QUOTE_REQUIRED
11476,vmm-84025311a961df807bc17416863f3b888ca6dc804d761a5135b632ec9df8922a,LEGACY_QUOTE_REQUIRED
11477,vmm-179ee966061717fe51b11947ab126ec81d785249fbb9c826796b67fa8cb48a0f,LEGACY_QUOTE_REQUIRED
11478,vmm-367f5994c4b53dd974347f4accf7af343630123d56a5ddb82a8f6faf6011ea95,LEGACY_QUOTE_REQUIRED
11479,vmm-c5825dd0970219d56622ca67263d4e5cbeeb4589339401926715b32e631e09c3,LEGACY_QUOTE_REQUIRED
11480,vmm-72f86060bb7a3b36d14ad00f223b9e721407c1797ef3c82314512b8f79b7c557,LEGACY_QUOTE_REQUIRED
11481,vmm-35be1811c7b46a6c842f4d21c9781808dc43bacc23561ab47544eb0fda8a6b92,LEGACY_QUOTE_REQUIRED
11482,vmm-9afe93295ec81603aac0be205ac95bdc9b99cf87b2af71e9e1f8cad6161d9f9f,LEGACY_QUOTE_REQUIRED
11483,vmm-fafc8d53cf597160078b67062b26c30c0b8840ed060af8259a324eac9d5aa335,LEGACY_QUOTE_REQUIRED
11484,vmm-f42cc5b933556afd67394f5e3e86867ba70e96689f34b3f90c650131e17cc3cd,MASS_UNKNOWN_OR_OUTLIER;LEGACY_QUOTE_REQUIRED
11485,vmm-3c2334265311eea1f15f28b42ab490f7abc009a6f921f7afd2dad65a064ae10d,LEGACY_QUOTE_REQUIRED
11486,vmm-e165c1c33e4a639ca7fa2b2d6eacf1dbb44fce7657e2348079e98a7434b02213,LEGACY_QUOTE_REQUIRED
11487,vmm-7a2fecd867f0e22328fd370170ce317bdbd48f63ff898ead7c0898d18a44e584,LEGACY_QUOTE_REQUIRED
11488,vmm-0e2cc216c7efd943a9df54447205868f49891410f29b049c702a607a010ed905,MASS_UNKNOWN_OR_OUTLIER;LEGACY_QUOTE_REQUIRED
11489,vmm-79a97f0e4855acd90d58df0b542a5414d503661b42a2d34da7171720a8442cfc,MASS_UNKNOWN_OR_OUTLIER;LEGACY_QUOTE_REQUIRED
11490,vmm-18e50d4128e961a311c01c012a515194f67065c77062581fefab0ed53b6f1226,MASS_UNKNOWN_OR_OUTLIER;DISPLACEMENT_LABEL_CONFLICT;LEGACY_QUOTE_REQUIRED
11491,vmm-e1a5ed14516f71204351cef8a94b402c62a67928cffb9f831645f02298e75410,MASS_UNKNOWN_OR_OUTLIER
11492,vmm-4cf8690f96c30a58214a2fad2d6fcca784d97e153e1f30c3d32b7a08d1c9d4d4,MASS_UNKNOWN_OR_OUTLIER
11493,vmm-6b10e3711405cc8f9a32b6a1735964f80673a4acd13aa6b1e26a7ea9b7934039,MASS_UNKNOWN_OR_OUTLIER
11494,vmm-436090a3c4fe2306699416e70e311807d2033e68d42efe60fa7f245aa4ea9134,MASS_UNKNOWN_OR_OUTLIER
11512,vmm-34ab6ba77ef03ec914fed804ba40270304218f1196929a4696cc9b32ec2703e1,MASS_UNKNOWN_OR_OUTLIER
11514,vmm-ee1e33e82e39de6e41f2ac33ca938aa3eb54b966d8ac536b9c7ee52f93571b94,MASS_UNKNOWN_OR_OUTLIER
11518,vmm-d474b4cb29e0cd8fbee27608e1483adcb4ea00856d13844a1b2601051660d415,HYBRID_COMBUSTION_FUEL_UNSPECIFIED
11519,vmm-54e53cfe1ef28ad7f471c30569b2c6f6b8bd381adeb2db421ac3334464e41fae,FUEL_UNKNOWN
11523,vmm-f527d42f5ef5169900af4741b063245863b4dc5ce2e07b8aabcf61b0adeeb062,HYBRID_COMBUSTION_FUEL_UNSPECIFIED
11524,vmm-34944ec1703e9279668e30a528602accc8efe89de49da0b3e14adb28e51c4057,HYBRID_COMBUSTION_FUEL_UNSPECIFIED
11529,vmm-11e6ce687b584c3c555f85033b7a01f59362880a73b298fe08ef46374611420b,MASS_UNKNOWN_OR_OUTLIER;LEGACY_QUOTE_REQUIRED
11530,vmm-996c1ed383ed2661fa54fe1644a0a27ad517d9cb07fe37dd523ba526002c0a46,LEGACY_QUOTE_REQUIRED
11531,vmm-fd53f9c5d05820c47070827299a32987aba9d7979a1da848672c7c223d918f01,LEGACY_QUOTE_REQUIRED
11532,vmm-7e74b474264e67cddd78238ff428408496a5dab8350a46f78eec1a1f5c87ac10,LEGACY_QUOTE_REQUIRED
11533,vmm-59fbf1ccb501834f68b95c687479198d8fc078d6a44481a1b78625694ec8475b,LEGACY_QUOTE_REQUIRED
11534,vmm-8433127011a217ec63bbaab235829ade969900d5f68729fe87b83a82f20a1ca2,LEGACY_QUOTE_REQUIRED
11535,vmm-3def4cac6628863bcbfcb95aceb3740f2dc0a5ba4aa02a5ffcfc230ebcdc5aac,DISPLACEMENT_UNKNOWN_OR_OUTLIER;MASS_UNKNOWN_OR_OUTLIER
11537,vmm-074d9eb28c00d6483e6643985a2bcca5f51f2738ad54750a49eaaa225c15985c,FUEL_UNKNOWN
11538,vmm-cdcb7dd078c4bedc7d92ed5eb77d185114bf2e1ae45060819a485b6c7fa36890,FUEL_UNKNOWN
11539,vmm-209c34a8657b9751e324c9b0e0883137486950f962dae98d3f5d7006d8b1c664,MASS_UNKNOWN_OR_OUTLIER
11547,vmm-1d86403273595564f43a66d6c167b4ff4e5cebe14a9210c9e2cbcff15c26d8b3,LEGACY_QUOTE_REQUIRED
11548,vmm-3d01aa29a71043b0d4b25ea522c3b921dae5843eeaef3a0cfe5f2a6e7b1871bb,LEGACY_QUOTE_REQUIRED
11549,vmm-2ae2ba3557168ccd411d6b24067453c0b3e8c75104230e4e47a3a966fecd4b29,MASS_UNKNOWN_OR_OUTLIER
11550,vmm-d674449c995ea43d08e638073a0515d342f5cdb8d0cf9c1d262d3c61c40ce9d6,MASS_UNKNOWN_OR_OUTLIER
11551,vmm-45a9478b796c2f5715e1f165a0e54ab0bab0eeb160e054e1b0ee8bd094ba1a6f,MASS_UNKNOWN_OR_OUTLIER;POWER_LABEL_CONFLICT
11552,vmm-70bb68bd7453f6c8322e91d38b375bec9c6edb107a6ccd3f440970e592bf5200,HYBRID_COMBUSTION_FUEL_UNSPECIFIED;MASS_UNKNOWN_OR_OUTLIER
11553,vmm-9870417a74761f0b61b97da57e5ef93ac9ca1b103df04e126a0ddcc94af7867a,MASS_UNKNOWN_OR_OUTLIER
11554,vmm-4da744b0c093cab4461e3dfed22d7e9dd9d4446c969692b384234483a5e5043e,MASS_UNKNOWN_OR_OUTLIER
11555,vmm-a9b62ff7979970e5797026b992bf1e178f802bd6af7fcd187cdb46eb0ed695f8,MASS_UNKNOWN_OR_OUTLIER
11556,vmm-70e6b2de45d1c49a6979c1d7ebf79ccdeab15181678db8fb4139abf394b55dc4,HYBRID_COMBUSTION_FUEL_UNSPECIFIED;MASS_UNKNOWN_OR_OUTLIER
11557,vmm-3058db5c458ffabe0a77c6d3cefc7126b06a2caa8ffb07630b2c05078dbb908b,HYBRID_COMBUSTION_FUEL_UNSPECIFIED;MASS_UNKNOWN_OR_OUTLIER
11558,vmm-ea76bf2d5d05afe29a5dc9f9a1ef2fa61734bdb814e8cdd799913326b05bf044,HYBRID_COMBUSTION_FUEL_UNSPECIFIED;MASS_UNKNOWN_OR_OUTLIER
11598,vmm-74b91e889b803050f4fb679691f285ca6dbe4213905f82613947bb1fdf428f93,POWER_LABEL_CONFLICT
11599,vmm-828873de2f02e6e69c41fba0a9745fff147eb90643f578a563c4223cb5f47c5d,POWER_LABEL_CONFLICT
11605,vmm-e874b7be564c4d8e463d04612fb2dd1d363408531d4d822175d1f9a820bee178,HYBRID_COMBUSTION_FUEL_UNSPECIFIED
11606,vmm-286fa093ce3e9bc4880b6767c730516a5f234456ff03fc1335eb881ce575a331,HYBRID_COMBUSTION_FUEL_UNSPECIFIED
11610,vmm-b8f87672d5609fc172e91652df99334300f0080419f06eeddb3bc753f24b2d69,MASS_UNKNOWN_OR_OUTLIER
11620,vmm-cf437151d266f6e771546770051b27a908e71fc355a8889e31a80870988f0ac8,ROUNDED_FOR_INTEGER_STORAGE
11621,vmm-e146e459e6d082a62f02688a394188140d6fb7d232d7decec7f4b9788b580f51,MASS_UNKNOWN_OR_OUTLIER
11622,vmm-1f8810f9ad3c41fe639141c06b614aa98444aa3345f78e26acd9b7c41f019a52,MASS_UNKNOWN_OR_OUTLIER
11627,vmm-f945a558ddc3c390286b1dc323cb2a3740b9e922a1092d6ca45853141ba1755d,MASS_UNKNOWN_OR_OUTLIER
11628,vmm-5d85b761e646182ad92c28d414e2b0df1eeba88212ea2386233635ae69eae73f,HYBRID_FUEL_UNCERTAIN;DISPLACEMENT_UNKNOWN_OR_OUTLIER;MASS_UNKNOWN_OR_OUTLIER;TRANSMISSION_UNKNOWN;ROUNDED_FOR_INTEGER_STORAGE
11629,vmm-6923fa6db015ef201d810cceaf46487ac374a7e40b35979afcd436f081b7f137,MASS_UNKNOWN_OR_OUTLIER
11630,vmm-20395f67c07701cca52d2ef2851ea40c4539810f9fa5f42e21cbf25660cb3cc8,MASS_UNKNOWN_OR_OUTLIER
11633,vmm-719f90d4d55125469b357dac6bfbfdfdc236d094c61b251c8db85b0678326c65,MASS_UNKNOWN_OR_OUTLIER
11634,vmm-956115f78f586aa65fd18b24240e0f94c339e65ebd8e52de23ad1bfb56611a0f,MASS_UNKNOWN_OR_OUTLIER
11635,vmm-e84e50ddbfe5523f4fd7f3b0ef14837f6420d74743906e1bd085c3de063867be,MASS_UNKNOWN_OR_OUTLIER
11639,vmm-8b979f634843735326aa01e1041f44bf7694c4143a079f78c6f8553ded43fffd,MASS_UNKNOWN_OR_OUTLIER
11640,vmm-3df8695512b0bcd3d48a4a654bda6ba7a969c7caf0b01b59a73eb13605a313b5,MASS_UNKNOWN_OR_OUTLIER
11641,vmm-51ed2561f38925797a5a8ee688191d34766f203b9605970e62a3aa6db6c70eb6,MASS_UNKNOWN_OR_OUTLIER
11644,vmm-8ce28843a3eeba8247f1ad5b71d42b2c990f1dc847f90f746779a584aac60af1,MASS_UNKNOWN_OR_OUTLIER
11649,vmm-1770537d2d5fa3ba0e74e2330d47df448774608829b1a9c11f8bd6514f941a62,HYBRID_COMBUSTION_FUEL_UNSPECIFIED;MASS_UNKNOWN_OR_OUTLIER
11653,vmm-3d7024272bf646b887c4f7b73062bbbd6c36df554acf122bef0d668b93257df3,HYBRID_COMBUSTION_FUEL_UNSPECIFIED
11654,vmm-6b789b13c7cbfd8dfaaab11fb861b247bf83ac5dfb4dc5f369be7d741405d6c9,LEGACY_QUOTE_REQUIRED
11655,vmm-ae817b3ced01667f4420b33d44170be2942947c682af6f07429e4ad13addc76a,LEGACY_QUOTE_REQUIRED
11656,vmm-dcce75c34978378d390537a76c3df721974fc247f04905e9b2c0ef49d2e238e3,MASS_UNKNOWN_OR_OUTLIER
11657,vmm-a578158af93c76c1a9945766e09044e08df7046709641950ff31603c97eca3f7,MASS_UNKNOWN_OR_OUTLIER
11658,vmm-826bffcb52491e830c8ab445e118313908607e5253c21f7c52a58c2e56252ea1,HYBRID_COMBUSTION_FUEL_UNSPECIFIED;MASS_UNKNOWN_OR_OUTLIER;TRANSMISSION_UNKNOWN
11659,vmm-ac1fc4b9d506a19940a6aa20ba7d24c33492ff217256de21cf3d3d19464d2ef6,HYBRID_COMBUSTION_FUEL_UNSPECIFIED;MASS_UNKNOWN_OR_OUTLIER;TRANSMISSION_UNKNOWN
11662,vmm-9d7027bb6de078f4336f8e65fe100d3e7e753d5db34f4166e85e934e6eb87636,MASS_UNKNOWN_OR_OUTLIER
11679,vmm-d90062cf339e2253ef54398e609067ed819f9c24ad31d8729615e987d99a5c04,LEGACY_QUOTE_REQUIRED
11680,vmm-715862ba7aed6b5ed92561cbdec08dc652bef3e9a05dd378002357498640f379,HYBRID_COMBUSTION_FUEL_UNSPECIFIED
11686,vmm-2a8d294f503189885af1f095b8842c0653119d418a4056768bd2cd36301d2442,MASS_UNKNOWN_OR_OUTLIER;LEGACY_QUOTE_REQUIRED
11687,vmm-4828d9ba25ab771e581c4a91a428d86f9a3a060bee729c57b0b4a827c33a805b,LEGACY_QUOTE_REQUIRED
11688,vmm-09328d3dedb9f739f52a63b3c301ce52dc0294c1d2cccd2fb650d17946895003,MASS_UNKNOWN_OR_OUTLIER;LEGACY_QUOTE_REQUIRED
11689,vmm-85391bb510ab79175794036609fceee0d26b0e7d262dee1399ae30ae6557af2e,LEGACY_QUOTE_REQUIRED
11694,vmm-712cd7ee34a8b922c80ee8aa87a29149646ea6c3f88374cd10262bc8a92e0104,MASS_UNKNOWN_OR_OUTLIER;POWER_LABEL_CONFLICT
11699,vmm-b739db833459890e9ec8e19cdb46bd1c615a62971b7976baf1f982d233f5f12e,MASS_UNKNOWN_OR_OUTLIER
11701,vmm-7ccdb7df0937c265c03b22c06a0bdf3fd8db6dff82419563d1dabdf1e045d4d5,MASS_UNKNOWN_OR_OUTLIER
11702,vmm-02523bb427335c80f327f87806dfee90250605f7e287c2beab2d596832a114d3,MASS_UNKNOWN_OR_OUTLIER
11703,vmm-4923728877d8487682d4fcf08178e3897019dbd40ad0763bc8518cc7c5f2a077,DISPLACEMENT_UNKNOWN_OR_OUTLIER;LEGACY_QUOTE_REQUIRED
11704,vmm-8499fa7ba3f1871e931e7fc5e58b1b22e2f5c8c693bd99f13da69127ec46ae82,LEGACY_QUOTE_REQUIRED
11705,vmm-5230275b5192458e2838e80f65d3ef456e679bfaf433acaee06fd6d475306da2,HYBRID_COMBUSTION_FUEL_UNSPECIFIED;MASS_UNKNOWN_OR_OUTLIER;EXOTIC_QUOTE_REQUIRED
11706,vmm-16d923f904d857c74362ca7d957ca9713d7634a934ae38aa6bf5ded26d027f7a,EXOTIC_QUOTE_REQUIRED
11707,vmm-0c7e121ad365c4613f1f3e9c88d3c145e5221c04ce4ecff0482bbf624cbe413f,EXOTIC_QUOTE_REQUIRED
11708,vmm-ce31634c28aba0abfae6cf9e41fc4ba94e3aee78e6267d1f2387619dc01456db,EXOTIC_QUOTE_REQUIRED
11709,vmm-2df6b3b46275de0542eedba651990f10cdf064e84691626f93830f08f5df0b88,EXOTIC_QUOTE_REQUIRED
11710,vmm-107270b3536733d98fa7f6bd09838f86adc4a1bb2fefe74ef9feab3506c0639b,EXOTIC_QUOTE_REQUIRED
11711,vmm-9c1746445b401724488d1a169da47c6d1150767171a46fe47b24a3ec4f6dcd90,EXOTIC_QUOTE_REQUIRED
11712,vmm-429b82fbcc15c5ad49357d10438b379ff0ce7729a976f912b701ed0915292989,EXOTIC_QUOTE_REQUIRED
11714,vmm-9f0fb6f34f41e98f90468325e2573da25d763548a443e2e49727d6a9485c6208,MASS_UNKNOWN_OR_OUTLIER
11717,vmm-0356576e76a2340746518284dd6315e1405bc7c3016f4213345cd370890ec447,ROUNDED_FOR_INTEGER_STORAGE
11718,vmm-a84f7eb045d1c98a46acca5323d61a692952bc835b12dadce1640d51932676ad,ROUNDED_FOR_INTEGER_STORAGE
11719,vmm-ac35c8b0f153dcdc53d260079cfa87ce38ba9bcc57557581386ed387c8f8fd70,ROUNDED_FOR_INTEGER_STORAGE
11720,vmm-3b9ba5d9264cb53cd649128ef4884dd8a5fa4af4151bbb946613d6b086158fe4,ROUNDED_FOR_INTEGER_STORAGE
11721,vmm-e3e919938c31a65a72c8a396759939eb4397c357b0786ef53ffa3006fb6df212,MASS_UNKNOWN_OR_OUTLIER
11723,vmm-585a4bfa2f918fe130def602a8a172e01f9f08e1d5f86d50c82125db5c7d3075,MASS_UNKNOWN_OR_OUTLIER
11724,vmm-ec5aaf07f2556ef68c6325a99aebda133ecc586ba62af25a9aecc90d250145e2,DISPLACEMENT_UNKNOWN_OR_OUTLIER;MASS_UNKNOWN_OR_OUTLIER
11726,vmm-c5537e502def7a2386f85e58103911cabe586e0859b3fcba679ebab4491f66e3,MASS_UNKNOWN_OR_OUTLIER
11727,vmm-9cd405b415d3adb39ec419c6a34b5945407e28b81f82e35ef1ce070c08eabdb7,MASS_UNKNOWN_OR_OUTLIER
11728,vmm-d8f42d618d1fcef317e8862922950e4125bb37de26eddf06f08f33eea9795a91,MASS_UNKNOWN_OR_OUTLIER
11729,vmm-64ff142faa08bbf9cd6385416f197598cf3f34febe3f4e27b180ed5545ba1de2,MASS_UNKNOWN_OR_OUTLIER
11736,vmm-7c0841178d527126d1a357d39c57af930572a29679de8bd1fdf92a959ad86864,MASS_UNKNOWN_OR_OUTLIER
11743,vmm-762347c736acb794cd5527fe15c86d9096dbdafc6efafaee981b960cfd5013db,LEGACY_QUOTE_REQUIRED
11744,vmm-6f50d9354a77d074978d79b4c50bf5b10f0eee2b85bf834576300f11fce0feef,LEGACY_QUOTE_REQUIRED
11745,vmm-352b46f568a407ff88e50050e36af004619f7bbda5c76a1212fc350a48499edc,LEGACY_QUOTE_REQUIRED
11746,vmm-e76a46e9586558eb5f7cd5a5ff089ee20ba2d5da3333dbdb2500391d87ff2ba3,MASS_UNKNOWN_OR_OUTLIER;LEGACY_QUOTE_REQUIRED
11747,vmm-ab9bb11b6fc06b5f986f8ac5f04a85d58ab600e0ace97dcf971942b46e8416cf,LEGACY_QUOTE_REQUIRED
11748,vmm-cc69a3a7b3af0509ff248e4ac5ad83bf18729ce450571f6e86a16e51f5599e3f,MASS_UNKNOWN_OR_OUTLIER;LEGACY_QUOTE_REQUIRED
11749,vmm-b4ddf5c062f2239409ac83db8753b3621b475c394e99ec651c3a65e2d09b9934,LEGACY_QUOTE_REQUIRED
11750,vmm-49f7902d3786ec61ccbba13eb681a0e240ef63855fb7ea47da0a9b251cffd01e,MASS_UNKNOWN_OR_OUTLIER;LEGACY_QUOTE_REQUIRED
11751,vmm-4db8103386e254c327ab6a0a72d7e966985b7b0276dd2fa1a4c08a407b665147,LEGACY_QUOTE_REQUIRED
11752,vmm-57defa15361817f4b7c1e819251f5d5722c3e88d4bdcb651c459df56349f972a,MASS_UNKNOWN_OR_OUTLIER
11753,vmm-6b0183ad5c9ab31521409f71e5876315432b6ace07b977f16b18cfdd783bff11,MASS_UNKNOWN_OR_OUTLIER
11757,vmm-a638ebf3d0bfb2bcb3c44d210c262632f0ffa1e8c6e1e55c104d3fc23173ba13,TRANSMISSION_LABEL_CONFLICT
11762,vmm-179940d7d3a5e4adc2f8b602d9f2114dff53e15c2796020db1096187519b204d,LEGACY_QUOTE_REQUIRED
11763,vmm-2e51f8e67a4e8ee932e27552515318295569134ae182b761107f672b11d7ecf2,LEGACY_QUOTE_REQUIRED
11765,vmm-56d6ef9255f0629d08e45165d6e02766bd49608370f16d6cbba1df17a19d6308,MASS_UNKNOWN_OR_OUTLIER
11766,vmm-194143a7ae8d16bd0bab5bf060db61ca21cbdddfa267991f03423013b781789a,MASS_UNKNOWN_OR_OUTLIER
11768,vmm-a1b4d78b7d95e6b508bf363d32b37c0ac3d0731a6f2b7edb639ae91138ac44be,MASS_UNKNOWN_OR_OUTLIER
11769,vmm-80c72770c2b06e16ae99b004278476c352e2e4cb3992b908e1e3a7957ebbce72,MASS_UNKNOWN_OR_OUTLIER
11770,vmm-d94671fa0466c1cee7aa43f5f7e533dd96f88b5a54480ff3a5f02b4237d26282,MASS_UNKNOWN_OR_OUTLIER
11781,vmm-e6424937cef7aeff22106163f7ed4d06815413d7ef3ca330f4b59e5786163ddd,MASS_UNKNOWN_OR_OUTLIER
11782,vmm-fa2d81b8b1bd16ba5cc2449353bf40d5dd63c0b60838cbefdacd23df4d22ae18,MASS_UNKNOWN_OR_OUTLIER
11783,vmm-564f6022c355002b6a490192eb47f87a2a238ee581a830b186229e84d5632157,MASS_UNKNOWN_OR_OUTLIER
11784,vmm-a297b162edff2ac914f67d45ab2443f6773548ea390a53155a2691c183b1e964,MASS_UNKNOWN_OR_OUTLIER
11785,vmm-209d2a19d3b1d532696976170f58bb863cac15b668b0690819685e51b01fb0fd,MASS_UNKNOWN_OR_OUTLIER
11820,vmm-9891a1d3a1d339706605dfc0db27941c677a5e511c33ccdd9561fe3854f9af05,TRANSMISSION_LABEL_CONFLICT
11828,vmm-4bb646f37d8d9fb7a857d8498e55daf18a8730cf97c03d28ad4c1e41f8fc3326,MASS_UNKNOWN_OR_OUTLIER
11862,vmm-bc35a4ea0c3478af0d5899abf0f122db126209f3b00c5d59f0a94928c94b52a1,HYBRID_COMBUSTION_FUEL_UNSPECIFIED
11863,vmm-5ee12d1d33e3413a65407a179d1afa2a728af3fc622461cfc6175f94ac3abc71,HYBRID_COMBUSTION_FUEL_UNSPECIFIED
11864,vmm-f7446249b96b0da6eede022af6c6b9fc1dce8f348709354f5df498395d51f312,HYBRID_COMBUSTION_FUEL_UNSPECIFIED
11865,vmm-892b701d4b69bfae6c9dd52e54d2520ab32028838d120c718693c1d9c8e969c3,HYBRID_COMBUSTION_FUEL_UNSPECIFIED
11881,vmm-cfa3af1b665318e93a8ebb73806841886cfb265ebcb8c4ca1c75b711c9b2a39f,INDUCTION_CONFLICT
11882,vmm-c80f4e2cb8ab121803d6af1751d66bba54a6a9f7cf6dc3adc0834ecfc5ce8f39,MASS_UNKNOWN_OR_OUTLIER
11883,vmm-ac5d74568d8daf7b723d5814ff5bed8cc05cc13df4f9e70ba8c54fd0e51ed8c2,MASS_UNKNOWN_OR_OUTLIER
11884,vmm-8a734c7b5b0a929cec4e1e21bf44c5ad445f71eb4934b8c2f6e5bdc345d0830f,MASS_UNKNOWN_OR_OUTLIER
11885,vmm-997c3635afc10ca4aca79b4c51c63a6f19be2d3e23b16bbc28c617e5f5e74900,MASS_UNKNOWN_OR_OUTLIER
11887,vmm-c4161660ecf8303ec8547a95683eb614f2254b2c9bdbfe438a809953408c106c,MASS_UNKNOWN_OR_OUTLIER;TRANSMISSION_UNKNOWN
11888,vmm-8e77dd21368aa6be556e79d2304a4e3b1d5c8ee50875920b2abc6b8075356e3a,MASS_UNKNOWN_OR_OUTLIER
11921,vmm-e7f0fce7d6c196e22e60138eb6b7f6664b7db8952e49981210f6b5f87937f579,POWER_LABEL_CONFLICT
11929,vmm-925340a869bb733d7f13352ab4b17aaf2ecf143bbf9af17ac937f2a87bfcd538,ROUNDED_FOR_INTEGER_STORAGE
11930,vmm-14b1ae213ad733adf71b7a1bf8b10224e548e51d4984d6f9d70c2b91d6be91c7,ROUNDED_FOR_INTEGER_STORAGE
11936,vmm-e0272b9763b5b3f4280d1f085dfa176020595f300e67c88235d804c50887b41d,ROUNDED_FOR_INTEGER_STORAGE
11967,vmm-feac2c53a58a7f9264601dfdd793a36e3b44ac6be5ce5fcac34a4a02aef7f731,LEGACY_QUOTE_REQUIRED
11968,vmm-819b666d16a06d1d852b45cf1b793899659bb9895c47a3c622f1f1f2ce269b7c,LEGACY_QUOTE_REQUIRED
11969,vmm-c7f4d0e2eaea9f7a48ea19235371199f8faabe4c7544b7c3545c07d2550e2de4,DISPLACEMENT_LABEL_CONFLICT;POWER_LABEL_CONFLICT
11976,vmm-76bf5a90a773980d7f6481b7b14d62c34d8f28109299d6a33f465ccc661dbd8d,DISPLACEMENT_LABEL_CONFLICT
12010,vmm-88c846f0f20b7a83355b188ed6d02353b3f48e50a5e404fd2476be257f873a92,HYBRID_COMBUSTION_FUEL_UNSPECIFIED
12014,vmm-a7cea091667d63ae66208fe922013195689568a3aa1e7ac0cf97475cc83fc846,MASS_UNKNOWN_OR_OUTLIER
12015,vmm-edded2a5eabb52b0be43ccfe47cd3ef6df570f1b972dd5bab122595bb4cfa0bf,MASS_UNKNOWN_OR_OUTLIER
12016,vmm-3b1f5d879cfc403777a4a4dbecccb2180dd9c88907fe9eb114ad0edaf67da5ca,MASS_UNKNOWN_OR_OUTLIER
12017,vmm-e143bd2674bfcd9b444e66c1db7ba57121b51cd9d32ecf7de34ec927169e79ab,MASS_UNKNOWN_OR_OUTLIER
12018,vmm-ee071dab84596a7bff926543c223733e6cf476657a975185a9bfc55f6a3a9917,MASS_UNKNOWN_OR_OUTLIER
12019,vmm-0f656f47a8c4c1acf6fa9d4e028698f2d915793bd20357e674eaad2c5d11b7f9,MASS_UNKNOWN_OR_OUTLIER
12020,vmm-264845e5afff43017ce1dc5fa601278962057b606fe0756d8ac0a1b73ccc3daf,MASS_UNKNOWN_OR_OUTLIER
12021,vmm-e040cd33c1b5d4087cb21ee7133de8b791b218514dcc220f26a9a4aa9fa44a48,MASS_UNKNOWN_OR_OUTLIER
12022,vmm-922255b423d0d09cfe5400ff097845bbce92fba5f77579c50228c584e5951190,MASS_UNKNOWN_OR_OUTLIER;TRANSMISSION_LABEL_CONFLICT
12023,vmm-49fba483478a8f090310a1511b593b70e39982e172d5bc49bec1dfd010e17bfe,MASS_UNKNOWN_OR_OUTLIER
12024,vmm-856e2043b94ff851d0e5001df801f886c6ec810332f1901660f738f9844d22a7,MASS_UNKNOWN_OR_OUTLIER
12026,vmm-e24fa105d0a688898c98738409c5a091c185249bf6116e7972d12842801940fb,MASS_UNKNOWN_OR_OUTLIER
12027,vmm-44d89593c538fe893a8ece0088d18a71cebe2a05756309773b68767f934d0fa2,MASS_UNKNOWN_OR_OUTLIER
12037,vmm-483229dbac1834590e7a19db8971c8196207c44353ff5d0724d57bdae3f470d4,MASS_UNKNOWN_OR_OUTLIER
12038,vmm-c39a786bd2b7e43fa762b407799ff96cdf4b1f06e23a106f70e78b1c37e43ca2,MASS_UNKNOWN_OR_OUTLIER
12043,vmm-670212b54e28a21fe123d4c9d1f45a592d5a7fe3fadcb51aceb3ff95b4e618c2,MASS_UNKNOWN_OR_OUTLIER
12044,vmm-0befffbbf8b5483bd3afddf0650259e3d8a12371eb31d72a3ecee9945395748c,MASS_UNKNOWN_OR_OUTLIER
12045,vmm-5a25b69a7c9410572b863f0ab1d3639c946e3dd672835ba5364d2739187382d0,MASS_UNKNOWN_OR_OUTLIER
12046,vmm-f57b0a5c3fde21e3fc277a0dc913682943d885ab838fc06c7a5e01475ce0234f,MASS_UNKNOWN_OR_OUTLIER
12047,vmm-e38c5b8a9a209fd2569eab4a4af1ebb46c2062f289a01034be7fadeb65c99b45,MASS_UNKNOWN_OR_OUTLIER
12048,vmm-e81fb0b58f1ffe1f408230b199aca20a83de1d309223d7da328a45bdfad70e9e,MASS_UNKNOWN_OR_OUTLIER
12050,vmm-da72dd38e79b866ae7bbe3f716a8ee181784dd7748c0787c7bd1a32260f80303,MASS_UNKNOWN_OR_OUTLIER
12051,vmm-7fe10101a6d29bcc5c66befd3e4c0beafe4e136ba103804bf749425b692d572a,MASS_UNKNOWN_OR_OUTLIER
12052,vmm-8ce7b8324338236369b9107d5bb97b1b124d5f07b59af773f350dbc45b199517,HYBRID_COMBUSTION_FUEL_UNSPECIFIED;MASS_UNKNOWN_OR_OUTLIER
12053,vmm-4ea125bfa30b529f2dee3e7b81adcc9d18f0be0fb214f30c16034cb694ae6b15,HYBRID_COMBUSTION_FUEL_UNSPECIFIED;MASS_UNKNOWN_OR_OUTLIER
12054,vmm-1d443178bb0405c1e96452fd27df9eeb68a3ca203be92c5fce04067612350b31,HYBRID_COMBUSTION_FUEL_UNSPECIFIED;MASS_UNKNOWN_OR_OUTLIER
12055,vmm-c885008dc5d7e0586a7bce24f26d8e3baae37c55ca42f0be555ac0797a5b24fc,HYBRID_COMBUSTION_FUEL_UNSPECIFIED;MASS_UNKNOWN_OR_OUTLIER
12058,vmm-35ce775d3f011335ceb4ecc00eaa3473d4489e0c0d9b3ba6d41b17c082bb4d5e,DISPLACEMENT_UNKNOWN_OR_OUTLIER;MASS_UNKNOWN_OR_OUTLIER;TRANSMISSION_UNKNOWN
12082,vmm-ff0d9ce5f48b885ddfd9cf0bc89236714991a67850e40e5756fbf5c04d4e0ec2,POWER_LABEL_CONFLICT
12089,vmm-92e212afc1ceb24f5ba120ad39bf15042e4a2894afdec0f19fc53697c0c8d4eb,DISPLACEMENT_UNKNOWN_OR_OUTLIER;MASS_UNKNOWN_OR_OUTLIER;TRANSMISSION_UNKNOWN
12090,vmm-e76adcf0b47b1cd3b2953656ee8be85feb9edf065966a74f6e58cb8405d4f909,DISPLACEMENT_UNKNOWN_OR_OUTLIER;MASS_UNKNOWN_OR_OUTLIER;TRANSMISSION_UNKNOWN
12095,vmm-80d77a379d29928e9c81bffa39ea44035cbd756bb5587c31c54ba55380ebe070,CYLINDERS_UNKNOWN_OR_INVALID;DISPLACEMENT_UNKNOWN_OR_OUTLIER
12096,vmm-a2d563e80470ac4462416c97f15232682ca3885c10ecd2edade1be5b17a17e02,MASS_UNKNOWN_OR_OUTLIER
12097,vmm-36a2c516035b0c059e3bca7b62d316459ee39dabd14814bb8f1db926ceea805c,MASS_UNKNOWN_OR_OUTLIER
12098,vmm-b0d575f3bafe07a6bfae59b644eaecf8ddfb0e7e0f72abdabb4f570b72356287,HYBRID_COMBUSTION_FUEL_UNSPECIFIED;MASS_UNKNOWN_OR_OUTLIER
12099,vmm-2fb8314f4b47ae91612b9a0c4bc519a9c740b6fe5060ac47ef551b18141b7680,MASS_UNKNOWN_OR_OUTLIER
12100,vmm-867864d8c21d754e0805c16650f24b5d481c2279b06502bd6a7328eedc1a0c76,MASS_UNKNOWN_OR_OUTLIER
12101,vmm-f596d5bc89c118800bd66d108126a8c2cf4ada808638efda94385d85878dfb54,MASS_UNKNOWN_OR_OUTLIER
12102,vmm-05156bbda8beb9876e3644bbd2ef909e803d9d91e974feb09365e6cec17f5954,MASS_UNKNOWN_OR_OUTLIER
12103,vmm-8ea8b3f827122cc6f6b443e38bf9e6d1bd1b0a4fd05c503340c2139a14ff2e90,MASS_UNKNOWN_OR_OUTLIER
12104,vmm-3e5e985093a0d8b09f76aaacc56e5ea4cd7f58b4afb28d8ef2a2476a41c11018,HYBRID_COMBUSTION_FUEL_UNSPECIFIED;MASS_UNKNOWN_OR_OUTLIER
12105,vmm-d864453f53b7e51b8b706f25abe2a8df15bf905b7000f24465cb1ce15797a3bf,HYBRID_COMBUSTION_FUEL_UNSPECIFIED;MASS_UNKNOWN_OR_OUTLIER
12106,vmm-51c2a6bd0355a8df2a21a3a75e167de279b69b6e9267fdd46d40b8c9582a41dd,HYBRID_COMBUSTION_FUEL_UNSPECIFIED;MASS_UNKNOWN_OR_OUTLIER
12107,vmm-7270af41305bf54a673de9c833c2df0e2fb410bd5a0e990e31c0539336b2cbf3,HYBRID_COMBUSTION_FUEL_UNSPECIFIED;MASS_UNKNOWN_OR_OUTLIER
12108,vmm-6b88de1e01d03732501280f3beeea130a379d565a3b60ff1d1079594b41096ca,HYBRID_COMBUSTION_FUEL_UNSPECIFIED;MASS_UNKNOWN_OR_OUTLIER
12109,vmm-e3d20d4c60f798deeebd16eec5daf7f5cae1103afc86e9eaa3112e4778e4d7ce,HYBRID_COMBUSTION_FUEL_UNSPECIFIED;MASS_UNKNOWN_OR_OUTLIER
12110,vmm-81a36590ff35970e22faada27da19ed4acd2877ccd0398107202da9ed0571b48,MASS_UNKNOWN_OR_OUTLIER
12111,vmm-357c516540dc8758ebce2ebb0293d9546eed0a1fd79dc5f76e44517012b654c3,MASS_UNKNOWN_OR_OUTLIER
12112,vmm-4b65a4712917b2141501e1e3a1a5c8386d3a19f9cad72546f7af95b7ed77a1be,MASS_UNKNOWN_OR_OUTLIER
12113,vmm-fc25513f396334bfdfe5ff959ca7c3fb4d32d46b4907cc9392a953de4e65bb00,MASS_UNKNOWN_OR_OUTLIER
12114,vmm-a11801d21bafda160c82f10a6c70257b5d1a6358a0962096e0421561e3cfb8b7,MASS_UNKNOWN_OR_OUTLIER
12115,vmm-f6e145d73d1e68c5e465cfc963a0128aa5a43ce553687f13147ca1771a9ec8ef,MASS_UNKNOWN_OR_OUTLIER
12116,vmm-7b836678563af8f56ecf4b64059fb55868e50c0c7d30ac38195706f56ee5e2c3,MASS_UNKNOWN_OR_OUTLIER
12117,vmm-77f56619ed8c24299df6fa919901d0a31543adeffddb45f3b4a95bc5229a4432,MASS_UNKNOWN_OR_OUTLIER
12118,vmm-155f6a0cf2891b8ae194d3bee4ecb7b9816f6f4c5b822b2ae330029e3b698aab,MASS_UNKNOWN_OR_OUTLIER
12134,vmm-493428b256702415acc4f773900838c7831f7f3f71a865880a4b1aa2b1d8f8a3,POWER_LABEL_CONFLICT;TRANSMISSION_LABEL_CONFLICT
12135,vmm-ac57f83d7ad8ea1adbb5cc21e6b7f98898219b927c5d24c3aae7c3c132e8f9dd,POWER_LABEL_CONFLICT
12148,vmm-2759171f5036e5ede9556bd97fbaa5c978e2924ae5277591c235660abafd5113,MASS_UNKNOWN_OR_OUTLIER
12149,vmm-d9daeef501b36221309e85567caf19a30895ec550f65a0964faedcd079042fb9,MASS_UNKNOWN_OR_OUTLIER
12150,vmm-173f326281288cc7b694d37b82f588b65954957603b6c832d63ce98a8f53e756,HYBRID_COMBUSTION_FUEL_UNSPECIFIED;MASS_UNKNOWN_OR_OUTLIER
12151,vmm-18c45acd5af08e8436038b209a7b9851d127026e4737d3f07441898b07ecfe61,HYBRID_COMBUSTION_FUEL_UNSPECIFIED;MASS_UNKNOWN_OR_OUTLIER
12157,vmm-6f1cd2db4d549571c63c9a26e337b55d12d339c3be1dd6c4194b91ad7a5a5d78,HYBRID_COMBUSTION_FUEL_UNSPECIFIED
12158,vmm-e1c60bf48428b1e667507ad17082e19fcfda019fa0673a1deb9c059167ddf83d,HYBRID_COMBUSTION_FUEL_UNSPECIFIED
12159,vmm-93fc36b3ec0103f36b5ebd3426d537f3e7eb8297493ba13047ddd96239c90e0a,HYBRID_COMBUSTION_FUEL_UNSPECIFIED
12160,vmm-a32924c13a15f0ca7cde097335e5e7cf54c96237de893d18159189eb0fb18dea,HYBRID_COMBUSTION_FUEL_UNSPECIFIED
12161,vmm-0a69e1e65902bf0e428b48a4d21ef87ba5095c35cb4b0b4c736f2e09bbd2b1fe,HYBRID_COMBUSTION_FUEL_UNSPECIFIED
12162,vmm-cf0f5fee8f61a5a936cfd51c36020154f51bfe77f18683bce22ddbcfa7b82441,HYBRID_COMBUSTION_FUEL_UNSPECIFIED;TRANSMISSION_LABEL_CONFLICT
12164,vmm-c3774c8bc70a03141ccbdd6851c19f9f3c3b25eca6438854afc60555f4b6e6d5,MASS_UNKNOWN_OR_OUTLIER
12165,vmm-121e259b52c4d0a56c9354d4eeb5d39048c77a1770040168b4f8682a342de959,MASS_UNKNOWN_OR_OUTLIER
12167,vmm-d4be563bd15ae23da316d0754ac66625710836740e56ec287abffd8e03825dcb,DISPLACEMENT_UNKNOWN_OR_OUTLIER;MASS_UNKNOWN_OR_OUTLIER
12169,vmm-1c89a2ab64d31db9b03e750a3d67cfd88cdd140276616992d4da2944a6382104,CYLINDERS_UNKNOWN_OR_INVALID
12196,vmm-6de76be1e46429621597611fa9c62f57f09c57b0e6d15ca32fa698a4fd64b1a7,HYBRID_COMBUSTION_FUEL_UNSPECIFIED
12197,vmm-a20f400c71db94494140882ce7ad41dbbca0333febd1ae189415db88fe3c6516,HYBRID_COMBUSTION_FUEL_UNSPECIFIED
12198,vmm-d2aa546489510e1097f6f17f9af25309f45077cd5f16683a4e580efe4a2d92f1,HYBRID_COMBUSTION_FUEL_UNSPECIFIED
12199,vmm-faaa8dec04fb9069ac8bab6cd2e4109af8cf7f880336314dbcbcb7ebc8fcd80f,HYBRID_COMBUSTION_FUEL_UNSPECIFIED
12200,vmm-648d719254ee822a11f7997a2dac3c8af3db2b4e33ddb4c4529b21c99b4762a9,HYBRID_COMBUSTION_FUEL_UNSPECIFIED
12214,vmm-259652c5471d36b3b818eb456cee6f8e230304a86f42fd9680555c293c707f30,DISPLACEMENT_UNKNOWN_OR_OUTLIER;MASS_UNKNOWN_OR_OUTLIER
12215,vmm-34824b14c0b76125d371874e6a98c957c586be51b9b87c1178e474df832143b5,DISPLACEMENT_UNKNOWN_OR_OUTLIER;MASS_UNKNOWN_OR_OUTLIER
12216,vmm-153fe13b0d680c90ea9b117072bcd55c1241047f4929c7c50afe8717b6eab41b,DISPLACEMENT_UNKNOWN_OR_OUTLIER;MASS_UNKNOWN_OR_OUTLIER
12227,vmm-36bf01209f8b571c748bd4548e13f3af0ea5bf711f40126199ca85867167affe,MASS_UNKNOWN_OR_OUTLIER
12229,vmm-a1398a4a90ae273fa4fe59b070adc4b19b9b48a3dc84acb5c72278e285376203,MASS_UNKNOWN_OR_OUTLIER
12230,vmm-9e48d9749a8762a55769f2799fd4bd71542eff18d6db9d95406e7b2eadcac9dc,MASS_UNKNOWN_OR_OUTLIER
12243,vmm-fab101b12662e463bcb44f3f462c0d9c34c8551f749225f2d18bee650ca2b874,MASS_UNKNOWN_OR_OUTLIER
12244,vmm-ae46835218c70001cab00818d01b37f45badcbeb6430bd58247ec9b810017426,MASS_UNKNOWN_OR_OUTLIER
12245,vmm-98d4f9620abd32a5a0a2889bb7ee541218a310cbe662b790f48c665c847dc26c,MASS_UNKNOWN_OR_OUTLIER
12246,vmm-82c3326ce84607ca0f062c84339859c98f83477186de53cba9dc5b7e8ecfe486,MASS_UNKNOWN_OR_OUTLIER
12247,vmm-fff8ff4d31d05767edd09b615f4610ad80e9f3016d5a75094187d063eae44795,HYBRID_COMBUSTION_FUEL_UNSPECIFIED
12248,vmm-5afdded99f196fbf2fad29dcb5c39895c8566017a0fbfbf8d210a342bbf4b813,HYBRID_COMBUSTION_FUEL_UNSPECIFIED
12250,vmm-3944834d07d0f2340b8704cc0177d2ff467e20f68c713868783d1e5d4acf02ab,ROUNDED_FOR_INTEGER_STORAGE
12254,vmm-72dd982ba1d423e54e83496f4dfd8ab086b11c1f6a34834844a53bdb96611489,MASS_UNKNOWN_OR_OUTLIER
12255,vmm-470c988564b34c22227ba6859c162f4d6e308276084f946b249862633c4340aa,MASS_UNKNOWN_OR_OUTLIER
12256,vmm-e66b63214e712817678d680595b432d6bcca74a2b449c903a8134538fda56900,MASS_UNKNOWN_OR_OUTLIER
12258,vmm-b5a27eca94a54c6124ea3245be729226fbab0e37c497c34ae806390704ba7a0b,MASS_UNKNOWN_OR_OUTLIER
12259,vmm-87a213612ecd0a7d5df2a321727ff0eb39edce7eee9370c21ac774e32e29459f,MASS_UNKNOWN_OR_OUTLIER
12260,vmm-674698c6066f3e47aebaa3c46ba3441e7cde43ffa24704a49f238d2dc9c4c663,MASS_UNKNOWN_OR_OUTLIER
12261,vmm-2d2d4358655cd3c6faa95765d3b616bd0b213314e03bde6a59fbbb263e7f8590,DISPLACEMENT_LABEL_CONFLICT
12277,vmm-8ffb30dcfa3cbc0e5a8ba9539c86ca29aa5ac55d4e2f10f81597323f1a39efa1,MASS_UNKNOWN_OR_OUTLIER
12278,vmm-65dfaf1f53b39827875b969c7eb2d27077be5ea9e30733a1a295bed31bb02bb7,MASS_UNKNOWN_OR_OUTLIER
12279,vmm-a9c64550434bbb02022040fcee7b4ba9f8a5dd54dbf73bc14709e9a905c3353d,MASS_UNKNOWN_OR_OUTLIER
12280,vmm-0d8625756896801cd36cad3f49dc45b063b7a1a7bacc9f78f75af59f34dbea5a,HYBRID_COMBUSTION_FUEL_UNSPECIFIED;MASS_UNKNOWN_OR_OUTLIER
12281,vmm-77db0776d624d899fae111dd92803ac8a2c1e69b51549d90d148b97c75d6fdfe,HYBRID_COMBUSTION_FUEL_UNSPECIFIED;MASS_UNKNOWN_OR_OUTLIER
12282,vmm-e1d58be1e1dd1469230790ef6d51cfd462ff7b60405723267936815b4b0eb655,MASS_UNKNOWN_OR_OUTLIER
12283,vmm-22a992a69560493f8775593aabdab625867ebc1688e843d8477395ebd10c1e7b,MASS_UNKNOWN_OR_OUTLIER
12284,vmm-4f73ce8c685036e3160aaf775b58012ccb2566e98b7b9ac2e9497688f0317d64,MASS_UNKNOWN_OR_OUTLIER
12285,vmm-b2fba9cbdaec39f048ffdf581ae3244ff7eea9d82c6952e0c0281c5bf86d4200,MASS_UNKNOWN_OR_OUTLIER
12300,vmm-3647cd537cb6c1149b70443620d87b8d64e7c000ef689778142a1358a03fc193,HYBRID_COMBUSTION_FUEL_UNSPECIFIED;TRANSMISSION_LABEL_CONFLICT
12310,vmm-a74cf38eebad861df1655c43a216f34537a40b0e267435f80e03827503e04c24,CYLINDERS_UNKNOWN_OR_INVALID;DISPLACEMENT_UNKNOWN_OR_OUTLIER
12336,vmm-8485f87644792feb71b52af1b9b7686187a6cde762f007ddc3815dad5e2d8f70,DISPLACEMENT_UNKNOWN_OR_OUTLIER;MASS_UNKNOWN_OR_OUTLIER;ROUNDED_FOR_INTEGER_STORAGE
12337,vmm-9f0c6e9093108b713d3738f6d1c3b90b087ee0ad789a9aa7eaef16803cf6bea0,DISPLACEMENT_UNKNOWN_OR_OUTLIER;MASS_UNKNOWN_OR_OUTLIER;TRANSMISSION_UNKNOWN
12338,vmm-289ffd01eff17d58b6a395c042293afe73032f3af3aedbe35b19832e33e7058d,DISPLACEMENT_UNKNOWN_OR_OUTLIER;MASS_UNKNOWN_OR_OUTLIER
12339,vmm-e0b2dc2c3138d09eb0457829b9fda6bd2ba8fa49399e5b1a57c898d57f874dff,DISPLACEMENT_UNKNOWN_OR_OUTLIER;MASS_UNKNOWN_OR_OUTLIER
12345,vmm-f2c82f97e21125b81532c444f153c1b68c2f93ddfb017bb31394c491845ff172,HYBRID_COMBUSTION_FUEL_UNSPECIFIED
12346,vmm-b734b96c1b5e05653d35be6adddc32d6c4d305db45398be8d2d933ffd432e869,MASS_UNKNOWN_OR_OUTLIER
12347,vmm-884b8f88169dce7f25e749eda854bae6959e62c355e4327f7597d88095313b35,MASS_UNKNOWN_OR_OUTLIER
12348,vmm-b109d60d14557b61b104faaf583cb826eb09da03f01383eeb3b591e5ddbf3c7d,MASS_UNKNOWN_OR_OUTLIER
12349,vmm-76a36695720f73633bd55b2b8b2c350acbab79d85ff0cbb4c74c2065b0b3dbc0,MASS_UNKNOWN_OR_OUTLIER
12350,vmm-e22bb51d62c95005cf1ff07780d6b919e6576b385a237097544ad29d1cc33e23,MASS_UNKNOWN_OR_OUTLIER
12351,vmm-625fdba9b73978bed0dfa5810ddbc66d2ab088b3f4654748f0658f62d5194500,MASS_UNKNOWN_OR_OUTLIER
12352,vmm-b930952a9ae5cccb8d6df417db8456a12332bd230b72a8dd2b4dccb2a026b5a8,MASS_UNKNOWN_OR_OUTLIER
12353,vmm-d05590d3d92c30af675c27b8297760f52468e3d6af13488b5b660b2515773b5a,MASS_UNKNOWN_OR_OUTLIER
12354,vmm-0a5597ac512a32613024d8f20882f86e49df6aeefffff14a447efc05827a1e81,MASS_UNKNOWN_OR_OUTLIER
12368,vmm-a36bc033cd5d093c03553d215b206d593995e19e1de41a3559a97712457287cb,LEGACY_QUOTE_REQUIRED
12369,vmm-18d572aad4af8c43685740620dca3e3367774f2f78da1828f85c30cd49e8ee72,LEGACY_QUOTE_REQUIRED
12370,vmm-8f2bdda0d3e6b7a30307c80f6a899460fc488da1ee8c580c1b09c29f4652cf31,LEGACY_QUOTE_REQUIRED
12386,vmm-4b3dd19d87cacab60d43d47ed6264dfd8fa61751f7dd9ef079f07c8146ffc8d3,MASS_UNKNOWN_OR_OUTLIER
12387,vmm-34137b0d539d3efa3638b1757d8328f2ea4338ca8edb918e53bf00228138e8fe,MASS_UNKNOWN_OR_OUTLIER;TRANSMISSION_UNKNOWN
12388,vmm-12325db9dfa8fcac33064767cef6153d3d8c1ae1180df2d0f11bfe744500512d,MASS_UNKNOWN_OR_OUTLIER
12390,vmm-8463bac1a7313fabf33386bee5c6490bba1c0c3b03803e9f04965f3c61fa63db,MASS_UNKNOWN_OR_OUTLIER
12391,vmm-04e87f9373549fcb087e9bff5e1f47f8090eba8aa02e5fcd445243426d450c56,MASS_UNKNOWN_OR_OUTLIER
12392,vmm-ca2d7826ffe1c722f96d7a2dacca6ffcb2372d9d05928d07aa84fd773bcfcc57,MASS_UNKNOWN_OR_OUTLIER
12393,vmm-89815feb5dd51d85be4a1c2012fc08f5e0549034eb6174102e1297c193b352f2,MASS_UNKNOWN_OR_OUTLIER
12394,vmm-d47f37e5e68ed281a015ff7a5c148ba232af1a46913e504dfae74030434902a7,MASS_UNKNOWN_OR_OUTLIER
12395,vmm-e7f1927d6168115936996dea3ff8f2d6dd55909f9ef7f62d7f21ef2b66723231,DISPLACEMENT_UNKNOWN_OR_OUTLIER;MASS_UNKNOWN_OR_OUTLIER
12396,vmm-25261fbd68e4cfaf48cb3ec416e0298c80ddcc77dd63939a4604d69295437729,MASS_UNKNOWN_OR_OUTLIER
12397,vmm-4dc121620690e1ea89d4fc2c66e23fd810ac30630744ca8f29365cd060489035,MASS_UNKNOWN_OR_OUTLIER
12398,vmm-7291cccaa7f68c6d3d9281a79c2c497abf6f270d691d6f15b4d9e5df6d549380,MASS_UNKNOWN_OR_OUTLIER
12399,vmm-555bbeee5a685fc94dc72a590d93e3488ab3750a1dcf0abf6549ec533262d652,MASS_UNKNOWN_OR_OUTLIER
12400,vmm-8dd9298f83796e0058bb4f3bf3ae215f634c1e277bc6e00b7992bdc43e9666f7,MASS_UNKNOWN_OR_OUTLIER
12401,vmm-b5eb2434a92cf17971e2ed06e8ab745fbf96c2bfc4eb5b8597a6ce3881b49ec8,MASS_UNKNOWN_OR_OUTLIER
12402,vmm-087bf643fd10e1f7c897d784e74be479c5b32f1cf43dedecdea664d116e123ca,MASS_UNKNOWN_OR_OUTLIER
12403,vmm-f69f352b5d041a134210f558ff40f77414cd038045e0bf150e3c59b750bf256b,MASS_UNKNOWN_OR_OUTLIER
12404,vmm-852d8673d5d9d15de51d3c524dacbc37bfaf17769f2d79ee97bc284ae81a8066,LEGACY_QUOTE_REQUIRED
12405,vmm-d2fd27a68f3a74c4f475f2d04607fbaac63893d8f1d9e0d1ee5aa520939fac2d,LEGACY_QUOTE_REQUIRED
12406,vmm-a5622d5a2ceecdcf6550bdb0581ddd65a3f453fdeb38856d840deecc9ce3bea7,LEGACY_QUOTE_REQUIRED
12407,vmm-a127e7a5f062c2986032c8da57f8cca895ff66ca13ac2a5abafa12f7524247ab,LEGACY_QUOTE_REQUIRED
12408,vmm-17823745d7006449cd73063bb754f6f4e2a330d2458344c0ab750cbdee4cea1d,DISPLACEMENT_UNKNOWN_OR_OUTLIER;MASS_UNKNOWN_OR_OUTLIER
12409,vmm-6a3ec979136f2304f5f981dde4c697bf9de105fef368a711ad9db7bc66a10d83,DISPLACEMENT_UNKNOWN_OR_OUTLIER;MASS_UNKNOWN_OR_OUTLIER;ROUNDED_FOR_INTEGER_STORAGE
12410,vmm-080287c3fdbdc605ae0b9f5ae96c9952ccadd4c98182ab002b769de3be8c5bd8,DISPLACEMENT_UNKNOWN_OR_OUTLIER;MASS_UNKNOWN_OR_OUTLIER
12411,vmm-21f4dc852a1109fef5f192dd6ad3c80bd3289353349eee4ec4075759329fe829,DISPLACEMENT_UNKNOWN_OR_OUTLIER;MASS_UNKNOWN_OR_OUTLIER
12412,vmm-736eaf669963e3a5ad2e2014b30b62b94918bbad197efdb52ff7fa62be196cac,MASS_UNKNOWN_OR_OUTLIER
12413,vmm-8b7aa8222aeeb92abef66b8a5e5bb034c7860c3c624cc9fc95d05d0ef86e4a49,MASS_UNKNOWN_OR_OUTLIER
12414,vmm-8671c85b1e20b8f6b5a091855cf00927ce35b5b1553399a795c8123ea5b05671,MASS_UNKNOWN_OR_OUTLIER
12415,vmm-8e93cd40dc010a4317772b3eecdfb5487d7c5a5524347a6031abc377d0c38721,MASS_UNKNOWN_OR_OUTLIER
12416,vmm-c7034ef7307e9adda9f22f5f8abe267499bd38070b2cb619f3cf9b0b9c4679b1,MASS_UNKNOWN_OR_OUTLIER
12417,vmm-f6fd4d83165db6495ba9794eca1d0b2ef2b4624409e259338def05f4507cb8a3,MASS_UNKNOWN_OR_OUTLIER
12418,vmm-d7c933becc19a2f9a8d1a60f7c0f4c4a3dd8b95bf0f482006cd839a6e893510d,HYBRID_COMBUSTION_FUEL_UNSPECIFIED;MASS_UNKNOWN_OR_OUTLIER
12419,vmm-25fca582fd262d924628f1052c7f6eb63b3944500d7ae84e8e1356333318e8da,MASS_UNKNOWN_OR_OUTLIER
12420,vmm-d9bcf9dc5d033244c3b3f13a9de84285694e23909aadd857bd38d1e1e43f1b76,MASS_UNKNOWN_OR_OUTLIER
12421,vmm-4c07adc3cf5dfa6065bea693b595b6cba58ed9bf8562dae59787f55c2236b99d,MASS_UNKNOWN_OR_OUTLIER
12422,vmm-217631cf1d8f70a72539cfcc0a2e3cd2753354d62ca41d163bd416b1163e36fa,MASS_UNKNOWN_OR_OUTLIER
12423,vmm-09cc837d1428c0db696a7129607f703fe58074e96387dd91291cdaf1fbfaac65,MASS_UNKNOWN_OR_OUTLIER
12424,vmm-52b39737140f5a5b5a23f55ed9c396e0b614b76f7a174af352750a10feb3b3ef,MASS_UNKNOWN_OR_OUTLIER
12425,vmm-c908788792638d24ae016d33cd53f9fae068d9ad9807cc63365f97eb1f98c57e,MASS_UNKNOWN_OR_OUTLIER
12426,vmm-0ad988bb52e23b33cd7f1a1210429e24085556cfcd59305f3303cdbf94d45f49,MASS_UNKNOWN_OR_OUTLIER
12427,vmm-f4ddd11c366649b749daa2bced81e9aee1095d1078085bfc8bd5b8ef15061fd9,MASS_UNKNOWN_OR_OUTLIER
12428,vmm-891d80f1b560ebb2a812c997bbd5285b7d0f549fc94af7f938715abd536f892f,MASS_UNKNOWN_OR_OUTLIER
12429,vmm-e08c13679a3d07f80fdf6b23098996e830694339d9efcb1fa168b7b18a46ea2f,MASS_UNKNOWN_OR_OUTLIER
12430,vmm-325b69634a46dc6645ab22f2438937b01015f527d6b6ad610759a4000d24cb8b,MASS_UNKNOWN_OR_OUTLIER
12431,vmm-d1c0557dfdef897f2ed95d6b58fd2d76e959d3d03655e5179a3fd2ede88e25a0,MASS_UNKNOWN_OR_OUTLIER
12434,vmm-642df3c25e7cdc8500404d183b953fbce0bf7756ae9b69a02f4e24100719af97,DISPLACEMENT_UNKNOWN_OR_OUTLIER
12455,vmm-1b9d930eb2c7f16d0b0e2ddaadaae3bd93ef87ef8909f36e9f7a21e0eb57530f,MASS_UNKNOWN_OR_OUTLIER
12456,vmm-85e58a1812c7889be859dc690f0246d0540d0a6d7c54ab9bab89a05d51415b0b,MASS_UNKNOWN_OR_OUTLIER
12462,vmm-048061dec478180cf40095a429fce26c9d489fb56b1fbc5a48a37660c86de6ac,TRANSMISSION_LABEL_CONFLICT
12468,vmm-b0390999ae2f87078f4c601b5b328c0db8dab2e2831c3cac885dc1d72274ba06,MASS_UNKNOWN_OR_OUTLIER
12469,vmm-dcdfe53ea569cc0e34f009acb024335bd37edd4b4ea144a91f5eca7fd6b53f01,MASS_UNKNOWN_OR_OUTLIER
12486,vmm-9256930ef14adcae79e06bbdf96bd4b736e2c8b4fceb6cda52b78b83782e1899,LEGACY_QUOTE_REQUIRED
12487,vmm-94684ef180cdc28208591eb734039732229546b4cffbf4f5ee3333782ebdd182,MASS_UNKNOWN_OR_OUTLIER
12488,vmm-627e589d0a17a12b44f67b29882c08a14047966810bd2d26a5d2f132a0d0e92c,MASS_UNKNOWN_OR_OUTLIER
12489,vmm-247b0b2de169aee6a9d4143ac27b89df9c33d881c7780db4c0a3b45f71516596,MASS_UNKNOWN_OR_OUTLIER;POWER_LABEL_CONFLICT
12490,vmm-bb5259c7154b6c3aecff2a1f4f3bf5ce27974c471acebafc8f3709158c365c0a,MASS_UNKNOWN_OR_OUTLIER
12493,vmm-68bb800820fe2a479e8eadb4929c670257ec6b9e56a2b305d27912d330db28de,MASS_UNKNOWN_OR_OUTLIER
12494,vmm-51f1f9436417cdf396b7a791dc9c38251949837f32577cad7b68489398f631ae,MASS_UNKNOWN_OR_OUTLIER
12495,vmm-8175591e260e9e2e2291324e13ff89c05052746a27f86b9fb243c6f50da24675,MASS_UNKNOWN_OR_OUTLIER
12496,vmm-94f3fdf8c2b65589c65481202f1672e407d5ae6984f5febfb07783e4b987e920,HYBRID_COMBUSTION_FUEL_UNSPECIFIED;MASS_UNKNOWN_OR_OUTLIER
12508,vmm-694227406c639ae55efec03f96ef787d468efcb05180d96689af993ff675dce8,TRANSMISSION_LABEL_CONFLICT
12529,vmm-77165f8668d0b1c4a9c79d10bb77620c22d79a419f5d86c478bd928be654c8ef,MASS_UNKNOWN_OR_OUTLIER
12543,vmm-b6f00c7109cac95dc20a6545f836fdca9fa4ea44252c1d5da91e0531e496c07f,LEGACY_QUOTE_REQUIRED
12544,vmm-dce80e90025cecf3567d060863c418bf429008c88286765b9dc411bda081e150,LEGACY_QUOTE_REQUIRED
12545,vmm-8df34f0a3e8b11f1d8006434875e1aaf1dea8faac0bb5cb1864902d7fc7e6f9b,LEGACY_QUOTE_REQUIRED
12546,vmm-0bb5bc393c3839abbceda10f61a1d8af046429f04336a2f4d52cbe60266220b4,LEGACY_QUOTE_REQUIRED
12547,vmm-309bb5f5c6409f66e1764765774db06e390ade945a2dddf0e9b2ddb3a56dbdfb,LEGACY_QUOTE_REQUIRED
12548,vmm-3ecb87fe2481c83bcb089123e9486d05d366b3eb7b76f8c9f05d54a0cda66fa4,LEGACY_QUOTE_REQUIRED
12549,vmm-b767083eca50dcb146f59fdad99ebff04591552659c0afc16927f39462c1728c,HYBRID_COMBUSTION_FUEL_UNSPECIFIED;DISPLACEMENT_LABEL_CONFLICT
12550,vmm-e648f4d5d4503dff400a5760b41ff89852ad558b1e41fe5e975d06efc8e21f9e,HYBRID_COMBUSTION_FUEL_UNSPECIFIED
12551,vmm-e63d6ef0474023c24b3e34069b6bdbf866302c4ad1c9af725c747de3b5fa27c5,MASS_UNKNOWN_OR_OUTLIER
12552,vmm-8e22eafd59b522502978a664bc8308343e10ef608ac0915c00d90f18d57bd0b7,HYBRID_COMBUSTION_FUEL_UNSPECIFIED
12559,vmm-a602758b48c5c1322b81d9437eccb49f483d0a237dcb31f083c520ac8f79c872,MASS_UNKNOWN_OR_OUTLIER
12562,vmm-61b2c68e61c1574cb3280099c17435401cf5514c965503302699c7a22e425953,MASS_UNKNOWN_OR_OUTLIER
12564,vmm-34dace6fcaa7b1ee28e77507554076af4286370f5051b7ce982b90d23712b2c4,MASS_UNKNOWN_OR_OUTLIER
12567,vmm-87b929848bb3b51e9c7e82928692dd5bbe0185c92c9d855594dea01fb354e82a,MASS_UNKNOWN_OR_OUTLIER
12569,vmm-7c2cd92ba591b11cf48fcf746e022eeb4923e81587a44a4a8040393af6375f2e,MASS_UNKNOWN_OR_OUTLIER
12570,vmm-76632b71fca0c145d591550b841ec07c7513e3b1811f25cc09c5202017b6a29d,MASS_UNKNOWN_OR_OUTLIER
12571,vmm-8f940cae1fb9a012996c91d71640612298b3488d9f728fa8fe0c634fcd8a0ce2,MASS_UNKNOWN_OR_OUTLIER;TRANSMISSION_LABEL_CONFLICT
12572,vmm-ce1be25fd8680409eb6f0d225bca70cd4a99abdb2087e081caeae22082cd6c37,MASS_UNKNOWN_OR_OUTLIER
12573,vmm-248090206f3efb4e9b5047a5d685c41a3ae2efce38abbf0b48fb24de7d6db061,MASS_UNKNOWN_OR_OUTLIER
12574,vmm-1a4efc912c097e6f4e0e4784de15d5d0644de4d0ed00d1a03993064703fc6dea,MASS_UNKNOWN_OR_OUTLIER
12580,vmm-afda9f5b9f369a1240f7099b69b5ca36a902c82191b8192f737cca417eb9fd9e,MASS_UNKNOWN_OR_OUTLIER
12581,vmm-565336fc3c624593f864ec29fdc3c0128b257c75705a42eca617a430f206571d,MASS_UNKNOWN_OR_OUTLIER
12582,vmm-4ec675df1e015b59ce330236d573dbb8044f056b02fdd2ab100770d410f6a159,MASS_UNKNOWN_OR_OUTLIER
12584,vmm-776bb67b6bec72a5e64cd431762228045f9a1d14c30f3d9b2f4725cf599b8fe6,TRANSMISSION_UNKNOWN
12585,vmm-3ac4bf96e82cce48bd50e2e63b0623bdc2b59ff2d259cdc78f2542b63f995e8b,MASS_UNKNOWN_OR_OUTLIER
12591,vmm-3dca36f7f09376ceb117ec1d15d07db185c6332b5c31cb7076d83b2720a5f8d0,MASS_UNKNOWN_OR_OUTLIER
12592,vmm-6a6075316f79b33fe5aba4c947e0f49109936fbc5fb7bbd4032837c37a55c4cf,MASS_UNKNOWN_OR_OUTLIER
12595,vmm-35b429e31007e720803942325b3434311072df92977f68d67b71f3701857ea0f,MASS_UNKNOWN_OR_OUTLIER
12597,vmm-7a750fe299ec2f0426a2056ca0402fa4ace6449bcf124baaf3b4f0b41975a0cc,MASS_UNKNOWN_OR_OUTLIER
12605,vmm-5895d26cd6fdc01349bb54cc989c88db79a9fe03c98e80c1cf512925a853490f,MASS_UNKNOWN_OR_OUTLIER
12617,vmm-202a6d8653a691907601c1e9ed57e6896946338d4ee584140da54f6c7a88d3e0,ROUNDED_FOR_INTEGER_STORAGE
12621,vmm-72d5464162515c8ad03550d732051329cdef71760aa285ea1eb23497830bb1e6,MASS_UNKNOWN_OR_OUTLIER
12623,vmm-e6c61ef223494ed571217caa43b2c28ee7ddffbd737c45ff9d84ef408c085a4b,MASS_UNKNOWN_OR_OUTLIER
12642,vmm-a63886d4cf8eaa3875e7b79a4681ff819ce42458f2eedb1dcb0ffcf4d4b75acc,LEGACY_QUOTE_REQUIRED
12649,vmm-7ee2d0e4445fdc10388da04f2e63e7c72860a533200a1a88f1a55366283ebf2b,TRANSMISSION_LABEL_CONFLICT
12650,vmm-af7f2917db5e72749ead0fc5489cf63431c5c3758e0c5b94a9149f15398a090d,TRANSMISSION_LABEL_CONFLICT
12653,vmm-0ca84b6b8b052d8b8b4b97f90a248fa1da64b325078f25bd4420d3e3c60c9e4c,LEGACY_QUOTE_REQUIRED
12657,vmm-a3e2b2a64e0e0c3e22f1dc433431d95b5439dd70ae8b2219215eef335c2512df,POWER_LABEL_CONFLICT
12658,vmm-2a155277f66337281226f7ef3682f7ca2b106d358e7606664c61195b50a681ae,ROUNDED_FOR_INTEGER_STORAGE
12659,vmm-5eba7a066a1e667ab7a744f7eabc36224d4d00c78e0fef2d6eaf9633e83b5d0e,ROUNDED_FOR_INTEGER_STORAGE
12668,vmm-9ffce9b9ea972bb26bb9463c26253f2dc336f598ab6bf1e3b1d54bf66be8c6b6,HYBRID_COMBUSTION_FUEL_UNSPECIFIED
12669,vmm-113c29f02f6359f09bade76f593d1ba46c7160f5d61cb2afef7f31ba789a0ab2,HYBRID_COMBUSTION_FUEL_UNSPECIFIED
12674,vmm-38a69cd18439af35303470fcc30d68c49d4e8d038dc1bb03521538a59087e805,MASS_UNKNOWN_OR_OUTLIER
12675,vmm-a4d73d4fea48760c98341655e5a72997eec572fd450c3ec45e4d1e95837fddbd,MASS_UNKNOWN_OR_OUTLIER
12693,vmm-57afb9f19babe3ee8f696978f8533515df0246929802866e0d0d477e91da073c,ROUNDED_FOR_INTEGER_STORAGE
12705,vmm-e5e20ce9c0844132d5ed14048a9b375bee48ffa200715b74462a1341febad224,HYBRID_COMBUSTION_FUEL_UNSPECIFIED
12706,vmm-57745f5ee4b2f2246a4f6c0728fc223e352efb380cd66bdab760269bafc859a9,HYBRID_COMBUSTION_FUEL_UNSPECIFIED
12707,vmm-6bbe788b23f8e9aea07bff6dad7a218e8f5c604ea858f341b244c53260610f81,HYBRID_COMBUSTION_FUEL_UNSPECIFIED
12708,vmm-5dde696f7b51ddd541403ae28b21b64b95c12c44e4291d33894804d507a32525,HYBRID_COMBUSTION_FUEL_UNSPECIFIED
12714,vmm-d2444077e0616b8bd247963252ad70fe53751d76504d7bc4c2bf5c3568e680e1,POWER_LABEL_CONFLICT
12715,vmm-587534950b49de6f10a83bd2bea108c705a4e3e4a0709d6de0ae8df70ca52573,HYBRID_COMBUSTION_FUEL_UNSPECIFIED
12740,vmm-b0987be18c417b8777b7508ea27c66ed3b233c3a01efcf949b85e3ea03986201,DISPLACEMENT_UNKNOWN_OR_OUTLIER;MASS_UNKNOWN_OR_OUTLIER
12742,vmm-0a1ddc3d21dc32f37672098fab645c5febed5473ca1b8bdd051260a191075e5b,DISPLACEMENT_UNKNOWN_OR_OUTLIER;ROUNDED_FOR_INTEGER_STORAGE
12745,vmm-a64682b1870e1c35dbac42f3aa71e4c14900bf04f906c195a342f1a36720f59a,MASS_UNKNOWN_OR_OUTLIER
12746,vmm-39549317d1b48cb6c4e635d1c7c04a32fbb3864f93958f04a420c0b9eeb6245d,MASS_UNKNOWN_OR_OUTLIER
12749,vmm-931b449ed2f5946738c221198c56c8f16d9de82198d7daa1b5822aadf481bb79,HYBRID_COMBUSTION_FUEL_UNSPECIFIED
12750,vmm-16972d2dd7de447fa60f74fc1f5b3af59fabe24b99d156391da9a706c9104541,HYBRID_COMBUSTION_FUEL_UNSPECIFIED
12753,vmm-384fb1b78266181069652ad5c711b05f000083b6d57d18f0e74cbee66065488b,HYBRID_COMBUSTION_FUEL_UNSPECIFIED
12754,vmm-5e817563f1d4066f05180e886ab66f6732622987371f2c2ccc22778b49f9a39e,HYBRID_COMBUSTION_FUEL_UNSPECIFIED
12760,vmm-e75301c9e4758831a80d333e2e4b5abdb0de55886f18631ae3384ea60b8f4015,MASS_UNKNOWN_OR_OUTLIER;ROUNDED_FOR_INTEGER_STORAGE
12761,vmm-e0de5a1d12819f8d8bddca13f0db0f66f92de9839dbf8edc8e8e52179c1ba0e5,MASS_UNKNOWN_OR_OUTLIER
12762,vmm-d34f155c82d0bf928685858ac37c748be8ed2bd516a9188ec11ca0d25dae56d9,DISPLACEMENT_UNKNOWN_OR_OUTLIER;MASS_UNKNOWN_OR_OUTLIER
12763,vmm-d9e17063d6f365cdbf4f9c46daeeb1f9f2013d89bcaf61a24efb6d15895d0528,DISPLACEMENT_UNKNOWN_OR_OUTLIER;MASS_UNKNOWN_OR_OUTLIER
12764,vmm-093df178fca05bd512b2906b99953b6e97347a0c28345a80d5b92816edc0acb3,MASS_UNKNOWN_OR_OUTLIER
12765,vmm-9d6bc9a0e9075e8a0c745abe22f6778abf2af2109f79983cb2f311817c69037e,MASS_UNKNOWN_OR_OUTLIER
12766,vmm-253c1418c5137a4a71a519309f088f61834b23c1974233fc0bbe5f3438c33c7f,MASS_UNKNOWN_OR_OUTLIER
12768,vmm-0824bca30e7dc8d2288ecbbef98e7e7a929d597c9af123820f0a89804b02d272,LEGACY_QUOTE_REQUIRED
12769,vmm-849115a5d43f5187e982d5ccd75897788315ebbc9e345971bd934313af52d52e,LEGACY_QUOTE_REQUIRED
12770,vmm-9145d29dcef7c0fb7b6b919b75319f007603ef89aaf874f7d4ac6e8ef6cbb87d,LEGACY_QUOTE_REQUIRED
12771,vmm-a56c7356f04914f5c568f4df16b75ad90e3850be9934054c19b1defe0c21f48d,LEGACY_QUOTE_REQUIRED
12772,vmm-070d4007f114d3878b46116df1f78317d812446b6b615a3a06ee27953123e7c0,LEGACY_QUOTE_REQUIRED
12773,vmm-fa67b1882cfe58fa3778275e5fd5a675b1586193f6674354ac2757fac9dcd1cc,LEGACY_QUOTE_REQUIRED
12774,vmm-b5009da46af95ef164fb2ca46732823c5fc1c6360941892157520ed6ba583480,LEGACY_QUOTE_REQUIRED
12775,vmm-7b3f151946d692a975a6a9463ed455be89f573f30ca6074b3fe9a775f26e0419,LEGACY_QUOTE_REQUIRED
12776,vmm-26c9b4657ba154a5c52415b3caeb13c4b413452e91c35d219f04e7380ba5c4b6,LEGACY_QUOTE_REQUIRED
12777,vmm-bdcdf31c0af8c9887997421770d2dfd65cfbf53dbc7f86f6e6917695c7b49c10,LEGACY_QUOTE_REQUIRED
12778,vmm-669adb2cd51b75dbab1e8cb651d05515a6ce7e694a9ad8edfd18eb2f6d860dc1,LEGACY_QUOTE_REQUIRED
12779,vmm-a1341312b606ae74afc6b55fd84c4822073f09b9e5a4e4440cdc0ff6691b38f1,LEGACY_QUOTE_REQUIRED
12780,vmm-f8f57623b24bd0ac247185ee15ee23ad3ed118fd2fb46a1bec924c12e431fbaa,LEGACY_QUOTE_REQUIRED
12782,vmm-bbd7992e993ad8ef03b831598707a70d0e392608e9a1b2d8fdb312e193af9f75,POWER_LABEL_CONFLICT
12783,vmm-59573f40e5e670fa9082c0a355908b575e0cbc0c986e0feb4d159f012e853f29,POWER_LABEL_CONFLICT
12799,vmm-5ab24822a9222e1fddff1d9552a86c3d2fc68d925a2b50cb7bd967745639db15,DISPLACEMENT_LABEL_CONFLICT
12800,vmm-4151662469fd37527faa2a6d0b452900966689d6dc5f88f787decb9055ad12c6,DISPLACEMENT_LABEL_CONFLICT
12817,vmm-e8844ae445f01739e4734b03ce60c48ffcbab974c3c341ebde127dc59dc41469,TRANSMISSION_LABEL_CONFLICT
12824,vmm-09d67972dec48465e8afd1f73b9ea680c5caeb274e150699a16fbe8bb4611bf2,MASS_UNKNOWN_OR_OUTLIER
12825,vmm-1679e303e9df902a3f5f73bb2961f093a0ccefe5f7b1feee1fc2a483b6e27c18,MASS_UNKNOWN_OR_OUTLIER
12826,vmm-4b5b41eb192e6594c93825f1cfbcb56839f3d6b23b47e73dcc0c21844e86e8eb,MASS_UNKNOWN_OR_OUTLIER
12827,vmm-635d248c03a293d80b9606f89f7db116cf52a152a5ac37fbeafcdee39ac24b06,MASS_UNKNOWN_OR_OUTLIER
12828,vmm-d441fce07210102e554940f0ddd2051b27b63658c9f740d478513c7981db0f1a,MASS_UNKNOWN_OR_OUTLIER
12831,vmm-5fcb2d2b9be6cfa4815fe3829ce93e09df82b789c3b02a1b0d79a15ad8d48d99,MASS_UNKNOWN_OR_OUTLIER
12847,vmm-24a951f418c7281e8ef6eb237af81a431141732f5125b604060f0f0f1774da3a,HYBRID_COMBUSTION_FUEL_UNSPECIFIED
12851,vmm-68167bb16760c8fa21361257f6a5d64b239357f37c85b71291ce479770b844b0,HYBRID_COMBUSTION_FUEL_UNSPECIFIED
12852,vmm-20f0b28e85d1d21fb5f55719d3d1afb8434ce07f179ca6d4dc139dd57ef2ba79,HYBRID_COMBUSTION_FUEL_UNSPECIFIED
12862,vmm-8dcaa663035b6c8382a1121937fed0cc5854f7374128fb3c71026ddb374d5f1b,MASS_UNKNOWN_OR_OUTLIER
12863,vmm-95e82aafa186fe45b6bb855af6a15c60cac72225416c8acc57242afb4c5b102f,MASS_UNKNOWN_OR_OUTLIER
12865,vmm-ecba9a37aaf11b0c1a74a6a1ec99662972d22a08bc163bcbc7faad748f3c64e0,DISPLACEMENT_LABEL_CONFLICT;POWER_LABEL_CONFLICT
12909,vmm-2d065afa979f7326ea0f35cddd6507dab4153a1472934280bfff69584cf77a50,SOURCE_EV_CYLINDERS_DISCARDED
12916,vmm-9801d132dbfb13320e2471bec507cb8264bb3dbc713c9e6037980df884b415ec,POWER_LABEL_CONFLICT
12947,vmm-be5fcd9ca07b92325b33d777ac81a082dbc275487c1a96b97b895fd25b18fd83,MASS_UNKNOWN_OR_OUTLIER
12948,vmm-e473fdee21db185d70a13007b3d4e7772f4b32f140e337c16abdc0cd9458506a,DISPLACEMENT_UNKNOWN_OR_OUTLIER;MASS_UNKNOWN_OR_OUTLIER
12949,vmm-cb7c97d7a45ebad6665e229619187071adcdf6478a0df284d2ede88b006d2eb3,DISPLACEMENT_UNKNOWN_OR_OUTLIER;MASS_UNKNOWN_OR_OUTLIER
12950,vmm-cc7445d86d49c0faf7adfddd295931439e8f7b03a1c1a2f1a3921d3179f304f8,DISPLACEMENT_UNKNOWN_OR_OUTLIER;MASS_UNKNOWN_OR_OUTLIER
12951,vmm-d52d11e22221c96fdcaba318c43804078135e3f9514513e60d1e4fb1e6635ae4,DISPLACEMENT_UNKNOWN_OR_OUTLIER;MASS_UNKNOWN_OR_OUTLIER
12952,vmm-7793ccba8c29fddaa0a99b965a6e206646cf32f4c7536fef89df0678e9edcf29,DISPLACEMENT_UNKNOWN_OR_OUTLIER;MASS_UNKNOWN_OR_OUTLIER
12984,vmm-d11543abc90c9b80eb8cd24aca52df6e4093afd737032f41c8dba5ebd3178900,DISPLACEMENT_UNKNOWN_OR_OUTLIER;MASS_UNKNOWN_OR_OUTLIER
12985,vmm-0032e396b521361175bd849ed2c6df2731959fbbfee252049f026e02a0b467e9,DISPLACEMENT_UNKNOWN_OR_OUTLIER;MASS_UNKNOWN_OR_OUTLIER
12986,vmm-64f05dddf817ecb09e65b369d6fab16c87f36874940d8e4a65002ea398ca8c3f,DISPLACEMENT_UNKNOWN_OR_OUTLIER;MASS_UNKNOWN_OR_OUTLIER
12987,vmm-8fc281c4388379a66538ba5760a5eefbd5f7b11600d5632bdb89107a4a1b17e0,DISPLACEMENT_UNKNOWN_OR_OUTLIER;MASS_UNKNOWN_OR_OUTLIER
12988,vmm-ee40352ae69f48987d5daf35cff9421c61d11386103dbcc73073e981df1348a3,DISPLACEMENT_UNKNOWN_OR_OUTLIER;MASS_UNKNOWN_OR_OUTLIER
13010,vmm-0d4cd83430645fdca5134e845746515b021912aeb79e68be9adf23476e1b4cc4,MASS_UNKNOWN_OR_OUTLIER
13025,vmm-451904fe113c4bff2971bd4c7710e351fcb86bfc7ccc5bb751a0b3fd2388172e,MASS_UNKNOWN_OR_OUTLIER
13032,vmm-938d4a7723fe7a4e777fa0f84de2291deed12624876c5d008325a5974381841c,POWER_LABEL_CONFLICT
13036,vmm-e8a5fbdc4fd46411117bb9522f2b749ee0432531921c84617f2dd32bf118429e,MASS_UNKNOWN_OR_OUTLIER
13041,vmm-55b44e9c8efd6f6cf9c26751c1795f1b8d52f0127e65bdfc5b6381c492e6bbcf,LEGACY_QUOTE_REQUIRED
13042,vmm-fa64cf1c7b5b16890437ec11daeb966589fee1cccd5847da2e53f5bcf2e46b4c,LEGACY_QUOTE_REQUIRED
13043,vmm-fec1c9f20e434bffbee79df85949d20c0abefcacfdc007154cf940c1bbff1740,LEGACY_QUOTE_REQUIRED
13044,vmm-edd75e407e6bbb794d0957b26925aa9b8aa4882a008bacecd3395f7321127c86,LEGACY_QUOTE_REQUIRED
13045,vmm-c5240564d0fa505e5cdb33b0bcbe5bf36295368e4cb43a35081d3911a5bb9e7b,LEGACY_QUOTE_REQUIRED
13046,vmm-7a09be0bbf0fb1e77227ea402ea1b9de27b04084e68c856d72cbb0fb578aa9f5,MASS_UNKNOWN_OR_OUTLIER;LEGACY_QUOTE_REQUIRED
13047,vmm-41345dcade9da23351c1ee6fb905f0f149a2c8f45eae58df473955f7d18d4fac,LEGACY_QUOTE_REQUIRED
13048,vmm-20c76e92c87a529e1f49c63c2eb363c953ba9eb74788026e726792069bfe8d10,LEGACY_QUOTE_REQUIRED
13049,vmm-ae9f87c10db10d86d62c8efccf6e88c34546ceb13a328fc533f267f724bd26dd,LEGACY_QUOTE_REQUIRED
13050,vmm-bea787d9842a60d6504de05b85dc57abeaa3fe17eeb773cf23a70c18965db6aa,LEGACY_QUOTE_REQUIRED
13051,vmm-aefdbbe89497c69c657b178ce2b22e9ff5722069500a3616cf4c44507e71b5e4,FUEL_UNKNOWN
13058,vmm-ceaec16540718aa0b14c6113ea815827281f51c99889ae7901c5d043fe83bf44,LEGACY_QUOTE_REQUIRED
13066,vmm-6d5db97877bedbe249754ed05941992d53b5bf21cc88f31c360ba8c4e0ba1397,DISPLACEMENT_LABEL_CONFLICT;POWER_LABEL_CONFLICT
13085,vmm-76703a8df11eaa3c33cf88328d9c8ea7f14d7e67a374f2365f7c6153b3d79dfe,MASS_UNKNOWN_OR_OUTLIER
13086,vmm-d36c2eddd2fb3f441bd8ce04076ec7b88081330c21daf47b0a0c0214f0c80de1,MASS_UNKNOWN_OR_OUTLIER
13090,vmm-a51d088812944575f9a8426510753f06525b64eaa9816a6d41e1b0213ee3e4d7,ROUNDED_FOR_INTEGER_STORAGE
13091,vmm-f1844f2fe340af861f3dbe63536ac906f25c2777123528ed00e384e0eb9c9de7,MASS_UNKNOWN_OR_OUTLIER
13120,vmm-16a946e565dc6980371131c8e2bb9d923d13185ee941fbdb2d377c0fa93ca07f,LEGACY_QUOTE_REQUIRED
13121,vmm-950822cb9af6fb8d066ca984472d7a21ddc5063d8a64126062c22378ab9f6f2f,LEGACY_QUOTE_REQUIRED
13122,vmm-61ee44c5930ea99a1c46c16037d46bc481cd5fa2c36421c7ac3ca857abdce28d,LEGACY_QUOTE_REQUIRED
13123,vmm-8e5098f6927b545b7fb4a7773250240de58f82f4414f7889fc29bc28cd436d9d,LEGACY_QUOTE_REQUIRED
13124,vmm-431d3f289e95b2c6d4cc921f71cc746d3dd1221ee61e1631cfcc16c2f7b820e2,LEGACY_QUOTE_REQUIRED
13125,vmm-6608f79695820ec5f513c532849d212fee4f0bf3b46b727ca0547b25092ad57c,LEGACY_QUOTE_REQUIRED
13126,vmm-d57bdb793613dfd5bfe08f68afec2f3575e5bead6cda8555f7b8c8971c75f51b,LEGACY_QUOTE_REQUIRED
13127,vmm-608cfb8b91773ee88415ae7021b7add4a1e7e3258c272f35f12d2edb8a1da20b,LEGACY_QUOTE_REQUIRED
13128,vmm-d20fc6d17580d9481de3ba256f25d001c179ba18ab75f3281605a46490c6fb58,LEGACY_QUOTE_REQUIRED
13129,vmm-2870273cf43fde9a207568cc5123b9ac9cacb790f37fe66ceed51e17e356d2ca,LEGACY_QUOTE_REQUIRED
13130,vmm-7ebf4768e795bc97825f546d9cefae5d549f8ed372826ec6fc197fba686530ed,LEGACY_QUOTE_REQUIRED
13131,vmm-fcef5955eb1a6bba174ad3eee4a38ed1461a3d34e800294f06e5f3e3b2206062,LEGACY_QUOTE_REQUIRED
13132,vmm-c304585aa622ec6f28777b233be421de1a7f68b1d9548469bb1b4991c7b2525e,LEGACY_QUOTE_REQUIRED
13133,vmm-41af40e6050fc81ee6e4cc0df4c146fbac25c35342a4b1c285a035dcb83a4c06,LEGACY_QUOTE_REQUIRED
13134,vmm-68178fcb25658de55d940d5dee008a9933c0199df2802051481d54684325eab8,LEGACY_QUOTE_REQUIRED
13135,vmm-b8f9d28711f6923b8e56ba6c2db91bd15181bd70e1b913ca835eb1a283a66d91,DISPLACEMENT_LABEL_CONFLICT;LEGACY_QUOTE_REQUIRED
13136,vmm-c3c89705b20a69324beb94195199cbba6db4b368c4d9ce32f40d98763031b3ce,LEGACY_QUOTE_REQUIRED
13137,vmm-235dc3c63e875c0d4d6b9d7678e5451197b0b0f4155fff20246201576112afaf,DISPLACEMENT_LABEL_CONFLICT;LEGACY_QUOTE_REQUIRED
13138,vmm-98e5b5c5c0b864a2e6f4ab62f56f5c3a2885ed15b1e8d4e2a974b957ea961336,LEGACY_QUOTE_REQUIRED
13139,vmm-5eadc31a936f9138c4825caa45a8c6b65b71a2c4427e387f9c15db2a9cbc88bb,LEGACY_QUOTE_REQUIRED
13148,vmm-b76e58d5f50ebbf158c10c6fce98e184828f2a603a3157c628ee62808ab53eb0,HYBRID_COMBUSTION_FUEL_UNSPECIFIED
13149,vmm-6795b9bc51b293c4893e5d55a7b032006a262e0d99db08a6549fad93b7b31892,HYBRID_COMBUSTION_FUEL_UNSPECIFIED
13150,vmm-0a2ae1ded69cc2e92fd45279ce83f8b905575bae9fd722042b5db1a17067c511,DISPLACEMENT_UNKNOWN_OR_OUTLIER;MASS_UNKNOWN_OR_OUTLIER
13151,vmm-684aa9ac07a0c6441dc2bf5fdc659f5f2473ee9ed42bf94d3b41f2517459aa9b,DISPLACEMENT_UNKNOWN_OR_OUTLIER;MASS_UNKNOWN_OR_OUTLIER
13153,vmm-4ae6b9514e162cf71305589701c1330cee791ae3160c654c41089e51857647a5,DISPLACEMENT_UNKNOWN_OR_OUTLIER;MASS_UNKNOWN_OR_OUTLIER
13154,vmm-51f8f56eb3ea5192a4b59a1bbc5ed435b0e53b100511f67c7c6f7706f654807b,HYBRID_FUEL_UNCERTAIN;DISPLACEMENT_UNKNOWN_OR_OUTLIER;MASS_UNKNOWN_OR_OUTLIER
13155,vmm-115f47b600c8b21be22b6f50a5765d59b8e1b67117dc24934d107dbd1d8df4ae,HYBRID_FUEL_UNCERTAIN;DISPLACEMENT_UNKNOWN_OR_OUTLIER;MASS_UNKNOWN_OR_OUTLIER
13191,vmm-69024e9bfe37077a5c09676e5ef493cfe39f42f6fa90556bc8ac1204f455fa95,DISPLACEMENT_UNKNOWN_OR_OUTLIER;MASS_UNKNOWN_OR_OUTLIER
13194,vmm-03aba266f9282822f8383cd197c295b76cc9b2461d07fa143ff1a2e111061134,DISPLACEMENT_UNKNOWN_OR_OUTLIER;MASS_UNKNOWN_OR_OUTLIER
13198,vmm-967ae16f6b653fd995001a2ce526573314fe8767253755502344a3e4b05b58d3,MASS_UNKNOWN_OR_OUTLIER
13199,vmm-602d06eb50df48e5ee8ec7fa49d4bad08564995682427ae36445745dcb75be33,FUEL_UNKNOWN;DISPLACEMENT_UNKNOWN_OR_OUTLIER;MASS_UNKNOWN_OR_OUTLIER
13200,vmm-07a846f96653c9d92db5f5a085020a5f7c71fc0a261075017a377979348cbd85,FUEL_UNKNOWN;DISPLACEMENT_UNKNOWN_OR_OUTLIER;MASS_UNKNOWN_OR_OUTLIER
13201,vmm-6250e7d83ad2a643b6e68151b67025454a9cce396143bc8b57eae28e772009e6,ROUNDED_FOR_INTEGER_STORAGE
13202,vmm-22dd27034eb2551269f41fa7504851385e0553794fb14550e9120dc3e77d40e6,ROUNDED_FOR_INTEGER_STORAGE
13234,vmm-6c8aec347f3cb87637f47c0ee36f584b342defe830a347556c7669a8a4fc0a9a,MASS_UNKNOWN_OR_OUTLIER
13236,vmm-af0e61e2718513000a2e2029cd688e45d0f07c52477ca772040abd9e409c2195,MASS_UNKNOWN_OR_OUTLIER
13266,vmm-42f52d8f10e097358795f4593dfe7e5766ac37c542f4077457a1aa6252438ea1,MASS_UNKNOWN_OR_OUTLIER
13267,vmm-3d54521290e1c0ac3e9e566dba2721dc1c0c0bfcc3fb37bf59997c50a6a9137b,ROUNDED_FOR_INTEGER_STORAGE
13268,vmm-e05135f2ebe0961f30269930b8c6218108f1ff000a971346e92394e762830a0d,MASS_UNKNOWN_OR_OUTLIER
13269,vmm-df43b54bd023211349b0f058eaa9de6e62a2251094a32f6324d6a0a3b0d6acb2,HYBRID_COMBUSTION_FUEL_UNSPECIFIED;MASS_UNKNOWN_OR_OUTLIER
13270,vmm-37002775c4fa355c551507368d8198b9e07a728615f0418c4f0d79692656a611,HYBRID_COMBUSTION_FUEL_UNSPECIFIED;MASS_UNKNOWN_OR_OUTLIER
13271,vmm-e71c69aacf3ca6098b552b966f5d6fac284b8a36be3c04b1432f0e5e0bf7ca7a,MASS_UNKNOWN_OR_OUTLIER
13272,vmm-758489ab546bcdc1a629d05384dd2d19e3947e324de7d13de2e283605dd72af7,LEGACY_QUOTE_REQUIRED
13273,vmm-2ffaacba5ccd3808fedddaab5bdd2a5be7f2838ba9c80354546585522254f3fd,DISPLACEMENT_UNKNOWN_OR_OUTLIER;MASS_UNKNOWN_OR_OUTLIER;LEGACY_QUOTE_REQUIRED;ROUNDED_FOR_INTEGER_STORAGE
13274,vmm-6a1d9dd3ae28518efeea9e12dee5f7e9ed3425b9a5cfa5003056e6694c64fec0,DISPLACEMENT_UNKNOWN_OR_OUTLIER;MASS_UNKNOWN_OR_OUTLIER;TRANSMISSION_UNKNOWN
13275,vmm-fd56707c6f095c70b6bca588c9cb21d7beb97badb4073966506a343197a819aa,DISPLACEMENT_UNKNOWN_OR_OUTLIER;MASS_UNKNOWN_OR_OUTLIER;TRANSMISSION_UNKNOWN
13276,vmm-8c37a2fa5594156e8010cb7ed8ef89e6651c26401fa2d48b258d091a9045a11a,DISPLACEMENT_UNKNOWN_OR_OUTLIER;MASS_UNKNOWN_OR_OUTLIER
13277,vmm-4b762608dfb39120a03a7904a5dd046c4f0806767067c556477d16d8d8a1674a,HYBRID_COMBUSTION_FUEL_UNSPECIFIED;HYBRID_FUEL_UNCERTAIN;DISPLACEMENT_UNKNOWN_OR_OUTLIER;MASS_UNKNOWN_OR_OUTLIER
13278,vmm-7757e2952f7fca774b51aa08e5f66f1f0a9941797ee20a7841eca5973e687c6a,HYBRID_FUEL_UNCERTAIN;DISPLACEMENT_UNKNOWN_OR_OUTLIER;MASS_UNKNOWN_OR_OUTLIER
13279,vmm-4ec675dad6f3fd341eb055f4b24ea6d757ff0bb13790aac8e9d4549fa06a9186,MASS_UNKNOWN_OR_OUTLIER
13280,vmm-abddf114a99295b87e756958baf9a66045d9568e0b8e0b92d88515c68b835869,MASS_UNKNOWN_OR_OUTLIER
13300,vmm-4f34bb61efdb01d71a477f682d679f71ad02dd14a5b99ad8b0b12460c44e0712,HYBRID_COMBUSTION_FUEL_UNSPECIFIED;HYBRID_FUEL_UNCERTAIN;DISPLACEMENT_UNKNOWN_OR_OUTLIER;MASS_UNKNOWN_OR_OUTLIER
13304,vmm-04e594615a927317bc443d1b39ed68e53419f8ee1f95c46fc9b5796e455f47db,DISPLACEMENT_UNKNOWN_OR_OUTLIER
13322,vmm-bf587fef2eb8155461228052b3e7a033f996d3921ec3514cef6813b50444738f,HYBRID_COMBUSTION_FUEL_UNSPECIFIED;MASS_UNKNOWN_OR_OUTLIER;TRANSMISSION_UNKNOWN
13323,vmm-c07dab463137b3844e6184702a8c2d767470c81ebff15d518c89514adb2efb8c,SOURCE_EV_CYLINDERS_DISCARDED;MASS_UNKNOWN_OR_OUTLIER
13332,vmm-32e7fd3653c114f92cfff971e5b4d969fa9b8cf9625f677b7b3cc8e6e783c0ca,MASS_UNKNOWN_OR_OUTLIER
13333,vmm-b17e1e1f1d7155707e5b2d1718d19babf01ec3a0f2208c7565fedde556d21208,MASS_UNKNOWN_OR_OUTLIER
13334,vmm-9034862baa13d18ed05b6cb4f6416b13c7269314b478376f64dac2b82b6af316,MASS_UNKNOWN_OR_OUTLIER
13343,vmm-92811d10a4f38ec9f77eefa50a173837562ffbd0a6265916c3baed205272b773,MASS_UNKNOWN_OR_OUTLIER
13383,vmm-6c4cc061749123e18413fb5048f5c51d87b4e2da9533c7b289fe06052ea2f625,MASS_UNKNOWN_OR_OUTLIER
13395,vmm-9c204ad25dc5c1324cf51590baec8e2ac11945c6c0acc61eeb0d1d4dca772358,TRANSMISSION_UNKNOWN
13423,vmm-c618885261b0c739077fd122d96b3e1e2709e703665f70155c1da20dd3ba3a25,HYBRID_COMBUSTION_FUEL_UNSPECIFIED
13451,vmm-f353035502ab1daedcb0c06a815f0033a674b6b0a796fb40da23cfc6d8691cf3,DISPLACEMENT_UNKNOWN_OR_OUTLIER;MASS_UNKNOWN_OR_OUTLIER
13452,vmm-b437fde58d801908e0bcdd3b9b181a820b58f7710c4c74464239f5e15ce9a100,DISPLACEMENT_UNKNOWN_OR_OUTLIER;MASS_UNKNOWN_OR_OUTLIER
13453,vmm-94083ec8b7f8a773018b58faa7cfb19f3aa41b21882937082809f70c8206de21,DISPLACEMENT_UNKNOWN_OR_OUTLIER;MASS_UNKNOWN_OR_OUTLIER;ROUNDED_FOR_INTEGER_STORAGE
13454,vmm-2c1ae958a24c09dc671d834de12f683c3115aec4bb6d50c6ccc20c3ab89fbc5b,DISPLACEMENT_UNKNOWN_OR_OUTLIER;MASS_UNKNOWN_OR_OUTLIER
13455,vmm-9f673a1fbb06bd668242b1c89ff8a88a3cf6c5c19e256f7d1be37ba48a040867,DISPLACEMENT_UNKNOWN_OR_OUTLIER;MASS_UNKNOWN_OR_OUTLIER;ROUNDED_FOR_INTEGER_STORAGE
13456,vmm-c8547b787de7c3bd084cea17b9ae43c007419841d7072b63b96e34e147f2b99c,DISPLACEMENT_UNKNOWN_OR_OUTLIER;MASS_UNKNOWN_OR_OUTLIER;TRANSMISSION_LABEL_CONFLICT
13457,vmm-461cb6256c473a4997add39e81fe03774611690c1d41041822c0efbe69af3595,DISPLACEMENT_UNKNOWN_OR_OUTLIER;MASS_UNKNOWN_OR_OUTLIER
13468,vmm-a69ee8255a265e9b9b290c72372d679c5296b71f3fe9af8af21f194d3e7401a3,TRANSMISSION_LABEL_CONFLICT
13482,vmm-5f1928a2f6af2276c441ab44adec6f56b43953c3b58361c6375b37eccff25d3a,MASS_UNKNOWN_OR_OUTLIER;POWER_UNKNOWN_OR_OUTLIER
13483,vmm-f5d4714097e961dd6462e0f2d09bd653475db4bafffa7aae720cf301d739aa1a,MASS_UNKNOWN_OR_OUTLIER;POWER_UNKNOWN_OR_OUTLIER
13484,vmm-d8d65a19c89dacca18c954751cfc9010b36ead21c58d72614fa2e8d0de90e489,MASS_UNKNOWN_OR_OUTLIER;POWER_UNKNOWN_OR_OUTLIER
13485,vmm-4c9a92572d3c0f5b1c950d68e05eb07a38c4ef30bf179f4d3ba1620793cba66f,MASS_UNKNOWN_OR_OUTLIER;POWER_UNKNOWN_OR_OUTLIER
13486,vmm-476b91fbcb8e1dd5677d70d27082b65ad5cd1d478448576b5f067f6dccb4a306,MASS_UNKNOWN_OR_OUTLIER
13487,vmm-451d722d7232fa70c3624a38de2d60c1b9d8f735c97b010ea2da93c56049b801,MASS_UNKNOWN_OR_OUTLIER
13488,vmm-5f1428e3b18cebc84332ed9628e64f8c6f5620618562165a4ccc8cbf66c47c3d,MASS_UNKNOWN_OR_OUTLIER
13489,vmm-0a0e1340a372315ad413e750db3e85343bc7ab724f6ce579a3c2741369d823b0,MASS_UNKNOWN_OR_OUTLIER
13490,vmm-3935d8eebbde0e6ad278162ae931a9f9755aeca304042c6d810188bb183b93d4,MASS_UNKNOWN_OR_OUTLIER
13491,vmm-0531790087606c2c82fce5b24a39ed151121a6f54b98906e935e92d1ecfb08bc,MASS_UNKNOWN_OR_OUTLIER
13492,vmm-eb6df6de69a619a7d38b77078709c5a9481a2aa00fd3c82998dcb3adfdf72c93,MASS_UNKNOWN_OR_OUTLIER
13495,vmm-365ae6eb41b8cc50d946efee9e9dfee2dfd047442404ca6a81d5f0d0602eea4a,MASS_UNKNOWN_OR_OUTLIER
13496,vmm-f299a800ff63f9ad235389c5ae87425ba850c08b41d32ab7e4b44292d55d8d95,MASS_UNKNOWN_OR_OUTLIER
13497,vmm-e3dc5cc29f8306b00bc13d4c529dc8b3626dab8aa1f401ec8e0838a1a472c1c9,MASS_UNKNOWN_OR_OUTLIER
13498,vmm-23a049d11dc2790fe21c56957c8e58f0162c3e1185a56497753fac8612feb96d,MASS_UNKNOWN_OR_OUTLIER
13499,vmm-7d95f31da2c08d0a4b52450f2bde8a435bd11cbb76638cd0cad5351e1b11bbbc,MASS_UNKNOWN_OR_OUTLIER
13500,vmm-435833172648ed20408ebc626f3e529b24d833a329c594d824617f48d18a7ba6,MASS_UNKNOWN_OR_OUTLIER
13502,vmm-bfa6e7cf99b1feea51ee5c68f7ce9967a27904cf8629faac6fc1ec60323ca6d5,MASS_UNKNOWN_OR_OUTLIER
13503,vmm-c5481bd8b2514f09a7727c2fa93f7c8eea061e6b3cf15f490e45f5c2e15d3da6,MASS_UNKNOWN_OR_OUTLIER
13507,vmm-a11d673463ea3f1eb4ac8e70c3ed2324fc7598839b53a254caeea3bca70e1f9d,MASS_UNKNOWN_OR_OUTLIER;TRANSMISSION_LABEL_CONFLICT
13508,vmm-f25ab3487da319abf5fac6ddcf13569889bc0960ea6dfa173fb76bbaad395816,MASS_UNKNOWN_OR_OUTLIER
13509,vmm-0fc1f5c964cd319e13cc87520be92b564e2d65b5f9c3c9bd353f8ec108fef177,MASS_UNKNOWN_OR_OUTLIER
13511,vmm-665f313955b9b2caa29a8de56c8d70cb6c78472a6293046dd4e089ca3422be5d,ROUNDED_FOR_INTEGER_STORAGE
13522,vmm-7961bf25c7dfaaf15abb914951667c2a240e8b046ec5139f94c8924a02940623,ROUNDED_FOR_INTEGER_STORAGE
13523,vmm-290785a00e82d4059f30e8db077acc9b20b82e5bee71acc5420529a716531051,ROUNDED_FOR_INTEGER_STORAGE
13524,vmm-914eb8d92e763213040c95eca8ad3321d9a8ae8541f3f1806b803bbae6f91005,ROUNDED_FOR_INTEGER_STORAGE
13525,vmm-9a339eef43ae70faf15b912837186f959d904eca35afcd950003590e9d7e0994,ROUNDED_FOR_INTEGER_STORAGE
13528,vmm-b23254638e2246a2e72def4e66d7c68ce1bc97b26a89b7c16de85920913f6927,ROUNDED_FOR_INTEGER_STORAGE
13529,vmm-558f303fc2bd1c0ecdc7f3db0bb319ef47a2146617c46d3f262fc8297daab53e,ROUNDED_FOR_INTEGER_STORAGE
13542,vmm-7e11c645d94e6a465c01eb2faec9c917b1a3fc8a43511ace25cf6ef8e6e07d1a,TRANSMISSION_LABEL_CONFLICT
13545,vmm-1b2f74c96e9a2930de36b76a67393cb4f35420e8131caa37f6ec3bec937736b8,MASS_UNKNOWN_OR_OUTLIER;ROUNDED_FOR_INTEGER_STORAGE
13546,vmm-300093785151d1a40a21fd1b90139ce222749befd1ea432be6efd09abafd8ecd,MASS_UNKNOWN_OR_OUTLIER
13547,vmm-772392bb33dd219aee970e08a68916a95da80f2765297de98f587778657ee280,ROUNDED_FOR_INTEGER_STORAGE
13549,vmm-c42ce2fe5135e0c17f111346e7f3887ea70b1cace59c5c14370de1c41b78c5bc,DISPLACEMENT_UNKNOWN_OR_OUTLIER
13552,vmm-3a5d8c67f7726b392a115263db362b26615092794e0a51d2df44af6db77871df,DISPLACEMENT_UNKNOWN_OR_OUTLIER;MASS_UNKNOWN_OR_OUTLIER
13553,vmm-6753a342f5bf853d632801a1cc6e81d734309f09622cbd411684cb7b4b7caa9a,MASS_UNKNOWN_OR_OUTLIER
13558,vmm-7c13bda58b3258614f20559c3ca2cceaceaf433026ab469d5852e242eacae248,MASS_UNKNOWN_OR_OUTLIER
13559,vmm-7e5339dafa4226ace66d416c7e62410a033b578b338019f7b0ea7cd4853ff5db,MASS_UNKNOWN_OR_OUTLIER
13561,vmm-938f21308595d52ec1059a8fcc8135dd4695c1562bc5b5c3cf03554ef1764d21,MASS_UNKNOWN_OR_OUTLIER
13563,vmm-7a108f7e72bf61b4b4cc721e837a45ce09bc8e04803694b359d662c2ad9a394a,MASS_UNKNOWN_OR_OUTLIER
13566,vmm-86d6d4c49f9f134c8a38270ff73d223525c6e350e2a5c53724afa99620fc073e,HYBRID_COMBUSTION_FUEL_UNSPECIFIED
13576,vmm-314a9903245da6ecfe5f3de3820ec7bafec1fc507f9e789a51cd483678725031,MASS_UNKNOWN_OR_OUTLIER
13608,vmm-e78b1a821cef8fd4f8b52a5e604a2d051c8cc0187283ef1e4713db1a5ae000d9,MASS_UNKNOWN_OR_OUTLIER
13625,vmm-48231d7eacc717d4b9bfd7d05137dcb962f57df98fd73cf903f93f9d7782850d,MASS_UNKNOWN_OR_OUTLIER
13626,vmm-90a94700f543f31ea0a390942ad04f743577ce79cb106be849cf05774229ba64,MASS_UNKNOWN_OR_OUTLIER
13627,vmm-1e1c76bda6781d6e208ca7ad1de7960284bb907469ab43dcda3d8c10d0e1c926,MASS_UNKNOWN_OR_OUTLIER
13629,vmm-7b7234e0f6e6de8fa7d2d23ab3fa25f76672b7a806857de1cfb99a9e5951f062,MASS_UNKNOWN_OR_OUTLIER
13630,vmm-594c68771e2edfb2f5df443c2658d4b10374aa9fe0d52d663a468ce62ca4e4a2,MASS_UNKNOWN_OR_OUTLIER
13631,vmm-02f696917d6453394f6b794e937bd48f00153edb3bacd01fe436e466f2256c93,MASS_UNKNOWN_OR_OUTLIER
13636,vmm-0000215af5c37cb6151df8c6a475c258cd9ca1155e3b4f99c323fcdd542722ae,MASS_UNKNOWN_OR_OUTLIER
13637,vmm-d19701480745cf29a48c6ba1694c50dfe99bda5c8a3ecda843210992e9b20933,MASS_UNKNOWN_OR_OUTLIER
13638,vmm-43294a357602189e3ec56293e409f8007267c3f219c4bd4550334a12b2c887e2,MASS_UNKNOWN_OR_OUTLIER
13639,vmm-0c0252d4b558f31bef9758e63ca49015ac4c54236638e16c3d3079fd7143205a,MASS_UNKNOWN_OR_OUTLIER
13640,vmm-f425862cce8774fdb436944d7933c57220da559a7e53b6ea2c75498761d13225,MASS_UNKNOWN_OR_OUTLIER
13641,vmm-e4d9417b3a84dcdf5da1db9eb09433d78c216c67a2a4169580cfebf974378ad2,MASS_UNKNOWN_OR_OUTLIER
13642,vmm-b6a2ca37bf57186e5f311598774423cce03489a23a0b6f040e1b19f6afa8d71b,MASS_UNKNOWN_OR_OUTLIER
13644,vmm-73d1782dbb83d28a0194d695b8532c2c52897377948e91de6df7b769d5c5798e,MASS_UNKNOWN_OR_OUTLIER
13645,vmm-3deee170b7e8c56fb6972d495e001885990f27cb2fc3b8bd3e98992b8b6a0d78,MASS_UNKNOWN_OR_OUTLIER
13646,vmm-4e4c0e76295929d252ca535254836f747ede4d83d49d3133bccfca49180dfdeb,MASS_UNKNOWN_OR_OUTLIER
13647,vmm-ef1d55f3b73dda42a3d67f069d3a8750e9960be0ad4f45c7a9d6a17c0a9f2464,MASS_UNKNOWN_OR_OUTLIER
13648,vmm-394d94c240e7f5600ecbc20e1e7d86f6e79ba3136591b10b43b997442f6aeefa,MASS_UNKNOWN_OR_OUTLIER
13671,vmm-bcaae06b69bb89d47c3f02313dcc3101a0bfd100a086d15c8bf2a5b88dfcfea4,MASS_UNKNOWN_OR_OUTLIER
13677,vmm-b705b79455f0bab8427d5dc30b09e15868d18adc57a21f8c946049bf7dd23d47,MASS_UNKNOWN_OR_OUTLIER
13678,vmm-b576426c9011dbf35e6c84879faefb7952919ade094bcfc234f480fd858c06fc,POWER_LABEL_CONFLICT
13680,vmm-e5cdee3a6ca9959e223455df4609df892a3f9ee86a9648a212703f6495c63aa3,MASS_UNKNOWN_OR_OUTLIER
13682,vmm-bb5a3a70548111032a497668b851e6d3d962dbda41c55ebde8312742374a94ce,DISPLACEMENT_LABEL_CONFLICT
13693,vmm-fa3d8bc4bb94d4d89122a3bac8bd687466143bfbd5ee90479f8c69ad2c48f6ee,MASS_UNKNOWN_OR_OUTLIER
13694,vmm-6a6cf6fc113fb84b8e4aae565a7ad6dbb90972c457f4916d9c8df49dbbcb9378,MASS_UNKNOWN_OR_OUTLIER
13695,vmm-31b04f85b3ac92563e0d133c16f2bcdad94e777eabb4e47a45ab12d057454535,MASS_UNKNOWN_OR_OUTLIER
13696,vmm-9df3ddea50367cb705ce66386fddf58c944b7604de5cf20f8e3a971ccb5d0236,HYBRID_COMBUSTION_FUEL_UNSPECIFIED;MASS_UNKNOWN_OR_OUTLIER
13697,vmm-fec9621d1a0f962f63d009af93505660c8c1bacabcbf51bfdb111417169a3ca8,MASS_UNKNOWN_OR_OUTLIER
13698,vmm-0483cb456b083bc5b968194bc7a2c3de9e353e4a2ad0d05a343b318e00caf00c,MASS_UNKNOWN_OR_OUTLIER
13699,vmm-2b1139f179ad6a2e647ee2c700f6a5b9b3ca82af414b9e3a50bd68d2f0660b7c,MASS_UNKNOWN_OR_OUTLIER
13700,vmm-760baeea9734b974f2982704b1f4484c867940a73e5f0d29655bc7a7a9760076,MASS_UNKNOWN_OR_OUTLIER
13701,vmm-1a6154056ac30d56bd9e152abdcad0d53ea187abef076c957e7ceaa660e16aab,MASS_UNKNOWN_OR_OUTLIER
13702,vmm-390ab08eae327d4b23bd945689f58e99ce75619703e3eca9a58e70ae9eb199d8,MASS_UNKNOWN_OR_OUTLIER
13724,vmm-55faa6f1ef48d888e1ab96b2f47fce0d70aef022ffef6eb88ac9843771e3a851,MASS_UNKNOWN_OR_OUTLIER
13741,vmm-05e15d3c97ecf282ed7dbb3ae8a1526b795dabacffeb8aece9582be947f72088,DISPLACEMENT_UNKNOWN_OR_OUTLIER;MASS_UNKNOWN_OR_OUTLIER
13742,vmm-3d4adb0abf26c9f7e180aa5f3afa0e1fcf53d2c6d2002537d05b04f9911f5162,DISPLACEMENT_UNKNOWN_OR_OUTLIER;MASS_UNKNOWN_OR_OUTLIER
13744,vmm-230d12a5d8de6775d108a6b6cc691339da8e2d9e6b52a163164499551d0dea28,MASS_UNKNOWN_OR_OUTLIER
13748,vmm-3d021f66280454197bd564b516aa8fda3c295c9e944ab622078a7dac0c50d570,MASS_UNKNOWN_OR_OUTLIER
13749,vmm-4ecf43316c8970708b9cbc902e7282d992328d3ced8c18ff61fc6bfc5425cb41,MASS_UNKNOWN_OR_OUTLIER
13750,vmm-41556d7645f2e9408e9f019a6135d37a2a65ba615f7eeff180d9bb3d25afd510,MASS_UNKNOWN_OR_OUTLIER
13751,vmm-0c555c30c0a27599bd6242d384384da61d4f443766503b5dcbc1fdf221e4e734,MASS_UNKNOWN_OR_OUTLIER
13752,vmm-e180ab2c40ef02db42607acfc263137f0af75817217d3ecf4882d402b9c0ed52,MASS_UNKNOWN_OR_OUTLIER
13753,vmm-790afa9a3db15a10b49bfaf0ff7d37767e1191bd2a55b941bf1c538de2c49a2b,MASS_UNKNOWN_OR_OUTLIER
13754,vmm-d50515d23ba2bad73bba47434de68313b5702eb604ccad95e7896805627b949f,MASS_UNKNOWN_OR_OUTLIER
13755,vmm-4d7f2b142052b914f9b6f21d9906b4c00f344e753aa68af2b8fa75e7be23a0ba,MASS_UNKNOWN_OR_OUTLIER
13756,vmm-60f6d59e0c28e0c4b4d59a61c5fc71ba5ae35ac86f7c03c3c648f9eba968e0f9,MASS_UNKNOWN_OR_OUTLIER
13757,vmm-ef98396c2776ddfa7021540d748cc0fa6882c39bbddb432d1e857575996bdb65,MASS_UNKNOWN_OR_OUTLIER
13762,vmm-c8409846e5d6fae389576f0816a7a2f69886d8b3051aa7a772d98d4a071275ab,HYBRID_COMBUSTION_FUEL_UNSPECIFIED;HYBRID_FUEL_UNCERTAIN;CYLINDERS_UNKNOWN_OR_INVALID;DISPLACEMENT_UNKNOWN_OR_OUTLIER;MASS_UNKNOWN_OR_OUTLIER
13763,vmm-50985f01975437e544fe768b350ed15b6bd2f08d24bcd921466c92951f9c2a96,HYBRID_COMBUSTION_FUEL_UNSPECIFIED
13767,vmm-b3c8cfda4183884dabd7478023f6e0f999fa11bbdf5d0c725297662c7209b09d,MASS_UNKNOWN_OR_OUTLIER
13783,vmm-4c815b8825fce27d26e8ce8e88dd914785125995ce3b74cb0e7804836230f549,MASS_UNKNOWN_OR_OUTLIER
13790,vmm-ceb7f67393b45dbd24bca3f64de6a9051c39b4cab99a95c6b49b02c82623a706,MASS_UNKNOWN_OR_OUTLIER
13796,vmm-d82ebed9a4a337b1ddd00e8a74222d155deb79b6f3be7a11a7aeb9696a2ee285,DISPLACEMENT_UNKNOWN_OR_OUTLIER;MASS_UNKNOWN_OR_OUTLIER;TRANSMISSION_UNKNOWN
13799,vmm-c2264dbea135a115cd9e24e817ffd95f140d0e0466cbad1fef051a19bf395a4f,TRANSMISSION_UNKNOWN
13819,vmm-7b88b00dc770020d027e3239ddf89fdd3896da5f8ee8baa2fff27a1470c0e9db,MASS_UNKNOWN_OR_OUTLIER
13820,vmm-54cf119d5f6ecd095686a1ceef43d491a39595aafcb8a56dca6dc0a48497f885,MASS_UNKNOWN_OR_OUTLIER
13822,vmm-1ad788ce1945b590e4a8c5f6c8c67fe64e64933be8f75f904c1d70290efc7d9c,MASS_UNKNOWN_OR_OUTLIER
13823,vmm-3b655fbf99af6f14656135c6f2efa19ff8f3907f4cc78a4c373b8e2fa4fd2365,MASS_UNKNOWN_OR_OUTLIER
13825,vmm-b6d79d8e3bf2636f015ac298de2a284e6d0e4e0a5a3fe71a44bd13702ffa35b6,MASS_UNKNOWN_OR_OUTLIER
13826,vmm-ade2161f281d6dbdb5041b7cc3dc500b21338193464eec4b299f36ca90145cb2,MASS_UNKNOWN_OR_OUTLIER
13827,vmm-3ce8dafba549689b071b17d43248a59abd82f775859dca0475981634552c286a,MASS_UNKNOWN_OR_OUTLIER
13833,vmm-2502b6d8f960b3ff872b5e959dc535d5072a247e0f775ff2144f4482759331fa,ROUNDED_FOR_INTEGER_STORAGE
13834,vmm-1358bb91d425144fd7508968c52c2378e50ba2a9b7b01fcd063b202988683bc5,ROUNDED_FOR_INTEGER_STORAGE
13891,vmm-04e364c9b61e5a39783e5116016e5eb8019576d5e985d74153be4aa40cc98434,MASS_UNKNOWN_OR_OUTLIER
13892,vmm-76aedd918215323d28ddd2e79ad0a2deb047bacf7b787c3bcfd581259435da00,MASS_UNKNOWN_OR_OUTLIER
13893,vmm-e98b573cc4e1d6674c1d89c0b4764389035f3b8830cbe64b477418ff2aa9591e,MASS_UNKNOWN_OR_OUTLIER
13894,vmm-6aab5f28a332cee6bdd201d180031f32d2b7cad7cb3b1b51776121d01e57b894,MASS_UNKNOWN_OR_OUTLIER
13895,vmm-b37323b1d7e400a0eacf9c5aab0de6329f59d5651cee1175c476aa77672df691,MASS_UNKNOWN_OR_OUTLIER
13898,vmm-11ddf519d16776e7a1c181209bd9bc42333b01332de365a3641733c724b38e28,MASS_UNKNOWN_OR_OUTLIER
13906,vmm-7f6bb6616babb9fe883255537a021af38dd970c5063a8819bab0f423459aebc0,POWER_LABEL_CONFLICT
13907,vmm-4fab86836f6e8987f993c907a49ea4d19779a00c87c7247c2be5dfbc1e8b39cb,CYLINDERS_UNKNOWN_OR_INVALID;DISPLACEMENT_UNKNOWN_OR_OUTLIER;MASS_UNKNOWN_OR_OUTLIER
13908,vmm-990c9f7a0825132f9781696cbe5544fc6197521959b0fca1ae4e37fde9d1df8e,CYLINDERS_UNKNOWN_OR_INVALID;DISPLACEMENT_UNKNOWN_OR_OUTLIER;MASS_UNKNOWN_OR_OUTLIER
13909,vmm-948a1bb70ea2a60b5bb16045f6579e5ce88fb2cf797ebbac64a5435a9a56f140,MASS_UNKNOWN_OR_OUTLIER
13910,vmm-f8fac05252583f1422327a8091125b6e9386ffeeaa625b4f3eb04dbb8a29f3f9,MASS_UNKNOWN_OR_OUTLIER
13911,vmm-89d58c20f363f414d9762fa182c76ee5ae0e8aff214d82fd6ca9fca2013a3ef0,MASS_UNKNOWN_OR_OUTLIER
13912,vmm-29c4846cd436ed2c57ab941276193980d020f9f7dd0e808c22ce5ddf4389daa9,MASS_UNKNOWN_OR_OUTLIER
13913,vmm-de8fc936f91fd6b11a3fdd85e90a4fce70e33c5632ff3239e480797249ec1513,DISPLACEMENT_UNKNOWN_OR_OUTLIER;MASS_UNKNOWN_OR_OUTLIER
13914,vmm-ce399e4b66fbf6fe4b46358ca7029bbc2c1cf2cfccbd80ca2e83523f6e7995f6,DISPLACEMENT_UNKNOWN_OR_OUTLIER;MASS_UNKNOWN_OR_OUTLIER
13915,vmm-51e747d60f50827e64047ce123c2912f2e703143f2f3bc199ae78ea8bbe301dd,MASS_UNKNOWN_OR_OUTLIER
13916,vmm-f1d26177ac0e992e5d3bf5ac4f7f195d1f9100c05c4f16677df22a45d9751522,MASS_UNKNOWN_OR_OUTLIER;ROUNDED_FOR_INTEGER_STORAGE
13917,vmm-c4f185d445df4e9c8ceefa5d777772c2693a019fd63b9932027afa30277a05fd,DISPLACEMENT_UNKNOWN_OR_OUTLIER;MASS_UNKNOWN_OR_OUTLIER
13918,vmm-417614dcb3cc5c069b44268d11eea43c8230ca32d455edf2c349c45c0f9ae839,MASS_UNKNOWN_OR_OUTLIER
13919,vmm-2816d9f20cd1745e65e5625d17d6aa984b40b7fa43ff47ab65160c0baf2b374e,MASS_UNKNOWN_OR_OUTLIER
13935,vmm-2a32ba5e669b926ff684f23a81dc61dcfe6b07ee7064ff6f15b2bb2d6f202d58,DISPLACEMENT_UNKNOWN_OR_OUTLIER;MASS_UNKNOWN_OR_OUTLIER;TRANSMISSION_UNKNOWN
13936,vmm-980dfc4d71edfa8325dbaf4262da032553407fcd2c9a9b4e59420b09274db821,DISPLACEMENT_UNKNOWN_OR_OUTLIER;MASS_UNKNOWN_OR_OUTLIER;TRANSMISSION_UNKNOWN
13937,vmm-dc058b76995eff3f4938feb0fb830ca977c6af7207da53a71cfc74e0ebc9d21f,DISPLACEMENT_UNKNOWN_OR_OUTLIER;MASS_UNKNOWN_OR_OUTLIER
13947,vmm-4dffd17c26d0d065b472069353cfd6827464df390487871785cdf419fa48c39b,EXOTIC_QUOTE_REQUIRED
13948,vmm-fef7604db6c55e18442bf44d5bba2c654e63202a88fbc9dc8f47263fbd9d1a52,EXOTIC_QUOTE_REQUIRED
13949,vmm-40e5c4a75e41b94f7496bf4c75967b6d548d812f6fb1e62f2eabc77de97935c9,EXOTIC_QUOTE_REQUIRED
13950,vmm-7b776fb3991d7ee78ee1e8a4969729123b4b9b227c6ad78986999c34aad9c9d8,EXOTIC_QUOTE_REQUIRED
13951,vmm-e5ea4773c42ce90bf3ad66570cbe0a81384010cb79efe15f1be097a59f47784c,EXOTIC_QUOTE_REQUIRED
13952,vmm-d0af53b56ad0f3e71ef6d494638f56f9ac9ecb943d3470eda7c35014823113ec,EXOTIC_QUOTE_REQUIRED
13953,vmm-104f6fd7332786d4f34fa88473583a71b34911955e55eca952bee04facaef1eb,EXOTIC_QUOTE_REQUIRED
13954,vmm-7ea433d1b113e28c228fd08bcee5c44b0525245aedebdaa33a6e2cf3947ec99b,EXOTIC_QUOTE_REQUIRED
13955,vmm-e449b3bf31e66dff0efaab754e0b017ec8bcc56bc501154d7f6c1f55e80ba5b4,EXOTIC_QUOTE_REQUIRED
13956,vmm-5c4d49bb3accb502a1c8dfb7904c9adcb9cafafef75ed3cbcd1e1262d3a7daf4,DISPLACEMENT_UNKNOWN_OR_OUTLIER;TRANSMISSION_UNKNOWN;EXOTIC_QUOTE_REQUIRED
13957,vmm-d946b174f7d6e2b0222645a69ea9e1fe38af420d85ab1e0866d9ad3eb80a24fd,DISPLACEMENT_UNKNOWN_OR_OUTLIER;EXOTIC_QUOTE_REQUIRED
13958,vmm-900e57bc9c2cb68df8d778ac685902d8a817c70a3e99201bac430ba7ee941687,EXOTIC_QUOTE_REQUIRED
13959,vmm-8165e3078fb2cc1b8e728f6ed44d97f1b31219eaaa7a66152d500a5c27e535a4,HYBRID_COMBUSTION_FUEL_UNSPECIFIED;TRANSMISSION_UNKNOWN;EXOTIC_QUOTE_REQUIRED
13960,vmm-cf79dc494bcd7a00cb778038762cce2c73dc6618c1875af747e28583b9bec2e4,EXOTIC_QUOTE_REQUIRED
13961,vmm-1935f2ea149b6a5a9c89768e9ac9ccab242dc3ab5294461212afd9317a0a0504,POWER_UNKNOWN_OR_OUTLIER;EXOTIC_QUOTE_REQUIRED
13962,vmm-6a89d8e0a697594bfd4234622f058b06a92c7b0432df5d2b82ed9594624c9ac9,EXOTIC_QUOTE_REQUIRED
13963,vmm-1da0d291aa68991081e70f881e706cb22eb825aff6e74c36fd3ec4dc30d8476e,EXOTIC_QUOTE_REQUIRED
13977,vmm-32bfc0187b82b472de457810f2dda2a31b2b51b93d863f66e0bc34e5c71fe8a4,DISPLACEMENT_LABEL_CONFLICT
13980,vmm-bbe52f60fb002ed4b02c0f253bdef0fa13788e9775bb9522a28b7b8d9062d1a8,LEGACY_QUOTE_REQUIRED
13981,vmm-fcd8c2e5bea564c37cf7b861c6053b19ff6a1b9dea2dd27bc21b43cd03b8f364,LEGACY_QUOTE_REQUIRED
13982,vmm-1b947dc3362a9e9f353d08861c163c11b3288131222afdff4e7ccb2cc9b86372,LEGACY_QUOTE_REQUIRED
13983,vmm-5ac755505ac07cdd4af184905654b3a1932894c176b5cabc5754c2073247e404,LEGACY_QUOTE_REQUIRED
13984,vmm-87f82cefe0e7c38199ce4eae9a371ce25cb554f07d0487b0ba7ff7935d1d90b9,LEGACY_QUOTE_REQUIRED
13985,vmm-4a882de1cab8b5eb7b65e1345c7dfe475b31ca06575f0393723dc81508a47e84,LEGACY_QUOTE_REQUIRED
13986,vmm-e8c4fbfa932b396522fd3c7a7b0a0253c86a85949bdd6538653c8bf819034a92,LEGACY_QUOTE_REQUIRED
13996,vmm-f3c6f765ef21b57c8266b2c98ef5816605c65e4ceadb14fd097f2fa8fc3a690a,LEGACY_QUOTE_REQUIRED
13997,vmm-4d501a409c765cc01ef84069ce5ff9fd1c938f781e4ab19b63dfe115f7696f6e,LEGACY_QUOTE_REQUIRED
13998,vmm-cc84d372dfc1a5f702cb15bde3fc4462e9a0a8b754e14f93c72588e17459a8b3,LEGACY_QUOTE_REQUIRED
13999,vmm-1855c1e123fa7971639cc8ca82c3a20fe14bf2f73eeed9eee61f554e662afdf0,EXOTIC_QUOTE_REQUIRED
14000,vmm-0dadde9dd4cd3e1fa9d9940e0e3224205113e63a4bec69fd8bf4969e13875d73,EXOTIC_QUOTE_REQUIRED
14001,vmm-0d68d817f0b02caa7fbe3f6dfbfa7016c0e6ef0d57227c90d959c7d0f8ee0fd7,EXOTIC_QUOTE_REQUIRED
14002,vmm-267890d218052108117f6951015089951344855895cc731770b03f4569529a3a,EXOTIC_QUOTE_REQUIRED
14003,vmm-4ebdcd28e3f9b6e04f6350826eda2e83a5afdfc3f66808bf7010d455ff45979c,EXOTIC_QUOTE_REQUIRED
14004,vmm-24c2e4e0119d0d4a9fa8c19d2c4d86798ab9316f91fc36013b5d8736ee7e0b14,EXOTIC_QUOTE_REQUIRED
14005,vmm-9f109e65f6e95bef233478aa2dffe3e43cbb46a7596ada88fa82bf607581ff69,EXOTIC_QUOTE_REQUIRED
14006,vmm-2227b989b43e7563b88d4baf1d00532617f04ebae99a3d3954f118049235844d,EXOTIC_QUOTE_REQUIRED
14007,vmm-94beab339803d6fe5b7b07b4f04171a2ae61a2770cc202d58135e84ba47e1037,EXOTIC_QUOTE_REQUIRED
14008,vmm-04e3e6fc5454d38bce1ff8eb4ef906f02f9a79e6775624fd5768c09e330018a3,TRANSMISSION_UNKNOWN;EXOTIC_QUOTE_REQUIRED
14009,vmm-dcf71f37f765557681d2fc494caba56defc78cb186abd6f7328a831812b26e88,EXOTIC_QUOTE_REQUIRED
14010,vmm-10dbd56f22b9f818db2167da6cce6fd3de9371e98d046349afd72fea01c225fc,MASS_UNKNOWN_OR_OUTLIER;EXOTIC_QUOTE_REQUIRED
14011,vmm-1d90758d208a3c60e5eefa8c1be7a49585ec1070b00637d5eb848213543387b8,LEGACY_QUOTE_REQUIRED;EXOTIC_QUOTE_REQUIRED
14012,vmm-d1804c0ec91997f173e7d6470d6cbaf12cde63aec8f7740ef40d1647c54c6530,LEGACY_QUOTE_REQUIRED;EXOTIC_QUOTE_REQUIRED
14013,vmm-63a10fdcbb406f936d1347a2a27fbc616e5d8889fcf17b33925718c303d8d13f,LEGACY_QUOTE_REQUIRED;EXOTIC_QUOTE_REQUIRED
14014,vmm-11fc4d2b7e7468eb6a2af05b05a96690a827da9807eb1270775a9fe2f9193cdf,EXOTIC_QUOTE_REQUIRED
14015,vmm-e2d1f34fb2be283a1909cd5b521f02fdd18469d40953da4af19bbb6c15836f75,EXOTIC_QUOTE_REQUIRED
14016,vmm-378492cd941eba72d86412ea5fd90a98f6176099d7fb56aa24fbf4c3e9d32a85,EXOTIC_QUOTE_REQUIRED
14017,vmm-9ffd090b7edf69ca4211650793d1adb275f346ccd480cf3d5c336c8fecf1f1c7,EXOTIC_QUOTE_REQUIRED
14018,vmm-b5d710b1189a5ffeda97b6401bba55f2f8302986bfdb67b28aa30d4d1710c4ee,EXOTIC_QUOTE_REQUIRED
14019,vmm-46a593f41e56d4fa08198cab868d4511c16b5478b1bfd43fa9ca65571fca369c,EXOTIC_QUOTE_REQUIRED
14020,vmm-55c14c68c908d6c79587cdf9b1dc7b00cef23d94f64a451694e0d93b3cbef130,EXOTIC_QUOTE_REQUIRED
14021,vmm-0f85aa031d6530984eab84cd0ab78166f7f2883920ab4be913060aca60b34666,LEGACY_QUOTE_REQUIRED;EXOTIC_QUOTE_REQUIRED
14022,vmm-7f6c252f8d62fb0cf12fc5269d0c29a9281cf27101f4c5997afeebd4c6012ac0,LEGACY_QUOTE_REQUIRED;EXOTIC_QUOTE_REQUIRED
14023,vmm-96dec226103eac061de183eae2dd9fe694109b4fbeb403da86aced378f6b6393,HYBRID_COMBUSTION_FUEL_UNSPECIFIED;EXOTIC_QUOTE_REQUIRED
14024,vmm-f03ac2a9cac91fcd57c3bbc2e308f92afc33e1387f5eb04810ce11a69026faf9,FUEL_UNKNOWN;MASS_UNKNOWN_OR_OUTLIER;EXOTIC_QUOTE_REQUIRED
14025,vmm-9c530bd6b90014e6245d56665838bdafa41af7b44be6a3f78d01b2c07e8a0230,EXOTIC_QUOTE_REQUIRED
14026,vmm-36af6c84ee4793e0a8a642b14f0dc1e631b889676c337f350a8ed755d15e9939,EXOTIC_QUOTE_REQUIRED
14027,vmm-45663a707a1fb7ba1f35dd8256116698c18828d7705e8012a8e24fdd9474141b,EXOTIC_QUOTE_REQUIRED
14028,vmm-3e63c56f6a5c7b73184e91f99b76fb5715f1debf5d96dcd4ef5aa2ae5023c71e,EXOTIC_QUOTE_REQUIRED
14029,vmm-33c89f85fff4bf92202e4588a634b16a342222964aa4e05e128a7765dab90139,TRANSMISSION_LABEL_CONFLICT;EXOTIC_QUOTE_REQUIRED
14030,vmm-9720fcd0a5fad6737db1a2926a07bb5c58cede2d9a5f7f42a70dcd0640a8eb45,EXOTIC_QUOTE_REQUIRED
14031,vmm-4382d0567a87ee298b3be5c687a5594f439fec8292b1c5470b3819cc33bfdb34,EXOTIC_QUOTE_REQUIRED
14032,vmm-e682b615022aa4967fd19c68204019c140e171bfb15561cf82f9092c46fc66e0,EXOTIC_QUOTE_REQUIRED
14033,vmm-2508a5976653aa4e8144c2f1ee605c7ec345f5e9f5a380a306616a2bd43f09b5,EXOTIC_QUOTE_REQUIRED
14034,vmm-fded6b5e8424f81b609ba1f99112b6407b07b698d0d5d142f7907ec82ab6e413,EXOTIC_QUOTE_REQUIRED
14035,vmm-79a20741462d5783e3d2da88302d83f110fc2fd8d89fde089624f7350e5772dc,EXOTIC_QUOTE_REQUIRED
14036,vmm-7d20b3984ba414470fb95fb4a1c34c257c8c27c733ee30ddee218c17e87c4f28,EXOTIC_QUOTE_REQUIRED
14037,vmm-18d404c5e6a1dcf0f11a9260ca6d73e9f33c861fd00e225c69405411bbc47228,EXOTIC_QUOTE_REQUIRED
14038,vmm-2a20e2fe9fe77ada7f466263108539b21b45e051b5bf003e1eb27662012fafbc,EXOTIC_QUOTE_REQUIRED
14039,vmm-6e094a2e8481d78e561ceeb09c5f40a85846fe25c4a99a20a2cdbcebfcdb164b,EXOTIC_QUOTE_REQUIRED
14040,vmm-9c6683ab336d87657425ce5c025cab3b8702445fe11cbbce068762d387fab837,EXOTIC_QUOTE_REQUIRED
14041,vmm-ff95197ead1aa4c5074381add33d2bd42ca7564a4ee9fd5703c1e797b3dbe288,EXOTIC_QUOTE_REQUIRED
14042,vmm-59b2c7a2878623cca1151b145671feb87732a00acbbf778ee814cf85129ff133,EXOTIC_QUOTE_REQUIRED
14043,vmm-c5b40a461023de6fe98186007b2c4d81785b9225f65de3b7789bbab8ac891ed4,EXOTIC_QUOTE_REQUIRED
14044,vmm-f12cb3e3bb35de317e08d0816c6293e999f200d1160adfb3e0bcab8de51460b6,EXOTIC_QUOTE_REQUIRED
14045,vmm-28310c8ba1dc01fbfcb35f96d3ce366494a90f774297be40d781a25f5cb18a16,EXOTIC_QUOTE_REQUIRED
14046,vmm-6962a1b885f9d6af49beaaae0fb3b12c4357bcd73fb41b17ab9ecbd4892b21b5,EXOTIC_QUOTE_REQUIRED
14047,vmm-68950c682c6fe175a270aa2dd45dee978de5d357547a333259b5efe708280217,EXOTIC_QUOTE_REQUIRED
14048,vmm-d4754881b06d867aba6c2546aa31b19ad3f5a34662aea6f7c0aed770b02a213a,EXOTIC_QUOTE_REQUIRED
14049,vmm-8e1ebff89209f44b71b8121de996bc5e00cb5348825cfca012cdf050de2d01ce,EXOTIC_QUOTE_REQUIRED
14050,vmm-a11787f8ac5d0bc1a02a69f1a195f47eec83ccee992ab580c4272db94523751f,EXOTIC_QUOTE_REQUIRED
14051,vmm-66396654776af513185ca4a84eb71597e5a051b7ac01ef1c493b0ed94f0d850c,EXOTIC_QUOTE_REQUIRED
14052,vmm-1e4004721592542bae37ca5405076a8e0fedf63bf76cb3820f5219e12d5c7593,EXOTIC_QUOTE_REQUIRED
14053,vmm-01e0415505392a44d1d76c517cbbc220a2bf31530e91984cc618be2a480a6fd9,LEGACY_QUOTE_REQUIRED;EXOTIC_QUOTE_REQUIRED
14054,vmm-fd10f67bb23750e469a7e7002433169a13db35a8266ae3d2467c796904a3f867,LEGACY_QUOTE_REQUIRED;EXOTIC_QUOTE_REQUIRED
14055,vmm-e9bb8b908a9c5f9522df99623b4182cdf2155b28e85c32ec4d99fa72715354d5,DISPLACEMENT_LABEL_CONFLICT;LEGACY_QUOTE_REQUIRED;EXOTIC_QUOTE_REQUIRED
14056,vmm-cb7d023a5d7c8fcfbf39dba44bad17c4b0cec74b3d535e4d5852fe0396bbda02,LEGACY_QUOTE_REQUIRED;EXOTIC_QUOTE_REQUIRED
14057,vmm-8e9d2e5170ce16ce50b6fc6960009c93240c2502ad88742ec091ffc458b9e6a2,MASS_UNKNOWN_OR_OUTLIER;LEGACY_QUOTE_REQUIRED;EXOTIC_QUOTE_REQUIRED
14058,vmm-e6173b83c51833330650b5006bfcf8bbfe739fd98afa1a99490f30009be4b496,LEGACY_QUOTE_REQUIRED;EXOTIC_QUOTE_REQUIRED
14059,vmm-5c129f4686633f8c1c220859a30e1f7453a35b0edea79b4d8a802b06b7e47681,LEGACY_QUOTE_REQUIRED;EXOTIC_QUOTE_REQUIRED
14060,vmm-cfe0ecfeab10a7f6a87c398b65bf2578fd2009b388b90fe72a2bd303628d30d7,LEGACY_QUOTE_REQUIRED;EXOTIC_QUOTE_REQUIRED
14061,vmm-189cf98324d8a203792e10d2fd84404343edc52b592b3d8f2238556959a9a646,EXOTIC_QUOTE_REQUIRED
14062,vmm-d864f68743cb47dfc6e940cac7cc7f25051b1dc125754a666320a99a3fd4950f,EXOTIC_QUOTE_REQUIRED
14063,vmm-5ed169b6296b164a7596764212af982b68f895873f931e5ae7e4ba880ecc3318,EXOTIC_QUOTE_REQUIRED
14064,vmm-b2f9a9917463ecff92259813f8c3fb1c60f89cc3382555df006c69a25504cb40,EXOTIC_QUOTE_REQUIRED
14065,vmm-047568721ec5cacbe99a29338ef58af0a3b5572df8fef59897367bc289425e20,EXOTIC_QUOTE_REQUIRED
14066,vmm-f28217612bc5ad2bf2c4929782005e35f7861c03af81df69622acb3c73ff5b23,EXOTIC_QUOTE_REQUIRED
14067,vmm-b6f0b60d024cc43ab31be7f36a6771d383b998985fbcbce679aac9566a0b2ba7,HYBRID_COMBUSTION_FUEL_UNSPECIFIED;EXOTIC_QUOTE_REQUIRED
14068,vmm-d45ad4d769c5ba89640c1ada78805f1291b38623148f3e5be6c90ce2c73a5a37,MASS_UNKNOWN_OR_OUTLIER;EXOTIC_QUOTE_REQUIRED
14069,vmm-0187b95d01e13769bbc559bf1e8253a7514aa72d8ace579c2ce9ab487ba42d4e,MASS_UNKNOWN_OR_OUTLIER;EXOTIC_QUOTE_REQUIRED
14070,vmm-a1d23f512b3721e7af6281ce617bc757ebf8b07bf469c100c558fa3d9a29d089,LEGACY_QUOTE_REQUIRED;EXOTIC_QUOTE_REQUIRED
14071,vmm-eccb939c5432518101edf296afc79c2edbd8a254c168fbe0db08c6aaa5695af6,HYBRID_COMBUSTION_FUEL_UNSPECIFIED;INDUCTION_CONFLICT;EXOTIC_QUOTE_REQUIRED
14072,vmm-058f5bcf4e311f86cc5faf4f08d48057a512a73bcc626116d954494da043cc55,LEGACY_QUOTE_REQUIRED;EXOTIC_QUOTE_REQUIRED
14073,vmm-fefecd4dd25cd6a3937e737bbb82423c8068ce8cd39d46bfb008ae8d0edafed7,LEGACY_QUOTE_REQUIRED;EXOTIC_QUOTE_REQUIRED
14074,vmm-cd0f79f05c16fd45c28a8a92663594a005ba0cc1b5b7719f3d8b6b72aa8380d6,LEGACY_QUOTE_REQUIRED;EXOTIC_QUOTE_REQUIRED
14075,vmm-e355d22e9fb4bd770e7a7bfc033d90e2d8c5a07cc771cd677c175b7e18a81edc,HYBRID_COMBUSTION_FUEL_UNSPECIFIED;EXOTIC_QUOTE_REQUIRED
14076,vmm-73905430d8d70b83bcf1cd856791b79f2cdd3f2a735aa20724dfbb652a7df7bf,EXOTIC_QUOTE_REQUIRED
14077,vmm-87abe0940bc0c61e6ab37a7623a951c719d9dd9435a2771039a2beaeb3c93863,EXOTIC_QUOTE_REQUIRED
14078,vmm-c8bd5b86421e971872df3a685d46c2886eb3312f91485fe0466584ab2d8aada5,EXOTIC_QUOTE_REQUIRED
14079,vmm-219167e532ce4595e640bf6bc607a5064794e6383aa292c2ea559931a6b958f2,EXOTIC_QUOTE_REQUIRED
14080,vmm-dbd67642b30b893fee13bd3a7727f99508038061eba9ba2464144487f39c7a58,EXOTIC_QUOTE_REQUIRED
14081,vmm-72668a4a21944cfd01532ca5d0aeebb5a4aa5f6b4848852ba8fc67936ecc859c,LEGACY_QUOTE_REQUIRED
14082,vmm-8070f02084d7ac5cbe220d51b679e52f37031bd0e10a1aa073fec5e7ed66b941,LEGACY_QUOTE_REQUIRED
14083,vmm-4e75803784bbed491462394efb525390c2cd710b6f13c27d86d3db349b5b1f44,LEGACY_QUOTE_REQUIRED
14084,vmm-12a979aaa0c78f63f08f78d3dc37a91f405c9a86d65aeb2a7b5a58746ded79fe,LEGACY_QUOTE_REQUIRED
14085,vmm-f350f53cc834d546bb5035967f91e177d37f4e1a0fbba88320329019f0fa8614,LEGACY_QUOTE_REQUIRED
14086,vmm-b4ad94d9634d64ce6a4589cf55e543e4d34f541e9169da579cd72542890db8a6,LEGACY_QUOTE_REQUIRED
14087,vmm-aac500ef0022840337ae1a9e5ec9fd88b13e3ccdc3196b05f86cb170cef59a0a,LEGACY_QUOTE_REQUIRED
14088,vmm-de782e2b07b8dd524b80767684496330c94e39897a4675e9524f4afe7a9de093,MASS_UNKNOWN_OR_OUTLIER;TRANSMISSION_UNKNOWN;LEGACY_QUOTE_REQUIRED
14089,vmm-b39042aeb5f987bdcd55145163495ba5cb39f4dade533070c7d722db4de331fc,LEGACY_QUOTE_REQUIRED
14090,vmm-aaefdd7c222c7b77b6eaa257f0205a1f620b14c48c380be1d15395a62026c0eb,LEGACY_QUOTE_REQUIRED
14091,vmm-ef538ee46bd763b57ff91113c79828196ab8dfe549cd72b387feec0337fea0bb,LEGACY_QUOTE_REQUIRED
14092,vmm-3b60d2949e293994dc6f2ad7d6e48a93cae0c26b0e768ce4494a3e4dfdfbecd1,LEGACY_QUOTE_REQUIRED
14093,vmm-a38b839bd082a8d24e323b214346be7667ff0ee80e085d50073d3286e2944913,LEGACY_QUOTE_REQUIRED
14094,vmm-76394c4ecc5beb2a6510ed7a8501c3a2851fd306489d045d4aacf7979c497b93,LEGACY_QUOTE_REQUIRED
14095,vmm-d96eff13386d6f67b22b394a6c8dea8063142ad126fcc573153dc6648af760e2,LEGACY_QUOTE_REQUIRED
14096,vmm-15ef45894346acad0ed68ead048bdd7c7450bad596d1bbd837d0a0d4b0fa3a5e,LEGACY_QUOTE_REQUIRED
14097,vmm-07ebb768a045e87bbca0910831bbefea1ccdd9026a9c1c764cc49f978199adfc,LEGACY_QUOTE_REQUIRED
14098,vmm-0136de469245c2bec8ca3614c3ba04a3774228bc08a726eb60f12552057a19a5,LEGACY_QUOTE_REQUIRED;ROUNDED_FOR_INTEGER_STORAGE
14099,vmm-8327a0c4f7a51191ca4d2accb55a1d6838df3ef0706d39f5c23d682df43027cb,LEGACY_QUOTE_REQUIRED
14100,vmm-33ebdbebaeff879d54a6eba86284be0941be86063ae1621d0afe864c6183aa2b,LEGACY_QUOTE_REQUIRED;ROUNDED_FOR_INTEGER_STORAGE
14101,vmm-b60e417c072b46d31f7aad44936a9341b4022482a3c2c02c599502791aebba7f,LEGACY_QUOTE_REQUIRED
14108,vmm-ed451955a665baac06800389728dc9df7e266ecebec0bf0557af94d6bc1c8d76,LEGACY_QUOTE_REQUIRED
14109,vmm-c19aa0ec0ea38bd2e8c9acbdb65fcde902ae0a4cc6d16a149d166ba13b2b4a85,POWER_LABEL_CONFLICT;LEGACY_QUOTE_REQUIRED
14110,vmm-c53a521a44f3ab4dbf642a875274d81b51af38b3d2cacf3542be679d7578659d,LEGACY_QUOTE_REQUIRED
14111,vmm-758697363d2010dae004671819db948f773f52e8c4b9ef090ddc54d1b0e26b4b,LEGACY_QUOTE_REQUIRED
14112,vmm-10064cf89fadb5010ba3b708a773a4e990b16c4d1d2c82bbd20eef2886d87a8e,LEGACY_QUOTE_REQUIRED
14113,vmm-6c794b805d730a01ed06cda2d084709fe3ff8ab14c32efd0f1881569c7e625f3,LEGACY_QUOTE_REQUIRED
14140,vmm-f8f7a0bc340856f505a3ac90ab4a617f34dd4c6006198dca3618bf101643ce0e,LEGACY_QUOTE_REQUIRED
14141,vmm-1c9c424442893ea6c5346bd1cd5b0dc5e61c9b899864539d1ad0f45a4afe8559,LEGACY_QUOTE_REQUIRED
14142,vmm-a07994a56ba8c0e18b602fe0e71376009575fc342b9783432ec6adc11b255cdb,LEGACY_QUOTE_REQUIRED
14143,vmm-432b7643a375e68740df1bdd5ae4efb36fc80be27bd062c255735548511c0c6e,LEGACY_QUOTE_REQUIRED
14144,vmm-e62a4a9e9869219c5a784f289fc32f2fc8369b79accd5333ef1bbbb14ddfd745,LEGACY_QUOTE_REQUIRED
14145,vmm-94986663f53bca2a932bfc9a959df81e042f96b81e350d317ec213c52f732e30,LEGACY_QUOTE_REQUIRED
14146,vmm-6a553779237ec6d24f2d1fc69e685e807330d11780983a9bd957d81f3e93190f,LEGACY_QUOTE_REQUIRED
14147,vmm-56ee2d8f58f09da7a0165c8a584aa9af9280cd1f90d148cceb381e32e382eb1e,LEGACY_QUOTE_REQUIRED
14148,vmm-07525ff9092965653ee04be35f9d8e732704c9f19150b005ffe0679e07dd324c,LEGACY_QUOTE_REQUIRED
14149,vmm-90fc968cd6349340963146ed6df67f19d58381980058ff41490763255c8cfa66,LEGACY_QUOTE_REQUIRED
14150,vmm-eb1b73b7dbf8a527881f8aed2a1a1bc71b2ca42acc85c6d81a542eeac4ee728d,LEGACY_QUOTE_REQUIRED
14156,vmm-a992b32413e389d1651d9a46e76442e0cfc13f929348bc669fea0ccd5bb70bcf,MASS_UNKNOWN_OR_OUTLIER;TRANSMISSION_LABEL_CONFLICT;LEGACY_QUOTE_REQUIRED
14157,vmm-7c5e0a0e68143f22f9d6389ef1795d7434cecb9aa25e4a3fabcd9403ba528af8,LEGACY_QUOTE_REQUIRED
14159,vmm-011b9d9f303e9c02b3888f4bc9917577b208b4504729ef8503a15b5c88f57feb,MASS_UNKNOWN_OR_OUTLIER;TRANSMISSION_UNKNOWN;LEGACY_QUOTE_REQUIRED
14160,vmm-26002a46f779d2fc2dc55353b0e268faf9fa8815067215be8ed3a75fbc2ec0e0,LEGACY_QUOTE_REQUIRED
14161,vmm-6b91b484f615006aad279213069a27ff8f7eab498a20b9daed05172f42d31a0e,MASS_UNKNOWN_OR_OUTLIER;LEGACY_QUOTE_REQUIRED
14162,vmm-81e6740e16ab90a1bd60fd2149755ac252b297f17471d185d77a06eea58c459f,LEGACY_QUOTE_REQUIRED
14163,vmm-2bea6813da156edade3a9778bc9d01e5f8f6f158708aeafdfb070d29c707aac3,MASS_UNKNOWN_OR_OUTLIER;LEGACY_QUOTE_REQUIRED
14164,vmm-cc247d34b4e60b9c766fa565570886c373009ae0118542f1386118976cee0013,MASS_UNKNOWN_OR_OUTLIER;LEGACY_QUOTE_REQUIRED
14165,vmm-ea8344957360a198698b04a66f5f9987ba2f0143d6e5407feb163d5e8f59dabc,LEGACY_QUOTE_REQUIRED
14166,vmm-122d6cfd2bca30bdeef7999be7a700ace1cf3b663302aac391eb492fca771ec2,LEGACY_QUOTE_REQUIRED
14167,vmm-4ba4c1ae68dd4fc3be3370a1534a27c80d1addad8aa22f706e38c975f967501d,LEGACY_QUOTE_REQUIRED
14168,vmm-f53f459fda56e15e08efa7d4679cc9377b07b90cb9d8ef026e58109529318c76,LEGACY_QUOTE_REQUIRED
14212,vmm-b4ebed10b052e2de20128916ca5948313dfcc9d97a08c9a477047ef2462ca9ab,LEGACY_QUOTE_REQUIRED
14213,vmm-a7b55cfd0e82201fb9a018e90ceb9fb03bb843442ff4567f99ea41a19e940333,LEGACY_QUOTE_REQUIRED
14214,vmm-072a028bf51c8b0e9f7a5402d20a7dec51c4e3d19ca17122ac417e24bfa3dfa9,LEGACY_QUOTE_REQUIRED
14215,vmm-2f52b422b28737995441b441eb35d1f8f25977337ecda7cee2a6eb18996409a7,LEGACY_QUOTE_REQUIRED
14216,vmm-d483c580ed4a63085d21bb2317315fab8ea76b647f1056029e057d9d829b99b1,LEGACY_QUOTE_REQUIRED
14217,vmm-685ea63d23e3e35ba78ff090daf6a0279a94d8fea4f06b40ba6cf5b23485dd26,LEGACY_QUOTE_REQUIRED
14218,vmm-f5c4f594240978c0930ddaf3dcd2bd8ad40a22de3963293b6cddfaf4db40f372,DISPLACEMENT_LABEL_CONFLICT;LEGACY_QUOTE_REQUIRED
14219,vmm-2fe22b6c531c3a581ea38d27e9866620169ce65125538cce33073862ccc4f2e7,LEGACY_QUOTE_REQUIRED
14220,vmm-95257f8c0b7b6b0e38b1eed5ecceaee4776fa6f98e6481bd261763e528e38518,LEGACY_QUOTE_REQUIRED
14228,vmm-93cf757eb981d1a8c7eb76df22b1569ddc06f1dc3dee350d0f8e395278e8942d,POWER_LABEL_CONFLICT
14229,vmm-472121fd6405f7bbc0461bf02eed3ec74429cff2899e3411ff0ee0f68894aab1,LEGACY_QUOTE_REQUIRED
14230,vmm-c75f48152ff67a585a5e70896217e20d7e9672088f3b9595d8aea938406b3687,LEGACY_QUOTE_REQUIRED
14231,vmm-f92d4b6b8822d4fd1ce3dda13f9b1e0735ad22b25a14dd03c96f733412644cf0,LEGACY_QUOTE_REQUIRED
14232,vmm-a5c559b9f79f02c9796a9ae91ea2de7657ee0488d41e7a9260f54246de89062e,LEGACY_QUOTE_REQUIRED
14233,vmm-8faff872a6b55b63c6128de63b54ffa6c29be8d0a45b29203276c857e0120b2a,LEGACY_QUOTE_REQUIRED
14234,vmm-4206f5d6936eba3b9394bc2e49679a22346aa66fc5c2163371fb6babc470cf83,LEGACY_QUOTE_REQUIRED
14235,vmm-6906052a51c81a71fc4b39c6a0a1f89dc34783128937febffd3694d3954b06cd,LEGACY_QUOTE_REQUIRED
14236,vmm-c03ead2be208e46be885345fd9bbd45046cab85b4f4bdd9ab4257b037c8c3cd3,LEGACY_QUOTE_REQUIRED
14237,vmm-f90510531b421d98cb4fcc405cdd3f9f21312320df0268144a4c23bd811250c3,LEGACY_QUOTE_REQUIRED
14238,vmm-2a1261388528a5adc3f665b2d859df1402fe339ee9d04ffa0af05e2c54430d4b,LEGACY_QUOTE_REQUIRED
14239,vmm-2dbfd937eb8a0896dd3a13667b653f1cde496755b55ae33914f689ef775fbc73,LEGACY_QUOTE_REQUIRED
14240,vmm-048971861f5fca3ee36f982d4b1b0453bd627b9e93e92fb7b2b8d6e12298f26b,LEGACY_QUOTE_REQUIRED
14241,vmm-0baefb9558a69ad10e7652b9f40e18a524aecb89dc728daf246235dd324360b3,LEGACY_QUOTE_REQUIRED
14249,vmm-f385430f83a3e9ef52798c5295ca9d8860ddcf232cfc9a4582993bf2879d53f3,LEGACY_QUOTE_REQUIRED
14250,vmm-4e621c1c4ff9e062c9aa4b447a0c78934c381ac572b26d6f0e1a1911f8874037,LEGACY_QUOTE_REQUIRED
14257,vmm-bcc7effaceaf687e89ae4aed64c4e9e01104e41b9191f7724beeb70f817817b8,CYLINDERS_UNKNOWN_OR_INVALID
14259,vmm-f94f891a3802a82615cd90b99a9ec17a683538059753ea522d73d7d0556d5d71,HYBRID_COMBUSTION_FUEL_UNSPECIFIED;DISPLACEMENT_LABEL_CONFLICT
14276,vmm-e1712ddd62637c4105cafdcaf07fb5c322804db7d037d6a4323dab4a65123e4e,MASS_UNKNOWN_OR_OUTLIER
14288,vmm-f43dc6e9c286aa3b307326d1ff2d8e0f3c7eeb7576d966b40eca7eb317d77101,MASS_UNKNOWN_OR_OUTLIER
14293,vmm-33baacb0fb3f5360a31565e17239dcc15b74b24fc3de01b7440f44bd0890a899,MASS_UNKNOWN_OR_OUTLIER
14294,vmm-d88b95f70c4ceccb6b98cf999bfa388497dde23f796394029110c617235a653d,MASS_UNKNOWN_OR_OUTLIER
14305,vmm-114b0ea4d311c31470fb385dec27c1787ceb4fca00e43681479029750b44b39d,HYBRID_COMBUSTION_FUEL_UNSPECIFIED
14306,vmm-fb67c49da6fbf0a8408d6091da1956feed928cae273ea50d3e3a500861ac7412,HYBRID_COMBUSTION_FUEL_UNSPECIFIED
14312,vmm-ea6709bc92fb7523435f909e07303a4907f4d6727a6694216a59a4fee80252dd,MASS_UNKNOWN_OR_OUTLIER
14318,vmm-9debd307256e968bfbd5234df5626d7079764eaa1d56dad54c5ca952b9a1149f,HYBRID_COMBUSTION_FUEL_UNSPECIFIED
14324,vmm-5b3cc9692821693431a60d51a7194911177b30f651a86a6c5166d596674f7fb4,MASS_UNKNOWN_OR_OUTLIER
14326,vmm-793991e734c32a416bc71ed0e57519c47d8b1422ffbf577c912cc0df18a7ba92,MASS_UNKNOWN_OR_OUTLIER
14327,vmm-64b4e1eea25b4eddda3b865cb39b4708d3cd3556d342e54efebbf6028f3f1758,MASS_UNKNOWN_OR_OUTLIER
14329,vmm-110b81e3b8cebcfb4deb5f3f5499803e27b24a11a3063ccf16c8d141b55f5ce6,MASS_UNKNOWN_OR_OUTLIER
14343,vmm-182713757a5f41f5f8eb718a64f3f42f53f0319bbff2006670b1c3832e9d7ede,LEGACY_QUOTE_REQUIRED
14344,vmm-3e98eac52aa19980754406ea7bcaa913a2e9723bb630bffcf44e948370f6ccb6,LEGACY_QUOTE_REQUIRED
14345,vmm-be0182de29abfb985027d91afd14927f9e34b9319da4db50e7519b24bda8187c,LEGACY_QUOTE_REQUIRED
14346,vmm-987a0e00a6531298a9f12bc33d84d23c4f6bcd5b9099b7dc40c0aaef9f83de78,LEGACY_QUOTE_REQUIRED
14384,vmm-d8e79292634dc13c26dce6cda325ef08626fb6209d812ffa8e8f98146c7f60a6,HYBRID_COMBUSTION_FUEL_UNSPECIFIED
14385,vmm-8ab02e881bf7e9af28c8883f66e1a7c3ef12befddd5986bacfe71cec59c9d1d3,HYBRID_COMBUSTION_FUEL_UNSPECIFIED
14388,vmm-59ed59814c0bedba142484523110e0118df316ef0ba1a3062cc1cfec3bd5f71a,HYBRID_COMBUSTION_FUEL_UNSPECIFIED
14389,vmm-9e048995f1d4115e71b2ade6f04ea1ab4d5738e229af2cc8f150e1333119daa5,HYBRID_COMBUSTION_FUEL_UNSPECIFIED
14402,vmm-745c861c8f8e42436995d69b2e1939aa5d84314de5bb79f3c38c08bbab91c98a,DISPLACEMENT_LABEL_CONFLICT
14418,vmm-7a5ab67dc4f936beba943ef972cc796ce5211f9c896b0450715a7016379ed0d5,LEGACY_QUOTE_REQUIRED
14419,vmm-b1f3c17cf3eeeb39c691a857413f55353476bc95e2c774c4946335265c3e5f9c,LEGACY_QUOTE_REQUIRED
14420,vmm-c6990a4731bda00c25e418d41403cf6d0e996fcfad7509796919fb6cf008535c,LEGACY_QUOTE_REQUIRED
14421,vmm-aed717646ea7e431695fe37433b84a929dbff65d2901acb3e4650eaae4a1bd13,LEGACY_QUOTE_REQUIRED
14422,vmm-5d7f03e72dd86d4d30c3d317647941de93d2c4d55713edcf131f294d1cf0a943,LEGACY_QUOTE_REQUIRED
14423,vmm-67f264d08c5066013a393efe9aec58cf76dbe9b0ca24015aaa9d397f997365e3,LEGACY_QUOTE_REQUIRED
14424,vmm-9ffc7ef9a4972ff8db532fee627725dd871a0cff1f397b07ac1d158dd25a7f6c,LEGACY_QUOTE_REQUIRED
14426,vmm-396e71e38aca308099f74e623bbb24fb326596ac79c768ba05db0eb900c100c2,HYBRID_COMBUSTION_FUEL_UNSPECIFIED
14427,vmm-f2fb3d7bfa24c91647c6992d651d80b848e221e5a214f102bb3b14939c9e79af,HYBRID_COMBUSTION_FUEL_UNSPECIFIED
14428,vmm-3b2b4924c1d01da87fddc4c3827485ff44983d98635776ac13b4d28f0b750f22,HYBRID_COMBUSTION_FUEL_UNSPECIFIED
14429,vmm-04b2865b49f2a01cba675654ac31446a9ccdb1ad2bc8e4f5061b4d1a6a5c5094,HYBRID_COMBUSTION_FUEL_UNSPECIFIED
14432,vmm-2defe4ef24b0219a4224cd40fd3b414d63ec698167841950b5cdf5684138fc0e,MASS_UNKNOWN_OR_OUTLIER
14433,vmm-ac25eaa8aeced3b0d78887a3aa01166ac4752accc87922dffd4e42e88ad00c12,HYBRID_COMBUSTION_FUEL_UNSPECIFIED;MASS_UNKNOWN_OR_OUTLIER
14434,vmm-27d059663f5863d96f1cd50a5f246a4f0389a1c15da6cf0b1d5fd6d7195c632c,HYBRID_COMBUSTION_FUEL_UNSPECIFIED;MASS_UNKNOWN_OR_OUTLIER
14435,vmm-310fcc0b576a3a2d3f3ed242221b27f5b9065ff81e0f64a83b27fccb23f916ca,HYBRID_COMBUSTION_FUEL_UNSPECIFIED;MASS_UNKNOWN_OR_OUTLIER
14436,vmm-c1b7edc549afa69a79b711c6403fd9dd3cd050ca40a13b3f59ff60daadfc87aa,HYBRID_COMBUSTION_FUEL_UNSPECIFIED;MASS_UNKNOWN_OR_OUTLIER
14437,vmm-58bdb247acf2755ca474e8e85bfb2c434dbc821acc7d1ea65ef4fad6fbd80742,MASS_UNKNOWN_OR_OUTLIER
14438,vmm-a7e6d69ae6be5c4125683c32fcf3c703f9f9b743f609fc3fd5056807e12bc9f5,MASS_UNKNOWN_OR_OUTLIER
14439,vmm-3f9872a1dc4d0e74d90a1ed0f39c53f26cf7dd35452ff57c6ee188d1d6141eac,MASS_UNKNOWN_OR_OUTLIER
14440,vmm-1efdb7515e210d82ff8fc527904ce9d7a5331a2035103db1cd306723ce6e3edc,MASS_UNKNOWN_OR_OUTLIER
14441,vmm-34d860663a315059c1a588542c2677e03a19add167c7e4018ede95bbcadef5a5,MASS_UNKNOWN_OR_OUTLIER
14442,vmm-a041a450882a797ef4e3750aea46b8b47650702f06b33fca8c140b6353577a13,MASS_UNKNOWN_OR_OUTLIER
14471,vmm-8b0c4f3b3a25e7733642d3fdc3e832b5611bc0f9e11278cefe9260262e7b832c,MASS_UNKNOWN_OR_OUTLIER
14472,vmm-30e90555cdaa7f674fea1a1a82504e50d1f8e103e70d22fdbcdd6235a53c1194,MASS_UNKNOWN_OR_OUTLIER
14473,vmm-5bfaebae1a00837b94a0a758d05850045b265d3174e9a25d1baabc42e556e57a,HYBRID_COMBUSTION_FUEL_UNSPECIFIED
14475,vmm-704b0089ac6a878ba204d79a287b0dd05c260da1e084d64abc2788618052ea2a,HYBRID_COMBUSTION_FUEL_UNSPECIFIED;MASS_UNKNOWN_OR_OUTLIER
14476,vmm-afedd2781f483ab5081c1e58c58ed4c918f37963673671ef9afd2de1f7c3d194,HYBRID_COMBUSTION_FUEL_UNSPECIFIED;HYBRID_FUEL_UNCERTAIN;DISPLACEMENT_UNKNOWN_OR_OUTLIER;MASS_UNKNOWN_OR_OUTLIER
14484,vmm-541b7fbb2b8571e54f3f233950245009092de530bdafc4c374ebaa1fef07a647,HYBRID_COMBUSTION_FUEL_UNSPECIFIED
14485,vmm-6d6ca04b60e8d944a32b1f0bbf32b4fa72ca9e36e10a03028a0957bda552dc5a,MASS_UNKNOWN_OR_OUTLIER;TRANSMISSION_UNKNOWN
14497,vmm-48234358e15f8c4850b494e4cf9f968aeba5273e5190b5b43a496bcd45a55deb,HYBRID_COMBUSTION_FUEL_UNSPECIFIED
14500,vmm-93c2fa0e8b7677b22e222e782a05ed9338bfd9856793401361567f52498f8b25,MASS_UNKNOWN_OR_OUTLIER
14503,vmm-ad32b4cf8c9ced3790a417439c02daf776d84b0658026a563dd479fd5de35809,MASS_UNKNOWN_OR_OUTLIER
14508,vmm-cc2c29dc745034e60d8316d448f635fca073a629cbbf00ca5b5b0332ba3494a9,HYBRID_COMBUSTION_FUEL_UNSPECIFIED
14511,vmm-f4c40836a68921bd170b285efb61b4e2a3377ae004749f5c43b6e2d64a7ae8c8,FUEL_UNKNOWN;CYLINDERS_UNKNOWN_OR_INVALID;DISPLACEMENT_UNKNOWN_OR_OUTLIER;MASS_UNKNOWN_OR_OUTLIER;TRANSMISSION_UNKNOWN
14522,vmm-0dc9cedc333d882b405829bc418bb8ccee6f738874109aecd7939c620a1409ab,HYBRID_COMBUSTION_FUEL_UNSPECIFIED;MASS_UNKNOWN_OR_OUTLIER
14523,vmm-5f5ad4c890a160f52ae2c531875e09ee197643cf776c1c8806b22531afdf352c,HYBRID_COMBUSTION_FUEL_UNSPECIFIED
14524,vmm-1d1007b207e6d529541f1265fcb3c13994f36b57afb7e0a22d9063d3577262e5,HYBRID_COMBUSTION_FUEL_UNSPECIFIED
14525,vmm-a9a9350f9bec1e1e4450f140c610e886904c480492337d33092e8e42896500de,HYBRID_COMBUSTION_FUEL_UNSPECIFIED
14526,vmm-224f173bcb547c34a537d0525c1a645ea2d685c6a0d9e7b97dbe54804b10f42d,HYBRID_COMBUSTION_FUEL_UNSPECIFIED
14529,vmm-0c1c49f71d65ef074e5defad13d590d1e507aed9ddcbe4409e5e743b8b6a2c20,HYBRID_FUEL_UNCERTAIN;DISPLACEMENT_UNKNOWN_OR_OUTLIER;MASS_UNKNOWN_OR_OUTLIER
14530,vmm-91f63b0a311dc46b4d9e0d2917ea2f2a5a1d39bdf9e1f35df601986211313372,HYBRID_FUEL_UNCERTAIN;DISPLACEMENT_UNKNOWN_OR_OUTLIER;MASS_UNKNOWN_OR_OUTLIER
14531,vmm-66cfb1777fda466832964ffcbc705b7efa5bd49e9df162ccdecbf8845bf46e22,HYBRID_FUEL_UNCERTAIN;DISPLACEMENT_UNKNOWN_OR_OUTLIER;MASS_UNKNOWN_OR_OUTLIER
14532,vmm-2b3d93163d19cb9a33b86e92a99243f24a618fcccfdb1d90ab3c893c560ba678,HYBRID_FUEL_UNCERTAIN;DISPLACEMENT_UNKNOWN_OR_OUTLIER;MASS_UNKNOWN_OR_OUTLIER
14533,vmm-951f22cd62864a37aa864e365fbfcb3d8e41f73028a0bb9153b287b9ade429c3,CYLINDERS_UNKNOWN_OR_INVALID;DISPLACEMENT_UNKNOWN_OR_OUTLIER;MASS_UNKNOWN_OR_OUTLIER
14534,vmm-3f3b9602282f5e5bef4cac8623d04f1635de29f80794ef308caeedbfdefa1a9e,MASS_UNKNOWN_OR_OUTLIER
14535,vmm-106744f8ed1fce28f1717f0cd64d6b068dad25efb954e827942391214080aed6,HYBRID_FUEL_UNCERTAIN;CYLINDERS_UNKNOWN_OR_INVALID;DISPLACEMENT_UNKNOWN_OR_OUTLIER;MASS_UNKNOWN_OR_OUTLIER
14537,vmm-a2f3d136c0007b82ae28d5bfebe76a5cb0f44816cf890e9bee93929c1a4ef8c7,ROUNDED_FOR_INTEGER_STORAGE
14541,vmm-60339a22c092b4e363fca985d2e5b3696390bfe85d9f4e6580f78a3a85c1c6ba,ROUNDED_FOR_INTEGER_STORAGE
14543,vmm-173c770352b21de8f80320804896df301382672cc8fe09742212951b2ac83f3f,ROUNDED_FOR_INTEGER_STORAGE
14544,vmm-80f470c3a8d42ee06f38de12587d3e2488167628cf38285864296e29e585a868,HYBRID_COMBUSTION_FUEL_UNSPECIFIED;ROUNDED_FOR_INTEGER_STORAGE
14547,vmm-4464d11a8c6abe5f011a1e6552d9661e299fdd5c9c6f43dfd2b0a0dc47c98fc8,HYBRID_COMBUSTION_FUEL_UNSPECIFIED
14554,vmm-096327af083f1ca0a765eed52d61980b17cecba4825c97c265015857d48966a9,HYBRID_COMBUSTION_FUEL_UNSPECIFIED
14566,vmm-f1fdcd957d1e3f66a793d01b8c5f0995ab157e012ff326920917a2f2042f6321,HYBRID_COMBUSTION_FUEL_UNSPECIFIED
14571,vmm-ee5c7a2360a296bb2701c07e6c47efbbeea34422b2d91b8989381532cc9291fa,ROUNDED_FOR_INTEGER_STORAGE
14573,vmm-4fc995abf1bcadcaa81c3a8eea406ee1d93b61892fc55a45f7e8c9b2a4676c61,TRANSMISSION_LABEL_CONFLICT
14579,vmm-8c98e41d3fdf33a365fb1b562a6bf6a427179dcc9f1cabd0a0f61d309da86df8,DISPLACEMENT_UNKNOWN_OR_OUTLIER;MASS_UNKNOWN_OR_OUTLIER
14580,vmm-4a16f64d54462dbb7479006dc0d7f3d253710908028676fb8a32734b8fca0f26,DISPLACEMENT_UNKNOWN_OR_OUTLIER;MASS_UNKNOWN_OR_OUTLIER;TRANSMISSION_UNKNOWN
14585,vmm-a4692719a45631ae9511374a54fe4d9b30b534a68ace4ee78aabd98c26d0af09,DISPLACEMENT_UNKNOWN_OR_OUTLIER;MASS_UNKNOWN_OR_OUTLIER
14586,vmm-b8e9c9abc6451e4a7b33376398971abe67d53f82b70de0512847b98f0a0334ba,DISPLACEMENT_UNKNOWN_OR_OUTLIER;MASS_UNKNOWN_OR_OUTLIER;ROUNDED_FOR_INTEGER_STORAGE
14587,vmm-dbe711e3eaf11300cce93e30325b855dc7a378430289a5f22095364477451643,DISPLACEMENT_UNKNOWN_OR_OUTLIER
14588,vmm-2b97ec0a69a4e5aed43d97a927f88f6c01e579eabb0be978f0fe7e719a54b7c0,MASS_UNKNOWN_OR_OUTLIER;DISPLACEMENT_LABEL_CONFLICT
14591,vmm-79da9852cbf6381e003530cd1e9036b03682a29ac737a27fc9befb045cd081d4,DISPLACEMENT_UNKNOWN_OR_OUTLIER;MASS_UNKNOWN_OR_OUTLIER
14594,vmm-f58fd68afe4bea018177b38609c2e0df518919cdd540946d24842b051fbbf638,MASS_UNKNOWN_OR_OUTLIER
14595,vmm-ce6ffab49b80499d9e625170af1b54de8951e361678b266f6a7a24fc0e03887b,MASS_UNKNOWN_OR_OUTLIER
14596,vmm-3c9547dafd967e31dcfba98f8ecbb2cee93eb6b231a53e978dd5f849f892b7ac,MASS_UNKNOWN_OR_OUTLIER
14597,vmm-ad2bc7a748d474277be775f9a038ead4dcbe0e8cc2bff521fc67e418960fb9c4,HYBRID_COMBUSTION_FUEL_UNSPECIFIED
14618,vmm-aa6bd8bf736a33df84bdee586c112cfe2917847e1aee6eb088cea0baac37a326,MASS_UNKNOWN_OR_OUTLIER
14619,vmm-ebfbc224c462f8f73d669571800b5d3701eaa04a49dff055e556ca004d0b2826,MASS_UNKNOWN_OR_OUTLIER
14620,vmm-8aafaba8f4d4a0aa17bfc336994d20a2975c78f0b2a9ba597bf80966a560872e,MASS_UNKNOWN_OR_OUTLIER
14621,vmm-a0a39f49c98d69765e89f8c74a066c07bde3a7a35c7358c5fdfdb30eaf86d0f3,MASS_UNKNOWN_OR_OUTLIER
14622,vmm-37d32b7a10147b836d089400044997e77bea65b57e0c5efe0b2aaeb0dcad68b0,MASS_UNKNOWN_OR_OUTLIER
14626,vmm-c2d20c7729600327de967c01948a88c6c88bbee30b10424e867b609f52af245d,MASS_UNKNOWN_OR_OUTLIER;TRANSMISSION_UNKNOWN
14631,vmm-539cebc89c275c6b32b9a3e07a1a2750a5405be616cf9940a215871495899a11,HYBRID_COMBUSTION_FUEL_UNSPECIFIED;MASS_UNKNOWN_OR_OUTLIER
14632,vmm-9a4350a7cbb562a4bfe46c7f52641e2f34ca832ed752f5dc5653910d0c3ed736,HYBRID_COMBUSTION_FUEL_UNSPECIFIED
14633,vmm-6995b4be4dea184076df7ba2424b7b2d0d6636057b0e649c461535c725530083,HYBRID_COMBUSTION_FUEL_UNSPECIFIED
14636,vmm-e411ed8f3e011a29eb55dd247b4fa2c4eca49581d317eb500e96f3a48a61e242,DISPLACEMENT_LABEL_CONFLICT
14637,vmm-6ecc4ace3e24798fb7d7c5f8a964946e2f819cabadff8081b0cf2a40eb65eccb,DISPLACEMENT_LABEL_CONFLICT
14640,vmm-d2fd442f6a855d90a02b1c0966651a25b409b9728e7f3613a5db861f09106866,HYBRID_COMBUSTION_FUEL_UNSPECIFIED
14643,vmm-080d2d1fb2e97c728baf3fa432be043806e37e4ff5677d4f17f34a460d7b4b35,HYBRID_COMBUSTION_FUEL_UNSPECIFIED
14644,vmm-a1303b772442a0e42d1a95c846c52673c7b5d26a83da0abec2a197eb59cec658,HYBRID_COMBUSTION_FUEL_UNSPECIFIED
14649,vmm-aa664463657c5aa60e4a75e4c7ec810d982f8df4e66a71406c1f49fbb46a1472,POWER_LABEL_CONFLICT
14654,vmm-68842bf0d6b19a72b30d8bf1cf7096b8de070d50ae4cebe15500acef9a247f95,DISPLACEMENT_UNKNOWN_OR_OUTLIER;MASS_UNKNOWN_OR_OUTLIER
14655,vmm-5636e49a1d5176115638919b570eaecabd576437a00e1eb6611ffa6309405520,DISPLACEMENT_UNKNOWN_OR_OUTLIER;MASS_UNKNOWN_OR_OUTLIER
14659,vmm-68be0ce8da4ba1113879ef5311eca9f01c8300ae9481b1fe12ed375821429ef4,ROUNDED_FOR_INTEGER_STORAGE
14663,vmm-f97cf28baf7a81237a767c127af0ec51ae18bd3f47faabe407f57b51ee9f88c8,DISPLACEMENT_UNKNOWN_OR_OUTLIER;MASS_UNKNOWN_OR_OUTLIER
14664,vmm-894c8b02b7ce96cdf0ffa17707f8433ed967958112bb11a61ba50afaeee8e454,DISPLACEMENT_UNKNOWN_OR_OUTLIER;MASS_UNKNOWN_OR_OUTLIER
14665,vmm-7384e92e2635975046e2c5aa5e95cbb8a1904f19745a1d55af3f2cf976664aec,DISPLACEMENT_UNKNOWN_OR_OUTLIER;MASS_UNKNOWN_OR_OUTLIER
14666,vmm-707369d0854016bb4321efdc49e9dae78cdac65872fc914fe570ce8b1068c441,HYBRID_FUEL_UNCERTAIN;DISPLACEMENT_UNKNOWN_OR_OUTLIER;MASS_UNKNOWN_OR_OUTLIER
14667,vmm-4cb8402a1d1767225c93646383740412e6aed0330e05b4980890c131cdfd0986,HYBRID_FUEL_UNCERTAIN;DISPLACEMENT_UNKNOWN_OR_OUTLIER;MASS_UNKNOWN_OR_OUTLIER
14670,vmm-1a2c6a676a4e80bccd9e2a1c6857801ab86e5c81c45f3cd12daeb82c7dd97257,HYBRID_COMBUSTION_FUEL_UNSPECIFIED
14671,vmm-03a1279a6ec6478767fb307a334b538452006a7656f446f69d98202f8357d98a,HYBRID_COMBUSTION_FUEL_UNSPECIFIED
14674,vmm-aa480ea8152863c5c40e350998b58cb982c3977f373af7869c70710e0f0cb3af,HYBRID_COMBUSTION_FUEL_UNSPECIFIED
14675,vmm-2512aadea40d80912cbacaf864e692840bb091cf1ffab7dbfff47d6f0c3e7bb9,HYBRID_COMBUSTION_FUEL_UNSPECIFIED
14679,vmm-47b3679e116a98695634aed49c12dadc7f770ac67233bd93992789c07c358bfe,HYBRID_COMBUSTION_FUEL_UNSPECIFIED
14684,vmm-58af89368e308e7259b03a20f174c14f05f7d94b0ffc3ea01d9734df12a946d8,DISPLACEMENT_UNKNOWN_OR_OUTLIER;MASS_UNKNOWN_OR_OUTLIER
14685,vmm-268e3f32e4f66d806c7d3380985b5c5d64c19a2e8237ce5b0fda334727fca2ce,HYBRID_FUEL_UNCERTAIN;DISPLACEMENT_UNKNOWN_OR_OUTLIER;MASS_UNKNOWN_OR_OUTLIER
14686,vmm-99c6f826f780a94f0e625c146b9de1c5430c9bea6008bb8ce4068ec7bd31531a,HYBRID_FUEL_UNCERTAIN;DISPLACEMENT_UNKNOWN_OR_OUTLIER;MASS_UNKNOWN_OR_OUTLIER
14687,vmm-e089a8c93235b254cb9202028e56791ca9a427a5aa052069bb077a1ad95c0e6d,HYBRID_FUEL_UNCERTAIN;DISPLACEMENT_UNKNOWN_OR_OUTLIER;MASS_UNKNOWN_OR_OUTLIER
14690,vmm-ca65e9a38ae75bf8b4d28eefc49f68195c8ec878fd2a9d2f59e3d1dfe4e05341,DISPLACEMENT_LABEL_CONFLICT
14691,vmm-4ec5334e21f8593f6f44ea8567977cebf689d539ef5563f0d3de8e5e3d6164a0,DISPLACEMENT_LABEL_CONFLICT
14692,vmm-b0db7e300d0a6bb8d07cdf83434b76b9d5487f677d09c584ff69f497c9c2eed1,HYBRID_COMBUSTION_FUEL_UNSPECIFIED
14698,vmm-eefcc831583498dbf430d1d451baef6596440d731c04a33835d517885f3ff5d2,HYBRID_COMBUSTION_FUEL_UNSPECIFIED
14699,vmm-a7019c5651ef6e6e1906381f189dcba2c3b57b5d8289614148c87cc886ededdf,HYBRID_COMBUSTION_FUEL_UNSPECIFIED
14700,vmm-a50b3f7f24bca07a72b11c422cd562ef433b267a8ba2798b71d19ad987f8f08a,HYBRID_COMBUSTION_FUEL_UNSPECIFIED
14709,vmm-eeeb1083667bc11d1474cd92d8a9d6f2f353c896d578b9c2dc61f8590539e175,HYBRID_COMBUSTION_FUEL_UNSPECIFIED
14710,vmm-fe23a0da77bdab08ee92042f4a2f3309498870d1c312ae661cbea4461522ff06,HYBRID_COMBUSTION_FUEL_UNSPECIFIED
14712,vmm-653eb5cfd0b398195c832bd4ea5da1b319899b4c3711d376c27deda8a5f8ea7c,MASS_UNKNOWN_OR_OUTLIER
14714,vmm-174bb055ed55eedb0fcf8d6a8787fec65a5508294f338c47328bd0ae885ad60e,HYBRID_COMBUSTION_FUEL_UNSPECIFIED
14715,vmm-96e9d9745efb37620b00973c8c807e53b26cf199317d114fe8aace8e3d8dea99,HYBRID_COMBUSTION_FUEL_UNSPECIFIED
14716,vmm-237d19ace408d203f279d738cc28c8ba9f4c8789cca0b49d00b3d39f0cfde09f,POWER_LABEL_CONFLICT
14719,vmm-6c75aa47438ad2295a4bee7b01dbcc1fceb388fcab0df0e91820ab05856a23b2,MASS_UNKNOWN_OR_OUTLIER
14725,vmm-ce0d993a53dc427e9350bba30b62462830381a84a35d1fd075c0925b6c102c9f,DISPLACEMENT_UNKNOWN_OR_OUTLIER;MASS_UNKNOWN_OR_OUTLIER
14726,vmm-a89cdb4ab057f472aba62a7b53dd59aa090ab6f8310214b01eb2d43a3ac2231a,DISPLACEMENT_UNKNOWN_OR_OUTLIER;MASS_UNKNOWN_OR_OUTLIER
14727,vmm-c777c6bcce270fd05942b739fae9b2ab9169c191b87af26af563f3fc3808993d,HYBRID_FUEL_UNCERTAIN;DISPLACEMENT_UNKNOWN_OR_OUTLIER;MASS_UNKNOWN_OR_OUTLIER
14728,vmm-80b938ba6771906680a8de8eb22c89ee06374b738918298e9d3957f6a9aa1b83,HYBRID_COMBUSTION_FUEL_UNSPECIFIED;HYBRID_FUEL_UNCERTAIN;DISPLACEMENT_UNKNOWN_OR_OUTLIER;MASS_UNKNOWN_OR_OUTLIER
14730,vmm-6e9af5b54da107a98c6057f4297a2c7400a487b15f242d4b81e690b2f7e0bf67,MASS_UNKNOWN_OR_OUTLIER
14732,vmm-f59bfa6c6999300618275ba993e5ec47de14c215e3222ff38c3214dab21c5c74,HYBRID_COMBUSTION_FUEL_UNSPECIFIED
14733,vmm-e11c0446883ea4730c20022da92ff9d7e1fcb94dd995df1d57dfcd5d2e9f2947,SOURCE_EV_CYLINDERS_DISCARDED;MASS_UNKNOWN_OR_OUTLIER;ROUNDED_FOR_INTEGER_STORAGE
14734,vmm-d21a919124bc1ac73e42a483d3875b283a5a646e4c8be7fba511fb9112e30b76,HR_PARTS_AVAILABILITY_UNCERTAIN
14735,vmm-3cf1a85669de8003330daabcf589f64f725a4c13666c7b4a76769fe5f64ee984,MASS_UNKNOWN_OR_OUTLIER
14736,vmm-35c152fc409d66c366e5de6ee09138f494be56a3877fbda56688da523937b100,MASS_UNKNOWN_OR_OUTLIER
14737,vmm-a1a7f96647d73d7c0d68d4fd4d6a0e008f30be162797a24460d83d010b40e00a,DISPLACEMENT_UNKNOWN_OR_OUTLIER;MASS_UNKNOWN_OR_OUTLIER
14738,vmm-91862bff85f9d0132ac1b1b767cb4eebfff07d34292b43e6f174a3fbe5f1e3e0,DISPLACEMENT_UNKNOWN_OR_OUTLIER;MASS_UNKNOWN_OR_OUTLIER
14739,vmm-9b0c0b222c2b75ee2e61c6c1745798fe4e6ba60c8cb916d88231f12405763320,HYBRID_FUEL_UNCERTAIN;DISPLACEMENT_UNKNOWN_OR_OUTLIER;MASS_UNKNOWN_OR_OUTLIER
14740,vmm-78726eeedf8ffc855aa81e82e97eb368505cec38548c1c30f34885d8e7f1a8a0,ROUNDED_FOR_INTEGER_STORAGE
14741,vmm-2441b9fc2036eeae0130c2d37236a8438ace66c57ebc686fba34d91efec7795b,ROUNDED_FOR_INTEGER_STORAGE
14748,vmm-552e493860d92d7c7a3eef7e9e714e8c8bf649a2d184d22add0f32201bc59729,ROUNDED_FOR_INTEGER_STORAGE
14749,vmm-32e04a8b2c9005bcdf81cb08bfd103bbfe238494483102f36a034602709cb12c,ROUNDED_FOR_INTEGER_STORAGE
14750,vmm-1fbd5bb8b53cc34caaa1603bb079120db402003e2df3bf1a2f2223de95f1ff28,ROUNDED_FOR_INTEGER_STORAGE
14751,vmm-9cb08d40af624abe18897e9094fc74df6d326a951bc62f3dbf3fd1705d61a2d0,ROUNDED_FOR_INTEGER_STORAGE
14752,vmm-5452d25e8443f79a56a3bc17a3b88b29e9d2048784137e92722e282650364387,LEGACY_QUOTE_REQUIRED;ROUNDED_FOR_INTEGER_STORAGE
14753,vmm-44fcda4814a114a396b632bd2465ca5f0036c9dee975911a64ae5f43acaa74fc,LEGACY_QUOTE_REQUIRED
14754,vmm-26be8184569f430cdfa4e632dfdc92a93960d6b677c1c7e42a27feda9b3123f8,LEGACY_QUOTE_REQUIRED
14755,vmm-c7b60247c0a99f7cbf1093360ff4609427042f0a1ad4c1515701193d15b6d4dc,LEGACY_QUOTE_REQUIRED
14756,vmm-3c005e2faf19cd0877478be0befdca2f7457717ff9e9ec9c41ca96f2001ac659,LEGACY_QUOTE_REQUIRED;ROUNDED_FOR_INTEGER_STORAGE
14757,vmm-8ef6ce5e6b3d213fc4f9d109ae787fe3e73a223ae87ed0c0f681987f30b37fec,LEGACY_QUOTE_REQUIRED;ROUNDED_FOR_INTEGER_STORAGE
14758,vmm-1cc6da7f78dbb02f87286392204f48547d81cbf705c1a13364183e3a3ee70af6,LEGACY_QUOTE_REQUIRED
14759,vmm-e5002a0e6579ab15fa868510ee1bdc4fbfd2c21abd72fb723ad5673fc20879d3,LEGACY_QUOTE_REQUIRED
14760,vmm-ef0f98b4b3d4e492c8ebf7c2a8a9c40570038a326faa0f2c14397e74163d8972,LEGACY_QUOTE_REQUIRED
14761,vmm-3c8ba7143e51aff79a8452f7819e8ebabdb5cf331eddfda0f59c6569e180ddf4,LEGACY_QUOTE_REQUIRED
14762,vmm-f16bf11cdda89222dc07d5690566d650c3004efc221480b886a59ae8d5134590,LEGACY_QUOTE_REQUIRED
14763,vmm-9e038e1a5f71a31790f374a4dabbab1638e52ff3f96460c3042e3cc74688734c,LEGACY_QUOTE_REQUIRED
14764,vmm-078a361ee1e5791daae4f93540a35bf66c7b7d531ba04fc7800379bed2e030bd,LEGACY_QUOTE_REQUIRED
14765,vmm-532447387e0dc4fdafa0e75031409ecce9128f80f7609d4375825a0c9fe59943,LEGACY_QUOTE_REQUIRED
14766,vmm-1806bcd9c4c0a1683be75b8540c7c6f8467e0af2133b8f2f01e1e5020b2d85b7,LEGACY_QUOTE_REQUIRED
14767,vmm-7e1bae920d6303cb977b29b09895f15fe4ebd52ae48f23e03ee97e30d5bb9ba9,LEGACY_QUOTE_REQUIRED
14768,vmm-72c2eeee147f151366513b4bb60ec3048022d9f4e3dea46c6330a6c33adeae09,LEGACY_QUOTE_REQUIRED;ROUNDED_FOR_INTEGER_STORAGE
14769,vmm-bc52ac1853b8d657072048861966568e574722c640d6a92cec1558ca8fda5d92,LEGACY_QUOTE_REQUIRED;ROUNDED_FOR_INTEGER_STORAGE
14770,vmm-fcd8373c99214532d629a98cf4991ecb30b88bdbf37b8fbb405511851be2039d,DISPLACEMENT_UNKNOWN_OR_OUTLIER
14771,vmm-ed76892619c680b78774ca5516e57f7c949603a27a02edc9c4960b4215bafd5b,DISPLACEMENT_UNKNOWN_OR_OUTLIER
14772,vmm-6599295b1f452fa470e4b46a2329ffd87367ec30bde3aee14414ecbe14b1b781,HYBRID_COMBUSTION_FUEL_UNSPECIFIED;HYBRID_FUEL_UNCERTAIN;DISPLACEMENT_UNKNOWN_OR_OUTLIER
14773,vmm-e2fcc0485e72cb8934284ea5e641e8cc46f9eacbe7405a213665a3c8203b2311,DISPLACEMENT_UNKNOWN_OR_OUTLIER
14774,vmm-c840ba2e328067f3bdaa700e6c28033d52e48bc09557e16ab726eeb90d2e8dcc,DISPLACEMENT_UNKNOWN_OR_OUTLIER;MASS_UNKNOWN_OR_OUTLIER
14775,vmm-922f2a864f11ee0796e621719ee4d502251248b88ffd387a3dea7495f6a2cdbf,HYBRID_COMBUSTION_FUEL_UNSPECIFIED;HYBRID_FUEL_UNCERTAIN;DISPLACEMENT_UNKNOWN_OR_OUTLIER;MASS_UNKNOWN_OR_OUTLIER
14779,vmm-69c29972a36685009534015ded43288a320a907d467cf0524d1790ff3a10eb26,DISPLACEMENT_UNKNOWN_OR_OUTLIER
14780,vmm-11101fa2abbf09478ad277b2050cd5126aea337463d1448387cc4e34fb6d73b7,DISPLACEMENT_UNKNOWN_OR_OUTLIER
14809,vmm-7c3a66817cfc9c78c22f26755661e491414e98dd6fd239d8fc981fe63fe69faa,ROUNDED_FOR_INTEGER_STORAGE
14811,vmm-f7e5007ea78e9830ce7bd05c95a99288b3c0d88dbb3d2ce8fa61f6408ba62005,HYBRID_COMBUSTION_FUEL_UNSPECIFIED
14816,vmm-4c28c01014a2b9b6386c8e5f754abf593907c7df662be4ab6065face852da449,HYBRID_COMBUSTION_FUEL_UNSPECIFIED
14819,vmm-7a3db2d971e70cb31995989280b1e3f3b4e4483b2d2ec9950a69132ddb25f79b,HYBRID_COMBUSTION_FUEL_UNSPECIFIED
14822,vmm-4646be2904a869f6ca10c5df11e25e4cd16c5e388d04028059fa16e2753ab9b6,DISPLACEMENT_UNKNOWN_OR_OUTLIER;MASS_UNKNOWN_OR_OUTLIER
14823,vmm-66232c3376c6b3136311665c2f07f458ada0d86051b27d6a243f832899acaab0,HYBRID_FUEL_UNCERTAIN;DISPLACEMENT_UNKNOWN_OR_OUTLIER
14824,vmm-2a03877a8d6750d062df2196d0dcc36c6eb57f84e276d402b94419b0b00647d3,DISPLACEMENT_UNKNOWN_OR_OUTLIER
14825,vmm-73d776e1791e3dbc4f6323d0d68ffe5c6bafbded09f0b96df5b58f0068cb43bc,DISPLACEMENT_UNKNOWN_OR_OUTLIER
14826,vmm-a87baddb7927c8dd9bb8367fa750fdb5badbc59f68839acae8bc462c14745eb2,DISPLACEMENT_UNKNOWN_OR_OUTLIER
14831,vmm-2e33cc0676d0bec91cf9de61c296340ebf3ea7c54c01b5d559f4770df368706b,MASS_UNKNOWN_OR_OUTLIER
14861,vmm-a36e1790b0ee8804af97a6de6433f47bbcf8e17072a0ac0e7e4679a896ee1162,FUEL_UNKNOWN;CYLINDERS_UNKNOWN_OR_INVALID;DISPLACEMENT_UNKNOWN_OR_OUTLIER;MASS_UNKNOWN_OR_OUTLIER;POWER_UNKNOWN_OR_OUTLIER;TRANSMISSION_UNKNOWN
14863,vmm-5d7b265511bce7dfbb19aea17b277291afc7bdbd543b961817cbd701977daeae,LEGACY_QUOTE_REQUIRED
14866,vmm-5690b2e3d613981789ad4c513ae1e26fa8a42ac2a4fab8465af65d4a3a57d89c,LEGACY_QUOTE_REQUIRED
14867,vmm-be1aa4692e2c23f8f956679bae85e4ed3583493c553ea32c13d5c97ceeba048e,LEGACY_QUOTE_REQUIRED
14868,vmm-7d16e5cf243c55c0ffcdb12ae1a64be9a100ec548822296c882ea62ec2a44208,LEGACY_QUOTE_REQUIRED
14869,vmm-fbdb9cf67349be6d99345d2ead99830d22b722471a9b200fce87582a7a4c1d40,LEGACY_QUOTE_REQUIRED
14870,vmm-342071caa828eb1af7640a1ab53698f3aa27ee11b38ab4ee08a2dbabc1097388,MASS_UNKNOWN_OR_OUTLIER
14871,vmm-6a4b910a182af28947cf324afea0b6cb5bc5522175c3450a384b6bf01fcddc39,MASS_UNKNOWN_OR_OUTLIER
14872,vmm-ea78cba4b2fb358b5ed35eddfcc6fe8aac97f0324f7ed477919b9054531e3e66,DISPLACEMENT_UNKNOWN_OR_OUTLIER
14873,vmm-0c39b8b605bb9f7c1849309f9f49ae8809fb95fb50d5668b2a4b6a24509c2eeb,TRANSMISSION_LABEL_CONFLICT
14889,vmm-f04e2c9551a39ac0fa0f08efe3d500f9dbd567c85e8068f01b2edb5ce8cc4243,LEGACY_QUOTE_REQUIRED
14890,vmm-3b0020c95164bc150bc49327941d4ae09005ec649dcb6c6899bd54468c7eb8ac,LEGACY_QUOTE_REQUIRED
14891,vmm-214072ee212075aca8fb62d87c1a0188bfd4e0e7e3a79dfccff71502139e2691,LEGACY_QUOTE_REQUIRED
14892,vmm-aacd8e5e1d639d170570d853e18f20df0c43121b90e23394c724eb249ef82dca,LEGACY_QUOTE_REQUIRED
14894,vmm-8b3ba7f34e5f148fe19aa01c5f570c26779f6af138a29abde48e22deb6a1edd4,MASS_UNKNOWN_OR_OUTLIER
14895,vmm-aa5046dbe317271c7b95a11b9e2807740d2922fdb7795c56cff3f54adea47613,MASS_UNKNOWN_OR_OUTLIER
14896,vmm-db854d9417e4ddbba40b364d7580efde8deb4532c29a7ee5ed671052cb9fda13,POWER_LABEL_CONFLICT;LEGACY_QUOTE_REQUIRED
14897,vmm-6b9467e6bbdefde483b26aa1919db0a04a50ee4a34715422f796bde11de18f46,MASS_UNKNOWN_OR_OUTLIER;LEGACY_QUOTE_REQUIRED
14898,vmm-844af7433ab0a918de23b6e937b9bc54dfebb9cdd303f463bd2b61a2436ba3f5,LEGACY_QUOTE_REQUIRED
14899,vmm-72a6e9bd5fed4270e967bfddadbe6cf5edf8dedbe674c43f8e2c945192748e92,LEGACY_QUOTE_REQUIRED
14900,vmm-295bbcbd51e5d7e3318793099162a7bd3e3d1362cc75a08a4f5768ea0ee2ffdb,LEGACY_QUOTE_REQUIRED
14901,vmm-4191fb2f9193308ab928d104045f8f7d811e7075f804fa6c738acac6e24e90d1,LEGACY_QUOTE_REQUIRED
14902,vmm-09dafc77f11806babfc86ef3c5ea0c3f697e3e3dabed3535505d018848b47772,LEGACY_QUOTE_REQUIRED
14903,vmm-cf63c56b1cbedafdd5541bc677dd81103e8851f3e01962502d52d6e3e8474224,MASS_UNKNOWN_OR_OUTLIER;LEGACY_QUOTE_REQUIRED
14904,vmm-0c108db013998764ddc5c683f7f706cf24d607fa0a2791016ea465abdeda3880,LEGACY_QUOTE_REQUIRED
14905,vmm-d43f39ab278f5931b079269df1ca4ca35558473a0a15cba4ef896569d00190fc,LEGACY_QUOTE_REQUIRED
14906,vmm-9d1c3720bd0ace3996525dc5e438247b9a9f2e7b94b2b74f307b12e71e401fac,LEGACY_QUOTE_REQUIRED
14909,vmm-15dfc3aee5465528b5a91d75995bbd4762ade3e835f6be697ccee3041e01cb3f,LEGACY_QUOTE_REQUIRED
14910,vmm-09e791581b48012505a7353cb5f9ed8beb7ec332462f23aa9a2573498047d914,LEGACY_QUOTE_REQUIRED
14911,vmm-0dcf4a5e215f481640f3ddb60fe418b0005390bf6e1be976a56161617ae12792,LEGACY_QUOTE_REQUIRED
14913,vmm-69686e4137299e33b2b254007036151eecd1c6451e470e21f91fd077348932a6,MASS_UNKNOWN_OR_OUTLIER;TRANSMISSION_LABEL_CONFLICT
14927,vmm-bd4de0402625b82d3854968cafb77138aceafd24f5abc0ec756d6e30894d9b43,LEGACY_QUOTE_REQUIRED
14928,vmm-64894939680c3a69658a0cd43ad25092cc95a50fa7f3e14ad27c96b6bb07ca4f,LEGACY_QUOTE_REQUIRED
14929,vmm-6919c441c25700b6006204fd597175bcb7606b05d95f9310712de4bdeacc65b7,DISPLACEMENT_UNKNOWN_OR_OUTLIER;MASS_UNKNOWN_OR_OUTLIER;TRANSMISSION_UNKNOWN
14930,vmm-859cc884410819451d1ccc241965611567523db583080bbe9a7a05daf8c290e8,DISPLACEMENT_UNKNOWN_OR_OUTLIER
14941,vmm-e1e9a7d28c487ee958918f31b6ca8f60a73eb81a4481e1e61dacc51d46095d46,MASS_UNKNOWN_OR_OUTLIER;HR_PARTS_AVAILABILITY_UNCERTAIN
14942,vmm-6a1fb6c3b65377bf21b776a80f2d44f73932fc9198581f86d0f446327d51a02c,MASS_UNKNOWN_OR_OUTLIER;HR_PARTS_AVAILABILITY_UNCERTAIN
14943,vmm-1681f63e1f97bbec0ebe37a29a1de64735f1c989ff17b5e6047d164174d7b3de,MASS_UNKNOWN_OR_OUTLIER;HR_PARTS_AVAILABILITY_UNCERTAIN
14944,vmm-aadd2c28b541da27fd59b03b871e217e7cfc15c83899fc95ff1ff96785a6391a,MASS_UNKNOWN_OR_OUTLIER;HR_PARTS_AVAILABILITY_UNCERTAIN
14945,vmm-2ffb4bcd62ccbb3dc0eeb47f4d5a922fa71fc2bb0fa12cc1dfa9d8e2bda54d41,MASS_UNKNOWN_OR_OUTLIER;HR_PARTS_AVAILABILITY_UNCERTAIN
14946,vmm-b545265c2bffab58bf61f398e13ebf2d7d2f408e69386e618a5799f686d866b1,MASS_UNKNOWN_OR_OUTLIER
14947,vmm-5e01532cf890ba9c34ff4a950758816e41bbe322eb842d63fa5a7216f143fd30,MASS_UNKNOWN_OR_OUTLIER
14948,vmm-674e52f60918f73910f455d842cecb3b875f1149b6b9f70619b9da2cc8128a0f,MASS_UNKNOWN_OR_OUTLIER
14949,vmm-a3aee2c889b71cdad7205cb1505c00df3377c72923a838b88dd506862fcfee97,MASS_UNKNOWN_OR_OUTLIER
14950,vmm-cf6cc6b2361c8113d3b20425f694ae75e677b95a6d401e355779658b7a4dbbce,MASS_UNKNOWN_OR_OUTLIER
14951,vmm-a0efafad566a41b9018419f3a82bd96cf21d2e1a677d66b5245bd439dff5f7d4,MASS_UNKNOWN_OR_OUTLIER;ROUNDED_FOR_INTEGER_STORAGE
14952,vmm-8d15ac3aa527167fd4c18f4ac1592f7de3fa78e681874368eebe7ee6ab953325,MASS_UNKNOWN_OR_OUTLIER;ROUNDED_FOR_INTEGER_STORAGE
14953,vmm-bb897fd308a9aed2f70ee314be8aff3084342e944f6cfa09eb2b402b31c88e0f,MASS_UNKNOWN_OR_OUTLIER;ROUNDED_FOR_INTEGER_STORAGE
14956,vmm-c37ddf28ee3c7df03ccd26cdf28e2a18baf60cd0d98d184a09517479bb9be3d1,EXOTIC_QUOTE_REQUIRED
14957,vmm-3c88adb4e5560df7f0cdb373c30fbe83955b0bfd84d2dd98409ced7a68f649f1,EXOTIC_QUOTE_REQUIRED
14958,vmm-99dfaa1d1639a0968b61709b6eeac89787c3ce66a4f8ee9be91e6c3447bb0fe8,DISPLACEMENT_LABEL_CONFLICT;EXOTIC_QUOTE_REQUIRED
14959,vmm-95ba54ec51dadc5fcf49ee938f8455ade68024557932b2ea2fe7a1d20263a650,EXOTIC_QUOTE_REQUIRED
14960,vmm-c71351d91c6c2386e72c2534f8e86d5f2a3b739748938b9af40f91a380ac8c7f,EXOTIC_QUOTE_REQUIRED
14961,vmm-de224585b3abc38b9d60e30925f4eaceb0c0ad921db79d598e6d762fd7d5c8d9,DISPLACEMENT_LABEL_CONFLICT;EXOTIC_QUOTE_REQUIRED
14965,vmm-0730926aecb62bca0c489f4baa57bd092443b676d01fc395e92d232c8df5c5d7,MASS_UNKNOWN_OR_OUTLIER
14966,vmm-132996fd6283c3ebb771e10e6ac07d8ac43d89311939f3e05ca521bf89c1cbd0,MASS_UNKNOWN_OR_OUTLIER
14974,vmm-855e1c6f5e26981b6a93ca5074269db4ccf9afcf13e03bbb8a2651aa81a5f8c3,LEGACY_QUOTE_REQUIRED
14975,vmm-88aa0f09eef4c1ab8af69c693548a98eed1d02e545e6c7602737b49b753417e3,LEGACY_QUOTE_REQUIRED;ROUNDED_FOR_INTEGER_STORAGE
14976,vmm-d5e7ce51876bd15a62f121695e8f0d4e3e12b8bcc7393dfa3d2180041b344eed,LEGACY_QUOTE_REQUIRED
14982,vmm-a7649a759af10997ce3457dce59ce8ecb7784899488898e14440f6d3be8514e8,HYBRID_COMBUSTION_FUEL_UNSPECIFIED
14996,vmm-abc94cacf57f87f820426d2ee150bf620444f4ec87259c1ae190f3a4bb566a8c,LEGACY_QUOTE_REQUIRED
14997,vmm-7918ddf60f1d2294670c0de1670a8d2cac07193a57d98768adc072aabf461356,MASS_UNKNOWN_OR_OUTLIER;LEGACY_QUOTE_REQUIRED
14998,vmm-2abb8aeb3e1cf43222f24f9d84bb140cb523c866274d21428e90940749bbf36a,DISPLACEMENT_UNKNOWN_OR_OUTLIER;MASS_UNKNOWN_OR_OUTLIER;TRANSMISSION_UNKNOWN
14999,vmm-f9c7903c3a6466c875f2329804271cd369d1ca00b9672e43ec8d1a4e887f276a,MASS_UNKNOWN_OR_OUTLIER
15000,vmm-8ed20ecd260001bfb9df37529310ffa4f44d809e239aeb5faad28c21d3eb665b,MASS_UNKNOWN_OR_OUTLIER;TRANSMISSION_LABEL_CONFLICT
15001,vmm-efdf0325e2d7ba76e6d0dc762d75b0fb0c709d57be2fa058d1acd765c295b916,MASS_UNKNOWN_OR_OUTLIER;TRANSMISSION_LABEL_CONFLICT
15007,vmm-eb11430b9efabf5c288abda2a970ef26376b089a53574e7604344a1eeff10889,MASS_UNKNOWN_OR_OUTLIER
15008,vmm-45afac6fa2c0533045120780aed2286c8f2c87f6e1434f57c704dc122f27b066,MASS_UNKNOWN_OR_OUTLIER
15013,vmm-143e99cfae51a9c084253022ec326ffb7367661e0f15612f1164f1d52ab72b3b,MASS_UNKNOWN_OR_OUTLIER;POWER_UNKNOWN_OR_OUTLIER
15014,vmm-81622248a5ee12a620afeae0eb2031793c2d1b3ee0df48dd3fbceab765325400,HYBRID_COMBUSTION_FUEL_UNSPECIFIED
15015,vmm-7c1787c506941f077951b7a9c43086eed8a07b983114ac3cd150b28a10b5c484,HYBRID_COMBUSTION_FUEL_UNSPECIFIED
15018,vmm-ef5f54d6942d96f2fa625beb6aa55275746b91e33445714ed4b9407a69fd9008,LEGACY_QUOTE_REQUIRED
15019,vmm-3ef2ce25ec4d0a188f58f4b533fb07e8a58c4ab71ad08a7c67eb1a6e60dccc5c,LEGACY_QUOTE_REQUIRED
15020,vmm-76f28442d843be95e4acec4c9eda53160691fd99976bedffc1a8d72529724981,LEGACY_QUOTE_REQUIRED
15028,vmm-3d097212ba849bf9d3ae36630d5dba446d4a5c2d1259b2f4f3f347e3eefbc241,MASS_UNKNOWN_OR_OUTLIER
15032,vmm-07345b353010f66268b2d140fb7a2cc9564083e9b00db2fc01effe03b440afe9,MASS_UNKNOWN_OR_OUTLIER;TRANSMISSION_UNKNOWN
15033,vmm-6948f1dadc528eba9c701bdcf14bbb88dacafd150bb96b4d71350162f4a8dbe4,MASS_UNKNOWN_OR_OUTLIER;TRANSMISSION_UNKNOWN
15034,vmm-022fd57b4e2a677555315eeac105a7ef8a7881bd2257ec743b71717a109f9d2a,LEGACY_QUOTE_REQUIRED
15035,vmm-b511accdd92b46d133a489ded625a816a147e60d2963cf404fecae03e2fb6048,LEGACY_QUOTE_REQUIRED
15036,vmm-db799967070937c61fda1ccca68d0a9786c64c18bcc2dfdb9c16c9c3791bc385,LEGACY_QUOTE_REQUIRED
15039,vmm-2f250719b0342d82bd2df9d24d25e8f9c123f277603570eca570d0d77dc5d8a0,MASS_UNKNOWN_OR_OUTLIER
15042,vmm-50991de71c5861f0b0822fb2bf14d0912e3e9a93b5555e887cbb581972df83b4,MASS_UNKNOWN_OR_OUTLIER
15047,vmm-556c892e3b3ea535249a0cb2ff96595b802b42de2e89e4febbafc2bf0c926e27,POWER_LABEL_CONFLICT
15048,vmm-d37eaca8eef0a712cfae0720b48007e8b1da9a0ed48073956e788839c154a002,TRANSMISSION_UNKNOWN
15053,vmm-ed788b3aeb2f448871bb1999b1ed1d640fbb8af5e906ebf69497f812b0161b5c,LEGACY_QUOTE_REQUIRED
15054,vmm-5781b433051976ea9d5d23c7835b4f5b430b70765631d2dde74e38b709a16a9e,LEGACY_QUOTE_REQUIRED
15055,vmm-0f0dd668e01f7242c11ba697b7d97b71c0f9382e65c2e027f45fecf5f96ac1df,LEGACY_QUOTE_REQUIRED
15056,vmm-0da7deac1cadbecd3f49dc3364a8dfb0b01222a38e87e9a971468f3d5d213786,LEGACY_QUOTE_REQUIRED
15057,vmm-926c270a65584785022358814bf034c45bebd4549c2f0c406bb00e3731acc699,DISPLACEMENT_LABEL_CONFLICT;LEGACY_QUOTE_REQUIRED
15063,vmm-beaf477b15e2676bfdfe337ef350a3b32622edb6128de0f18625520e6adc5e2b,EXOTIC_QUOTE_REQUIRED
15064,vmm-93267331ae285ce8747d14f7581e3ddfc8534d636393811d23c6f123f309d65f,EXOTIC_QUOTE_REQUIRED
15065,vmm-e9f8a378bd24122ec1ca06fa3cfd51445c1401da78dfdeaa368e568597151427,EXOTIC_QUOTE_REQUIRED
15066,vmm-959e07c87b65fcdf7e2e3243c335b879910aa89a3476f56c0355a03c9cfddeda,EXOTIC_QUOTE_REQUIRED
15067,vmm-0484bd39e3aef2c66d7d774e8b05b27a67df71516d8eb6b52ee4fb61115652f4,EXOTIC_QUOTE_REQUIRED
15068,vmm-45f285a2f73b737b308c4b6de11100a062902ea4dfb40bed5054f421830fe37b,EXOTIC_QUOTE_REQUIRED
15069,vmm-33feec0cb0615dce52ae74d68b340a9947138252a34c01ec46bb2307db2f6472,EXOTIC_QUOTE_REQUIRED
15073,vmm-633ebe51d2738deb4ef0fd226432d25f5a30e684dd20151d3da39c702c82ee22,LEGACY_QUOTE_REQUIRED
15074,vmm-ea4630376d9baa4ef442d1c68952d576a9f77239b429bf8a408f13b756a13221,LEGACY_QUOTE_REQUIRED
15075,vmm-88d67a691c57fa59c3383c65cfddc735d7d7d2abd3eb90ebc96aa80a6d2f6dd1,MASS_UNKNOWN_OR_OUTLIER
15076,vmm-2868a14a21076c8cef9c58bbf45dcca32831a9b64610f3523d12d1a96f364edf,TRANSMISSION_LABEL_CONFLICT
15077,vmm-d1714f74a6db65fb4bbc745051da99324a644443dccd5e279a56d65df33a24a4,HYBRID_COMBUSTION_FUEL_UNSPECIFIED;TRANSMISSION_LABEL_CONFLICT
15078,vmm-1438b5a58a80432b7250f51cff65ba90e4aa5bb9b59f369e9f9a53483c30f677,HYBRID_COMBUSTION_FUEL_UNSPECIFIED
15103,vmm-a5c5140899c636e2ca4ef3a1cd09e4ff72a72a322976b4b9c052e7275a19cca2,MASS_UNKNOWN_OR_OUTLIER
15104,vmm-cefd2642a5db0e6cb17df02ba172d53db34c3a10cf0d960cee5f4a696610eec7,MASS_UNKNOWN_OR_OUTLIER
15105,vmm-13e8a3f54852a0c25c782a97bf2f07a2d052364861981ceab47ba6b3ab798841,MASS_UNKNOWN_OR_OUTLIER
15108,vmm-2ff762b310b9dafc4a774c0a0852a30b818733125a84f503a1b2e5f2e8e4f154,MASS_UNKNOWN_OR_OUTLIER
15109,vmm-4fc82a98397954e92108100e6ea0c47d02510c95954ab456e47b0e5fd5a42bda,MASS_UNKNOWN_OR_OUTLIER
15110,vmm-89b0a4fad8c74ebacf88077639c6a6cdb50af76466a82253bcbffdf26bdd5edd,MASS_UNKNOWN_OR_OUTLIER
15111,vmm-53e474eb8e3c60f72b718910eec0080380f94cc7a45424ac5d7abf8ce160abed,MASS_UNKNOWN_OR_OUTLIER
15112,vmm-88e2a136678d91086f4c62c3ef1da093ea7624db1beb64613707d22f5dc57861,MASS_UNKNOWN_OR_OUTLIER
15113,vmm-e5c1a30b30c399fe2e576650810d61e250231c1f97307a11aae319c21e5dcafc,MASS_UNKNOWN_OR_OUTLIER
15114,vmm-72d4f076d02194410bf5afb4109a42e372274fb0ce07ca3f502fc7ef506e339b,MASS_UNKNOWN_OR_OUTLIER
15142,vmm-a6ca2201efc90593f72b41025c44adbf6e144c10fc18403e57cc719ba74724e0,MASS_UNKNOWN_OR_OUTLIER
15144,vmm-56a49355a688b390e142adf7d5ce87adb5e5b4a69d45f786f1928753b3d99707,MASS_UNKNOWN_OR_OUTLIER
15147,vmm-3386653ec0426e400a3d0fe9be5c73ca0acfbd690012ec0b52fa244916c2b7d3,MASS_UNKNOWN_OR_OUTLIER
15148,vmm-f80ba7c50261fed54f701142c5e2045c70157432d89d638faacddceda698977a,MASS_UNKNOWN_OR_OUTLIER
15149,vmm-7f22224ad3a4d250614af17c6db9e5758e1f56e6aa814437158660860c30a50c,MASS_UNKNOWN_OR_OUTLIER
15150,vmm-0f1b8168b11426f85c45948ae8aba1bcb7ea330f555430525d6a815c5537e418,MASS_UNKNOWN_OR_OUTLIER
15151,vmm-82f19b82c8ef4487ab71f717e9817d9517f3ada399903e6fac52720ac97275aa,MASS_UNKNOWN_OR_OUTLIER
15152,vmm-c3b38abb660ba90d8b4b8a8d9a3e405541c281cddcef9dfb274808890867c1fb,MASS_UNKNOWN_OR_OUTLIER
15153,vmm-f50173439fcdb22236b28fb1bf55fa31fa384e47e47ab5496518b4cee36bfbe3,MASS_UNKNOWN_OR_OUTLIER
15185,vmm-cdfaf46a055a59b666db088d593d4d6439287ed34a6e9a53328e64a97db139ea,LEGACY_QUOTE_REQUIRED
15186,vmm-c9f12ea3293625910fa30efc42ed8abfd7e1c808cb0715fc63cab11e51259017,LEGACY_QUOTE_REQUIRED
15187,vmm-c52d6f9b2073dbd281b817adfb774223059ceb9ad04038d8d9df4d01d72f2246,LEGACY_QUOTE_REQUIRED
15188,vmm-091ed8a8faad66e490a81f6e53ced972a0ddfe8c957fe1e465c9b6291e2b5e61,LEGACY_QUOTE_REQUIRED
15189,vmm-6961e3c62a166e7f57e11955577b6daa35baf03f2bfbdf01a2339b66e64ab864,LEGACY_QUOTE_REQUIRED
15190,vmm-227298a6806d75b97c1bbc40382df8bf444ab0427732a966124701fdaddf07cf,LEGACY_QUOTE_REQUIRED
15191,vmm-0e2efa32bc1b578bed3325de304777c841ae70a61f793f4a917de0b346e07297,LEGACY_QUOTE_REQUIRED
15192,vmm-a73894b39d63d8961e2d0fff22860943a371e9629eb84ac0d8665b34f0343b96,LEGACY_QUOTE_REQUIRED
15193,vmm-d200f92fc715da8dd79111ff93dcca7dd38cb3642576221773e13f5bdcaddcd1,LEGACY_QUOTE_REQUIRED
15194,vmm-b66291c87c31537b1d05ae0fbdc684c0c6df34ecb9099781bdd364c13d8ee097,LEGACY_QUOTE_REQUIRED
15195,vmm-e60c721f1b9e3eaa5811d24ef07208dfc09e014c57630df9f0e280ba01253556,LEGACY_QUOTE_REQUIRED
15196,vmm-0aadd55797a2f87d2a711ad98e3ecd3946b1c63f6e6de9eceadb616e9a0c7137,LEGACY_QUOTE_REQUIRED
15197,vmm-06b01caf8d9231419ef9470f31577509b9d29f4b6f2fd41d4e68cb613c6c4aae,LEGACY_QUOTE_REQUIRED
15198,vmm-023b2d71ab882c57fbecaa190c2a08ca65320400318dd74eee47bf7d02d48ce9,LEGACY_QUOTE_REQUIRED
15199,vmm-c84369152c02e7d135190920396e287f78331c08c1307c377a5e03e8d3730a56,LEGACY_QUOTE_REQUIRED
15200,vmm-43bd3b331ed724f617af2b68b92ed5c4e489934548c492d2000d08a3a915bef9,LEGACY_QUOTE_REQUIRED
15201,vmm-d5da4f689799c6e6e942c62cb8b4b1467330bf5ef63207c8ad645960857402cc,LEGACY_QUOTE_REQUIRED
15202,vmm-289578ddfd7990b8937bc71c110a73faef9f190da1a8a82c7ea67934c2792667,LEGACY_QUOTE_REQUIRED
15203,vmm-ead6c319ab49db80f87e18ecce2fed80eaf84e34fc82817d9aecea62cc858ad1,LEGACY_QUOTE_REQUIRED
15204,vmm-675084cfd099a6885d0330e6feb2bc721ad540ddf9b3c6d2e49d96d4382ab229,LEGACY_QUOTE_REQUIRED
15205,vmm-11dff2ebe43c0a6e97a9a5aa05c19f441edfa9348870ddb44849b5f146e01830,LEGACY_QUOTE_REQUIRED
15223,vmm-81df74d38f910b2393d2b6c1bc35eb6048e5fe9ba41972d181caaaf0aab2d3fe,POWER_LABEL_CONFLICT
15235,vmm-ceeb8a72087f23d571897ece90d7188a7888ac1f7dc08391c980fc396c285086,MASS_UNKNOWN_OR_OUTLIER
15236,vmm-c8f517d45012cc7274522a04ad5d803fd836ef83dee6fc624a69ba2d1778d318,DISPLACEMENT_LABEL_CONFLICT
15237,vmm-412a744bd01f218132d75316b964237f26ddbeeced9b1cd35bce61de09152e96,MASS_UNKNOWN_OR_OUTLIER
15238,vmm-9831655fe717b2a6b3a113fecf1b44fbd0e8a6e154e25ecd757ff38d039a7949,MASS_UNKNOWN_OR_OUTLIER
15239,vmm-bd3aecce0a77163f31ddc260aa896c4845d5e8a55b2185aa36342089d373cfb6,MASS_UNKNOWN_OR_OUTLIER
15240,vmm-ce592497ecf0f96ba8d1ed35d627ea1ce5d710483448bfedacb8bff0ac403bca,MASS_UNKNOWN_OR_OUTLIER
15241,vmm-1deb2df1774529ee5598381ba4a8362e4174b4d9062eddba704bdf8704e12ac5,MASS_UNKNOWN_OR_OUTLIER
15242,vmm-615e023566bf030329e14d91a003b8bda1f7361224f4c6a0935ecf9a38ce5757,MASS_UNKNOWN_OR_OUTLIER
15243,vmm-3c1e05faaa10fb2c4389f64a8788345fd2a80ff93ab72c410dbd16d71fe4fd1f,MASS_UNKNOWN_OR_OUTLIER;TRANSMISSION_LABEL_CONFLICT
15244,vmm-9e45ddfe671ac29c77d0d75b96111eae4918e25d88bab07ec5a24ff8ae688a83,MASS_UNKNOWN_OR_OUTLIER
15268,vmm-ce3eb9c7d08e5621ff14d7696b903f199ea8bac12e1ca520dabdd9ea9e28041d,MASS_UNKNOWN_OR_OUTLIER
15288,vmm-1260d5507c82fa9c4e5efe5726ce03ff5f9d06fba161d95f386da987fa4af293,POWER_LABEL_CONFLICT
15290,vmm-fcacb3167bbf1d48ebe1712b61328c042ea9383030a1e4c1cf2f86accb83cca6,POWER_LABEL_CONFLICT
15326,vmm-79df0322f0b8bac2ee361df2114f46df41ec7183b0226e8bbfc6224b1d36509b,LEGACY_QUOTE_REQUIRED
15327,vmm-50f10762a6bd17efbd28e17f396449ffb534aa875777e5855b9ec562f81e1aca,LEGACY_QUOTE_REQUIRED
15328,vmm-c2b5062f4eee02b1f80480f112b46989c1fe050752536b1fd1593650db386a11,LEGACY_QUOTE_REQUIRED
15335,vmm-3d61b46486b52a0ff82998bd1b800b1186092a9c1a0b111ad40f5700b79b6e26,MASS_UNKNOWN_OR_OUTLIER
15338,vmm-ed024fca029fef5d7bc267210b0b2a63a4296d344c5fc0fdd19712b0d0f7a7b0,LEGACY_QUOTE_REQUIRED
15339,vmm-c80c7cae818bfc3f58242efc3e9420fd5b4a71e9be163f2ba3ec1c2aa9e4c6b8,LEGACY_QUOTE_REQUIRED
15340,vmm-2c90b0d882a9e996d164a3c2cbb9b3d041422b3706674e44e18ece39c37e6fb0,LEGACY_QUOTE_REQUIRED
15341,vmm-18963672f71b7835ec9b14dd6880b6bc5ae450671acbd03567fbca6ab593b42e,LEGACY_QUOTE_REQUIRED
15342,vmm-9be83b33096edbbeb0ba6a9bd830ab9b5e2b52ad5d3522ddc6e588b72b9d36be,LEGACY_QUOTE_REQUIRED
15343,vmm-ee47c7c52bfa397ddc2085cceeaf8fa2ddbecae09e541d4551eba5d3e8ff88d1,MASS_UNKNOWN_OR_OUTLIER
15344,vmm-1f151389a6e9ced0b8f11e0315acc4e30534858575bb29a36ecb4f019f501e17,MASS_UNKNOWN_OR_OUTLIER
15347,vmm-b86060dc20f0678042054150528975352cf92b2d1423962857ca601a79d33d12,MASS_UNKNOWN_OR_OUTLIER
15348,vmm-6ef3a6f101db1d2dab8c5b325856cf07577ab3a1b9eb853d7246c9c46aba2c9d,MASS_UNKNOWN_OR_OUTLIER
15349,vmm-6a63c82d85f992b5fdabea82f4159b0a6914f06794a14b60a7da85f8147dc12e,MASS_UNKNOWN_OR_OUTLIER
15351,vmm-8f27c257c646a5c4a203f1856d4586fdfe670b45bfcd4bff07105f9751d10cdc,MASS_UNKNOWN_OR_OUTLIER
15353,vmm-d0ba3772074e74b8fcb96c733758a7759081617ab564d1b996edf6308d4c7f56,MASS_UNKNOWN_OR_OUTLIER
15354,vmm-df48e06d8d0b1189fe650fe644ad6a2e5957c2956519a521870b6ff57c636d79,MASS_UNKNOWN_OR_OUTLIER
15355,vmm-396501d66c7f82f26aba71632c9f41cd2ba44893a300aa64d8a5ff7250374ac0,MASS_UNKNOWN_OR_OUTLIER
15367,vmm-46ccac0d44ebba9a542925d5fa095859b60bd8ad074ec3d793a85cd9f83da397,TRANSMISSION_LABEL_CONFLICT
15414,vmm-e94dd43c88c81933b5ef873018b7286aedfaf6617927b4e21fad3fac6498e353,HYBRID_COMBUSTION_FUEL_UNSPECIFIED;MASS_UNKNOWN_OR_OUTLIER
15415,vmm-65fd064e92524f2473e81450b494bc15af5ecdd8fccfa5ecc876f0f974fb0530,HYBRID_COMBUSTION_FUEL_UNSPECIFIED;MASS_UNKNOWN_OR_OUTLIER
15445,vmm-f2c56fcceb26dce84c5df1ee6e49b0606f5160138b10e56a54c38d4021eefdd9,MASS_UNKNOWN_OR_OUTLIER
15456,vmm-56d3b64f7eee3b62c57eebfa1b57e39fb107bb7a3e7cc153c2fde100f65d6316,HYBRID_COMBUSTION_FUEL_UNSPECIFIED;HYBRID_FUEL_UNCERTAIN;DISPLACEMENT_UNKNOWN_OR_OUTLIER;MASS_UNKNOWN_OR_OUTLIER;TRANSMISSION_UNKNOWN
15457,vmm-39c0fb95ae9991c524dc54fb8e4b36df3cdb0268107c050bbf876ada7da26986,HYBRID_COMBUSTION_FUEL_UNSPECIFIED;HYBRID_FUEL_UNCERTAIN;DISPLACEMENT_UNKNOWN_OR_OUTLIER;MASS_UNKNOWN_OR_OUTLIER;TRANSMISSION_UNKNOWN;ROUNDED_FOR_INTEGER_STORAGE
15458,vmm-29c03192709b800ba9b354db4704c0644aa2b439977a4611cc57191442f2edb6,HYBRID_COMBUSTION_FUEL_UNSPECIFIED;HYBRID_FUEL_UNCERTAIN;DISPLACEMENT_UNKNOWN_OR_OUTLIER;MASS_UNKNOWN_OR_OUTLIER;TRANSMISSION_UNKNOWN;ROUNDED_FOR_INTEGER_STORAGE
15459,vmm-e100ddafda7dfceb8c337aa074fa742315634c09dd6897d1b7a2dbdf5f438e86,MASS_UNKNOWN_OR_OUTLIER
15460,vmm-0e067ad368ba10d2df3697bc831dfae1580bda4154bf5e776eab028cb0ba7d4d,MASS_UNKNOWN_OR_OUTLIER
15461,vmm-c7af4b1ba6b953696b85aec0ebc0e25502414b5d3225d07fdc1295c54d42d48b,MASS_UNKNOWN_OR_OUTLIER
15462,vmm-c7296634f8d396d29a14a309f500f14f2b4e2397a13de1e60fc3030b7632a70d,MASS_UNKNOWN_OR_OUTLIER
15463,vmm-2222a988d91e17477c880a068feb37d319e66d933abe81364ed9f569c0073277,HYBRID_COMBUSTION_FUEL_UNSPECIFIED
15469,vmm-b3aff13f7d7ace2ff3aa0264fe5b887b064cc5250ff434713133c6de7c94a799,MASS_UNKNOWN_OR_OUTLIER
15470,vmm-4cf73f2188f169c5983a297afdde4281b024d2be05209f27fbf63a72d7b9c817,MASS_UNKNOWN_OR_OUTLIER
15475,vmm-3424eb971d607b024b19b4d9bc59f6b712603f843adea44bdfccb9c61fbd7ddb,HYBRID_COMBUSTION_FUEL_UNSPECIFIED
15476,vmm-671ca699afd4dc454da1a4b4732ceb529c62937adc0833d3c094da809379cb30,MASS_UNKNOWN_OR_OUTLIER
15477,vmm-10b4424f79cff9a74fa76408de58e8e17230a4552c1d4e8f6516f8f2d8fe0759,HYBRID_COMBUSTION_FUEL_UNSPECIFIED
15478,vmm-e285c6d4a2c3210a484c9220ef08f17e7daddb5b96e9b671bcac732179dd6569,HYBRID_COMBUSTION_FUEL_UNSPECIFIED
15492,vmm-574035278952e44ebab217aeaed343abd28888b1724b807217f04cbda6acb932,HYBRID_COMBUSTION_FUEL_UNSPECIFIED;CYLINDERS_UNKNOWN_OR_INVALID
15493,vmm-5db3f26a0471c25eca1d8991b74074cd2f0eded4436d0e7867c278fb4c6ec1fd,MASS_UNKNOWN_OR_OUTLIER
15524,vmm-9587af2758911fdc06262ff21402639dad11daa0e59d879759e52c0336f90451,LEGACY_QUOTE_REQUIRED
15525,vmm-4bd24642c8bbaf1fba7ce549bcc4aee040cac4f41bf2e56c96ce839feaac6aa2,MASS_UNKNOWN_OR_OUTLIER;LEGACY_QUOTE_REQUIRED
15526,vmm-4ba1ed7eb1b0476835af2bcab1b8a72842a7a83dd2685afb3b0a316641bfdfd6,LEGACY_QUOTE_REQUIRED
15527,vmm-cede92dcce5def6f87e55e879c6353abc6840781934f8a27353300f831e2ffe6,LEGACY_QUOTE_REQUIRED
15528,vmm-6b9118ad2aaeb7c09283ef7bc7781a25fe1f5e14e578424ef359ef54f2df8958,LEGACY_QUOTE_REQUIRED
15529,vmm-0b58b51714b24456808de009147faba2da318ce05baecd79ae31713712f09706,LEGACY_QUOTE_REQUIRED
15545,vmm-90551ef8eeee79415925b7e6ba546d168903906bd74d33d2431d73762c8b94f5,HYBRID_COMBUSTION_FUEL_UNSPECIFIED
15563,vmm-d949f676b297c1f374a5831ce3425ab6861d5119babe6effa87bb36ddcba60ce,EXOTIC_QUOTE_REQUIRED
15564,vmm-5daed4593800316d9ea2618063ac2555e252e8a3a014a074057eb6aa65c708ab,EXOTIC_QUOTE_REQUIRED
15565,vmm-897f89f5add771599f2bb8bbc1e8f0c08a388d4e67292edd3bb83f16970470d6,EXOTIC_QUOTE_REQUIRED
15566,vmm-4e8396acd5656723abcf192323013575d0e56d9e5755a9629f4cfa5328ce2518,EXOTIC_QUOTE_REQUIRED
15567,vmm-ac33af1e3e672abfec35cdf3a69027b056a4c6e26d31fd100981c8174dde7c8e,EXOTIC_QUOTE_REQUIRED
15568,vmm-d59635ef145da9113ff123d2e0b83739ef0951891ec013c52610659e5cefee25,EXOTIC_QUOTE_REQUIRED
15569,vmm-aca9ed3530d070de2951bd7b6e929df1715761e945dbf4f3b21f600bc244595f,EXOTIC_QUOTE_REQUIRED
15570,vmm-de13cdf5601174d250f6dba06b1ca5dc25ae966ec256eafa83296c33025c52db,EXOTIC_QUOTE_REQUIRED
15571,vmm-c93deb4e1d15391c0c6e25811cecfe208f0db595a777510067c8b3863763e3ac,EXOTIC_QUOTE_REQUIRED
15572,vmm-6185e02b048b118d73df64f89e3d83d68985630875d90e3471f0372f4809f36e,EXOTIC_QUOTE_REQUIRED
15573,vmm-ebde244449c3d71085f40cc41ca855e66c2df72d65adb512f3a9a0648155a54a,EXOTIC_QUOTE_REQUIRED
15574,vmm-67c02410f0ed02e7ad0a8969c7730932a949e9ca0e0c6d26d8d452cc1375e34e,EXOTIC_QUOTE_REQUIRED
15575,vmm-ae6ea8166d7ab0a8f5473aa04deae2ff2d34e577d1a63fa1ef83bf1e5099a9c4,EXOTIC_QUOTE_REQUIRED;ROUNDED_FOR_INTEGER_STORAGE
15576,vmm-ff3fbb8946104d524b13727cb953d81bb610e20a79149f5b63540d94e554119a,EXOTIC_QUOTE_REQUIRED
15577,vmm-8a5c41860edc00a00256dbc078b1decaed9a759ffe88fbd2354233b2eb220f9c,DISPLACEMENT_UNKNOWN_OR_OUTLIER;EXOTIC_QUOTE_REQUIRED
15578,vmm-a8cd14eec66f2b2685c57d3157ff4c30fe3dcb5108bef6083e8bc0d1e6d05b05,EXOTIC_QUOTE_REQUIRED
15579,vmm-cef43347beb92e5ee1dd35ae8c16fc0054559b9a9e849522da77dc781d5eec8e,HYBRID_COMBUSTION_FUEL_UNSPECIFIED;EXOTIC_QUOTE_REQUIRED
15580,vmm-c6ba4796cd904de45bedd59a95c70184b6db097d707a497090bf814853e24f93,MASS_UNKNOWN_OR_OUTLIER;EXOTIC_QUOTE_REQUIRED
15581,vmm-287b524c393dc062f617960bf45532c78d3e9b2c4d6a6fa795dedebe726c2a55,DISPLACEMENT_UNKNOWN_OR_OUTLIER;MASS_UNKNOWN_OR_OUTLIER;EXOTIC_QUOTE_REQUIRED
15582,vmm-0a1ed484e556b5fe9f7df9b08a0c172b4c335f2d8623c4f89695974abb6a89ce,EXOTIC_QUOTE_REQUIRED
15583,vmm-96a49669db0ca856e42d558c3eefeb6a33bee51f296f124368b6864a6eff96c0,EXOTIC_QUOTE_REQUIRED
15584,vmm-82324f553628dcd35ff3e225da10b0fdd63db5b771c215288119f0c74ffa8096,EXOTIC_QUOTE_REQUIRED
15585,vmm-ddef1204d2c4c1f4d94d5e0c1a8f245cba565aa14889bc9b49ebbca1f4ce313a,EXOTIC_QUOTE_REQUIRED
15586,vmm-ef0a1243cd37f0919b2cd2981e462a831e09be0a18e0d0d00a196a2e4f51ce8d,EXOTIC_QUOTE_REQUIRED
15587,vmm-50826ffa919ec071a53b514ffadc4d0d8f130565338b5238f8a498b1ee2c6835,EXOTIC_QUOTE_REQUIRED
15588,vmm-733fdfa6522f034c6516692aef105f4875825712f14e48812788a038f6fdd2db,HYBRID_COMBUSTION_FUEL_UNSPECIFIED;EXOTIC_QUOTE_REQUIRED
15589,vmm-b594f6009bd4c5ed3c3791b30283c6b7058f225a1b82800bcc92b256550a1890,TRANSMISSION_UNKNOWN;EXOTIC_QUOTE_REQUIRED
15590,vmm-a0c9f822f1b73da1d22fde184652fb3723066a09448b865b7875827701a29a39,HYBRID_COMBUSTION_FUEL_UNSPECIFIED;EXOTIC_QUOTE_REQUIRED
15591,vmm-8eaeda29e5cda955c9d9976d6f3a175d9f68625afd7a89e3dea44806f37610b9,MASS_UNKNOWN_OR_OUTLIER
15594,vmm-5cf3d52466002d7738cc81897197fd11d1f4775ad3c6f4b71f5060f7007a35be,DISPLACEMENT_UNKNOWN_OR_OUTLIER;MASS_UNKNOWN_OR_OUTLIER
15597,vmm-19bda42736bc216565be1e5a8626c36bc8ebc435372de59b6810780fa2fa155a,FUEL_UNKNOWN;POWER_LABEL_CONFLICT
15599,vmm-e0570dc89a9f056e1bde25f74b4573b8ad5960161f8cdc28430bd597257b3566,MASS_UNKNOWN_OR_OUTLIER
15600,vmm-3ed118ba80bca1085b1380a50743ea3dfcdee11c438465c1672568b9a3890053,MASS_UNKNOWN_OR_OUTLIER
15601,vmm-354694cd66d4790484fd0ba3e25409c8f1fb867d1b1ae0ec6860559755aee786,MASS_UNKNOWN_OR_OUTLIER
15602,vmm-cd43f3bc413d31cb8f0293da50029a629f0e7658f60413c9e14cf0f966b7e001,ROUNDED_FOR_INTEGER_STORAGE
15605,vmm-5944921e6719d158dec63d389dd7e364f00ec852035b4ec941f6005b825c1fa7,HYBRID_COMBUSTION_FUEL_UNSPECIFIED
15606,vmm-2c7c8348f51d227712749bb3a1345ec1ab2c97a9aa933899885723b5d638af29,ROUNDED_FOR_INTEGER_STORAGE
15610,vmm-f843cbdafaf83acfd997290fc085e7513b4ae6041c416a37a11c19d5c706ddf8,ROUNDED_FOR_INTEGER_STORAGE
15613,vmm-56d342c39f10dbaf432756f0bff6410c43ae84a0996c7fc992b593f27fc6a908,MASS_UNKNOWN_OR_OUTLIER
15614,vmm-b75860a6668382a526dc93caaf4773bede494f25f6df9d1ef775929ddcdc92f8,MASS_UNKNOWN_OR_OUTLIER
15615,vmm-e43ca16deaefd1f14becd600f9cfdc89c94154c6a41db085d749dd5663cbe5c5,MASS_UNKNOWN_OR_OUTLIER
15616,vmm-a0f175b0be78639daaa0b556bf01a52937773743da429d8f47007fea89db88dc,MASS_UNKNOWN_OR_OUTLIER
15619,vmm-540fa390f8a10937c772e6db8b61b5e982eade6f432af9e4f8aa711d3b1da088,MASS_UNKNOWN_OR_OUTLIER
15620,vmm-93fb8ddfd12af6c324289890a65ac5c5fd70be503a5c6e66059b3d5489b26957,MASS_UNKNOWN_OR_OUTLIER
15621,vmm-3ad9bffd9b504854dc4f7eecd4aae728741143839a5d195680e089509cc1cf4c,MASS_UNKNOWN_OR_OUTLIER
15622,vmm-8544346e547b4a2890052f789577086925f58344a46cf54664e0fe2b7959f532,MASS_UNKNOWN_OR_OUTLIER
15625,vmm-b7d2efa389e73d19d444c906e54058d23babb08a9ed7e4e7f9add5049a5da04c,HYBRID_COMBUSTION_FUEL_UNSPECIFIED;MASS_UNKNOWN_OR_OUTLIER;ROUNDED_FOR_INTEGER_STORAGE
15626,vmm-8b7e6ed8508cca11a2969ac0bf5c7cbdd5953013c07409aa5832c35acfc918e5,HYBRID_COMBUSTION_FUEL_UNSPECIFIED;MASS_UNKNOWN_OR_OUTLIER
15627,vmm-31f39be5af788521e8be9465a8721ef387d5c9f965bffccb26a2f696eae96f10,HYBRID_COMBUSTION_FUEL_UNSPECIFIED;MASS_UNKNOWN_OR_OUTLIER
15628,vmm-37e233fe1779849ff59fa1dab5b5efd896badf31e2717dca75606575b3d583de,DISPLACEMENT_UNKNOWN_OR_OUTLIER;MASS_UNKNOWN_OR_OUTLIER
15629,vmm-fb7cd82cb25848ac36ab0cce9c96d7310726b445b70b49b93228dafdfecf8d00,HYBRID_COMBUSTION_FUEL_UNSPECIFIED
15630,vmm-36ab91244a0bfa08c887873c597c04108ec3f2cd410dc3f841e368eb4b302f88,HYBRID_COMBUSTION_FUEL_UNSPECIFIED;MASS_UNKNOWN_OR_OUTLIER
15631,vmm-f9c9e4bc6948b141147323b79038e96099d6f820f83a9c535fc9e0a7775439f3,HYBRID_COMBUSTION_FUEL_UNSPECIFIED;MASS_UNKNOWN_OR_OUTLIER
15632,vmm-1152b681ac84f93a533ffb0601a13f0b53f40b06fb95729e953ba9e8cca44a31,HYBRID_COMBUSTION_FUEL_UNSPECIFIED;MASS_UNKNOWN_OR_OUTLIER
15633,vmm-41272084c3351b12ad3fdae0acb25ead9d9d3a86979ae693e592502affac97e7,MASS_UNKNOWN_OR_OUTLIER
15634,vmm-8a5b9d450e453c0ae1762faaa5aa895e867397d17329d487bf630f8979cab936,MASS_UNKNOWN_OR_OUTLIER
15635,vmm-718ee88cef413b2125a5ecb55770737dc763b55d058515d1635647da5564b299,MASS_UNKNOWN_OR_OUTLIER
15636,vmm-c0727ccd1bbb2fdab424a0a2ae41388a58d7bde875f3343d408e41dbacbf1336,MASS_UNKNOWN_OR_OUTLIER
15637,vmm-cb07cf0147f8eb4a2a79fe821d6ff3b76e36f138b8341ba935ef4e4119b005f5,HYBRID_COMBUSTION_FUEL_UNSPECIFIED
15638,vmm-11d27f3ae7901b51fa87a8747dffccfda56890326c7205b15b234ba4fe2601ea,HYBRID_COMBUSTION_FUEL_UNSPECIFIED;MASS_UNKNOWN_OR_OUTLIER
15645,vmm-99e1c4cf500c3ae61de39fb6337873d2208b396e33ef7829f61dc8f654cc40f9,MASS_UNKNOWN_OR_OUTLIER
15646,vmm-17bef32f59c8ba4910b4560d07e5d9e6076b8a86b00e569fd6a977f1cf227abc,MASS_UNKNOWN_OR_OUTLIER
15647,vmm-662226b71f35260fed257eca3582100374c003495a0e720902c43fce822b0f7e,DISPLACEMENT_UNKNOWN_OR_OUTLIER;MASS_UNKNOWN_OR_OUTLIER
15648,vmm-18bcde93693f2529281c39e88de5e7dde0c1deac847d30a68659804125cb720d,MASS_UNKNOWN_OR_OUTLIER
15650,vmm-ff21ea838c149c5e656b8dcf7e1f68c65216a1dae39a1526d9d2ef79560bc62a,MASS_UNKNOWN_OR_OUTLIER
15651,vmm-ba34ea670beae34cab4c03a4753bc64d82347c9185f80e2f9407f7da5fe78490,MASS_UNKNOWN_OR_OUTLIER
15652,vmm-0bcea8330e250a5c94aefdf697e8c6c565c4799e3d87aa9dafa53b041a575e49,MASS_UNKNOWN_OR_OUTLIER
15653,vmm-072cea7aac970a297bc87422ad5190377ae2d6a3970bb9160727b057fc3085f9,HYBRID_COMBUSTION_FUEL_UNSPECIFIED;HYBRID_FUEL_UNCERTAIN;CYLINDERS_UNKNOWN_OR_INVALID;DISPLACEMENT_UNKNOWN_OR_OUTLIER;TRANSMISSION_UNKNOWN
15654,vmm-461d6c745b8bcc98715b6337a816a0a69bdb7bf208ba44d883553a8df0fa31aa,HYBRID_COMBUSTION_FUEL_UNSPECIFIED;HYBRID_FUEL_UNCERTAIN;CYLINDERS_UNKNOWN_OR_INVALID;DISPLACEMENT_UNKNOWN_OR_OUTLIER;TRANSMISSION_UNKNOWN
15657,vmm-85132db588570301d02222494b98e94ffd574c31b88bcd3e3a8b5d868f7d7c5f,HYBRID_COMBUSTION_FUEL_UNSPECIFIED
15659,vmm-66ee0f3fda64b325bb12326e798cdc4a9e76d4569c1fe447fa995b321d641302,MASS_UNKNOWN_OR_OUTLIER
15660,vmm-99835ff20eefd9eaba05b17bfb2dde1af15e4fc96a9d9e3d6af35feb81c91e6b,MASS_UNKNOWN_OR_OUTLIER
15661,vmm-1fdf183f9940e57e2f0a5d06bf0b560b48776eae154757e368522c3f212870b9,MASS_UNKNOWN_OR_OUTLIER
15662,vmm-fc893211b5ad2b212d42ca47b9fe9cadeb851a033d09b7d76e928ef73bb37dfe,MASS_UNKNOWN_OR_OUTLIER
15663,vmm-6a1492f4e9ff7b8fc997331168775ea855e87a3770072081e774f7d87d09a924,MASS_UNKNOWN_OR_OUTLIER
15667,vmm-f13c20abb9d8dc52954550097cbcd446696ed74b93d08d5cd273398e1e053beb,MASS_UNKNOWN_OR_OUTLIER
15668,vmm-ccbcad3e5ab217d4b3a1a2dcec47d6267b3ee432545499be8306575fe059452f,MASS_UNKNOWN_OR_OUTLIER
15669,vmm-93275eb64e95ccf88f60655214d1bfe84fa8337a9eb90ba130b99c5496cbbc9b,HYBRID_COMBUSTION_FUEL_UNSPECIFIED;MASS_UNKNOWN_OR_OUTLIER
15670,vmm-05c4849d64945f2d8593095be7c56253d2a8a26f1c45140ca914cec3b0969152,HYBRID_COMBUSTION_FUEL_UNSPECIFIED
15671,vmm-b53a992bd0beda8aa1e777078ba6f7b4f8be8a7bddede108052112ba2c2b5de7,HYBRID_COMBUSTION_FUEL_UNSPECIFIED
15672,vmm-8683df7665b11fb40c98a33de3da7b1f8b54b8b6be53fd9d8ab1aa495ea61f73,MASS_UNKNOWN_OR_OUTLIER
15673,vmm-828fef6116df6f6d21f823637be03602c77a5b2e02b9650dd206af31940511f5,MASS_UNKNOWN_OR_OUTLIER
15674,vmm-2ae81a64b8e31d623265058706baaa5347eee3c8c6a89765f50b0fef69919a56,MASS_UNKNOWN_OR_OUTLIER
15678,vmm-4ee04340640fbae979e019cebadd683c3e847b828df173ecd420d415131b5a86,HYBRID_COMBUSTION_FUEL_UNSPECIFIED
15679,vmm-53979d3fe9af70576b7b1a7634299efe27eab4a54c9202f9408f5459d38c755d,MASS_UNKNOWN_OR_OUTLIER
15680,vmm-5f138f92f14cee51160343d7620b7c10e57817b77edd94f29b98536f3faeda79,MASS_UNKNOWN_OR_OUTLIER
15681,vmm-49d00e2efe8244628ebafddc4037b80a7dbfe240651f6a2d60d6e8e98571058a,MASS_UNKNOWN_OR_OUTLIER
15684,vmm-25a9ae1a316a33c8cf612abd6c3d420e9fa1bf62964ee25d626b4ae565f9d3a1,MASS_UNKNOWN_OR_OUTLIER
15685,vmm-b664ca9cf893edc5ae1d832d6159855b956ca746c56301232b023431adf4f8d6,MASS_UNKNOWN_OR_OUTLIER
15686,vmm-da4a50a4140722dce48ebb83c8b9b9ef662cd234e0b6411f709a00a93fc27609,HYBRID_COMBUSTION_FUEL_UNSPECIFIED
15687,vmm-606e9cb00bbaca3d2f4e0d367f08599b96057cf54fc2a71c22c765e5fe0a6cf7,HYBRID_COMBUSTION_FUEL_UNSPECIFIED;MASS_UNKNOWN_OR_OUTLIER
15691,vmm-ad421524e6cdc994c6bff9488e9982eb8b3e37a08558f690019461cc0312fb45,MASS_UNKNOWN_OR_OUTLIER
15692,vmm-9662d4c2eb4dfb8f583ad306b374ac534e17379cc29ccf53e62a35055fcb8d3b,MASS_UNKNOWN_OR_OUTLIER
15693,vmm-5c1c05fa3e731d4143a4f96f10f509174f66133d96d97a9a1a03bcee90a271cf,HYBRID_COMBUSTION_FUEL_UNSPECIFIED;MASS_UNKNOWN_OR_OUTLIER
15694,vmm-507ba56e851f0b370a9e72fb56581b53c46aa75986b7f070807d7bdbb5cfd444,MASS_UNKNOWN_OR_OUTLIER
15695,vmm-d7a7e0ed203689265539aed1cf7ad0fbf6b1ecd9dbc7a77e65dd40c629ddeb0b,MASS_UNKNOWN_OR_OUTLIER
15697,vmm-65223d9cbf2e93c02b53d227ca30c25befc013a99d384bda35567508030e8136,MASS_UNKNOWN_OR_OUTLIER
15700,vmm-1990b28931cc47271725b674ba8b2e0813e4348c1a300e3e01bf3bd18b74e94b,MASS_UNKNOWN_OR_OUTLIER
15702,vmm-dcb1049ca70f9b4e48bc7d979567a0cec4395e6feda34479ac57e609cb09d928,HYBRID_COMBUSTION_FUEL_UNSPECIFIED
15703,vmm-164d9621eae208d081d8306281a15dbd1f30f42df86fdabef21114e4ee841eba,HYBRID_COMBUSTION_FUEL_UNSPECIFIED;MASS_UNKNOWN_OR_OUTLIER
15705,vmm-2f7dafd28a917b0167123682c3368d00660a087057e86d1241ebd42935ec0f13,MASS_UNKNOWN_OR_OUTLIER
15706,vmm-03664d6a8acbf5b3de9921c0f2adae3183e53709a11073dfc9b18c4eb880ab0d,MASS_UNKNOWN_OR_OUTLIER
15708,vmm-e87c4099a31ba9edd09f37c83ddabda3fe164b2adfd248e7fa8d041df95a5c7e,MASS_UNKNOWN_OR_OUTLIER
15715,vmm-f21af8b57431a61736065f81a5cef84be99e8efb75e5cb3e953bfa5b66dbf8eb,MASS_UNKNOWN_OR_OUTLIER
15718,vmm-6083ef68b43e1ae2df00181e39dfe696f87f9b2ea8ee49ae5627974bdc591329,FUEL_UNKNOWN
15723,vmm-c2317c9954bb8a44336ee1c084173a229d2d391fd4eec815af1e205097eaca5c,HYBRID_COMBUSTION_FUEL_UNSPECIFIED
15724,vmm-10c15e1ba62607f2915b7164bb93b7f335494db57fc74ee5afad7ac13076a043,HYBRID_COMBUSTION_FUEL_UNSPECIFIED;MASS_UNKNOWN_OR_OUTLIER
15725,vmm-72feb769e10786d61689bddeccc38907673d2e341dadf2092e19c3132e8ca251,HYBRID_COMBUSTION_FUEL_UNSPECIFIED;MASS_UNKNOWN_OR_OUTLIER
15730,vmm-26183c9088179056513f808c57432e3655ea29f2ce59405d9e219bcb613b5366,HYBRID_COMBUSTION_FUEL_UNSPECIFIED
15731,vmm-c4c2b4d1d2e0af2667f1a0433a987e0ca1c8a441732994681e822614e0ee0b9d,HYBRID_COMBUSTION_FUEL_UNSPECIFIED;MASS_UNKNOWN_OR_OUTLIER
15740,vmm-b3751553ec778d513bb803fa8a0e4253c503ce6de458271605232a8b50dec2ab,HYBRID_COMBUSTION_FUEL_UNSPECIFIED;MASS_UNKNOWN_OR_OUTLIER
15743,vmm-07df04894ddb853ba49a7eb8572ba066b0892ccb8853f94c1c7b696584bb814d,HYBRID_COMBUSTION_FUEL_UNSPECIFIED
15745,vmm-6dbe7278cf1bc6a428351b3dd075ecca14f45aedbf742080202ae62f2c4fe579,MASS_UNKNOWN_OR_OUTLIER
15746,vmm-092865122425099e5f0969725e6349f4f801d385375e99b1123e9a50e6aafd74,MASS_UNKNOWN_OR_OUTLIER
15753,vmm-3df8470b5c9c60dc12899db2753a929f51a52069a058e031658444c5f7b81092,POWER_LABEL_CONFLICT
15758,vmm-4ff5486a52a369ea5dc28b1c3c8e520b970ab1f778285dfd6971f7822606ce7b,CYLINDERS_UNKNOWN_OR_INVALID;MASS_UNKNOWN_OR_OUTLIER;TRANSMISSION_UNKNOWN
15759,vmm-93bffa032fde303a8277b2d863fbc78589d329098cd113cc43f898fb7a4abd1b,CYLINDERS_UNKNOWN_OR_INVALID;MASS_UNKNOWN_OR_OUTLIER;TRANSMISSION_UNKNOWN
15760,vmm-c2c42fb7a2dfdd3517793e53dc6652b41f418a671d57bd8b6964632935ff852c,MASS_UNKNOWN_OR_OUTLIER;TRANSMISSION_UNKNOWN
15761,vmm-a7fcedbfd9989e5a2dcf0a771951ebaedb716a5274fc0bcd5621db72721ba89f,MASS_UNKNOWN_OR_OUTLIER;TRANSMISSION_UNKNOWN
15762,vmm-fbd9ea1af6fb71a7f7be5cafe17c94df6db486b259884752a89d17a1fe869d1f,MASS_UNKNOWN_OR_OUTLIER;TRANSMISSION_UNKNOWN
15763,vmm-59eb6d5b3b20df33d4f5b2ee60f1d63058581a7256d165df0c6f4e63574e4d7f,MASS_UNKNOWN_OR_OUTLIER;TRANSMISSION_UNKNOWN
15764,vmm-e5baa7221377016b1f1773ee5d93da0233529371c721b25076682ab7e384d2f9,HYBRID_COMBUSTION_FUEL_UNSPECIFIED;CYLINDERS_UNKNOWN_OR_INVALID;MASS_UNKNOWN_OR_OUTLIER;TRANSMISSION_UNKNOWN
15765,vmm-85bf02ad5807644ad3c1f5a6b65582b90ee9d7aba172127f17100b0b70ab33c8,MASS_UNKNOWN_OR_OUTLIER
15766,vmm-ac863ad042ea6511d2ea23cfdd1738426daf6f00323e32302c00c4b52d036cef,MASS_UNKNOWN_OR_OUTLIER
15767,vmm-bfbf896d51e53aec183fb7e508e43be87913416e94cdfaa37d27ada2be4266d1,MASS_UNKNOWN_OR_OUTLIER
15768,vmm-bce4c8ba6d2aa8f585a57274b3b3a85488af74b7346e0b19d2766c2b78c8ac9e,MASS_UNKNOWN_OR_OUTLIER
15781,vmm-0f5d0ee252445f92c01a19e8156f3874fcd62b9d7de612bd45134a73dc278d79,TRANSMISSION_LABEL_CONFLICT
15905,vmm-45b887f6cd45c74d072d3b4f68f549b30affeb412745832c8a24e791ef3ae99b,MASS_UNKNOWN_OR_OUTLIER;TRANSMISSION_UNKNOWN
15906,vmm-dc6d07a2d818bb79a135554e7a700a363b79b59399dc70059e51dd26d480d667,MASS_UNKNOWN_OR_OUTLIER;TRANSMISSION_UNKNOWN
15907,vmm-c71e22e8de073aa35717e80d5810c8fc2cd7abfba07995615fe49d8d271c4f48,MASS_UNKNOWN_OR_OUTLIER;TRANSMISSION_UNKNOWN
15908,vmm-8467ac39f0ecaa4e380399e09f64bb7ec7c8be7a32286634284f812a1144552f,MASS_UNKNOWN_OR_OUTLIER;TRANSMISSION_UNKNOWN
15909,vmm-73678a277d53a164b9a161b289707db75b68d5a652f43038ed79876f277a0043,MASS_UNKNOWN_OR_OUTLIER;TRANSMISSION_UNKNOWN
15910,vmm-598a2bea6fe70bbba0bef5fa64611a43baff32942f30d84e5fe29aa2dbafd284,MASS_UNKNOWN_OR_OUTLIER;TRANSMISSION_UNKNOWN
15911,vmm-9e0ffa51da412f31e2a714ec4efc6d902740d249e34fe6a3c20e2abc3d1103e0,MASS_UNKNOWN_OR_OUTLIER;TRANSMISSION_UNKNOWN
15912,vmm-d8177aabbefb35dcd0e48fce8491ef5495ed26cb4c79f993c8b9efeb9b741ba9,HYBRID_COMBUSTION_FUEL_UNSPECIFIED;MASS_UNKNOWN_OR_OUTLIER;TRANSMISSION_UNKNOWN
15913,vmm-0a482fd4a9a0df9878cf30be4e7c4875ac63995a7d617220d85d90da5fe2dd86,CYLINDERS_UNKNOWN_OR_INVALID;MASS_UNKNOWN_OR_OUTLIER;TRANSMISSION_UNKNOWN
15914,vmm-daaf268435893e2a3f145478b0eb1a303a027a1715393a8686e1cc4d12c26f4e,MASS_UNKNOWN_OR_OUTLIER;TRANSMISSION_UNKNOWN
15915,vmm-a7d5009cc8639f578c95440bad583bea947b8e4adc5ba53185c9180f12642589,MASS_UNKNOWN_OR_OUTLIER;TRANSMISSION_UNKNOWN
15916,vmm-a9c8185bff9ed7dc172d990c033c74688250bfe910c019ec20519c67905fd118,CYLINDERS_UNKNOWN_OR_INVALID;MASS_UNKNOWN_OR_OUTLIER;TRANSMISSION_UNKNOWN
15917,vmm-307d771b6e03c85b65e846a09b1d086b02614a4eff6ad434a9395cfab2f834fd,MASS_UNKNOWN_OR_OUTLIER;TRANSMISSION_UNKNOWN
15918,vmm-c70d3956a90301b7adbe9f142aa8d40fae5f7b0cda007eaf6f451bbf4f951d7b,MASS_UNKNOWN_OR_OUTLIER;TRANSMISSION_UNKNOWN
15919,vmm-2f4b16c60dd20a9de7b7623f3f27fc7d4e90b828d393716ac81b604e0716cbee,MASS_UNKNOWN_OR_OUTLIER;TRANSMISSION_UNKNOWN
15920,vmm-93d15bb74f038d85e850ed1223a63250be35f9037204c9e0c18a696bd9f9a234,HYBRID_COMBUSTION_FUEL_UNSPECIFIED;CYLINDERS_UNKNOWN_OR_INVALID;MASS_UNKNOWN_OR_OUTLIER
15921,vmm-0d1f08bef6858509903b43b9355098e767fd7064d30c9203272af4215288c462,DISPLACEMENT_UNKNOWN_OR_OUTLIER;MASS_UNKNOWN_OR_OUTLIER
15922,vmm-a0a627f5bb4f9474576ebfcaee88a9189ebd1decaf152d5bc1df32062873d2aa,DISPLACEMENT_UNKNOWN_OR_OUTLIER;MASS_UNKNOWN_OR_OUTLIER
15932,vmm-57b34515ae71da8c052c1dbf0ffc98f7ad58f66aaf03cf0aa48ddc6c6bdb4ffb,HYBRID_COMBUSTION_FUEL_UNSPECIFIED
15979,vmm-0ff43b83691ee13980e7ad7675d1c34d28ffa497a768c1f0a29032ce75a29571,MASS_UNKNOWN_OR_OUTLIER
16001,vmm-10a31d0b1651989bf4644ac572862dc845ee14d08283b1654af072e403ed887c,MASS_UNKNOWN_OR_OUTLIER;TRANSMISSION_UNKNOWN
16002,vmm-54f5e94f25155d01cd0607e8f1ad53924012f0d8e090d74ef307d3222682f703,MASS_UNKNOWN_OR_OUTLIER;TRANSMISSION_UNKNOWN
16004,vmm-d18970af3697a199cacc47f92af670a8d238bc58f3ddc20253861d0722a79321,MASS_UNKNOWN_OR_OUTLIER;TRANSMISSION_UNKNOWN
16006,vmm-4228036b858a8dda1fe9ec65b8392f87e9c87430e7359d4a2dcc7dbdcf268cb9,MASS_UNKNOWN_OR_OUTLIER
16007,vmm-a6f0d898b3bd5f899028bfcf91671ede8dc9e4a4a882f9a5d742392c6fe20905,MASS_UNKNOWN_OR_OUTLIER
16008,vmm-fc8a611ecd55d016bd69c1e8638c25f7baea2fcf84f2aa23732596b581ed2fea,MASS_UNKNOWN_OR_OUTLIER
16009,vmm-e4a9f89bb7a6fe9595e8ca36486bbe05e2b9ccc9c52f344a3b76195c90f97c80,MASS_UNKNOWN_OR_OUTLIER
16010,vmm-a001d2dfe63abfae985b794bdff3559404caa382c3fce96fc41480c3dbdc6881,MASS_UNKNOWN_OR_OUTLIER
16011,vmm-4cdf791585dab7e79625189162f96a0abce83bdbdd9db1687afacb82d5218cae,MASS_UNKNOWN_OR_OUTLIER
16012,vmm-d8d6f6d2e443d49481a9b19224e310c30ee160772ae2fa7a59489cea34fe6ee5,MASS_UNKNOWN_OR_OUTLIER
16013,vmm-b9dca413bfe4d0a47aaf62ce0999df9cd12c15f7e4c35604d1357d5e6bc9e9cf,MASS_UNKNOWN_OR_OUTLIER
16014,vmm-c677a43b76c4e4ee645c4c363928c62f0e314149aaeefaeff17627c6591327fb,MASS_UNKNOWN_OR_OUTLIER
16045,vmm-c4e58bfbe3cbb16f0f672e2c0b15affcd22d7149bc5bf08883b6c79427db3e91,LEGACY_QUOTE_REQUIRED
16046,vmm-4ffa2315d5bd1eac8aec723c79828e5a8601d48bbe63fcf4922a3c61e612e892,LEGACY_QUOTE_REQUIRED
16047,vmm-7c35ee56fa2e7a1a2466306a3fd6319d9582dd3be79f6bb08e3131ea74d263c7,LEGACY_QUOTE_REQUIRED
16048,vmm-84218fe6fa9457e775252b8a186b6030479ab8a12af584ddd4d0370bee0f569e,LEGACY_QUOTE_REQUIRED
16049,vmm-95ef6b84c7bb5260bea3dcee9e72b56a6d4a1e9ea3f9521a0545f7e3f502b178,LEGACY_QUOTE_REQUIRED
16050,vmm-979c8565398a111dd23d12d3cfb4acf3036bcc222450f91a20e5e043e7da55b2,HYBRID_COMBUSTION_FUEL_UNSPECIFIED;MASS_UNKNOWN_OR_OUTLIER
16051,vmm-65d567bd63709f79e4a218f1e9aa2ddf0604cabd17c82c23f41d9c10a6cf8c82,HYBRID_COMBUSTION_FUEL_UNSPECIFIED;MASS_UNKNOWN_OR_OUTLIER
16052,vmm-b3f1b43ae77ec78616c21f8e3e22a00d6a1d02c42f05337005f6ac6778ee979f,HYBRID_COMBUSTION_FUEL_UNSPECIFIED;MASS_UNKNOWN_OR_OUTLIER
16053,vmm-b41095d2a24289ecb4b17a439cdbba61966b56250efe4bf7835498edd91af3eb,HYBRID_COMBUSTION_FUEL_UNSPECIFIED;MASS_UNKNOWN_OR_OUTLIER
16054,vmm-7c3e77b0c900c4ba996a652f87fcbd8cc2c25add2e6b4e870525d8f4ceefccbb,HYBRID_COMBUSTION_FUEL_UNSPECIFIED;MASS_UNKNOWN_OR_OUTLIER
16055,vmm-5753ef72edd955d41f27d6ff80895624a7a48a84f32dc2a508443432c8e738fb,MASS_UNKNOWN_OR_OUTLIER
16056,vmm-1fb3132f91cc35950a9a79e72068e4c057327e3f7427ff9c2e8e9df242cf83d5,MASS_UNKNOWN_OR_OUTLIER
16057,vmm-ef6bf398a1dda0bebcabe81bb2a494494bec8ca14bd9f8656b5425c4fcbb5dff,MASS_UNKNOWN_OR_OUTLIER
16058,vmm-36549a8a3e63c3d2de8da32924f23be494c3f58c6e7b266571833302698858c6,MASS_UNKNOWN_OR_OUTLIER;POWER_LABEL_CONFLICT
16059,vmm-a9a37a48bf7320c0baae5c3f827e30d85f4162a9088b675b2a110167d37ca4c6,MASS_UNKNOWN_OR_OUTLIER
16060,vmm-ec8853d725d1371f8dbebb2b9273d59adf2e04129927a1548a82d4c20730ee58,MASS_UNKNOWN_OR_OUTLIER
16061,vmm-1ecbbb8b6917978a98603a06a09aa698e1f16f0d45bbe9dea2943c62df1aa8e4,MASS_UNKNOWN_OR_OUTLIER
16062,vmm-71e5b3f6a24f3974eb225811ea977f877a98aaf22ea97230648642d0a69958eb,MASS_UNKNOWN_OR_OUTLIER
16063,vmm-0d8d43a6a71dbaa0bcd9bfc6c5310d583428af3ef7eeb2be8c1035dadbb8a537,MASS_UNKNOWN_OR_OUTLIER
16064,vmm-2e14fc8cbdafa2b7bb66bc736efddb440dd914e872e3e1ca156c458e3ce2d2fd,MASS_UNKNOWN_OR_OUTLIER
16065,vmm-4974812857c412c9630bb46a4e5f162e99a6cf12b95905ab97cc937e9d64f45b,MASS_UNKNOWN_OR_OUTLIER
16066,vmm-20f0c66e1e48e25a9d324faba6659538c3c014a0da7a5e99575bac33ee2fc20a,MASS_UNKNOWN_OR_OUTLIER
16067,vmm-9089a0343ee2f509298afd7b322f0b22fb459e2f423e3d454b4be5a3f3f9bca2,MASS_UNKNOWN_OR_OUTLIER
16068,vmm-0d314bdeb1c38810df70ab595c37fac4f54163f6a9379bcee25ab59b41db3118,MASS_UNKNOWN_OR_OUTLIER
16069,vmm-3837faaf23170bd76c98cd13194890cc1613e51e742895b7a08a2309bbd39f38,MASS_UNKNOWN_OR_OUTLIER
16086,vmm-f69fbdabaf6a3655debb8b26dbb9f4055ec4df3a8a664d485cd5828b30e75cb0,HYBRID_COMBUSTION_FUEL_UNSPECIFIED
16150,vmm-9910938c7d3d313e681be65b0d4a77c66693b6052237a52c5eb052f11936ab9c,TRANSMISSION_LABEL_CONFLICT
16154,vmm-03cb769535adabff449ea78f44367bdf7b4b095ca7eb00938ba844da44c18873,TRANSMISSION_LABEL_CONFLICT
16158,vmm-e84e3415c65da9642025c0306a1beb472d1cef756a1cd7ca14ba6f68829d7808,TRANSMISSION_LABEL_CONFLICT
16165,vmm-058a981bfde78a94f96a56a42a5aceacd4e176023f18b052630482f435e407aa,TRANSMISSION_LABEL_CONFLICT
16223,vmm-9e563035b700363d95c4c4a2bc9a4b32c5d15d75672d364e2c163453e0dbff21,TRANSMISSION_LABEL_CONFLICT;LEGACY_QUOTE_REQUIRED
16224,vmm-dcf1467756713f02e1b58220df1ba1e6f84a929a5d29f475685787d04e180257,LEGACY_QUOTE_REQUIRED
16225,vmm-b3f8bc3c7e864c58d5899f85e1e7a1a6a749637d1cd29ca5ef57c01473982753,LEGACY_QUOTE_REQUIRED
16226,vmm-468f3413ad709221c7362e33d2cd53a3ddd82edd12e3010eda0cae06fb0efac1,LEGACY_QUOTE_REQUIRED
16227,vmm-e9ca3fcda0284b30865b96d21a4302ee7195054b28b95f9164f54879b77559f3,LEGACY_QUOTE_REQUIRED
16228,vmm-dab1495e582cc930feb6d25340cfd45674b947f9d733b2e329de454ca7c4bf02,LEGACY_QUOTE_REQUIRED
16229,vmm-2831a62603a088cee1e84ce22f25bd0e66156b8b503c85757e3147753caf54a1,LEGACY_QUOTE_REQUIRED
16230,vmm-791bf7d13edf1ad1a3bb550c3f5f79b20847cc2656ad4e024f75e27d2ea3d1ab,LEGACY_QUOTE_REQUIRED
16231,vmm-22be1fcdd86fd82e164b6f84781ea2cd8100a9d84a66534d10019cb56e74c80a,LEGACY_QUOTE_REQUIRED
16232,vmm-ccd1eb8bc830d3f65391c4cb35375f88a48f504173d15a1613fbcf0d0b9e1233,LEGACY_QUOTE_REQUIRED
16233,vmm-6dc69547d9e536fc00695bf5b1bd9dc28392d73bfc5cca454f103d770f0e32ee,LEGACY_QUOTE_REQUIRED
16234,vmm-31e1058c9f82d495a91bc091f9b5eba355536d31124afa6271947185963b1c38,LEGACY_QUOTE_REQUIRED
16235,vmm-872e1a45b991489b5f7a7c74f4de4317ae424a8cf08df8cc3960b7d96da5aaa9,LEGACY_QUOTE_REQUIRED
16236,vmm-199d625e48a9de1969a67300ee170c36ed5a23d770c6498a9c4d6d8e9dcd7817,LEGACY_QUOTE_REQUIRED
16237,vmm-550990cd34fd783a4ba14365a490656bf929bfb9f5f86a97ee775e8958c28a50,LEGACY_QUOTE_REQUIRED
16238,vmm-018b4563354c76578b8ea15ae905b8da32c0b5543b4ba17bd912f84bf5e3eb58,LEGACY_QUOTE_REQUIRED
16241,vmm-92ef8658f1bad54b04e5594bbae4f6209c6d8e46fd8b37b95ec39914dc272a54,TRANSMISSION_LABEL_CONFLICT
16271,vmm-4a18f8890d670bde813778b2ad2cd116845e667cf8461e2f48c79433417768c0,TRANSMISSION_LABEL_CONFLICT
16288,vmm-2423180728e5d78e4307ada9a57cb60d8228958d1285621b16fce38133077636,HYBRID_COMBUSTION_FUEL_UNSPECIFIED;MASS_UNKNOWN_OR_OUTLIER
16289,vmm-266e5770cfdc9dbf2485cd5a17f399bb9f2710c8e2b8945ab7d5bb20333d6d4f,HYBRID_COMBUSTION_FUEL_UNSPECIFIED;MASS_UNKNOWN_OR_OUTLIER
16290,vmm-6f144904c301c6454c4b30688458eda8ff70d61043b75ef859772e22c18654eb,HYBRID_COMBUSTION_FUEL_UNSPECIFIED;MASS_UNKNOWN_OR_OUTLIER
16291,vmm-6a405586ebb8e97bf5e609bf3debfbf0a5c92a9e314e140dfbd4639320bd3958,HYBRID_COMBUSTION_FUEL_UNSPECIFIED;MASS_UNKNOWN_OR_OUTLIER
16292,vmm-28110d75b03baafcf6de673d5b5d17d958dc612e6c7b6c9620cf06ac5d99993b,HYBRID_COMBUSTION_FUEL_UNSPECIFIED;MASS_UNKNOWN_OR_OUTLIER
16293,vmm-ad2089dfa552fc4b5fa1e97331c40e2a353a4b41766f8362d0ba85e66992be7e,MASS_UNKNOWN_OR_OUTLIER
16294,vmm-a44defcfac6a2d266b5e8c44625d03f093fbf8ab8c78a277c6d9ad61b1fefb08,MASS_UNKNOWN_OR_OUTLIER
16311,vmm-dde541a7f3e6aa7e2c55629c8b87a48d40b49f832c828e822a684dbd22e75916,POWER_LABEL_CONFLICT
16312,vmm-d445d60714c0a2674f43c0906c2bf11872db1d94acf88e98516cf69f8e822128,HYBRID_COMBUSTION_FUEL_UNSPECIFIED
16313,vmm-201144d34c1806a74a380fe247ea0d31162bcf29eb410f54ff98a2cc35b6491b,HYBRID_COMBUSTION_FUEL_UNSPECIFIED
16350,vmm-4f34293449252f84604923ea68fe7b64a52ab5add9ef1b6467c6f9846c52912e,TRANSMISSION_LABEL_CONFLICT
16423,vmm-6ce2b78a9b051a9a2909a9a039ddf03c9f9c0a52f3ae6e6322e89eb5b86d89fa,MASS_UNKNOWN_OR_OUTLIER
16444,vmm-4978c796cdcde32a1fd033f758e1e817c1892d3575686bbfd7caf0ec9ac92147,MASS_UNKNOWN_OR_OUTLIER
16445,vmm-494513b1f0351bac840e17e16943a971f60bf9c6079ae836438d92ca456ea04f,MASS_UNKNOWN_OR_OUTLIER
16446,vmm-2c7a24e683c60db91bbd3b7c8fe4cd719bb7326d9466bd1583299901c3623a69,MASS_UNKNOWN_OR_OUTLIER
16447,vmm-86ad7b86c82fb28bf9519e7a40f069d9f85fe7a019f6563aadfaeece5443d564,MASS_UNKNOWN_OR_OUTLIER
16448,vmm-79477beff9b42446637cf0a6b635566358de48060e38dc5f1226338ba8e20f0f,MASS_UNKNOWN_OR_OUTLIER
16449,vmm-7667574eb5decc287883293252d20cb0c414ae1cfecd58a89cb911469ceba007,MASS_UNKNOWN_OR_OUTLIER
16450,vmm-1cbd7a89d2bd73323c0df54ff85a113a542a09c29a23491f5caa1ac96722637e,MASS_UNKNOWN_OR_OUTLIER
16451,vmm-b323be11abd4cdb518cf10d68a424cf884710df3e87d3c0989bcaf887df16e03,MASS_UNKNOWN_OR_OUTLIER
16477,vmm-894f03c63b9be46b68dd077ee6ccbf35a99cc3c335f35f8f84a6cf747a65ee0d,LEGACY_QUOTE_REQUIRED
16478,vmm-18b784317b8b63a1debd8d2e6498214a8ae7d52038e8ccdade0bd87d00075810,LEGACY_QUOTE_REQUIRED
16479,vmm-0b9148278c9fbddd42a416b72650f100a45630f9e6c487654a59309bbbf176fc,LEGACY_QUOTE_REQUIRED
16480,vmm-799d147c0976f3cdfa0524d48de0e09c29e49c3a72ff30840da2fa9cabb68baa,LEGACY_QUOTE_REQUIRED
16481,vmm-7aeea138c9a420139f6e9d865d4941598a977e7de922f10b71b7cbd562f22559,LEGACY_QUOTE_REQUIRED
16482,vmm-db6e84a9b9bd43663bd46b7dea3dff8de6c3aaa5ac0705114da92d0d7349cc26,LEGACY_QUOTE_REQUIRED
16483,vmm-71806d08c2eefe2752532f0490c77d8e681aeb89f5e7d4af4c3864d6f27f3cba,LEGACY_QUOTE_REQUIRED
16484,vmm-d4cfe5520230ab2f2b6d9c4e41d109414788d7798ec1151aa86ec2c2cd842c8a,LEGACY_QUOTE_REQUIRED
16485,vmm-034c67bbb5dedd705f4661171d18744705559dd9fd1961507e7801f0d1f0977c,LEGACY_QUOTE_REQUIRED
16486,vmm-78d3d30b49eda3aa90e3784d1cdb0f15d2be21e0e6ad4867021b7c9d1e7f9e2c,LEGACY_QUOTE_REQUIRED
16487,vmm-d0ea0367ab33490c58bc92fe311f5af9d5f5c5337b0f21001fc430a46ae36a9e,LEGACY_QUOTE_REQUIRED
16488,vmm-48da0d820209c9ccc0edda9422aec8ea4112ef3145540eef8187c0570ddf719c,LEGACY_QUOTE_REQUIRED
16489,vmm-c36ed42405c20307dbd3bfb431680d27372b917c9aa1000e022201d34ac5c13c,LEGACY_QUOTE_REQUIRED
16490,vmm-3707cf9d6b63642e817bdc104d3c8fc4f14a2bd973373e4eb4cc588a7fb8ecea,LEGACY_QUOTE_REQUIRED
16491,vmm-4d6a299a58da4a3dc530ddda9dbefbac00d85a886d4fc01dca09d42509b48737,LEGACY_QUOTE_REQUIRED
16492,vmm-518c81994641617542a5f332067ff384b8563c7bb78fe616b9b69054068a913d,LEGACY_QUOTE_REQUIRED
16493,vmm-9dc09a7c80aa743e8a79b7f23f6ba38930900828dee914b73378e646b138e946,LEGACY_QUOTE_REQUIRED
16494,vmm-baf8635ef6a42fb7ca4a3730055ab214a9a939dedfa4a1e3d8140a30d34f734a,LEGACY_QUOTE_REQUIRED
16495,vmm-1a07d53353d9eeb923e184f81b15dc3ca282e7a2726d980b4383ffabbb7ce6c4,LEGACY_QUOTE_REQUIRED
16496,vmm-f9896a24c796a35211c1250e87e1aeecb08037908ffe997b1fa8866c62a0dc19,LEGACY_QUOTE_REQUIRED
16497,vmm-d2691c72b77ec609e96b826a2dd1530d825babd55bf17b99eb4d185476c1406a,LEGACY_QUOTE_REQUIRED
16498,vmm-c9c318e23cee94b60419db5abfa1407b60c127d5734c6394885b36b5256a6a30,LEGACY_QUOTE_REQUIRED
16499,vmm-a7b13cea241ad053f925a365aecd2ab9c6d32f777bff8e850b380ef65bfdf5a3,LEGACY_QUOTE_REQUIRED
16500,vmm-7252f05ffb3df9c1b8c8214372d8f32b9fdc3498f3e4a643802a4cdf3c51a665,LEGACY_QUOTE_REQUIRED
16501,vmm-cca5b4b873b430a7bab71a0db8e5252cabcc499e81c42df56ab5c73bfd676502,LEGACY_QUOTE_REQUIRED
16502,vmm-e82bef4ab48f8b87145af9f45ad812eec5e052f812ca8b3158fc18e0ef9c4d7c,LEGACY_QUOTE_REQUIRED
16503,vmm-e35dd706bee11d1940ed5a2dd891b21e2e191791443a4e9e0d9f8b161e351080,LEGACY_QUOTE_REQUIRED
16504,vmm-4f3e43f1eab8753009d26e4234ecaa1efec77cd8388e4ce2d923fdeae1960fa1,LEGACY_QUOTE_REQUIRED
16505,vmm-744d365bfc153d1f14ede91888e4e243be0484fb5dfbf3b7092fa39603f63190,LEGACY_QUOTE_REQUIRED
16506,vmm-d93767d52e8ab9b0fd9c751f612f022735174894e3a86b42f5b000126713de9b,LEGACY_QUOTE_REQUIRED
16507,vmm-8fd49a52a2bfbd1619d17fad7cb1cf966423151db2f4eb146662e957a48b86c2,LEGACY_QUOTE_REQUIRED
16508,vmm-a6e180fd0755605c8219f88c879270b7a7df8180b3ea4e483df574e1e39681a0,LEGACY_QUOTE_REQUIRED
16509,vmm-6cf164694ebcac30f5ffaf5ee641ba6b1771b96bc9654a246b50f94a79525a0c,LEGACY_QUOTE_REQUIRED
16510,vmm-b9fd8712b1107892afb163e512c9778204d6f9e36bd999b3f85f242683114d73,LEGACY_QUOTE_REQUIRED
16511,vmm-ce93fcffe44ee72152e2fabd333ef6cd56f4cfb08fa9ade8b2b93799082f9b4d,LEGACY_QUOTE_REQUIRED
16515,vmm-1bc61feb8e0ec035c3e450e95064446a32428a22f4b0b697b8bee3a0cb592a2f,MASS_UNKNOWN_OR_OUTLIER
16516,vmm-e4502389e442fe4755ed7fd78d0168dcdf59bfe8f7406cb745be2792a0448fd4,MASS_UNKNOWN_OR_OUTLIER
16517,vmm-4de6635bc32021189a002e613cbeabed3a969ed5f65b732766047e911ffa4be5,MASS_UNKNOWN_OR_OUTLIER
16518,vmm-d28e808203160e64714a53e32592fc3dd86a99e1be6b832c521378235d75deb6,MASS_UNKNOWN_OR_OUTLIER
16519,vmm-bf187da72c9ef05624c850b87f6dc36761e5f2db25f9be2dd11718e8fc7df230,MASS_UNKNOWN_OR_OUTLIER
16520,vmm-12da59c62e76fd4f33c04bedbbcf90882f73618a70d8af62596aecc24f6497ed,HYBRID_COMBUSTION_FUEL_UNSPECIFIED;MASS_UNKNOWN_OR_OUTLIER
16521,vmm-d7afbc8e636a01e61dcff80fb89906e57acab05c1d607c9a44395f625fe559c3,HYBRID_COMBUSTION_FUEL_UNSPECIFIED;MASS_UNKNOWN_OR_OUTLIER
16522,vmm-b65f114baf37a384ff27fd29932686ad9e8bda2bb289025297b3ef92f8b6c792,HYBRID_COMBUSTION_FUEL_UNSPECIFIED;MASS_UNKNOWN_OR_OUTLIER;TRANSMISSION_UNKNOWN
16533,vmm-2e2a6314914f7f3ce4573ba116f9b72ee36be5128e20bda7115c00d48acdef8a,HYBRID_COMBUSTION_FUEL_UNSPECIFIED
16567,vmm-609632f69c7ad31c24082b1e75d38ce1a5b034ee992f9cc1537c84add2fa8f6c,MASS_UNKNOWN_OR_OUTLIER
16568,vmm-6441a4765fb996e71faa30f5c2c1b288cd30dbdc68cf818e9ad910b81526dab8,MASS_UNKNOWN_OR_OUTLIER
16572,vmm-579b4655e4ee756a05c40556d1f67e6dcaa7712b32ee55558321b98940659d2e,HYBRID_COMBUSTION_FUEL_UNSPECIFIED
16573,vmm-8cf3f9ca3eccc836268618c0342da1b2105f3bcf6ddbceca782bb1feef105cbb,HYBRID_COMBUSTION_FUEL_UNSPECIFIED
16574,vmm-3c8af118d4335d5744e40c4ae62b97abb36b7623fab9389f4d28010febc125f6,HYBRID_COMBUSTION_FUEL_UNSPECIFIED
16575,vmm-ba421a68b8464b3142855678e7d07899ab6e5c711ff6e4829c51528216a1e55d,HYBRID_COMBUSTION_FUEL_UNSPECIFIED
16588,vmm-260352b8591987ec623ec595f05c8cb6f73f83dc865e4530327283e98397be5b,HYBRID_COMBUSTION_FUEL_UNSPECIFIED
16604,vmm-e45f06a707a4d29c04205927dc1da8830f469d677942ffccd2de872fb6bd22e1,HYBRID_COMBUSTION_FUEL_UNSPECIFIED;MASS_UNKNOWN_OR_OUTLIER
16605,vmm-56e947068688c0a19550545ab800d6862c314f72d47f44972becd021f5f2190e,HYBRID_COMBUSTION_FUEL_UNSPECIFIED;MASS_UNKNOWN_OR_OUTLIER
16606,vmm-b1e013cc1be62c03cd248dfa7b6b6eea7651097c916fa34debe55df9319b4e13,HYBRID_COMBUSTION_FUEL_UNSPECIFIED;MASS_UNKNOWN_OR_OUTLIER
16607,vmm-c18b3b0e31e19f174ec3996710e7d9a9145d60709f49b46be40617e5ef63d36f,HYBRID_COMBUSTION_FUEL_UNSPECIFIED;MASS_UNKNOWN_OR_OUTLIER
16608,vmm-5e64eeeafede5671ef22469f67149e087eafe1f0ae731058028211b346ec3f83,MASS_UNKNOWN_OR_OUTLIER
16609,vmm-5f2a43537c0583e9b185d008745b2c3188f8a6c188c7258b4bd95473f706fc73,HYBRID_COMBUSTION_FUEL_UNSPECIFIED;MASS_UNKNOWN_OR_OUTLIER
16610,vmm-e6b92aa8b3a3df0ed67bd30de42c568aab35135a0d3cb8432e471104f4abad29,HYBRID_COMBUSTION_FUEL_UNSPECIFIED;MASS_UNKNOWN_OR_OUTLIER
16611,vmm-7709ad581302c1f86041563b7f529c36189d197c5fd4d5f186beafea18edb372,HYBRID_COMBUSTION_FUEL_UNSPECIFIED;MASS_UNKNOWN_OR_OUTLIER
16612,vmm-642dc51430f9e4688a994e3f9cc6dcf63d3bdfb1e7886e1a8a82dd2fc4b8e909,HYBRID_COMBUSTION_FUEL_UNSPECIFIED;MASS_UNKNOWN_OR_OUTLIER
16613,vmm-ec02f9b16300f4b6ac44bb4e1b56e6b0d34393fa4fbb9ebcfd3028c12b632a3d,MASS_UNKNOWN_OR_OUTLIER
16649,vmm-e7287d1c8ce9b9f95641980ce0273758a9412a27b591076b3e497df07f8d73c4,MASS_UNKNOWN_OR_OUTLIER
16650,vmm-dc4cf148e619683dfddae84aa31b3e3583a4ccd55841ab238f0e8192caffda7e,MASS_UNKNOWN_OR_OUTLIER
16652,vmm-095c0bcea03a7c899962d8449c7bc96188c8737e6b3b6ba80d9087ff5d70c4cd,MASS_UNKNOWN_OR_OUTLIER
16655,vmm-2b56c34442ba5c436437f3cea92c49defd6b02253efca4211b539746d1431aa6,MASS_UNKNOWN_OR_OUTLIER
16656,vmm-798bd23b25e6bcbc913dc7730a6af1b2b699b7595304de0d35cfdcb326fbf450,MASS_UNKNOWN_OR_OUTLIER
16657,vmm-1d8fb43cec36b8be2f5d81e0f3c674c8b75bc2a0837bb96444803407efa2e0f2,MASS_UNKNOWN_OR_OUTLIER
16658,vmm-6627a81b45cc937571307138ed8c1ba96dc84e377fa4c2c84ee678a94d7096c1,MASS_UNKNOWN_OR_OUTLIER
16659,vmm-cd2c06a3d3d71f1d04170b53d0412c80ce51d8ad6ad0a837b15950e98de6455d,HYBRID_COMBUSTION_FUEL_UNSPECIFIED;MASS_UNKNOWN_OR_OUTLIER
16661,vmm-6acbd2db9325a6411ee13adfd270585a5a407355c604aaa368bbfdf41811cdfa,MASS_UNKNOWN_OR_OUTLIER
16662,vmm-daf718d66225990ec3220f19b5ab291bf61215418f491f1ba323f692f5c05263,MASS_UNKNOWN_OR_OUTLIER
16680,vmm-f94f7cafcab96d7b1e2aad8c4cb7b1b37601c8375908a8ad180492f64d8eed0a,POWER_LABEL_CONFLICT
16687,vmm-3678ca1bf4272140fe7c91932ea7155dfc779abfdb6453c0789f4011a9a8a37b,HYBRID_COMBUSTION_FUEL_UNSPECIFIED
16689,vmm-72a6f7bb622d7d082767c58bac6285c42f1548a141a63642f33611ba08f0fb7a,HYBRID_COMBUSTION_FUEL_UNSPECIFIED;MASS_UNKNOWN_OR_OUTLIER
16692,vmm-c10e63e32fa67cd3f27ef0bd4235b07000582415c70c4df79e04a5c4a795ef7a,POWER_LABEL_CONFLICT
16705,vmm-5324128b85a5a719ec866b5596f2aa11179f7fee010a77c575f9624b7940b4ec,HYBRID_COMBUSTION_FUEL_UNSPECIFIED
16708,vmm-e0c76ddbaea8bef4695e1b41cbd3bb824bb8f98df6ac6103ae1a9bbde7904824,HYBRID_COMBUSTION_FUEL_UNSPECIFIED
16709,vmm-f9a67878e15b259a010007a3bf99ed343fee2feeda2c5865b8cd57d40bc80515,HYBRID_COMBUSTION_FUEL_UNSPECIFIED
16710,vmm-1f985118edb86a867a959a8162215906f542cce1e317f19cc4ec7b98c149b088,HYBRID_COMBUSTION_FUEL_UNSPECIFIED
16711,vmm-f2d23157c5a331dd14639bf3dff68885ed3c4b5c6aff2bf836ae839f9d099091,MASS_UNKNOWN_OR_OUTLIER
16712,vmm-3b9ea5861a2584fe732265bdb38ef6a0e53e0b39fe11ad40f83f898d1d04f93e,MASS_UNKNOWN_OR_OUTLIER
16713,vmm-f67587da402dafe03887864656e53e0b59e12903f759bf81b20f6480de7eeb8f,MASS_UNKNOWN_OR_OUTLIER
16714,vmm-9d7898a31ab8e218251e1ee6df3dada650ed540238efecfd3484ba1dca20fd79,HYBRID_COMBUSTION_FUEL_UNSPECIFIED;MASS_UNKNOWN_OR_OUTLIER
16715,vmm-ac35e2cdf720369a927e39f8f278f891a0f1ace96386514bc3537f61a7ed669e,HYBRID_COMBUSTION_FUEL_UNSPECIFIED;MASS_UNKNOWN_OR_OUTLIER
16716,vmm-8db0c36c93aab177c91a786486abb16f228f145788bb13cda8c8e9d01dbaf205,HYBRID_COMBUSTION_FUEL_UNSPECIFIED;MASS_UNKNOWN_OR_OUTLIER
16717,vmm-e56278f7356036596e76d93abd442b34f031d793329cdd94f01832dce3f68912,HYBRID_COMBUSTION_FUEL_UNSPECIFIED;MASS_UNKNOWN_OR_OUTLIER
16718,vmm-a8b6b5d8bf6865e97549698bbbed5863ccb0a75c7631245d111a9f2bc0df15d1,MASS_UNKNOWN_OR_OUTLIER
16719,vmm-ee1f6b03394b2cd097793d4ba2a5535abf10dc4bfc9e010ad666448acdc17494,MASS_UNKNOWN_OR_OUTLIER
16720,vmm-f807280179a00dc8ba333a1c3ea820f4e7504f0dbee6f4da02d9fbcf044f2f45,MASS_UNKNOWN_OR_OUTLIER
16748,vmm-48ef2b94ae17e72a0b5ca8679b2091f7ae375d595f82c33070ff444b46ed4e0d,HYBRID_COMBUSTION_FUEL_UNSPECIFIED
16781,vmm-3c89794215a58d07cacd5d60cd3ea212af6c4ef9b0390b377d07f324c6528291,POWER_LABEL_CONFLICT
16853,vmm-d311925b28f50205ed7370c256f5617e28a06508002913a5b43295f8caf4c0f5,LEGACY_QUOTE_REQUIRED
16854,vmm-4744b03eb0f3e45efb2ebebb9885821852f0937b4f5e167aebd57f727b4611e8,LEGACY_QUOTE_REQUIRED
16855,vmm-326a68b25926189d4513187a2eb10600b771f37d04fbd98907783ceb919042f7,MASS_UNKNOWN_OR_OUTLIER;LEGACY_QUOTE_REQUIRED
16856,vmm-a13f0ec0acffcd7c36773f82491d9974823b0509ca5e2c6c02ecb3c686cb7225,MASS_UNKNOWN_OR_OUTLIER;LEGACY_QUOTE_REQUIRED
16857,vmm-8b4aac883d4499b60d9267598a9fe70b01818b7253a31e3f8c206bc64405a078,MASS_UNKNOWN_OR_OUTLIER;LEGACY_QUOTE_REQUIRED
16858,vmm-f7f6ddb287736e3e6a9e8c15642b2b46e5edd7b60b706e28a1f678856570d045,MASS_UNKNOWN_OR_OUTLIER;LEGACY_QUOTE_REQUIRED
16859,vmm-593081b111d0804cab793792f814bf8042458ae8fa3c89b258824aaac7d28958,MASS_UNKNOWN_OR_OUTLIER;LEGACY_QUOTE_REQUIRED
16860,vmm-ec48c6f38fc22be778be9ab4905ad00cee0d8304865d2a42df84a087337d75c3,MASS_UNKNOWN_OR_OUTLIER;LEGACY_QUOTE_REQUIRED
16861,vmm-9ba233ae920ccc51d01decefe4e4a759e53f22f1279f336bdfe7fa127eaf40cf,MASS_UNKNOWN_OR_OUTLIER;LEGACY_QUOTE_REQUIRED
16862,vmm-149168873cbaaf61b86042659d9c649f21f6a0c15c04cd2b543645d2573cc15d,MASS_UNKNOWN_OR_OUTLIER;LEGACY_QUOTE_REQUIRED
16863,vmm-19f726690b76340b1fb5fff93413b4cd4acf6cc28de619e52375c090c841abe9,MASS_UNKNOWN_OR_OUTLIER;LEGACY_QUOTE_REQUIRED
16864,vmm-7aee6b59bf8721148de78a504cc098d87ab701ddc10792a1f7f2bd711eb83de4,MASS_UNKNOWN_OR_OUTLIER;LEGACY_QUOTE_REQUIRED
16865,vmm-40c88a3dde6da7505e205aa5bd707e02223d3d1b5279384e5dbcae7a45e55647,MASS_UNKNOWN_OR_OUTLIER;LEGACY_QUOTE_REQUIRED
16866,vmm-5a45f8dbb3f92d06e32a834f08d091271a794e6f9d76d48a6710e379f0a001e6,MASS_UNKNOWN_OR_OUTLIER;LEGACY_QUOTE_REQUIRED
16867,vmm-3855872174b6a8b4573f7bc51e55aceffd584c30272e11dfd4b8498754b47bc7,MASS_UNKNOWN_OR_OUTLIER;LEGACY_QUOTE_REQUIRED
16868,vmm-c7e8f2e0459e1f01a171b6f0ac72a68ca8a168711d64bf78ff9674f3721a3143,LEGACY_QUOTE_REQUIRED
16869,vmm-2f65c1e5ae7f0bc5abae0b489bf59ce5288247522e79c7443f947e7dad142f17,LEGACY_QUOTE_REQUIRED
16870,vmm-fdb08316ae84e64033f3be9b298754fa4b7be46894684d35013268940da6f8b4,LEGACY_QUOTE_REQUIRED
16871,vmm-a124030854d62499c3681f855600235c7ea03310de011fd3a5b1a89eb9c49097,MASS_UNKNOWN_OR_OUTLIER;LEGACY_QUOTE_REQUIRED
16872,vmm-c24a6d4fb66f2efbef08caa0dfbee2fa61bd1fc323cf589249bf9679be804c48,LEGACY_QUOTE_REQUIRED
16873,vmm-26029396021a084d23b65d63b8c6dd8c7ee7608be235b194caa85874f40bf3c3,LEGACY_QUOTE_REQUIRED
16874,vmm-0d83bbda0f449cf74b1b432afa96fd15b1f07b9c1c484c3ea08c3fd7f436f6da,LEGACY_QUOTE_REQUIRED
16875,vmm-55bd3880e569be20c39ef95fff42fbec5262f789c91e05255e983e04c4864e18,LEGACY_QUOTE_REQUIRED
16876,vmm-a59235cd4ee6e29b110d03d50e3010e2c800dc8a1890e2c135ddd62b0ac611f6,LEGACY_QUOTE_REQUIRED
16877,vmm-bd712fd9a26ead2f5af6364316abd2aebd4ce6d72e464ff373267139bb848b41,LEGACY_QUOTE_REQUIRED
16878,vmm-07c70f9482684424d6fc5f10b26f483986c5ce40162c96309261c46a81902fbe,LEGACY_QUOTE_REQUIRED
16879,vmm-c686253c3465f06db9a173f8fb79fd05f5e379a79c5870f10643414653d4376f,LEGACY_QUOTE_REQUIRED
16880,vmm-3b8095378674305b4df66103363ee32f151bc385f25d324225c1e075423b9d52,LEGACY_QUOTE_REQUIRED
16881,vmm-82249d3f9f2027c2c9d660905dd50e1c9282957502462541d750fe91d1fd7c92,LEGACY_QUOTE_REQUIRED
16882,vmm-3d076036167637cccbb9e580ee663cd4cb5b592cd6ae267936fb0a16ea96ba24,LEGACY_QUOTE_REQUIRED
16883,vmm-0b9f32d87323824c38bf41cb73a40a95331ba713d2cd0a4be60eb9df8aa3b52a,LEGACY_QUOTE_REQUIRED
16884,vmm-7b3065c1f5305bca373060a92c3570eadcf97bb485edecd998cbb5a3d335fe77,LEGACY_QUOTE_REQUIRED
16885,vmm-33f08d3d354e05ade25401d79a2bd6fc6c6310ba6db5711a0e6feed7d545fd4b,LEGACY_QUOTE_REQUIRED
16886,vmm-217854046b52dc61f7eceae1ae3316fc4aa63c97e07e8db2ddf2c7da068ed9b6,LEGACY_QUOTE_REQUIRED
16887,vmm-b347899f0c8374980f0afa0619bd4be1f57731cbba55337dc57520241acb8b23,LEGACY_QUOTE_REQUIRED
16888,vmm-ed36ddc4074ff4c2e81e101873b62038cceb8b274e02b00f6099c43f73ec7aab,LEGACY_QUOTE_REQUIRED
16889,vmm-f7800bd24cd9f2ea08cd5124888aaeb43ed6c1e1bc11da35e1cb759867a65a10,LEGACY_QUOTE_REQUIRED
16890,vmm-3de521db2d8b7917eb70b96f86f8161c8b46c096e289b2099e5ea3622b24a2a0,LEGACY_QUOTE_REQUIRED
16891,vmm-b829756e36a9cd520eb16bacf88a30af08984dd7c753369e3de760ab18a83149,LEGACY_QUOTE_REQUIRED
16892,vmm-3a22c89fc311127bc2cb20666db606b90047c0ce4298de2cefcdf55791b45640,LEGACY_QUOTE_REQUIRED
16893,vmm-c1e1a27af8997d63b8c959f1a28f9a7e86cae098e718482384fd943f80ae24d2,LEGACY_QUOTE_REQUIRED
16894,vmm-b495db4fc24f5eb7ff4e2592018ec9ef81a34d8ca1d1aca3b56b57a8b2bdefd8,LEGACY_QUOTE_REQUIRED
16895,vmm-bb174e31887371203c9445bb4684bcff8e40c65ee949994eefb18354051ff485,LEGACY_QUOTE_REQUIRED
16896,vmm-6da590bb00e3abc46cea00d6a4dddfd8bd383cc1b46fe4521ee42a99b8d010f8,LEGACY_QUOTE_REQUIRED
16897,vmm-f8c8f2737347e5e83670d59d96dbb526cf9e9d9b2972a65b6a3f36b9227be151,LEGACY_QUOTE_REQUIRED
16898,vmm-0be446ffa7fa5757cbeb10e4e29c384f793c760f5ef9de709d1d4035a34a3663,LEGACY_QUOTE_REQUIRED
16899,vmm-efb035fad68deaf585310b63ac030d6d7d221ccffe8a8a0ff2af4bac4185ef5b,LEGACY_QUOTE_REQUIRED
16900,vmm-5e91dcb35080681105c869c2fbfe2e841ad85ddd9b7d773363d635e2057925ce,LEGACY_QUOTE_REQUIRED
16901,vmm-fb969fb541637a1a38cc271f661bc758231e18687eb8876ed609d18935e9d56e,LEGACY_QUOTE_REQUIRED
16902,vmm-ea20c9b4c4abd5b9b9bbae5d6919340d00532f90fc0ab560008e659ea50e7b2d,LEGACY_QUOTE_REQUIRED
16903,vmm-ea7c82495d1e3a07046a066b7da0da79c02c7d54cf5f23d0fc31995f5752d053,LEGACY_QUOTE_REQUIRED
16904,vmm-5a5df06021d06374c13c545e838cb87387422951b7d70af4bf4e2f1d73460011,LEGACY_QUOTE_REQUIRED
16905,vmm-d81a5d103b5072aa46d853eca315fdbca95d78e12101a825da3f482ed4c02541,LEGACY_QUOTE_REQUIRED
16906,vmm-8f4ccb296e5a6844fe02cecd3cb5e09f85889768d5e3516f7859fadab7c1a17e,LEGACY_QUOTE_REQUIRED
16907,vmm-16f8eb817345f25dde9117029591f80222930a5ddc234bb088c7dc2d958393cf,LEGACY_QUOTE_REQUIRED
16908,vmm-0daf0fa3ab9617e05088137159cff703572614abbb3862418a42a2aa3c8ef529,LEGACY_QUOTE_REQUIRED
16909,vmm-3f70aca4805474050b40f0bbce4b126a728b27e2f6b2778c3992a29d85312cc2,LEGACY_QUOTE_REQUIRED
16910,vmm-f38fc2cfe861f6bbb15405ee4db656dc97ed11de5bb5107847896b5d5633b42a,LEGACY_QUOTE_REQUIRED
16911,vmm-ad38b622b6060feec6f8083bcf508b1d94e82257deb1f5a52c6e0294acc625be,LEGACY_QUOTE_REQUIRED
16912,vmm-b594a9e0a09d081b5ebfbf6d7ca915059bb6497275951964cb50441123f28c61,LEGACY_QUOTE_REQUIRED
16913,vmm-23ad14e6cd3749bd3d4f1b8b071d18feb46e99774572da3d10f19180f378fec0,LEGACY_QUOTE_REQUIRED
16914,vmm-2950ced3f86071588fdc238dac8eb7005a832d3d4271a8d4516c4a637bcec9e6,LEGACY_QUOTE_REQUIRED
16915,vmm-6edfa4d852517f5ca43460783465818993b71ab9fd6519cb1728171a5ba550ca,LEGACY_QUOTE_REQUIRED
16916,vmm-10bc7410bea46805bf63ae50263deda28084cfa55f9d70f6f1583abc51aaa265,LEGACY_QUOTE_REQUIRED
16917,vmm-67bd386b61491e3709fcb58e976f673b5fbab5fbe6e701b8ffe0e07b580405ba,MASS_UNKNOWN_OR_OUTLIER
16918,vmm-c016529d9348b1dcfc217d4a6642c6b1d865c7327b662afd7dbc660d7ed28068,MASS_UNKNOWN_OR_OUTLIER
16919,vmm-5fe0bb64b6eba04083cfa1314d130a42ba2fea0e5fb8cb4cf9d493e30185c37c,MASS_UNKNOWN_OR_OUTLIER
16920,vmm-ccdea4bfd83c1541a8a8eaa5504cc3a990cffaaa18e4c9df9a42291d3bcb914a,HYBRID_COMBUSTION_FUEL_UNSPECIFIED;MASS_UNKNOWN_OR_OUTLIER
16921,vmm-0b87fa650aff9a59c4541e439e47c6c3aa3e47c7bb670ac54fa6dfedc5288a8b,HYBRID_COMBUSTION_FUEL_UNSPECIFIED;MASS_UNKNOWN_OR_OUTLIER
16922,vmm-d6753ca54e99eae5249b35cc81f114f73ec3473d0dcacbb090b0fb9ef348ea81,HYBRID_COMBUSTION_FUEL_UNSPECIFIED;MASS_UNKNOWN_OR_OUTLIER
16923,vmm-343ea7158056521a6e2c060d48f825a64070bd6221b723c17b06f98facf2c720,HYBRID_COMBUSTION_FUEL_UNSPECIFIED;MASS_UNKNOWN_OR_OUTLIER
16926,vmm-8bb8388267cd538ec9f1da2138044ae0dafce88f47c666965b886d8d12f451c7,POWER_LABEL_CONFLICT
16943,vmm-93bdf0cf3c71ec8e1693edabd571e7f625b92e9160c4f9366e21e14faab5b4d7,TRANSMISSION_LABEL_CONFLICT
16979,vmm-0913be9cef18c44cac6f7039c97232dff0fd239ab8ae4567ab44d0886c39f64c,DISPLACEMENT_LABEL_CONFLICT
17055,vmm-c252db80eec69d16ff0774a7a603c2987e3a66f0101cdb51e0e94893eb4e5202,LEGACY_QUOTE_REQUIRED
17056,vmm-89f9c741484a475fba916102c0eebac1fd2bd1563b51d204062e30db0f3689d9,LEGACY_QUOTE_REQUIRED
17057,vmm-000c26e697d90bf66adaf24585efdb13fbc999453ca68651dfee0e1ed842dcae,LEGACY_QUOTE_REQUIRED
17058,vmm-0826a0ed7b8373b5fe8c905251258de21d77903bceda2dd31087ac40661a5e3f,LEGACY_QUOTE_REQUIRED
17059,vmm-6666f4f48e3624624afca7b84eb4be9a8c02860f65fa50e2143c0b36226166b8,LEGACY_QUOTE_REQUIRED
17060,vmm-c3e25faca3e1c79308af2010ada37d0d5b252f96290a1ee2d3c12fe71fabf8c9,LEGACY_QUOTE_REQUIRED
17061,vmm-ddc3c5ba7a357eda6fe43b838c4ae94a0c8897b122d352f0a86ba99ee2488709,LEGACY_QUOTE_REQUIRED
17062,vmm-3c8b0a6c00c6ed5b7d4241d89b801b6e0a3a32bfd6d116e9e2ac727a3283e4cb,LEGACY_QUOTE_REQUIRED
17063,vmm-80acbfbec374f503193280f3cae26472e2b7b4c89bfb3bb8eb31e61fe2ea783a,LEGACY_QUOTE_REQUIRED
17064,vmm-f3fa34edc6c3326c1cb74a7a5e56c287b4d3fbb4c4c74e7003e4e91dbe7b9bb1,LEGACY_QUOTE_REQUIRED
17065,vmm-6fb59f91abe1baecb6a2c743456dff5176eaea15ff96b08abf5928af9be40247,LEGACY_QUOTE_REQUIRED
17066,vmm-d8cb24f50ae31ea25fd6a54d6d450fa7adf9c37bf46f6a7ff9cc5ae4e646df16,LEGACY_QUOTE_REQUIRED
17067,vmm-21fb4814a36b85a5b176b3a962df4fe1a35b1e6ca75714721981b358565c7d05,LEGACY_QUOTE_REQUIRED
17068,vmm-fdbdf4eaaf6509e1407bb18b8d818abfa1555ab085760e0d00ea0959a32839f9,LEGACY_QUOTE_REQUIRED
17069,vmm-f5dc96bab0ab25c1a2469a962be621ba877491e54e79025585f811d63212ed65,LEGACY_QUOTE_REQUIRED
17173,vmm-ff15575ba57fdce5f8746bb94295be5ae36d73dfb00f76e4ce2ea2ffa8ad8f67,LEGACY_QUOTE_REQUIRED
17174,vmm-9eb1c6fe7e7453c949e3e41365afec8400a4d0214a6d0a4e76fb999cbcb9d2c6,LEGACY_QUOTE_REQUIRED
17175,vmm-5dce0e643771792620cf898fc5faa441a4d9b47856dba3f6d913f20c1e791223,LEGACY_QUOTE_REQUIRED
17176,vmm-3295eb74b4ba8acc5c62e2efc6a32748aa7b66d9484410d4a5d1d3bde5b2b6cc,LEGACY_QUOTE_REQUIRED
17177,vmm-781c70654cd14a222a8001de88511d086096a58c842a18b77c1f80f32340ce0a,LEGACY_QUOTE_REQUIRED
17178,vmm-0c18069fa7b05f07b082659be6899eb0ddc92857440b06556f48c96e98cd9577,LEGACY_QUOTE_REQUIRED
17179,vmm-d113c6bcccd0314f80289ca7e6e21ceb75ecc8c137c016e360bfe20d76537931,LEGACY_QUOTE_REQUIRED
17180,vmm-1c5d9976567a0ff1e349404c0e20a472fc0e1cd658ac1edcb00df02b67f64eee,LEGACY_QUOTE_REQUIRED
17181,vmm-06584d32689f0f0343161e9a9c3f69d2ef32f2de2f2acef09901d662eb567c44,LEGACY_QUOTE_REQUIRED
17182,vmm-659033512d152d700d97065804b7726ee18680358007b36907221b53911e30dd,LEGACY_QUOTE_REQUIRED
17183,vmm-a1bb952d1d43f38be366c6639e754663a50c8fa122b266ff3c8a5c6dab8a0432,LEGACY_QUOTE_REQUIRED
17184,vmm-1e7b93aca17f3f7804072fe6575893febd6f49ac4c0f1fdf6422782d1fbcf77c,LEGACY_QUOTE_REQUIRED
17185,vmm-72a207919b0d09db3771c8238e5fa88e9176c0116687806872ed88e956a1cecc,LEGACY_QUOTE_REQUIRED
17186,vmm-9938fef63c5b3676e7dae01108ac5e0df00b66ba069f5c7312e5fdb8ba74bc50,LEGACY_QUOTE_REQUIRED
17187,vmm-c2363a186f545b5809b6bf58738cc997050d69a78e206c804e9b3c80c36d3870,LEGACY_QUOTE_REQUIRED
17188,vmm-a9b04ce7f57918f5857d6a685a19c7180243f408f212d4dbbe1bb57edce31bbd,LEGACY_QUOTE_REQUIRED
17189,vmm-53119f76cd8a1ed9d6a5498805a6643ff0685b9117b5bfa176e54a2bd01478d1,LEGACY_QUOTE_REQUIRED
17190,vmm-a30a36d38863220f0a8c486131054deebb969adcf46c508acb58207bbb86f778,LEGACY_QUOTE_REQUIRED
17191,vmm-6573a77e17c40929bc18c8c8b61565d97aa28d8d5b187ff0ecdaf77b0745f8ba,LEGACY_QUOTE_REQUIRED
17192,vmm-d008b8607ea4edd616817796637f0618e516ece81e9c6926aeb89fa6fe13573b,LEGACY_QUOTE_REQUIRED
17193,vmm-fd6968e35deac4ac4371a57769e78b03a6e6afd15c382aff5c94f60d7271770f,LEGACY_QUOTE_REQUIRED
17194,vmm-752195dffd1abf5d9439b5ab2d023c0df1aae6e879ea0619149124c55609bb44,LEGACY_QUOTE_REQUIRED
17195,vmm-f6f0e8ece87c9a913b8354340d66e8afb247ca172270f58cd11b64ad50ef8430,MASS_UNKNOWN_OR_OUTLIER;LEGACY_QUOTE_REQUIRED
17196,vmm-2c5f328c2399ef975fb23e38a55b8976d7db710ffb86aae980a4415d5e98d2df,LEGACY_QUOTE_REQUIRED
17215,vmm-b14ffba928ab6cb28b8fb4ecdfda7f8c506a0245e75d7dd7ad4da67d1c280b63,MASS_UNKNOWN_OR_OUTLIER;POWER_UNKNOWN_OR_OUTLIER
17216,vmm-dc4f130f4c2d5f62dc57a0af8dd43aa737bd0646ba7399b540f2b7c0e18d3a0d,HYBRID_COMBUSTION_FUEL_UNSPECIFIED;HYBRID_FUEL_UNCERTAIN;CYLINDERS_UNKNOWN_OR_INVALID;DISPLACEMENT_UNKNOWN_OR_OUTLIER;MASS_UNKNOWN_OR_OUTLIER;TRANSMISSION_UNKNOWN
17217,vmm-ba1b34ca4f88571405b4ece6671979ad58ef3b8255cda8e14c7e2c5d56988beb,HYBRID_COMBUSTION_FUEL_UNSPECIFIED;HYBRID_FUEL_UNCERTAIN;CYLINDERS_UNKNOWN_OR_INVALID;DISPLACEMENT_UNKNOWN_OR_OUTLIER;MASS_UNKNOWN_OR_OUTLIER;TRANSMISSION_UNKNOWN
17218,vmm-c8b4aad878b18cc7ca290464db443f0643c2844700a7c2516e671005c2314f2e,HYBRID_COMBUSTION_FUEL_UNSPECIFIED;HYBRID_FUEL_UNCERTAIN;CYLINDERS_UNKNOWN_OR_INVALID;DISPLACEMENT_UNKNOWN_OR_OUTLIER;MASS_UNKNOWN_OR_OUTLIER;TRANSMISSION_UNKNOWN
17225,vmm-4356c3d6d42a3e2b2fe3039b3eaeccfa40453242fed82b527589934b567b1bc5,MASS_UNKNOWN_OR_OUTLIER;POWER_LABEL_CONFLICT
17226,vmm-7d2676299ba1ebfb3a1bc397bdd8fb5e6f80dc5817786a02f925b355f7c65e68,MASS_UNKNOWN_OR_OUTLIER
17227,vmm-d5845386990fa8fbbbb2fc78f0eb04861148887508026e12c2eef5d8f7c3758d,MASS_UNKNOWN_OR_OUTLIER
17228,vmm-594e4594f0ac61b138e26eba66697dd5d893de35863369cd543cfd01a56e2823,MASS_UNKNOWN_OR_OUTLIER
17229,vmm-97158294162d86a594c84a590d69a771e6b5becb3a0f7e8c22a8a8798b83437b,MASS_UNKNOWN_OR_OUTLIER
17230,vmm-a56f749d286ad0853208101c301761e4358e1a7eae6dc5ae4b68fa175d5424cd,MASS_UNKNOWN_OR_OUTLIER
17232,vmm-356988114e3dbc76fd32016ba956b4ca95df268c0d2933ac5b8dbdc2913545d3,HYBRID_COMBUSTION_FUEL_UNSPECIFIED
17233,vmm-014ffdb452a68c02eb7ff67403423c887feb4fa641c09071ea214d3dad93d9ae,HYBRID_COMBUSTION_FUEL_UNSPECIFIED
17235,vmm-22330a9f3577c171c2bf73cce6fc362dd00ffcc27993b84ce2a62cf2c3734413,MASS_UNKNOWN_OR_OUTLIER
17236,vmm-4e32018568c3cf24fa452b1c9bd0043dc270b06267541bc15c3f76fec14d1d89,MASS_UNKNOWN_OR_OUTLIER
17237,vmm-733dc7424643018f6c993c31a494a85b797e9c1326459f4fa2b1e34add36a358,DISPLACEMENT_UNKNOWN_OR_OUTLIER;MASS_UNKNOWN_OR_OUTLIER
17243,vmm-8f0e20ca562a2dab929590d851a707487c468852f31d7f37d0bb682df3bd5f6d,POWER_LABEL_CONFLICT
17247,vmm-0d0d071b0901d0fe05a6fe2ec68097b6378237274e5e5149edd90551b73d93fa,MASS_UNKNOWN_OR_OUTLIER
17262,vmm-84b1997c4ecccd7549d7f1b01f498e1fcde0ebc8aae4597638b31956143785f2,LEGACY_QUOTE_REQUIRED
17263,vmm-b6562568d081b804aea66cc807e5bd260f23b330e6d257a8025b5736c00acbfc,LEGACY_QUOTE_REQUIRED
17264,vmm-0ea6905b74dc345baae63b14a56164517b74dd98ad2c56291fddea536df57c2e,LEGACY_QUOTE_REQUIRED
17265,vmm-3802412df093b0b340aee0f9a68649fbd88f58c7ea9a359069f04906002ee416,LEGACY_QUOTE_REQUIRED
17266,vmm-98bad1cb110c4defef4444ae11bfede9601543ce65bf7ddc41e7440a96a40f4c,LEGACY_QUOTE_REQUIRED
17267,vmm-4722c950238c7e022ec55a9563c7dee6e88b2002e66093baa3e7b61e0397e4e4,LEGACY_QUOTE_REQUIRED
17268,vmm-08a38695eccd7ae88bfb5c71e5fc6bbc118a68b3c073958b295ecf16e204c0f1,LEGACY_QUOTE_REQUIRED
17269,vmm-f9ff2a2b25c86b01f4046bb35d9963c2efbb34a9a4b66a3ba68ed4ed7b789c7f,LEGACY_QUOTE_REQUIRED
17270,vmm-a77050b7a548c6c6906488f888e5738ef96b711da7b8b32aaa9bb3c62ddd1d3a,LEGACY_QUOTE_REQUIRED
17271,vmm-4286a8f47789504f4491a374d13755f736d63e06f37bc2e66204983c3c0f5793,LEGACY_QUOTE_REQUIRED
17272,vmm-9ef7c057229ec2f611c92a8f4aa8e9f3884fa4af1e8a13f87974793cd0e91b5b,LEGACY_QUOTE_REQUIRED
17290,vmm-93185224a1641a8819f651993d4ebc7c1ed33aa4ae0a6bb965549f7a84c076ef,LEGACY_QUOTE_REQUIRED
17291,vmm-ae193748b5626a156d9993ae39d5facfe4be790da1f5dd302c2b9939d29d9dff,LEGACY_QUOTE_REQUIRED
17292,vmm-58e4e1cdd19aa5af131d8adeb17f37c990f0a7c25cf9629dee977a9ef9d77d1e,LEGACY_QUOTE_REQUIRED
17293,vmm-75c3a050c02350af3a09eab0b5bb21285455cdf353649b65804624f4222e0022,LEGACY_QUOTE_REQUIRED
17294,vmm-b3f66c821817eed0858d0d6cf4dee1cf2c447a3e6e73c10193af1434a8941afe,LEGACY_QUOTE_REQUIRED
17295,vmm-a4e7616dc9165b30cc624f7801d3d9fcccb19f87a2091b7b9ac857aa27c2fefd,LEGACY_QUOTE_REQUIRED
17296,vmm-06c516e48cdc6a654987cdf66f94961b2d723dcae46dcfc20d3cbed9798dfb17,LEGACY_QUOTE_REQUIRED
17297,vmm-788a7b01613f1d51146b8151d6303afd998ab1c67fbaf096bc8b24babbc0b7f4,LEGACY_QUOTE_REQUIRED
17298,vmm-701b5a370f93646f4609a38c9f5d6b415baead63655dc87a275961c18f9716c0,LEGACY_QUOTE_REQUIRED
17299,vmm-928d48f927e42eb221a045c2984a664a3e4e11149d8ff5504932396e071d3af8,LEGACY_QUOTE_REQUIRED
17300,vmm-2dc6f960a5e325a01c0b11a04722d3f7d3024f9cabe32c2e2490cee11e6cf20b,LEGACY_QUOTE_REQUIRED
17325,vmm-772653cd58aa7e5df2216b030784a7eddd3a791a656f09d6b94901ddd7af5e3a,LEGACY_QUOTE_REQUIRED
17326,vmm-1d0f2d880fd9b9a9ec7c57385f9285d44b835b7bff7d2b27c14b9187dbc7991e,LEGACY_QUOTE_REQUIRED
17327,vmm-99445f57b329a6e1be56fe738549513753d24f8fb8408af86b9065977ba3472a,LEGACY_QUOTE_REQUIRED
17328,vmm-7d778cf4f84fcd818977e1e482d25cdb92af054d7cf34c75ba956d1d64476ee5,LEGACY_QUOTE_REQUIRED
17329,vmm-d790e39c95fcf7ae3b55deff6ad396fdd40bf4767b2932561c46c4d8f5a09101,LEGACY_QUOTE_REQUIRED
17330,vmm-cc9fc446f74a8b202eefad709672d8f4338e071c5ca3847ec60dd29b848bda1b,LEGACY_QUOTE_REQUIRED
17331,vmm-da10e2b7e8fc14b81547551b290502973b6aede6a3d2a0dcb45b850a4ff9b803,LEGACY_QUOTE_REQUIRED
17332,vmm-a0a4ae69be74b728ca5d931e357f7e82422ebcd2e10fb5f355f8e37c35daea94,LEGACY_QUOTE_REQUIRED
17333,vmm-2220caa09080207a055001a1265879fcd024d2f7d1107b79a53e9c2150e829e1,LEGACY_QUOTE_REQUIRED
17334,vmm-144346a1482b50aaff722a710a82f177c536e8ee5bd491a84f0c38b6daf0a8f1,LEGACY_QUOTE_REQUIRED
17335,vmm-0a50b9c91df333f7278b232a7edd31457f5ff5fd4e24482cb5990423957b2014,LEGACY_QUOTE_REQUIRED
17353,vmm-fa3dfdf646ddd6f331eab643bce9ed9686369639bda24dea2e79393b2c7ac1ef,MASS_UNKNOWN_OR_OUTLIER;TRANSMISSION_UNKNOWN
17354,vmm-a02498e36663c6260732342492fb80b34c363f153d566196ccbb0ee58ee4da79,MASS_UNKNOWN_OR_OUTLIER;TRANSMISSION_UNKNOWN
17355,vmm-2553624fe04e0e8efd83ebde13d01dea32ffdaca4a4af2bb926a593e83e4a184,MASS_UNKNOWN_OR_OUTLIER;TRANSMISSION_UNKNOWN
17356,vmm-4febdaeaf0f28a3cafc215144f4502257445a5b8ee690d2df8319c53713892d9,MASS_UNKNOWN_OR_OUTLIER;TRANSMISSION_UNKNOWN
17357,vmm-42039d248fdc86c4d16d1412aee1ce8ac27e2209987bdd322ae5ca8e8d8350e7,HYBRID_COMBUSTION_FUEL_UNSPECIFIED;MASS_UNKNOWN_OR_OUTLIER;TRANSMISSION_UNKNOWN
17358,vmm-d56926b2e5f93b12dfc29202057aab2189c132ece1c7f110a63a8f82bce60792,HYBRID_COMBUSTION_FUEL_UNSPECIFIED;MASS_UNKNOWN_OR_OUTLIER;TRANSMISSION_UNKNOWN
17359,vmm-c8f66265581b7d7863ac87f70b757ad17c4143da0f0759d05818cc7930b22fea,HYBRID_COMBUSTION_FUEL_UNSPECIFIED;MASS_UNKNOWN_OR_OUTLIER;TRANSMISSION_UNKNOWN
17360,vmm-1831e61689b11d95df608415605546d33cdfadc50c2f545f85070faa4c4bc0b6,HYBRID_COMBUSTION_FUEL_UNSPECIFIED;MASS_UNKNOWN_OR_OUTLIER;TRANSMISSION_UNKNOWN
17361,vmm-2a2cd66f16012f0e31d3dd6f6ba5a14f401a2ba689894a8910b7f332d3067889,HYBRID_COMBUSTION_FUEL_UNSPECIFIED;MASS_UNKNOWN_OR_OUTLIER;TRANSMISSION_UNKNOWN
17362,vmm-64d1d332374a742f65a01353e3b73af3861ba0c4836ad8e60d0f600ae477d57e,MASS_UNKNOWN_OR_OUTLIER
17398,vmm-4bac63b94b19ff6e09693299432ec381d747d36498ec1551552868e750630f79,MASS_UNKNOWN_OR_OUTLIER
17399,vmm-3faac90d74f87adb897c39ef7146267d45faf715205dc261b65cf34c06aeb1da,MASS_UNKNOWN_OR_OUTLIER
17400,vmm-91b03d70985adba235be295aced6916cff083c5db4fcf37ac842c867ecb455c4,MASS_UNKNOWN_OR_OUTLIER
17401,vmm-a93f28edf238d5f92b7da675119322ea5368578b346f5d1caff9d857066749eb,MASS_UNKNOWN_OR_OUTLIER
17402,vmm-5431591f2f48d7c9b187aa7fe0fad8cd82b3755ad1a1c44eb03dc2e3ce737d57,HYBRID_COMBUSTION_FUEL_UNSPECIFIED;MASS_UNKNOWN_OR_OUTLIER
17403,vmm-9f2439b5298a831871f58d6b675bef2781097ffc7b2290b3d1b798d9f6757ca3,HYBRID_COMBUSTION_FUEL_UNSPECIFIED;MASS_UNKNOWN_OR_OUTLIER
17404,vmm-a22382376e02dce941adbf56c3ff1429a23231e5103a335d473dea833d6fff32,HYBRID_COMBUSTION_FUEL_UNSPECIFIED;MASS_UNKNOWN_OR_OUTLIER
17405,vmm-bd6d4eb13a2abf666e14edcaa3349ec0d3ea083ccad8856ed2d5b5d7df220380,HYBRID_COMBUSTION_FUEL_UNSPECIFIED;MASS_UNKNOWN_OR_OUTLIER
17406,vmm-9730350bf3de45f4898e1a4f3a12d406b62b39b17a747541c0f8e3252e20a49d,MASS_UNKNOWN_OR_OUTLIER
17407,vmm-7896e39b719993d46868c45f0f5191a8cbc9a3d8420856cf13492dc84d8f7bc6,MASS_UNKNOWN_OR_OUTLIER
17411,vmm-2e13b0d5399661975e2ca818c2605223c1b0faa05fb690d4d2f21313d0d5563f,HYBRID_COMBUSTION_FUEL_UNSPECIFIED;MASS_UNKNOWN_OR_OUTLIER
17412,vmm-b5fac127539b1073d350d5168be4a4456a6fc1f0ea016e0072ff1f6aed68b28e,HYBRID_COMBUSTION_FUEL_UNSPECIFIED;MASS_UNKNOWN_OR_OUTLIER
17413,vmm-8a83a3d2efe36289fce7384bc09d785522d729680c9262b1ff26497561e2d31e,MASS_UNKNOWN_OR_OUTLIER
17414,vmm-2fa20466d73c39e1ec2c62d84df7c92cbfda3581e3bf5056bc91c1c3d7ce3d71,MASS_UNKNOWN_OR_OUTLIER
17415,vmm-f6094118167fe8d892c60e0eeacfa8c174614cbc79f4d7f9fcf541961c56a33e,HYBRID_COMBUSTION_FUEL_UNSPECIFIED;MASS_UNKNOWN_OR_OUTLIER
17416,vmm-328195d2a67aa76ed7e0cd138bf4c3612a1d2798ac0f2a409dab6257a81106db,HYBRID_COMBUSTION_FUEL_UNSPECIFIED;MASS_UNKNOWN_OR_OUTLIER
17417,vmm-40b4f260a04d1f86777cffb16c4e4a117702a1f2f599293577ad2f29114195e8,HYBRID_COMBUSTION_FUEL_UNSPECIFIED;MASS_UNKNOWN_OR_OUTLIER
17428,vmm-06ae9faf64f2d943518800afe9e2ebfbbbb752860a252b938f1d38ef079fcffe,HYBRID_COMBUSTION_FUEL_UNSPECIFIED
17430,vmm-d25622521765902775ee665323797a4e1ad1b5954832188b1ec6e4920bb19da9,HYBRID_COMBUSTION_FUEL_UNSPECIFIED
17431,vmm-051f63c73a637e3bee66c350a6663bde0a2470f3b9605665317579221b989be7,HYBRID_COMBUSTION_FUEL_UNSPECIFIED
17433,vmm-a49300b381594b85776cbd0b6f52ab5541b636d3345e1ae74d832d16c0be81de,HYBRID_COMBUSTION_FUEL_UNSPECIFIED
17434,vmm-8997475a088856f72013e09b240488e3a187d7ab8fe41b083647e0c34f4553dc,HYBRID_COMBUSTION_FUEL_UNSPECIFIED
17435,vmm-189c07c9781d3b955c23630e39b4481defb367464be996ad357147b4ef5bb8c2,HYBRID_COMBUSTION_FUEL_UNSPECIFIED
17441,vmm-7e210a06f97c649ca0908f84bcd996d3efc04863980162cc441482d84236170e,HYBRID_COMBUSTION_FUEL_UNSPECIFIED;MASS_UNKNOWN_OR_OUTLIER
17447,vmm-323daf26dd778593417d1c1cfd62844da9b9d71d31c2a159629bf2ef4efcc04f,HYBRID_COMBUSTION_FUEL_UNSPECIFIED
17448,vmm-6b9e4e8920e19e64f3616a4836e5b2bb6dc5eb9083c7502b64df7eb8ab5dcc9f,DISPLACEMENT_UNKNOWN_OR_OUTLIER;MASS_UNKNOWN_OR_OUTLIER
17449,vmm-ddd432292fc3d0c6236712846d5944618bb847ff31bd4969d2ad38fefd5c9774,MASS_UNKNOWN_OR_OUTLIER;TRANSMISSION_UNKNOWN
17450,vmm-cf83eb8b87e0c0617bda483f0732654f5cde9470bd53db798988a92f4edb4afc,MASS_UNKNOWN_OR_OUTLIER;TRANSMISSION_UNKNOWN
17451,vmm-5e5deda76604474d302b5c21553b5fda0a6c20f06cebd080948948e45ed9345c,HYBRID_COMBUSTION_FUEL_UNSPECIFIED;MASS_UNKNOWN_OR_OUTLIER;TRANSMISSION_UNKNOWN
17452,vmm-a4c9d11fe804b569e0040b579bf929948bb89ce567891fb44a2702a3d6890ef5,HYBRID_COMBUSTION_FUEL_UNSPECIFIED;MASS_UNKNOWN_OR_OUTLIER;TRANSMISSION_UNKNOWN
17453,vmm-fc4af9c78e4099839924dd9f4cdea82970e9a799e80b06d3aa9f9b7f7e5f97bd,HYBRID_COMBUSTION_FUEL_UNSPECIFIED;MASS_UNKNOWN_OR_OUTLIER;TRANSMISSION_UNKNOWN
17465,vmm-96048137d5a03e3e621425e9f5d00e43c3d8475751fa30afebee2df060f992aa,HYBRID_COMBUSTION_FUEL_UNSPECIFIED
17466,vmm-d5cf6956771ea23ef08cf544bfb06a24c3444412a5a70fc9bb129e1954f50d51,MASS_UNKNOWN_OR_OUTLIER;TRANSMISSION_UNKNOWN
17467,vmm-77846e8aceb00961a68f1b89bc52409ed0d2e0e9da941848d407a0f0ebb492ba,MASS_UNKNOWN_OR_OUTLIER;TRANSMISSION_UNKNOWN
17468,vmm-bd494c49c8646440df3cbabfd2cdae97a521cca4a4e445fd42ba9bec204c836b,HYBRID_COMBUSTION_FUEL_UNSPECIFIED;MASS_UNKNOWN_OR_OUTLIER;TRANSMISSION_UNKNOWN
17469,vmm-9087e522b8a461e40fbb5574a26bdba956358acd59626ad30b9c3c7e9c73a303,HYBRID_COMBUSTION_FUEL_UNSPECIFIED;MASS_UNKNOWN_OR_OUTLIER;TRANSMISSION_UNKNOWN
17470,vmm-30b19ddb5b4bce5cfb4e3b8aad9a9ffecec8c5933d998e7a327cb8ae4253974c,MASS_UNKNOWN_OR_OUTLIER;TRANSMISSION_UNKNOWN
17471,vmm-f7328c4f623ec4384449f8f32bf4b368440b2502049ed1761cd1d219990f00cb,MASS_UNKNOWN_OR_OUTLIER;TRANSMISSION_UNKNOWN
17472,vmm-1ac7843763f59000da85f5ac22e415a979acad589d32fa66878092bed48af076,HYBRID_COMBUSTION_FUEL_UNSPECIFIED;MASS_UNKNOWN_OR_OUTLIER;TRANSMISSION_UNKNOWN
17473,vmm-5ce2fbac1c9a7d00454cc9f6def8022073cd38bb1a5e9606b069f17e157976c5,HYBRID_COMBUSTION_FUEL_UNSPECIFIED;MASS_UNKNOWN_OR_OUTLIER;TRANSMISSION_UNKNOWN
17474,vmm-78034ff0413c22a868af2c65436b180038329f410644e51fd2d688441443f837,HYBRID_COMBUSTION_FUEL_UNSPECIFIED;MASS_UNKNOWN_OR_OUTLIER;TRANSMISSION_UNKNOWN
17492,vmm-dd9ac9e18d545ef761c13b5d25c6b7fe2633fcd16e53bbc3f0c1220f169c739f,MASS_UNKNOWN_OR_OUTLIER
17510,vmm-3e0d402bb0fb7684583d05b97b9b729f6fc0357bf79289cf32f58f37879d6488,FUEL_UNKNOWN;MASS_UNKNOWN_OR_OUTLIER;TRANSMISSION_UNKNOWN
17512,vmm-c2fd5502a368955b93a99442039caa3463d88c562762cec1b576cdb8e40facbf,DISPLACEMENT_UNKNOWN_OR_OUTLIER;MASS_UNKNOWN_OR_OUTLIER;POWER_UNKNOWN_OR_OUTLIER
17513,vmm-9fb7d626fbed22cd4ac40db0b7b6769e61736086a38345f29bc7cd1b952ad509,DISPLACEMENT_UNKNOWN_OR_OUTLIER;MASS_UNKNOWN_OR_OUTLIER
17514,vmm-4ca772139128da60b51be467d5dcb57a595cc0662ce45c4f411101ba11d8480c,DISPLACEMENT_UNKNOWN_OR_OUTLIER;MASS_UNKNOWN_OR_OUTLIER;POWER_UNKNOWN_OR_OUTLIER
17515,vmm-84074462f869f691d780f9a50c85c9edd1a08f5202ddea9da219186197f3bc84,DISPLACEMENT_UNKNOWN_OR_OUTLIER;MASS_UNKNOWN_OR_OUTLIER;POWER_UNKNOWN_OR_OUTLIER
17516,vmm-d6f325906e050483b4175845a0ae05e4b672b4299a71db7e3f9eed647ba6c9b2,MASS_UNKNOWN_OR_OUTLIER;TRANSMISSION_UNKNOWN
17517,vmm-a90a917d442272f6bb9f762f02e45e47cbee875a8c1aa5a973ca12320afe544c,MASS_UNKNOWN_OR_OUTLIER;TRANSMISSION_UNKNOWN
17518,vmm-7db2825c8b11ebd04e75aa27fe8713def918ec8221fecb5b627fc13cd913f88c,MASS_UNKNOWN_OR_OUTLIER;TRANSMISSION_UNKNOWN
17519,vmm-c7e2420dfff9fa3327f6f26b8696817f201fc6d741877731af81d110c67fa06e,MASS_UNKNOWN_OR_OUTLIER;TRANSMISSION_UNKNOWN
17521,vmm-9400bbdf051666c4eebce65dcf3ef9a26fee201e867596ff552f29fd8e8a401b,DISPLACEMENT_UNKNOWN_OR_OUTLIER
17524,vmm-e9fb2a8e9639714746939976c58b19c17e796f5a4e3ae874787206b7c08a2fe3,ROUNDED_FOR_INTEGER_STORAGE
17525,vmm-35827f0369108947af6ad61aa37dd7c4db2d3ca10fa5d86df2619eca5d304e98,ROUNDED_FOR_INTEGER_STORAGE
17526,vmm-4687ede61ce418d8835659aaa6adc27cc6794655c188f2e33ee0974ce3a36dc3,ROUNDED_FOR_INTEGER_STORAGE
17527,vmm-7a36fb358aff437e6e1a1e519275a1fddc6528a6562ad56ab10a6ef771ba6ad9,LEGACY_QUOTE_REQUIRED
17528,vmm-329fb9f8b42d8fb47cb48741ba5b81fb9fc7639f369927d2cded19b503aba042,MASS_UNKNOWN_OR_OUTLIER;LEGACY_QUOTE_REQUIRED
17540,vmm-963af697df7efbf34220afdd22e998049b0b9f04f65a366740d6d63abb242be0,MASS_UNKNOWN_OR_OUTLIER
17550,vmm-355f5769946df3d47d7d17c606e77ad8f6786400528587870d7c8bb6a1ec6979,POWER_LABEL_CONFLICT
17562,vmm-bbc64c9165322b27a1ed730e51d1dbb551bbcf04ebb99050b0731e338f12cda2,MASS_UNKNOWN_OR_OUTLIER
17563,vmm-18275afd93b79f76ce71cdcb915c510ba6e824ce3a4721657954adb2a0d8ff79,MASS_UNKNOWN_OR_OUTLIER;TRANSMISSION_UNKNOWN
17564,vmm-2880e50bd4b90a67028fd1e35b68b3fab81d62d83f3db7535b83f5f923889b4f,MASS_UNKNOWN_OR_OUTLIER;TRANSMISSION_UNKNOWN
17565,vmm-c510553bc345816f762260e9fcdbe18318edcbc0864514f1daed566e2576b5e4,MASS_UNKNOWN_OR_OUTLIER
17569,vmm-1341e039d515632445057ebf7b552f0d1be5ef4baf21fe7daebe9739e70e8dd6,LEGACY_QUOTE_REQUIRED
17570,vmm-489dc29c72c44f5ea43dd95daf93fcf9929f1636a7eb3627b8758cc50085b324,LEGACY_QUOTE_REQUIRED
17571,vmm-fbc315b7c167d10da43ec839a0ebb1982f19df9d1e2eef364aa63b34493238cb,MASS_UNKNOWN_OR_OUTLIER;LEGACY_QUOTE_REQUIRED
17572,vmm-22abcc5e2cec501a349fdefe2d62d82b709c02fdabb7d02e66b9bffd44b0ea29,LEGACY_QUOTE_REQUIRED
17573,vmm-09ecbdc27469358eca0be8f2646812d2739f63054713d20c16694695c895b945,LEGACY_QUOTE_REQUIRED
17574,vmm-377863da75ed557af3bb62a29e7580728310f5d37e81506b229b3164e403d77f,LEGACY_QUOTE_REQUIRED
17575,vmm-57bb3b25df2d5d483274f8031bc9dd24df21328d9cf3c2a4ec2b193b1962624a,TRANSMISSION_UNKNOWN;LEGACY_QUOTE_REQUIRED
17576,vmm-a6496360438a311d5022b6f31e70eab17728c21a63599e224f3c70bb584b45b5,MASS_UNKNOWN_OR_OUTLIER;TRANSMISSION_UNKNOWN;LEGACY_QUOTE_REQUIRED
17577,vmm-ac48c4d50fd7f7807fbe624c4e89db1b2afc68b28eb63493dc417349993e9f65,LEGACY_QUOTE_REQUIRED
17578,vmm-ecd55f3b6ab0cbe409e2d23e3b5303f47e02ccd80f6898b9c74a2480ab73d485,LEGACY_QUOTE_REQUIRED
17579,vmm-524a9dec78f7831d017648e222543416bfb653bf829441621a2a68916f12c823,LEGACY_QUOTE_REQUIRED
17580,vmm-86cc30ef6a2e7bd31410f45f72966ffcd31cfd0598a3b2bd948cfc69c2495101,MASS_UNKNOWN_OR_OUTLIER;LEGACY_QUOTE_REQUIRED
17581,vmm-9afbf8bd2ad6d8e229b833f1f5c6b12171c2291869dd4978aa2f43c400f85f4f,LEGACY_QUOTE_REQUIRED
17582,vmm-b44d2eff7f5c909c3c8213a84a34c7cb698db2591abfe8af03537c4e0bd5604f,LEGACY_QUOTE_REQUIRED
17583,vmm-5099e56cd4bcd1b3da73fc0ddc494f26a74b8bbde42ca48fd4c7b0c455fbd47d,LEGACY_QUOTE_REQUIRED
17584,vmm-9772b8ff2d3b88637ab0b85fbd2dd265cfc21bdc4f5fba3e4ac9c07ec5e84b73,LEGACY_QUOTE_REQUIRED
17585,vmm-10094a1995b9cc8844c17e3877f87e2e02f21ef6176b932d3e112d952efa281f,LEGACY_QUOTE_REQUIRED
17597,vmm-c313fa87debb89149f23d9587cfe132faba9034b248184da29195d002b52b3bb,POWER_LABEL_CONFLICT
17608,vmm-a7c47b1a416e8caa719fbbf9c34a68bccd1714902e07a58be5dcbffcea58df0d,MASS_UNKNOWN_OR_OUTLIER
17610,vmm-cb66b76006bd740bd2a5a722c811ac19931c6c36268e5d1c61937873db01896d,LEGACY_QUOTE_REQUIRED
17611,vmm-aa4006e87bffc5d4073ebec67d274b781ea7cf3ceb66bd493cccebc760f7ed02,LEGACY_QUOTE_REQUIRED
17615,vmm-13dc4bccaae7b7e6a4cfe5e0ceefa6b3aebd8c38d01cb0e029621927975d5505,HYBRID_COMBUSTION_FUEL_UNSPECIFIED;MASS_UNKNOWN_OR_OUTLIER
17617,vmm-83dde156520498e3757c6030c97af9d29e2618dfaff57910012315f58ad7584d,HYBRID_COMBUSTION_FUEL_UNSPECIFIED
17618,vmm-131c95989c2c100f28b06eb5a6d86e60207021ba56d520ef610e3f05eed8c342,MASS_UNKNOWN_OR_OUTLIER
17619,vmm-44b88690f6907b6b459aed05bd6743778cfa6930bc28c4936c6217fa43a07b10,MASS_UNKNOWN_OR_OUTLIER
17620,vmm-2fde6bd9d772f3f9727d19976a6934bd21a81a77de9a7825b650c154d1b6d20b,MASS_UNKNOWN_OR_OUTLIER
17623,vmm-0fafcb36c55d96c3146f730a9d976433f6d40cacde7fe94694fe8e4d53b162ee,ROUNDED_FOR_INTEGER_STORAGE
17624,vmm-b65667d062f7b53751df435c82b897438ab992a308ae1edbd52fd43efd524429,MASS_UNKNOWN_OR_OUTLIER
17643,vmm-4a64f3eb28f2895776abefc2cedb07f701e1613e2aecaa8e2c71744f37c2ce5f,MASS_UNKNOWN_OR_OUTLIER
17648,vmm-ed217ec06e1895b0cc7600e5ef953d8fb3c7411b42a64b4886a2fe43a5d50c31,HYBRID_COMBUSTION_FUEL_UNSPECIFIED
17649,vmm-2caf62aa2e3ba89427b385b9822620cc99e652fae8562ff4dba70d24564b211d,HYBRID_COMBUSTION_FUEL_UNSPECIFIED
17650,vmm-8b9b7a9e36fb07277d5d57dbe03dac001d8d81b1129d28297fd927889577cfdf,HYBRID_COMBUSTION_FUEL_UNSPECIFIED
17651,vmm-363eb2b299f41aed71215ca0bb4d7a76540ae6d00a7770ac594a8602e4cde798,HYBRID_COMBUSTION_FUEL_UNSPECIFIED
17652,vmm-3054b99014fc9fd08a48b036807c5a151408ea5631fcc416e833eb5a8e5abe1d,HYBRID_COMBUSTION_FUEL_UNSPECIFIED
17653,vmm-49e132a54f81185743b2fba081dc4de1b9981c73f4ef91a7e6084bff9b1d2cd7,HYBRID_COMBUSTION_FUEL_UNSPECIFIED
17654,vmm-b16b2e8e552c860500a8921d93d68484f24fdaf8f9231d09c79c540e274a05c4,HYBRID_COMBUSTION_FUEL_UNSPECIFIED
17655,vmm-e2e3836e2a4d5c6e5eae6fde7c1c0bb102920468475324784773a90296cf3bd8,HYBRID_COMBUSTION_FUEL_UNSPECIFIED
17658,vmm-0f025fdc1fa854819f6316a32ce10675289648b2f5109eb73655b1e9a2644c2c,POWER_LABEL_CONFLICT
17664,vmm-363186c4d67bfeed23d7dae723da8e705f30e94dd094c30264123f240fc3207a,MASS_UNKNOWN_OR_OUTLIER
17676,vmm-0c8a6a105a649e980c41e556eb0caeb74bb8241a5cfb74035af0c863ba484cbd,HYBRID_COMBUSTION_FUEL_UNSPECIFIED
17677,vmm-94364683d07ff33a72104683a7830366ff51cc9b0aca0baa72a12b351c3a46af,HYBRID_COMBUSTION_FUEL_UNSPECIFIED
17678,vmm-896416663fa448d57cf0216e52fc4c5ec9170a8936452532126d8462f4e838ad,HYBRID_COMBUSTION_FUEL_UNSPECIFIED
17679,vmm-ddcbebbd162770031b3fc639ffb114e6c5327280b9283a60d9395d520dab5949,HYBRID_COMBUSTION_FUEL_UNSPECIFIED
17690,vmm-d85125b6a0418ebbdedc2903bc899c7616c4aa7ce1320ea902e024aa80982c5f,HYBRID_COMBUSTION_FUEL_UNSPECIFIED
17691,vmm-1f70e578b69518ae73dcdc8ba8a2ffe969a8225c57d9a5eee1c6afab2b75da58,HYBRID_COMBUSTION_FUEL_UNSPECIFIED
17692,vmm-f6e89eb69fbdc9c5da3dd321eff66666f957315acb9fe696277ef1458c96d5d3,HYBRID_COMBUSTION_FUEL_UNSPECIFIED
17693,vmm-803247993bf38641e4e6106c5d808e0e61f69a61da2f6453e1af386ad0cf2a20,HYBRID_COMBUSTION_FUEL_UNSPECIFIED
17694,vmm-ec17499b080198adf91ba189281ec6e1121837e23bc4f72cec4387328e63d854,HYBRID_COMBUSTION_FUEL_UNSPECIFIED
17720,vmm-1ef0855844da7ddd08d1ff2dfead351163db6a57bad72258ccbc2fea17c89cd3,POWER_LABEL_CONFLICT
17721,vmm-94b1917528259b023e76143b13b522ec052cf97cda8284c77d5fa9a3884bea67,POWER_LABEL_CONFLICT
17722,vmm-5122cf034359b45e87066f675139c335d7318303261162fac5dccbf26bb07cc1,HYBRID_COMBUSTION_FUEL_UNSPECIFIED
17723,vmm-ec0f367a1be914a7ea2a8d7a00605168814e30d1a81dcc89583d94bc25c69db6,HYBRID_COMBUSTION_FUEL_UNSPECIFIED
17766,vmm-434db21b44cf0c65e56f4fe6ce9ba68e8abbb18756460510f34df70e2984ed82,LEGACY_QUOTE_REQUIRED
17767,vmm-1cd161dc8b225c7e0771016caf76ebc8d2856a7b004194fec7a97b13d90baf1a,POWER_LABEL_CONFLICT;LEGACY_QUOTE_REQUIRED
17768,vmm-5b12722a4fdc8467357fb09d1f1f63f90fc2208fc70a9c327d4318c178f7126b,LEGACY_QUOTE_REQUIRED
17769,vmm-84a6eb8c70e794440d18edb8c49f46fb9a42a7c2ff7785ee0abb703e33bfa821,LEGACY_QUOTE_REQUIRED
17770,vmm-726f68ba64d846ed4e3d7216de0b4151e76f035570773e43189bf7b003bd7722,LEGACY_QUOTE_REQUIRED
17771,vmm-afbc613cbab39821f0132a5a0b653beffe8c4213ab2ef78190f61722ae442a10,LEGACY_QUOTE_REQUIRED
17772,vmm-ad06e0e5f2510df44cadb19d840294b264949707a1cea1e9420b817ff83943b8,LEGACY_QUOTE_REQUIRED
17773,vmm-0d72d3505c640643a59d48c4412699f97f0b3d8ba23a6ebc3d909dfe38c34fcf,LEGACY_QUOTE_REQUIRED
17774,vmm-5456b67c2b099aefd90a18fc2b25455f0df2091da9af081ec048b454c240ba24,LEGACY_QUOTE_REQUIRED
17775,vmm-c28c5670a6069734a1884f678e37c180167aa79d1c417c71482db6bd47304959,LEGACY_QUOTE_REQUIRED
17776,vmm-82e170687cf35739c9291b948ac7494a6953449f15301ac4e508620fa11be5ca,LEGACY_QUOTE_REQUIRED
17777,vmm-0b7132cb28d6acb5728620b22cbcf2bffc9fee384e27bf834486d70b13d2b43f,LEGACY_QUOTE_REQUIRED
17778,vmm-d4fb8100742f243157c1761d8bfe52ef1499e08201b69a6031625699f3851347,LEGACY_QUOTE_REQUIRED
17779,vmm-7d90eb82f9a7499192da737554e0ff8e5187e4a497d55db2e723cef8fc7590a7,LEGACY_QUOTE_REQUIRED
17780,vmm-6234ff881a3b5acc8e59a86c0cb7e7ad93a01bcc55f2d192bf5667ad0a0e1f2b,LEGACY_QUOTE_REQUIRED
17781,vmm-1014adaae641b2463b7493fc8417dd9c97a4f565f76f1c43a6577bd3dd65a171,LEGACY_QUOTE_REQUIRED
17782,vmm-e39eb00da70bf2862b25d98b02ca04998b922919d5114b1800f63f1f275b1c75,LEGACY_QUOTE_REQUIRED
17783,vmm-9d82fd5d9670d02780a0320ae889fa2cbb77cf54ae4ef974c516eaf03821b26e,LEGACY_QUOTE_REQUIRED
17784,vmm-70774a1fd83acef23dadb009add28b224c43170572e370b6992afc777f9fa79d,LEGACY_QUOTE_REQUIRED
17785,vmm-12c2c9aef34789fa962ec3f8b8db03a245ac6806cc2558ef534ab2f183beb084,LEGACY_QUOTE_REQUIRED
17786,vmm-38b80cf07c3f720a728d301c93dabe74cad89ace80e017fc7abd3d25451a8fcb,LEGACY_QUOTE_REQUIRED
17787,vmm-ddee490363b27dbf188964a12b6fd7e04ce43db83e412affd4dfd811a167a3a4,LEGACY_QUOTE_REQUIRED
17788,vmm-31e2279642990621f68da38423a795eea94313bd5c5983788fa189e2fb614648,LEGACY_QUOTE_REQUIRED
17789,vmm-ae7132ff5800af6c0de842de835d89c8d40978ff13c277ae0f26dfadadf913c8,LEGACY_QUOTE_REQUIRED
17790,vmm-2363b474eb450f1bfe4d45781ca33ccf7faabd6b8eb13353d9f48a86ccf156b6,LEGACY_QUOTE_REQUIRED
17791,vmm-8b0fe1038db1311885ab4ec0ad42df77e154e4c3395b5940c9960e6b24182570,LEGACY_QUOTE_REQUIRED
17792,vmm-5635dfbf3980435729b7f270559b96eb7afd73fe9ec7cb11176b55f8b0658062,MASS_UNKNOWN_OR_OUTLIER;LEGACY_QUOTE_REQUIRED
17793,vmm-a1421c60370965eef33846278d987a8495775f650e1f12bdac86c30051c5700c,LEGACY_QUOTE_REQUIRED
17794,vmm-4526abe52699bc5f1288f353d25c2acd1402241c9ad29112863aa4722a18b09f,LEGACY_QUOTE_REQUIRED
17795,vmm-2fec487754908ad2e13e924b4753a3fc4acb245f177ba4fff0cad51ad96aa73d,LEGACY_QUOTE_REQUIRED
17796,vmm-96c9d3a6c46e57f84f4244138e24690fe63dc35380af49399ae4fe28d8364660,MASS_UNKNOWN_OR_OUTLIER;LEGACY_QUOTE_REQUIRED
17797,vmm-89a3540c2bb330e86f5df7c5fae4620412ca654252f6d81ce2dfc0585b4fad21,LEGACY_QUOTE_REQUIRED
17798,vmm-6d518b10dcb1663c9750a416e9582c73b798e63d32364ca2db401180d934fa7c,LEGACY_QUOTE_REQUIRED
17799,vmm-02150d8ec0fd719ed02b15445ecb6bb102ae2ea5911cb4fd5bf6ff007320270e,LEGACY_QUOTE_REQUIRED
17800,vmm-42925c1d3ae7084b12ed4162d45ba3cc44c75b7078aeb1cf296274a22a6de1c1,MASS_UNKNOWN_OR_OUTLIER;LEGACY_QUOTE_REQUIRED
17801,vmm-d0e11935c0d2e23620164c668e0b76df03c41237cac6dfb5d5e62ab605ef76df,MASS_UNKNOWN_OR_OUTLIER;LEGACY_QUOTE_REQUIRED
17802,vmm-cf005c00ee858a37ed69824bdcbc6f93558cd50708c19fd4102521d053a82381,LEGACY_QUOTE_REQUIRED
17803,vmm-c039973a9ca82c8165abdf0174dfee34cf53b409a3083bddc880e7a009be0ef1,LEGACY_QUOTE_REQUIRED
17804,vmm-ab255e4fba5ab800532d0843abb68401b65f6d161e4a0089fe528f737cf6f537,LEGACY_QUOTE_REQUIRED
17805,vmm-1c2e3eabcce0e8211fae456b34488ed262b5e49e144e545eaa9e6e9f18d5cf09,LEGACY_QUOTE_REQUIRED
17806,vmm-e401e4a09bdf5646d27aed7ee179cbf25fce324e91e792474579f26b25d8581f,LEGACY_QUOTE_REQUIRED
17807,vmm-70f1d834853f0a9ea83543730c485c9b2dd5d49137a46d5181174255920280c6,LEGACY_QUOTE_REQUIRED
17808,vmm-32b3d3a5e98f834049f184ace9fde8dcc24233dcd5bcefee1b034207c609dc39,LEGACY_QUOTE_REQUIRED
17809,vmm-c0e7584d9fc079672a30e36f84b8a489165d6d53d95189c224f5fb10ab95cb1f,LEGACY_QUOTE_REQUIRED
17810,vmm-fcde7d0ac362fe2f7de78fb85f305fd9789180d7d92828134840806cb0b80983,LEGACY_QUOTE_REQUIRED
17811,vmm-f260511af964a870bd9f23bf22c698461ffe8c48642ac8782e8b538f5721d412,LEGACY_QUOTE_REQUIRED
17812,vmm-cc8b1bb03dc1150519aeab80471d0d159c64f71d86a4dde33128ac9722e7c03a,LEGACY_QUOTE_REQUIRED
17813,vmm-1b083c344937053a21cde4b31293d4c2d9466733ea689eb012fd180924429d6d,LEGACY_QUOTE_REQUIRED
17814,vmm-2290b11f30b9961ca119fa3c5ff8d5506dc3f93c24bb683b4c986feb2649451b,LEGACY_QUOTE_REQUIRED
17815,vmm-8fa236dfda257223dafe5e5fe6dcafbdc596f9b57e1a14ba1a166679cde92dbe,LEGACY_QUOTE_REQUIRED
17816,vmm-629d13000ec6d889d3654af174be6dadd4eaf709f883e6a829b6c02c6df0d0b4,LEGACY_QUOTE_REQUIRED
17817,vmm-8904c6a0b87f06649e030b9c011350bb5c76e61c28e2e91f8fcf6c48f8d96bd7,LEGACY_QUOTE_REQUIRED
17818,vmm-e2b6f848842377963bceeda3ddd85f7d1b15ca3c9790c0e8f027123e9ab89418,LEGACY_QUOTE_REQUIRED
17819,vmm-c4478cdb7e8bb4fba1432cc0367a62d310658739901b0987239acd99aa448f59,LEGACY_QUOTE_REQUIRED
17820,vmm-7926ac97213b073b6d8aa9fae15c7e98c64145740da3f5883376765410232f0e,LEGACY_QUOTE_REQUIRED
17821,vmm-40f682ebf5634f6db109df87f0040052586071fe58b33c7434479ae18d4788ea,LEGACY_QUOTE_REQUIRED
17822,vmm-a0054a236ed49e7f4cacf81327395ea011ebfb5f780a2e4e051ac5565e40950b,LEGACY_QUOTE_REQUIRED
17823,vmm-b31f7605b6cda156327d685b702061f32a5c7a78be227c963d0c18367ee36b91,LEGACY_QUOTE_REQUIRED
17824,vmm-fbdfd03dcd52f5e149d7fd8e5e6db88d6841fb7d2aed3235b5a23ceba121aa65,LEGACY_QUOTE_REQUIRED
17825,vmm-dcd4e849015606259d63093855d37fb0b611417a9c4f53790e9e3858387d48ac,LEGACY_QUOTE_REQUIRED
17826,vmm-2026ec6559855fe8e7ea3a989de1882108622c6378d770fc36f83e532ffe4992,LEGACY_QUOTE_REQUIRED
17827,vmm-adf33852659ccbad8b005828a5964510d47fc909efa3cb5b8e1184d14a1e4092,LEGACY_QUOTE_REQUIRED
17828,vmm-0d0fc4cb0d577699cbc0807e5aa4c142d8de85bc63af7a41f7890376e413bf51,LEGACY_QUOTE_REQUIRED
17829,vmm-da0e6545c8c704d4a85a8aec79b44615e8df4c57f9a37b41857664d1f38f8671,LEGACY_QUOTE_REQUIRED
17830,vmm-56dd1518df2856bd798e6756f190aaf6b590ed7e5b5ac36f5e7cbd5f1975447a,LEGACY_QUOTE_REQUIRED
17831,vmm-70a378799637f11b2a9ab3bee6f1d0166809856f23ef6f3a270213c0dce89340,LEGACY_QUOTE_REQUIRED
17832,vmm-94efe9133ee6ad195cb0d25536680241279c9623277d34f25acb03726bb26eef,LEGACY_QUOTE_REQUIRED
17833,vmm-bf46764712942610b9ea0e964e493559114b4c9e244d5da2763e161587245075,LEGACY_QUOTE_REQUIRED
17834,vmm-bfccc28a687cdac978d970c10a75f7571dea422b26d890a551b50465f9bf4726,LEGACY_QUOTE_REQUIRED
17835,vmm-78e758226a8db464d75f77a59207310c16d23178b60748b85950abc859d18c1c,MASS_UNKNOWN_OR_OUTLIER;LEGACY_QUOTE_REQUIRED
17851,vmm-faf026484276d0f92d306e0aab83d6a54b037b2812053f73975ef693f8dbd7cc,ROUNDED_FOR_INTEGER_STORAGE
17852,vmm-f757933bfd9f496ba53a9e6f0f533f9c715c4626573df2af5f844be58ce6209a,ROUNDED_FOR_INTEGER_STORAGE
17854,vmm-fd18ed61363c23bdf4e476a95db06bb1dc576e68ed535a04613e0236315d344f,POWER_LABEL_CONFLICT
17879,vmm-0728e6ea05d6f6b553e1497f5092fed6862106c132ca0d8fe5952eb4c8ec39d0,LEGACY_QUOTE_REQUIRED
17880,vmm-41d1725f292fb1cfff6eda5993e843cd0569a7d99d4cae102b7195ed2e67b77d,LEGACY_QUOTE_REQUIRED
17881,vmm-9a0c1aefb94e9704ab19e18a3cb1cb07f102892b7e2ba223fef2cef958990d48,LEGACY_QUOTE_REQUIRED
17882,vmm-fee9e54d05f229f57b87daec29d84b3f74e7e6fda063f2d6d2d7a4c1ffb53e41,POWER_LABEL_CONFLICT;LEGACY_QUOTE_REQUIRED
17883,vmm-d6f0260678224298b089c8cdb5e359aa96fa505d3774fcd3ffbd7c437de70329,LEGACY_QUOTE_REQUIRED
17884,vmm-5e8b2c221000d535c299191a992b859153a10b0b924236618d028bb755d0a73e,MASS_UNKNOWN_OR_OUTLIER;LEGACY_QUOTE_REQUIRED
17885,vmm-aae057183407e72674316c1e83b2e9b798ad16f64e05b846d50eba97d1b4bc18,LEGACY_QUOTE_REQUIRED
17886,vmm-aca21e69046c73d46c26bf0563ef9ec8b8b5e9845243aa1722c987c935fcfa22,LEGACY_QUOTE_REQUIRED
17887,vmm-31100d459997b549e0fe55f09538fd35b92d6e0b76de84b2b01fc152b8142fad,LEGACY_QUOTE_REQUIRED
17888,vmm-625c5a040aba6426465e9c31aebd780f5bc072d1673c2565afced7d0df378bcf,LEGACY_QUOTE_REQUIRED
17889,vmm-51cdb3834c2d22f6793c934ec194a5e359ce358305c339e2fa03fb780f2096e5,LEGACY_QUOTE_REQUIRED
17890,vmm-ca56b6d747d1d8a614ff183436b417fe75147fc2b1e7d9271df93e9d70814fec,LEGACY_QUOTE_REQUIRED
17891,vmm-7d3598db55c1564e48565f22302857d32ad14e217ec0257ce2e2d14a54bb80e9,MASS_UNKNOWN_OR_OUTLIER;LEGACY_QUOTE_REQUIRED
17892,vmm-e192a259883df03c08c79e9ab8081ab4b1689b8450eca4c29fecd5869ea661e9,MASS_UNKNOWN_OR_OUTLIER;LEGACY_QUOTE_REQUIRED
17893,vmm-67ad8e7cf2a2ea57a44d7f6719e60754e767e29af897c658cb4b924873a4a700,LEGACY_QUOTE_REQUIRED
17894,vmm-d0937a002caa2e19a3a311d176b5e24608e0429eea53d6d0cbc9385bad9b0a9c,LEGACY_QUOTE_REQUIRED
17895,vmm-1acf4ad42b320103a805810505822eea47e2db8dcf118f4c8a91c5d1032de572,LEGACY_QUOTE_REQUIRED
17929,vmm-0fa4aad33c6aee754c6cb0b60f39fa4509416baaa889b63f9786ddd294183f68,LEGACY_QUOTE_REQUIRED
17930,vmm-c2baa03dd917beecfc5a72c739b8abd63b0c2228e4970ef747393e333ea9c38f,LEGACY_QUOTE_REQUIRED
17943,vmm-632b49fd876dfd85cfe4633f52e69c35545fe4a56279eb0678b1a701afcd6665,MASS_UNKNOWN_OR_OUTLIER
17944,vmm-7ad240eea9805cdfb65464ea1d12c8087fab36fa59d3a3b2fa8f5a4a4cba1854,MASS_UNKNOWN_OR_OUTLIER
17976,vmm-31af219c4a671e15b9be10166a5cc7b7f43d60cd63dbf45791b724a3e1f6db3d,POWER_LABEL_CONFLICT
17981,vmm-eca1da05986c6d3b2c8f0c4aea1f19b4a3b5dcb9ed177c3e4b6251adb4afc12a,MASS_UNKNOWN_OR_OUTLIER
17982,vmm-0866e8f814dcca169ae70a0db26527a041b28a1e08cabfec0042919420acc4f8,MASS_UNKNOWN_OR_OUTLIER
17983,vmm-76c8c861802620cfe68b4067c29da4bc9f48546e4cdd193b2ed26de1939a2aba,MASS_UNKNOWN_OR_OUTLIER
17984,vmm-474eeeaa86c9096f219524658732504bf1bbe8dcf8ce7fc4ef36189c1517d589,DISPLACEMENT_UNKNOWN_OR_OUTLIER;MASS_UNKNOWN_OR_OUTLIER
17990,vmm-9514cc10b4fb8b6db590674cb17c1b5eb5f198b92978c48dc8fa92dc050ef807,MASS_UNKNOWN_OR_OUTLIER
17993,vmm-c961a1fa50e1fa9769137932ccc78d38890e3505344631145c7423ce29516246,DISPLACEMENT_UNKNOWN_OR_OUTLIER
18004,vmm-4e19058b12188ef353f80f53f1d59bbacc9ee96aadb5b1cb3de9e92d8238a6f1,HYBRID_COMBUSTION_FUEL_UNSPECIFIED
18008,vmm-f129cf49f2227c50fd98e799ef6eb8b63e7c5add022ca144adcaffed793e37b1,HYBRID_COMBUSTION_FUEL_UNSPECIFIED
18009,vmm-9acf2d82a2876593fab1e4cac93aea7445a3c8d686de1b6825099d110662dc90,ROUNDED_FOR_INTEGER_STORAGE
18010,vmm-0f08b737cd33527f7ce895dc4c7a6d46a328a468cb1ea2e53436b832d263177b,ROUNDED_FOR_INTEGER_STORAGE
18011,vmm-b3cccec0367ec76c09ef4d58a32f7c5666c4d19fc9ba1752b73849e161a0eebc,ROUNDED_FOR_INTEGER_STORAGE
18012,vmm-85331bce1c633e3171027b5e5af73128d4d92b4a9e708f2a3bd4ed446b73d2d0,HYBRID_COMBUSTION_FUEL_UNSPECIFIED;ROUNDED_FOR_INTEGER_STORAGE
18013,vmm-83e6a28a702427c91dbcff10090599df9bee0875a2844726bc4ce869977346c1,ROUNDED_FOR_INTEGER_STORAGE
18014,vmm-e76e2df711cf18e75a29f0c68f6ce7502996bcade8085dce663748dea0c7b725,ROUNDED_FOR_INTEGER_STORAGE
18016,vmm-c097f62626196c16f7059160aa4d4704baa02b07b60a8d8aa15d55ae27186e8c,POWER_LABEL_CONFLICT
18035,vmm-b52a4ea9385072e471043f540957e9a7202dd581457fcae69cb677c723828567,MASS_UNKNOWN_OR_OUTLIER
18036,vmm-e8977d22317bac7e4ab8e9b6ae04708e1937f7f7ea21735a085f56ee7e0ed831,MASS_UNKNOWN_OR_OUTLIER
18038,vmm-82a865dfa45064e15018cdedcb7dee249a9073a12339d4e4ef032631d34f8f6f,MASS_UNKNOWN_OR_OUTLIER;POWER_UNKNOWN_OR_OUTLIER
18039,vmm-4daf515fb6320cc6301f8afbc0883b1bfe03a0efae288b179ae39a9e8b0beaa5,MASS_UNKNOWN_OR_OUTLIER;POWER_UNKNOWN_OR_OUTLIER
18042,vmm-201ed14e8c46c4335e24b34f68ccb2df05ce087110e06198b42ba9d350e3fe95,HYBRID_FUEL_UNCERTAIN;CYLINDERS_UNKNOWN_OR_INVALID;DISPLACEMENT_UNKNOWN_OR_OUTLIER
18048,vmm-3969a17bab6eaf8e15adbd3fe04e2ae037bfb6fb961561d207dab2fbe0b4ee54,MASS_UNKNOWN_OR_OUTLIER
18051,vmm-fad98cc3e0e6ca6bc8990a862512e1534f5b1ace672f68288286d15fd9c58625,MASS_UNKNOWN_OR_OUTLIER;POWER_UNKNOWN_OR_OUTLIER
18052,vmm-091857aa64f95054914c2f82419e90632a28f0e604bec677114a12d71cd03a96,MASS_UNKNOWN_OR_OUTLIER
18080,vmm-431c63ac7c0193be624507e5e53eb1c48a55ba73dd4c11c4d6b735516b828ef8,MASS_UNKNOWN_OR_OUTLIER;POWER_UNKNOWN_OR_OUTLIER
18081,vmm-ab879301ecaff1f1e3078f631579b5f7493e74745b0ee992d0d3a0bc0b99249e,MASS_UNKNOWN_OR_OUTLIER;POWER_UNKNOWN_OR_OUTLIER
18105,vmm-2d112607f1fb5916a26aaeed6d30e21b22b33360ec83c4ba230f7cf765cc555f,POWER_LABEL_CONFLICT
18107,vmm-33563ff187be4ab2990934eb087160d92711f26d7813947f3e39cdb057cf8a1b,DISPLACEMENT_LABEL_CONFLICT
18114,vmm-5beccf7471b0a640e62068a93e4cf7601175dbccec9802406e6d6497388bb296,DISPLACEMENT_LABEL_CONFLICT
18122,vmm-d5302e4d0e03c7b9c202dffd42459cc022353c619fedcbbf3024021cb4a4058e,DISPLACEMENT_UNKNOWN_OR_OUTLIER;MASS_UNKNOWN_OR_OUTLIER;TRANSMISSION_UNKNOWN
18123,vmm-89fee4270dfdaccae06df8a837da59e4cfd6d7644c4324983ebe25b201f4af7d,DISPLACEMENT_UNKNOWN_OR_OUTLIER;MASS_UNKNOWN_OR_OUTLIER;TRANSMISSION_UNKNOWN
18124,vmm-f26ddca0ac14b7e01009afa979c839b99bc0ad2af5792375431e0696fe7106f3,DISPLACEMENT_UNKNOWN_OR_OUTLIER;MASS_UNKNOWN_OR_OUTLIER
18125,vmm-505a15a1d6a58a6eb97c756ca2055d165e770ab93e05b80a55eb02a263e354ed,DISPLACEMENT_UNKNOWN_OR_OUTLIER;MASS_UNKNOWN_OR_OUTLIER
18127,vmm-0187444810cb9deac0e86300c33c2696968c541d64e21b7d8f160aecbb714e75,MASS_UNKNOWN_OR_OUTLIER
18128,vmm-41ebdd8fe97797b4229f36cfd112b84deb81f98444b7b8ab365b03266318e70c,MASS_UNKNOWN_OR_OUTLIER
18129,vmm-0c92cfe3aa50f3e73310df09a7985e6e18ec8dd228256ed6df5873aeb97c8999,MASS_UNKNOWN_OR_OUTLIER
18130,vmm-cf2584f23517b2cd4128c5ca81123d1a5860e633bcbd590e7aa111b84765356f,MASS_UNKNOWN_OR_OUTLIER
18131,vmm-010c671584a9bdef65c235ffc1b0c9132856b4adf3d62b8da77b6a60d492e4da,MASS_UNKNOWN_OR_OUTLIER
18132,vmm-b368fc751fa72b6f400ed5ac13841f990ff8a546603c0ebeccde56d5f55b8d76,MASS_UNKNOWN_OR_OUTLIER
18134,vmm-b76c924665e62f0952c73c23cf8471f1856b7aec6bcd4e5bde9aeca31e12e70a,MASS_UNKNOWN_OR_OUTLIER
18135,vmm-56a00b8e7c6cf3addeced72163d8669dfc2f3b0a9e4bde8ff645c665b2d6a895,MASS_UNKNOWN_OR_OUTLIER
18136,vmm-88541f77713356c3d6d65676d70f93d656be59f8955a46b150015cebd1298a3f,MASS_UNKNOWN_OR_OUTLIER
18137,vmm-b9784c42494f7fe24a8e700d013278e99c0cee83fc8d9369619c1a0347f745d8,MASS_UNKNOWN_OR_OUTLIER
18174,vmm-f650414a5c0747d166816703620ba040883c6f2b0e99b4bc82d37c6b79d0a031,MASS_UNKNOWN_OR_OUTLIER
18175,vmm-7b869c3e6e878189d6ce13c66efa1aae767e0484cab722616bc1e151cf4d8861,DISPLACEMENT_UNKNOWN_OR_OUTLIER;MASS_UNKNOWN_OR_OUTLIER
18176,vmm-4ce795183a873b42794092b5a68837bed8269c47ba3a216c9fb27460b81e3429,DISPLACEMENT_UNKNOWN_OR_OUTLIER;MASS_UNKNOWN_OR_OUTLIER
18177,vmm-311105b003f2e4f39f1929a18b3553bf34d932e48d23b3a47534e7467575fb89,DISPLACEMENT_UNKNOWN_OR_OUTLIER;MASS_UNKNOWN_OR_OUTLIER
18178,vmm-bada70e08dc0ebe6abf2fd829f5f42c71301702d1e063818a24ad17b1ebaa17d,DISPLACEMENT_UNKNOWN_OR_OUTLIER;MASS_UNKNOWN_OR_OUTLIER
18179,vmm-b363c6b475e789bc79632047777fe8d49a7e8216c26199a27727c79983fa3d82,DISPLACEMENT_UNKNOWN_OR_OUTLIER;MASS_UNKNOWN_OR_OUTLIER
18180,vmm-c0b8134290b326f114be858f3ca0e69215da985131ca6ef16183c89097628783,MASS_UNKNOWN_OR_OUTLIER;ROUNDED_FOR_INTEGER_STORAGE
18211,vmm-9b2d90e505709b1a6707023bd77135faf91ec6919fbdef086be75e5332fff921,MASS_UNKNOWN_OR_OUTLIER
18212,vmm-f2d054a09253d19aa4d0dce80d0730c9d675e2bc9d275b71c9dcc35d2c8457aa,SOURCE_EV_CYLINDERS_DISCARDED;MASS_UNKNOWN_OR_OUTLIER
18213,vmm-c91f836b8a1300f01202fc6244780c48690083631b27ec0c278128e1554ab96a,HYBRID_COMBUSTION_FUEL_UNSPECIFIED;HYBRID_FUEL_UNCERTAIN;DISPLACEMENT_UNKNOWN_OR_OUTLIER;MASS_UNKNOWN_OR_OUTLIER;TRANSMISSION_UNKNOWN
18220,vmm-ad22e60ad07c7aeaf39d11cf1a26893aae89edf3098b65ad5a46f8861806039a,MASS_UNKNOWN_OR_OUTLIER
18228,vmm-83205cb16ce3d467e054fde45d79947e840551cff3e4163aa2c4e1f5ea14e83d,HYBRID_COMBUSTION_FUEL_UNSPECIFIED
18237,vmm-ed8b931b38bd5f664ffa6e78c33ba1cbfd9c1fbd30be6bbbd8514a61acc613e0,MASS_UNKNOWN_OR_OUTLIER
18239,vmm-d895fb686c89bc383d0a78dda2161362b96d10eab775c7368872d4189be324c8,MASS_UNKNOWN_OR_OUTLIER
18246,vmm-fb607ac8e4a27cac5f4cdfa85e6327fc412f46afd45c8f51e51ff5e1df0d756f,HYBRID_COMBUSTION_FUEL_UNSPECIFIED;MASS_UNKNOWN_OR_OUTLIER;TRANSMISSION_LABEL_CONFLICT
18264,vmm-55837a46dfe5929da544f0b4d66a810932455ec0e028481b8cd2bb7678b01e05,TRANSMISSION_LABEL_CONFLICT
18268,vmm-553ffe3b21a8214a76bdd83fef0153a6fe73a25e77d7fcf7befdef13ae995aef,TRANSMISSION_LABEL_CONFLICT
18295,vmm-27e741edb9b9d6025b85ae202ac6935fb321ed8e94349ee9c8a12b5a3532142a,MASS_UNKNOWN_OR_OUTLIER
18296,vmm-c074a9308b05b7bb6a7193f4f00a0906283e6ad65c6e6f2ef08fd05d090760ed,DISPLACEMENT_UNKNOWN_OR_OUTLIER;MASS_UNKNOWN_OR_OUTLIER
18297,vmm-7a7c8116e7834622b468ad436e280090da28819239164130e62d0a7673f92d01,POWER_LABEL_CONFLICT
18298,vmm-671466d898a66c5a67e4a644a08160cb47fc6d44fa5a2738f79e1b932a45dda8,DISPLACEMENT_UNKNOWN_OR_OUTLIER;MASS_UNKNOWN_OR_OUTLIER;POWER_LABEL_CONFLICT
18299,vmm-ddef829aef0b785ce56f3c22071cd97bb3c9d72d1052b41d5453ebd770ade47e,DISPLACEMENT_UNKNOWN_OR_OUTLIER;MASS_UNKNOWN_OR_OUTLIER
18300,vmm-398ed083fc464918ab4b498e932756c971225112a42390c04188d31634cda1aa,DISPLACEMENT_UNKNOWN_OR_OUTLIER;MASS_UNKNOWN_OR_OUTLIER
18301,vmm-041c2ea98fe2c0c1b7a4c0f3618ac7a350624603c35eb4ee1f4ee7870e9d59e9,DISPLACEMENT_UNKNOWN_OR_OUTLIER;MASS_UNKNOWN_OR_OUTLIER
18302,vmm-4533eb0fda3043e13ee47a6d428850fda4f5c8a6368781897bcd4f245db4c604,MASS_UNKNOWN_OR_OUTLIER
18314,vmm-9dba543f5f13645c194cf62a3ea071ef45c1501b791fa38670980b5b44779841,ROUNDED_FOR_INTEGER_STORAGE
18319,vmm-80b415cb700fb872366a3403e74f7f34085b978771b1c469ec4392e295bf6bd4,TRANSMISSION_LABEL_CONFLICT
18326,vmm-735c68b490af984e4fde3dde297e6a9897056f32aa5f5683a8fe0d79dc948192,TRANSMISSION_LABEL_CONFLICT
18355,vmm-3284136c50bfabdc09a8cfca2aecffb60cc2c8582d13a538244b2c893a33d66c,DISPLACEMENT_LABEL_CONFLICT;POWER_LABEL_CONFLICT
18376,vmm-86c696e7989f255cbc1b35dc8260c20026328140a703d8921a9522e6c0d21cf6,TRANSMISSION_LABEL_CONFLICT
18396,vmm-7819a4b2afd1f7c4f033f13c4e749c8644ebf35a70fe97878e2abf9d1322462e,POWER_LABEL_CONFLICT;LEGACY_QUOTE_REQUIRED
18397,vmm-609af44e1195341ab40b8f8792a06c851dde854f8dacb9394a9c215ee7e988cd,LEGACY_QUOTE_REQUIRED
18398,vmm-e3fd21ceaa0d63bb84a2c81fd257c736bcf8e00c9794dac2e153828c643a17b7,LEGACY_QUOTE_REQUIRED
18399,vmm-95f2363eac7fa9bb866086fe8959a5bd4a15d211eae2450e9d4772fa613a81a8,LEGACY_QUOTE_REQUIRED
18400,vmm-0cb69d03f5e32383a640342821156b2b2ca721e5a65d564cc399fd35682ba100,LEGACY_QUOTE_REQUIRED
18401,vmm-e7c5d203d064cc1cb0a9e90e95a1e7bdfd39c8a5cdecd1b1c93a39129f593be4,LEGACY_QUOTE_REQUIRED
18402,vmm-1a404d8a6c213172930dcb1da3abf952d19b46f6f576d81fcd2f5ab84c17aa1c,MASS_UNKNOWN_OR_OUTLIER
18403,vmm-0ac53573514dca210f623c6f601317db14f09213268fe22ffdd2d09f77aa79e4,HYBRID_COMBUSTION_FUEL_UNSPECIFIED
18404,vmm-6741d1a472f52261756efc3bdc59b0151e5a08100299d6c3523c8eded235ed60,HYBRID_COMBUSTION_FUEL_UNSPECIFIED;MASS_UNKNOWN_OR_OUTLIER
18405,vmm-5c146ab141e16f58868897eb9b2fedabe8d2745b14c055eca0d1d7d1bcfccba0,TRANSMISSION_UNKNOWN
18406,vmm-99146b97199c201fb1bcf7b4e8bbd6aa4be3f4900b2f65adb754d0ac841bef18,HYBRID_COMBUSTION_FUEL_UNSPECIFIED;TRANSMISSION_UNKNOWN
18407,vmm-0c8cc38d9402f7ad7d3350a2b4a939ef22ad3c61de7f673097861bfa258ffe43,MASS_UNKNOWN_OR_OUTLIER
18418,vmm-3ed1df8a924db787517583289f5b06d60637e3e12a68b8abd8c84532be7cf202,TRANSMISSION_LABEL_CONFLICT
18428,vmm-43ff96812fe4f55352734403d0dce0546a5736e3a01cb53dcdcf5042a0b10ca4,TRANSMISSION_LABEL_CONFLICT
18431,vmm-deaf31a47d7553cf856f2e64b106cc3fb77a2db2a46a9682e4a66a61452eecac,TRANSMISSION_LABEL_CONFLICT
18436,vmm-f0c5907925a6421870795917baa88c72dbffec42a04bbae62b1173b734986b4a,DISPLACEMENT_UNKNOWN_OR_OUTLIER;MASS_UNKNOWN_OR_OUTLIER;POWER_UNKNOWN_OR_OUTLIER
18437,vmm-ed105ab80ff217fe0415ff11afc94183b55ff86856475a01c2f5bdde003e86dc,DISPLACEMENT_UNKNOWN_OR_OUTLIER;MASS_UNKNOWN_OR_OUTLIER;POWER_UNKNOWN_OR_OUTLIER
18438,vmm-18bf177d1389be3dab1c01af29e51252dbd23d3c4b83a835b47448b9b1f2cd84,HYBRID_FUEL_UNCERTAIN;DISPLACEMENT_UNKNOWN_OR_OUTLIER;MASS_UNKNOWN_OR_OUTLIER;POWER_UNKNOWN_OR_OUTLIER;TRANSMISSION_UNKNOWN
18472,vmm-345a824c24c863e09584616ef8c6b56b0a456041e6689e422d4dceb905080ce5,LEGACY_QUOTE_REQUIRED
18473,vmm-f275a7fb004d26b8a66fca841f65c1c02c8498ce6a710ff04948c9041ebe8c23,LEGACY_QUOTE_REQUIRED
18474,vmm-20c1786abace805d01e20c3da801c665bf60658a4162626f8834e4427e9da784,LEGACY_QUOTE_REQUIRED
18475,vmm-bfe03f0fee48d54c4671361d088c5f641469afce82247200fc23a57ef6186b9a,LEGACY_QUOTE_REQUIRED
18476,vmm-9526984259264a18bbceb4b3de6fdc36e9de4f119862540e979123cc15b8ddd2,LEGACY_QUOTE_REQUIRED
18477,vmm-ca5f499dc37e3216d3a53a4ef1a435d36cf6b2e94a03d5dcfebf9a168a799cf9,LEGACY_QUOTE_REQUIRED
18478,vmm-a9db2ccc08ff0c1e46236d417788b0ef2f383e2b669af104e096ce253b8f1585,LEGACY_QUOTE_REQUIRED
18479,vmm-c1a9df522791aedd93fd92126f3f3a1519f57f468a36729263c0e36bcf39bf66,LEGACY_QUOTE_REQUIRED
18493,vmm-528ccefd228cff8949317bd67c23c7e29dd0f021d91b8c590d211ab45c3fa3d7,LEGACY_QUOTE_REQUIRED
18494,vmm-a4cf23d8437f915994c3d1bf6d7579c8d6a763aa323e8691f27097fdd201d153,LEGACY_QUOTE_REQUIRED
18495,vmm-9c2e28a4ac99b06a7c231b02662b6fd823c25869787c3e6712c4d473ab163dbb,LEGACY_QUOTE_REQUIRED
18496,vmm-58dde82f94f96f18c2802501d904555d63b5b71c3447795cace9bd69b174310c,LEGACY_QUOTE_REQUIRED
18497,vmm-0a00ee089e9d2af87a2ffd0717878baf261af8f877fcdf11b954f1383a1f37be,TRANSMISSION_LABEL_CONFLICT;LEGACY_QUOTE_REQUIRED
18498,vmm-2807db85d9ba249a1d215f92e03033deb5a1812ce3c1d0ef01357436f7699896,TRANSMISSION_LABEL_CONFLICT;LEGACY_QUOTE_REQUIRED
18506,vmm-2225dcb9a6a4ea4371409d84dd88851feeef76aade697f50434ff87bd75e8d72,MASS_UNKNOWN_OR_OUTLIER
18507,vmm-41acf6029f212b618c935d276714453c382b0c53d0112faf873db12b7e6b1eed,DISPLACEMENT_UNKNOWN_OR_OUTLIER;MASS_UNKNOWN_OR_OUTLIER;POWER_UNKNOWN_OR_OUTLIER
18508,vmm-bf4e8ccb2fc01fdb0438896b5b8863b22cfe0d8cb286e99514e333c96ec3d84c,DISPLACEMENT_UNKNOWN_OR_OUTLIER;MASS_UNKNOWN_OR_OUTLIER
18509,vmm-82f2a6b6eefef8ff5ae42ccaa1b4f87aee316309793c550cc851af106de0271e,DISPLACEMENT_UNKNOWN_OR_OUTLIER;MASS_UNKNOWN_OR_OUTLIER
18510,vmm-5d56e4cd59790254074722dd0290da643a7a88e9a3e4744cf9e530d7830eb58d,DISPLACEMENT_UNKNOWN_OR_OUTLIER;MASS_UNKNOWN_OR_OUTLIER
18515,vmm-102ab5e8d6083772ed80627a2195cc0b55caf20de61fff423338db1eb35803cc,MASS_UNKNOWN_OR_OUTLIER
18516,vmm-14e0d27e235d50484fbcc9bc46d3691b9174569dadce1f4c714af2a8bef02faf,MASS_UNKNOWN_OR_OUTLIER
18533,vmm-c458d7e1182102cc4644e3aba32c0c5647bb6e5436be58d0c4037856d36420bc,LEGACY_QUOTE_REQUIRED
18534,vmm-2462ab214f7eb9598b3edd67cbf214e414f925cbd6f7594b31ef52b66b31400b,LEGACY_QUOTE_REQUIRED
18535,vmm-57f5a70ce778ed407551e039af56e50b2c5a4085949f4e276dbbafe6e1c78374,LEGACY_QUOTE_REQUIRED
18536,vmm-6ff41d985a212b5e252bdca069af9ee999d8d1e5bda99d6e566070be6e942ad2,LEGACY_QUOTE_REQUIRED
18537,vmm-c254983a16417bd04ea81ce4992ebb1b4ff80c126198450790fa585e63d0600a,LEGACY_QUOTE_REQUIRED
18563,vmm-b4d547cc27e94ae20d9786f3c6497ca92cbd7f8394745203b7d64a486ed90fd1,MASS_UNKNOWN_OR_OUTLIER
18566,vmm-6fa2a65bcc662ad942ffd14e3551869dde15603f4b3be905449d38525d05460f,MASS_UNKNOWN_OR_OUTLIER
18568,vmm-13705f72c4e484cf09811fbd7d96332cb5dba56457fdd2c23e36a556f8d6964a,MASS_UNKNOWN_OR_OUTLIER
18578,vmm-b26ebdf071343c6f778437089f3ba87dfc0b0ce277e890c85c10255198ef1028,MASS_UNKNOWN_OR_OUTLIER;LEGACY_QUOTE_REQUIRED
18579,vmm-f13990752335e68fdf83289fb495e198811fa29a0384c54675ffc71fd19ecdb1,MASS_UNKNOWN_OR_OUTLIER;LEGACY_QUOTE_REQUIRED
18580,vmm-3b0750e43311e9553757055c5bc44ccaa4cf91e8062954afbcfb8d84fa3a03bf,MASS_UNKNOWN_OR_OUTLIER;LEGACY_QUOTE_REQUIRED
18583,vmm-9ac87e39db1436968754f1079a70623026f59ef1df8779c4e327fc0b34a9a2eb,DISPLACEMENT_LABEL_CONFLICT
18616,vmm-8289b42a3d21044f0aa1c0147b488d2d176ca45d207e0e27d7ebbfb793cb7047,LEGACY_QUOTE_REQUIRED
18617,vmm-a2b20d059521ef98127ba11911714ed38b2a289e06583f8543ab5743add83615,LEGACY_QUOTE_REQUIRED
18618,vmm-a0296f684c8aa3bf0c2258a46e74a6971b757d7fdf79d09d2cf057f6108bf80e,LEGACY_QUOTE_REQUIRED
18619,vmm-db197e2ed2ed58dd3db9daeb24083cabb5315daee6e1acceec1b9f3d3b4da753,LEGACY_QUOTE_REQUIRED
18620,vmm-eaca6f5d79219a47dc44f881575b53b7eb109a3ebda512c433f6b8a013ded483,LEGACY_QUOTE_REQUIRED
18626,vmm-5df996dd2c2e0338c31a6218128682c86619f60f0bd4ebfde7eed2a9cd6f8575,LEGACY_QUOTE_REQUIRED
18627,vmm-a44b89d93b87349695f01f37f706a6be8e98b2de0e60ba4cbec5da600a6cb158,LEGACY_QUOTE_REQUIRED
18628,vmm-cf22cb5a793d7c6cc5f8442d3aac29e06d92136f343d2ab4090d03bf286c9864,LEGACY_QUOTE_REQUIRED
18629,vmm-298fc8b46ff69dea970f59f69d7526fea31bf16ad87feb101a68541ca180821b,LEGACY_QUOTE_REQUIRED
18630,vmm-2b42683f8fca6ad3a352ef77db78e7e70f6bda1942470f29351b8aab19d524c3,LEGACY_QUOTE_REQUIRED
18636,vmm-8c123cf39e901a94c94c7675457bd04b0b1e711dab082b579d4bb809abab20a2,LEGACY_QUOTE_REQUIRED
18637,vmm-5ecd7457448140d9f62f41be32bcde2f692269b27099187379a13c23230ce9f7,LEGACY_QUOTE_REQUIRED
18642,vmm-fe14192f5c8cb84038d72a73b0abad93c0aac8b75227207ecaf2e37ced820eea,MASS_UNKNOWN_OR_OUTLIER
18649,vmm-68c0676bd2130962a9fbc8b08716172cd3b4d5c8296f6f0765e5e564137e7864,LEGACY_QUOTE_REQUIRED
18657,vmm-d1ef3142ada63ac85a241f67eaf1c0a00b963544d42e02f78fbdc786d45906b4,ROUNDED_FOR_INTEGER_STORAGE
18658,vmm-0105324d55778c1b670b705b057d54d84237909103c7fbfeffc105a94ef54c7e,ROUNDED_FOR_INTEGER_STORAGE
18659,vmm-02a3ffa1ea4269d5c7560a10b75405abb1ccf36d53a0f854f6d6b4063adf8ee3,ROUNDED_FOR_INTEGER_STORAGE
18661,vmm-6ba462ef9552a54b8456571e1dc65c04451f24dfad4492a4bcd4fef5b626439e,MASS_UNKNOWN_OR_OUTLIER
18662,vmm-ae72b9bbca8ebd11df41cd4e95cdb2f535fb37f1bd211764fa1b3abd6893f50e,MASS_UNKNOWN_OR_OUTLIER
18667,vmm-13b6f4168cd8a43145e7e1d550488cc795d8485c9e1435234f8a8f0fde0ada54,HYBRID_COMBUSTION_FUEL_UNSPECIFIED;MASS_UNKNOWN_OR_OUTLIER
18668,vmm-fcdaf2c405affc50705f4d5bcc8d6248e93073bb255b32341fc747990333d25f,POWER_LABEL_CONFLICT
18677,vmm-4f454084e524059879170f34ef32e19064f2f49f137b895d62d76b2f275d166c,HYBRID_COMBUSTION_FUEL_UNSPECIFIED
18697,vmm-9fddc112e8bdc297559a780724137f6883e122a2ddd2fbed55fc6e7ab0ff4a97,LEGACY_QUOTE_REQUIRED
18698,vmm-10f5eec5cda99670a6e2b3d4f6b531381d7cf1082c7c75d765ad9fcf3e8c0bbd,LEGACY_QUOTE_REQUIRED
18699,vmm-03757c2efa667f40eccfede928479973d6100e5fdca60be979bd59ffe2a91ee2,LEGACY_QUOTE_REQUIRED
18714,vmm-f18044477e57c014e7b40a3209b3b52cc048dacce6fd1d128119fc11754607c4,LEGACY_QUOTE_REQUIRED
18715,vmm-4f03549b6122ae5285dcc79f96b3098d9278a088ddf22a5613fe993b30363f5a,LEGACY_QUOTE_REQUIRED
18716,vmm-1eadc6095c47bc82742c628b2c45aad8166338fd8b47365fbbdd301609c642ce,LEGACY_QUOTE_REQUIRED
18717,vmm-9b6a0a88f0df11f12fbc7ae0844946322ef8183745bc88413f622dd7d29b41da,LEGACY_QUOTE_REQUIRED
18718,vmm-ea7e1c7a1505e7532bb17862a434202c27f615d661456a51a0adb0c5dd7b049d,POWER_UNKNOWN_OR_OUTLIER
18722,vmm-803143d51ca368a65dfa054a41733443394d671c734318a314f192d2734921a5,MASS_UNKNOWN_OR_OUTLIER
18723,vmm-34fde34df0f1dcddb7d64abfd86e13fd003cbd7beaefae950d576dba7d09ab35,MASS_UNKNOWN_OR_OUTLIER
18724,vmm-27ee4fcb8ecc3fe4409e77a40b9226d92a83508ede74b77082e532ca977e89a9,MASS_UNKNOWN_OR_OUTLIER
18725,vmm-a95e1ea28ff71e249345a0532f41fcb5eebacd28c2b4bf887a9430f6c6ca4bc0,MASS_UNKNOWN_OR_OUTLIER
18742,vmm-077a340298337f96a138a2f62c2b8b72066e928757d77cdb9e04264cf3d1dbd4,LEGACY_QUOTE_REQUIRED
18743,vmm-3c264f4308c11d52e73e6a43531232c08d71e529fdbf611790500b3b6c55f200,LEGACY_QUOTE_REQUIRED
18744,vmm-79daddb57306af855bc98a4314442998c8def677cbf23e07ba7a979e0eca9905,LEGACY_QUOTE_REQUIRED
18745,vmm-99ac17fdc261824588d0c7b8c551b6f6d3c8830cb809ce1ac338e540107f300b,EXOTIC_QUOTE_REQUIRED
18746,vmm-956ebff529ccf86e2e6c68ebf9c235df56d4d6d232946464ca81c873b0ade8d0,EXOTIC_QUOTE_REQUIRED
18747,vmm-5888fbbd9cec93d07ec9e3a5a5559d043877c769942160fc7ea9f8997daffe45,EXOTIC_QUOTE_REQUIRED
18748,vmm-2026d31d692686fdbf99718e7ea95256b4adfa70a10b5d9f05fabd402b43b25a,POWER_UNKNOWN_OR_OUTLIER;EXOTIC_QUOTE_REQUIRED
18749,vmm-4b98c9dd69c7e1c913bfdd710b8190800d37a346756a34be346064ce3e43d6af,EXOTIC_QUOTE_REQUIRED
18750,vmm-251e0cd2d61019e63b109f080ab8bd73800f5b375b3b93ff32a017eeda858f51,EXOTIC_QUOTE_REQUIRED
18751,vmm-946b8ae291642525a6530d9bc46fb86e7172be62489727ca3e373561cd930c84,EXOTIC_QUOTE_REQUIRED
18752,vmm-975a4458562da73c399ca15c18a61d844a20fd6f76a793e59231240c2c212404,EXOTIC_QUOTE_REQUIRED
18753,vmm-096b632badffd462cbc7ace2fcb7291437f66292d0b4ccdde2b05b470ba0dadf,EXOTIC_QUOTE_REQUIRED
18754,vmm-3faff8be06f59e3180ea53cd059d93e613576ca35c17ec99e1226ad5abf5394f,EXOTIC_QUOTE_REQUIRED
18755,vmm-235c75f142c9e065328e6b9707b9de15b64f7867e4c6d55713f27e08ad43ba8c,EXOTIC_QUOTE_REQUIRED
18756,vmm-8154fe223427032d608949b553ab80e889b72ae3ba15309294b53a28674c88d4,EXOTIC_QUOTE_REQUIRED
18757,vmm-82b23120dc207798cc4591931536c3805acd756ddfc02b00a4f0a24c99f6014b,MASS_UNKNOWN_OR_OUTLIER;EXOTIC_QUOTE_REQUIRED
18758,vmm-9e5a785880c63546164826f272f9dfba685bfeed1597eb365dcee4deccecccb0,DISPLACEMENT_UNKNOWN_OR_OUTLIER;EXOTIC_QUOTE_REQUIRED;ROUNDED_FOR_INTEGER_STORAGE
18759,vmm-c333ee565f2715f52ec492dd0b0a1f9f84e3204b781732786f1c32d3aed2bb69,DISPLACEMENT_UNKNOWN_OR_OUTLIER;EXOTIC_QUOTE_REQUIRED
18760,vmm-eea0674321b732679180a388988ef7b44c2fff2e2ef4684be2f30ab8828f0c05,EXOTIC_QUOTE_REQUIRED
18761,vmm-aaa97604cf8765591e094ca711f65013f438d5404484241ef1d74df26df7eef6,EXOTIC_QUOTE_REQUIRED
18762,vmm-da0c734c8b8c8e348bbccfd1bad95ef4a5465b452de37a5b8945588627bd8e01,EXOTIC_QUOTE_REQUIRED
18763,vmm-7c291fc6b293020bf4e90e7fa9462ce8a8d2bb7c607fadfb182005749b669a49,DISPLACEMENT_UNKNOWN_OR_OUTLIER;MASS_UNKNOWN_OR_OUTLIER;TRANSMISSION_UNKNOWN;EXOTIC_QUOTE_REQUIRED
18764,vmm-1415e20fcfe0d75123c5007c59cc1a4ac10a56431b8d1da073c1f5dea985bcc2,FUEL_UNKNOWN;DISPLACEMENT_UNKNOWN_OR_OUTLIER;MASS_UNKNOWN_OR_OUTLIER;EXOTIC_QUOTE_REQUIRED
18765,vmm-bcea9c73fd1a20cf6603209bbaaf41959a88809e22d0a25a2dcd676029604a83,EXOTIC_QUOTE_REQUIRED
18766,vmm-594d970831e36a06a30a78812562145c41002158b038b652298bd69f52380a16,EXOTIC_QUOTE_REQUIRED
18767,vmm-a81100c0ddba8bdb96453ca9581221d932324678e0a990a82b1d0bad2f9f86ac,EXOTIC_QUOTE_REQUIRED
18768,vmm-4bd68d5699e1d2fb2b82b850e3beef6586658a25aab741c2ac2c83867e27fc0c,MASS_UNKNOWN_OR_OUTLIER;HR_PARTS_AVAILABILITY_UNCERTAIN
18769,vmm-98d2e841e944eddf1ddfb37feb8d72a0d542a679e33254c073df1734c727d2ed,MASS_UNKNOWN_OR_OUTLIER;HR_PARTS_AVAILABILITY_UNCERTAIN
18770,vmm-f4a099bff88b6ad640af3b8085059b1eab0c8a05def07425df12e34067d5bf93,MASS_UNKNOWN_OR_OUTLIER;HR_PARTS_AVAILABILITY_UNCERTAIN
18771,vmm-e63ad29735b328565a43284d394e3722b57a9d2a9d72889be839ed1ad4970aa3,MASS_UNKNOWN_OR_OUTLIER;HR_PARTS_AVAILABILITY_UNCERTAIN
18772,vmm-9bea08f064b6f2cea8ad141a4841a8e50cd6421286ec080d111f31864428a4c3,HR_PARTS_AVAILABILITY_UNCERTAIN
18773,vmm-262321d56171453cc0b40d498106946633973267a50b34989a9bce7a44f2ff67,MASS_UNKNOWN_OR_OUTLIER;HR_PARTS_AVAILABILITY_UNCERTAIN
18774,vmm-acbdc2d87ee4eae079f2905e89cb78bab8d3796e7e0ef169ab68366df8e82ca9,MASS_UNKNOWN_OR_OUTLIER;HR_PARTS_AVAILABILITY_UNCERTAIN
18775,vmm-ac7ac3323ec24676190958948fc0689185570dafb510bda50f76934a15f1fcd6,MASS_UNKNOWN_OR_OUTLIER;HR_PARTS_AVAILABILITY_UNCERTAIN
18776,vmm-fef0ad7f1fc09aa7ddc4f75a4c13a14514fb22bdad7e67374e3d43aac294f34b,MASS_UNKNOWN_OR_OUTLIER;HR_PARTS_AVAILABILITY_UNCERTAIN
18777,vmm-6a6bfab06d70b8cc9ef5e5e413383f56b54fad88518cbe525789c6a7baf73f18,MASS_UNKNOWN_OR_OUTLIER;HR_PARTS_AVAILABILITY_UNCERTAIN
18778,vmm-e8d61ffe988ca06e505b686c8dba81fd940b8b7d49301fa8904b6cc0c2a86251,MASS_UNKNOWN_OR_OUTLIER;HR_PARTS_AVAILABILITY_UNCERTAIN
18779,vmm-ef87ab6e78dc1dffaea422f785d7ef2e19bc6eb299b76386c2f0ee544e85f87c,MASS_UNKNOWN_OR_OUTLIER;HR_PARTS_AVAILABILITY_UNCERTAIN
18780,vmm-f46899bbd620f182badab1843b4367953f86f71485f378145a137a8afc5a67e5,HR_PARTS_AVAILABILITY_UNCERTAIN
18781,vmm-1b473abfa90f9065a3e04e029b2fbc56d697df668c05d0f8f8eed8b8876e6247,HR_PARTS_AVAILABILITY_UNCERTAIN
18782,vmm-dee612e0c6e3198cc76ea844588b7429a5f3efea67c535905d59b90b0f425ab6,MASS_UNKNOWN_OR_OUTLIER;HR_PARTS_AVAILABILITY_UNCERTAIN
18783,vmm-fb3d930a0fe5a82f503086a8a1f7fe6565ad0e8f11cc2fbbbc48db7161ceaa5c,MASS_UNKNOWN_OR_OUTLIER;HR_PARTS_AVAILABILITY_UNCERTAIN
18784,vmm-483d5af369630f3d9be08bb5c22d68bd7e9049dd608d8c2a214e3cd27f8ccfc6,MASS_UNKNOWN_OR_OUTLIER;HR_PARTS_AVAILABILITY_UNCERTAIN
18792,vmm-75fea7943c09b57cbc612c4fee8b7693b40544c09b88445791ce5c17e8ff7ea6,LEGACY_QUOTE_REQUIRED
18793,vmm-8e74508cdb4c08bf61039f910ac8bdab78046bfa6499e56be47f150b372c2b51,LEGACY_QUOTE_REQUIRED
18794,vmm-e82ed7496f781ebac66a426f2a48bba6ea18816d0c4c4a7c882c5db606b706a7,LEGACY_QUOTE_REQUIRED
18795,vmm-54d9e1ac6dfda1a9ba70851524b1f0bff19e35e51a49ec6476725cb01cd82008,LEGACY_QUOTE_REQUIRED
18798,vmm-de21802e6ab7429889d1ce197ee12bd949a810bd920ca75bcd1c58245fd902e5,LEGACY_QUOTE_REQUIRED
18799,vmm-0549867aec5c1fea6a47c16e27fd05ffc274c751fea18440fad32110da4ed4f3,LEGACY_QUOTE_REQUIRED
18800,vmm-3ed5f570dc7fd15189105483abe19bbdacef0342d3e17bb2d82df7f1ad321371,LEGACY_QUOTE_REQUIRED
18819,vmm-26447cd92ce1ad3d6e7c30200b0f864179bf2d4ca09a25f134436a5d64e1e875,ROUNDED_FOR_INTEGER_STORAGE
18876,vmm-a46c121e776f5a818eb9432a217ca403c0650fbb5a597ecc563703c334a95080,MASS_UNKNOWN_OR_OUTLIER
18877,vmm-2b2bf7bcf44072bbba925b96e4cb36f35cf74a5059d574869d6a70c0c7229b48,MASS_UNKNOWN_OR_OUTLIER
18883,vmm-b8be5adc478a87fe924f3b5b6b6cadb22a3c94d7758befa5bec772e9a18751b7,DISPLACEMENT_UNKNOWN_OR_OUTLIER
18888,vmm-064493fe991f659dc198a96cd1cdfcecb985979e475df2a4d82ebbdafd547aa5,TRANSMISSION_LABEL_CONFLICT
18892,vmm-46cd5d622e27298cca58c2756bfe3e952a26b0908b5f8c343174352df9f5e3dd,HYBRID_COMBUSTION_FUEL_UNSPECIFIED
18897,vmm-0607ba2c5decffd9c2be0a1008ace7d7ec0be0feb785c6b947935cbd81ea0a26,TRANSMISSION_LABEL_CONFLICT
18901,vmm-b52eae86caa3add70da421576ab2305f0d86695b3553f3a892e77e3d158d1818,MASS_UNKNOWN_OR_OUTLIER
18902,vmm-f736d83847a666f1e6d9b654cf0d00cca1b8054c9d4eb9531b5558ab3ecbd933,MASS_UNKNOWN_OR_OUTLIER
18903,vmm-d3f1ecfc03c65ccde93820e41672dd54de44520de4cbe6c80e9c62eb5d4c6aea,MASS_UNKNOWN_OR_OUTLIER
18904,vmm-d0c407c1463698d4b79f36f72523c4a5a4df8f601420fd8980f8c57d3e409839,MASS_UNKNOWN_OR_OUTLIER
18905,vmm-8315afe6739f9f0c071c7ab9d0ea8f2078286d2e00eec04b1dae35b16295fef0,MASS_UNKNOWN_OR_OUTLIER
18906,vmm-c2e8710345da382e5bda3704ad8d9368cb8e6f6fb6205cbdd1bbac866d121ca3,MASS_UNKNOWN_OR_OUTLIER
18907,vmm-673d63ecd3ea0cca965e764074be52a42b2d5f9e906e35d9c50b4b3611c52a7d,MASS_UNKNOWN_OR_OUTLIER
18908,vmm-0567f9af04387dd0efc897150c894744f12a739571436b971d560bcfc3aa5940,MASS_UNKNOWN_OR_OUTLIER
18909,vmm-ea6d45823cae28150035f50c8bc30dd1f38c8992e810336aacf5cb504a71e9f6,ROUNDED_FOR_INTEGER_STORAGE
18911,vmm-992919c4adb53407bde25dd5126266cfdb605992f68eab17ba7c939b82c193cf,ROUNDED_FOR_INTEGER_STORAGE
18912,vmm-a149296153afb9e4992cf54f4c8e0beeeb7a9ac1b3995d90fd9278b8f67dd50b,MASS_UNKNOWN_OR_OUTLIER
18913,vmm-4e83b370b97b1168d90b524ec73a4b02723e7d67277f42390a7e3257a35d1946,MASS_UNKNOWN_OR_OUTLIER
18914,vmm-a8fbbfec81afefa3687107ea76f7262e825d11c59f59393b4a693eedca72c32b,MASS_UNKNOWN_OR_OUTLIER
18915,vmm-246ac06a49f9721d0d9a5e5a88566a4d5e3aa3ffccdc71b28c9582a2b858b058,MASS_UNKNOWN_OR_OUTLIER
18920,vmm-8a29c5eb289c1adba491cf4acc36dedd8f7696ca2722acef6fce8c26f87a6956,LEGACY_QUOTE_REQUIRED
18921,vmm-e5e630eaf9eeb460f54fbe1473f858c193d9246fcfd0f220aa38f7372dd1a489,LEGACY_QUOTE_REQUIRED
18922,vmm-73fc90b164725e62cf4486c73f61ebf33493ed4a26b9e3674e8d9d959aeda879,LEGACY_QUOTE_REQUIRED
18923,vmm-bcf042b97ed044c80ce95526b3e51dd7af367d9727a20e17571a15bd1c662393,LEGACY_QUOTE_REQUIRED
18924,vmm-16a9a3de9a0bced173fd6ff06f7a8df9692b995e066139f7af428a9a3de23f66,LEGACY_QUOTE_REQUIRED
18925,vmm-d102c38e0564014a06f69679cd87e41c0d9eb94e1f5a98a5d30085b8e3df776c,LEGACY_QUOTE_REQUIRED
18926,vmm-bd11466f70202248a7b2657b8931b9eb883e6a5cafa9d0e628d3e52efb783b10,LEGACY_QUOTE_REQUIRED
18927,vmm-00aae0a0e5916e7a5ca5283728b0a56d5c6dae0c8c46e294e26d1b4f7097b87c,LEGACY_QUOTE_REQUIRED
18928,vmm-1562984585e2f0f817e140520b092b0275ed9771811d86e9215e3ffcd1b14aae,LEGACY_QUOTE_REQUIRED
18929,vmm-60ede3f8837e4f0b8b96347789b40aec7a4b519eb82e87f7ac94566740a04e91,LEGACY_QUOTE_REQUIRED
18930,vmm-d4d0fc7c864c354b8b37ada81b897d6d0dc9a548c912ee8505c6e88e36900f6e,LEGACY_QUOTE_REQUIRED
18931,vmm-1b5cc1e33590ab35708551b12a5f2d5b3c919206226061799ef45982b1461141,LEGACY_QUOTE_REQUIRED
18932,vmm-2c441b69a0b39ab62e0a234000d4e53f910bfc7c93b425501d1f07dda5fdb66e,LEGACY_QUOTE_REQUIRED
18933,vmm-3d12b22110eb176b437f017de2f877136b43d12b9db306877aab258372d7a45d,LEGACY_QUOTE_REQUIRED
18934,vmm-1c312ee09d9adf8ff4f150b0b6c210c7d86f12e31fd457230ab2e5f63cded2f1,LEGACY_QUOTE_REQUIRED
18935,vmm-bd8c1855c5f728737fac50d18b7431da1e4d4038df23c5f36197d2e2d5e8ed2e,LEGACY_QUOTE_REQUIRED
18936,vmm-2a7bcbe2e051e132d79247c16f4b89571f19d2497cc9e69eb219275d476d7511,LEGACY_QUOTE_REQUIRED
18937,vmm-444477cb08dc3cd7c49d0eb5e9173f65fc1eadf165d58fab22fb70e6acc7c984,LEGACY_QUOTE_REQUIRED
18938,vmm-039f6e06b703ca80b6ca499cc7f0d19c02c15acd78bd62e7be8badc1b2a671bd,LEGACY_QUOTE_REQUIRED
18939,vmm-348ab6426f89574cdf67b772177c112d05e80bcf82fe641c9d1518f7b1e62285,LEGACY_QUOTE_REQUIRED
18945,vmm-0d178faf857b2ac6ed59d9e9444159ffdc4a4f4816da52f582fc16257369e9b2,MASS_UNKNOWN_OR_OUTLIER;POWER_UNKNOWN_OR_OUTLIER;TRANSMISSION_UNKNOWN
18949,vmm-2fbe320f5f19c76238ee33e538a41b55d1b30cbf8e079a031172ef524e662777,EXOTIC_QUOTE_REQUIRED
18950,vmm-8705089ca30739eb6a87b87acc4a8cd9945073488eecfa8cf3997a88d088f442,EXOTIC_QUOTE_REQUIRED;ROUNDED_FOR_INTEGER_STORAGE
18951,vmm-e974cc696b582d0c230c38167c51085808ef560c9ebfc0d04e5078074519cd81,EXOTIC_QUOTE_REQUIRED;ROUNDED_FOR_INTEGER_STORAGE
18952,vmm-68ee05945f0f53cda82959d459f9d4b1196c6354e015ea691eea323ce943fcf0,EXOTIC_QUOTE_REQUIRED
18953,vmm-d18d4f25c78df4a556492e74dfd0d8a578da0f6b850c70d7e9af42e39153062c,EXOTIC_QUOTE_REQUIRED
18954,vmm-f7c021713b3d873b8f647344f078ba3ecbd260e453aeb62dbd4c1fcce5bfec0f,EXOTIC_QUOTE_REQUIRED
18955,vmm-d81fa1cb0e6298df37331f172ce61251185403315e40c3eb23ab0fe57ba80bc8,EXOTIC_QUOTE_REQUIRED
18956,vmm-d19af3e82b24492ee5120b8b70966f94eea84c65bfd6fe70b6c46b8080fa9d87,EXOTIC_QUOTE_REQUIRED
18957,vmm-6f91e23470444b9de7bb1876a6dca819ef671c1ac30172d40eb5c62d78790f6c,EXOTIC_QUOTE_REQUIRED
18958,vmm-697a32c2b716774cc81ec3f374af61e0d750bcce52ef48e6436bdb0a93d23d58,EXOTIC_QUOTE_REQUIRED
18959,vmm-d67b29064418f75cc8c03717c8a8a6d0374ac4420b4ab6ada779e62e8e296a01,LEGACY_QUOTE_REQUIRED;EXOTIC_QUOTE_REQUIRED
18960,vmm-895dff0e02f4a3f3ffd6bca644db35e60609a073f7df279565eb68a52bcffbb9,LEGACY_QUOTE_REQUIRED;EXOTIC_QUOTE_REQUIRED
18961,vmm-68ee49a00d91333c30415c2d8b1fdad5f08a1226efddadcf88058d7efa631ad7,LEGACY_QUOTE_REQUIRED;EXOTIC_QUOTE_REQUIRED
18962,vmm-3fb2818260fd6a44a9c863a897bf489f28b51d5a1106d3084431da757ef1c268,LEGACY_QUOTE_REQUIRED;EXOTIC_QUOTE_REQUIRED
18963,vmm-e04b34a0a40df4614268397935d3e5b6b204dac6675db0fb6c5a44a2abee91e8,LEGACY_QUOTE_REQUIRED;EXOTIC_QUOTE_REQUIRED
18964,vmm-26ff51ddbd74642055da288ef8d96a3903717fe450fdefde8eaf78ff6dcc1577,TRANSMISSION_LABEL_CONFLICT
18965,vmm-8f8538843d36632db243fee06861bb79649a7d2e2a11a64a7c4449963fdd1557,MASS_UNKNOWN_OR_OUTLIER
18968,vmm-0398439e7ee3f335f690b0bd63c4c7bf965e009e15db9531a3b8c30e95509c9d,TRANSMISSION_LABEL_CONFLICT
18969,vmm-a16dbd45cb30d7654086bf2e66e91492c39690d0780d0b2b5729fba52c7e22a7,MASS_UNKNOWN_OR_OUTLIER
18970,vmm-3f46c3deca63eb4e982cc40dd715a1314c7a75e352ce0ae32b9198a4745c26c3,MASS_UNKNOWN_OR_OUTLIER
18982,vmm-53d64e2746383e73dee4afa62b3a6dce8f3c6ec8a5b0a0f1eb5b92f9b28a1c31,MASS_UNKNOWN_OR_OUTLIER
18983,vmm-97fff0a091f2f22055ebe674909cd6c93a9d782b36df61e6df15b91fc88ec8eb,MASS_UNKNOWN_OR_OUTLIER
18984,vmm-1bba1a82b48a3cc399900c3d859209239202f0286b8818d3cc4c4512398cfa5e,MASS_UNKNOWN_OR_OUTLIER
18986,vmm-a734ef13368e924a75826b9da68fa8fb70d67ebd54799ec54b8bac29ee2deed0,ROUNDED_FOR_INTEGER_STORAGE
18988,vmm-4090ecb21b279e4d3b7b97353bb443e1d4e6643d3d83120a61d7366344fcac89,MASS_UNKNOWN_OR_OUTLIER
18997,vmm-90dc1f93d719c0a1f48f77b2cf7a4e3b28333cc507186e6a8f293e8a50043a58,MASS_UNKNOWN_OR_OUTLIER
19007,vmm-5dd23b7ccdbeab039bf1bb842aef8223ddbbc163fc292a6c09162076aa923415,DISPLACEMENT_UNKNOWN_OR_OUTLIER
19008,vmm-3165082a3289910b7a48aaf2a434068cd3f6797dc874cdc9a91edff34ebbff81,DISPLACEMENT_UNKNOWN_OR_OUTLIER
19020,vmm-f5292fd651aa69a577159d9c13054296fb479e5e3f98e3e5a761747fdfd26903,POWER_LABEL_CONFLICT
19021,vmm-6770a46be9bb7da371c083af3b0c4df3b378b7d60dc751ad2dd3bd5577a328f9,MASS_UNKNOWN_OR_OUTLIER
19057,vmm-15ab178aabe36a39830b7267db47823d267661d3a6938143095f9359c8e487f3,LEGACY_QUOTE_REQUIRED
19058,vmm-54c585ae985d7e4f0fbc4574756c9e981fb72c4cc2ac92d71db46104d4f86097,LEGACY_QUOTE_REQUIRED
19081,vmm-956223f5aa01e4bb814333dbd5fbaa92510aa25a3c8fc140e758944379e35074,LEGACY_QUOTE_REQUIRED
19082,vmm-f0e3e4ab69d3ae2fcc4b9312c3c1ac3210bee8187d8618fbed8d54b9e8bfb958,LEGACY_QUOTE_REQUIRED
19083,vmm-08452cbf8ed4b1f253982b7077e8bb40484447146c39befcadb76a61c6eaa141,LEGACY_QUOTE_REQUIRED
19086,vmm-4d9590bf4bc0cc14531f4e28d7d19725a753628f20b2ebec17e8c1fb513660bf,DISPLACEMENT_UNKNOWN_OR_OUTLIER;MASS_UNKNOWN_OR_OUTLIER;ROUNDED_FOR_INTEGER_STORAGE
19087,vmm-5fa436b0eedbb26d9a4f8d934ab25be9ad8d758d12c59b593aca5bf37e923438,DISPLACEMENT_UNKNOWN_OR_OUTLIER;MASS_UNKNOWN_OR_OUTLIER
19088,vmm-ed8b97cfe81a05d2c26cc9861a5e7b8f8c9adbf3ce1d8babc04e2dc7779eda30,MASS_UNKNOWN_OR_OUTLIER
19089,vmm-0fda6ca0798415c29ed13c01695e8009e395288eb40755204683950bf021b391,MASS_UNKNOWN_OR_OUTLIER
19092,vmm-55ed22ffd63441a3dcd4303b5b8091c05dc166aa74b01a283c425fc2a67b6e09,MASS_UNKNOWN_OR_OUTLIER
19098,vmm-82d85cb43b6695d90b047b881dc75a547d0fc4d89846ffea0d14fdab8d2c8013,MASS_UNKNOWN_OR_OUTLIER
19099,vmm-508f47c4e38161b6dc3c5462c687275746b680274944fc533cf778e2a55f9a5d,MASS_UNKNOWN_OR_OUTLIER
19100,vmm-0777002894038ddfac4de5b1426bc15b64d4b31e9e9d7871f70b78ccff8e8c9d,DISPLACEMENT_UNKNOWN_OR_OUTLIER
19114,vmm-55d4dfebdd714b47c3bea0d45e867aa89cd55bf63ed4f7f6861bbd44d66fffaa,DISPLACEMENT_UNKNOWN_OR_OUTLIER;MASS_UNKNOWN_OR_OUTLIER
19115,vmm-c6c4cd50074995bd6b68f776f453f345e6d3a1b2c9f767269000ee585bafb833,DISPLACEMENT_UNKNOWN_OR_OUTLIER;MASS_UNKNOWN_OR_OUTLIER
19116,vmm-8298266f8dfaa62f550389f30794c0a5a01dce40afdac213881bbcde6f97c06a,DISPLACEMENT_UNKNOWN_OR_OUTLIER;MASS_UNKNOWN_OR_OUTLIER
19117,vmm-e04039dc35b99600814c3858868a4dadbf684d926e6b91777862f51dc7c80d97,DISPLACEMENT_UNKNOWN_OR_OUTLIER;MASS_UNKNOWN_OR_OUTLIER
19146,vmm-cfe1abc80af5431bff7d66344a84f52c0be64cdea9499e7a8e049c2b25ffee2d,MASS_UNKNOWN_OR_OUTLIER
19147,vmm-2eecf8e26125cfecff9ff7ce185aad54d12a0f3df697b8b23f56dabfbf570c51,MASS_UNKNOWN_OR_OUTLIER
19148,vmm-8c10e342f787c1a88fa71a2c51cab5435b5d0f585a1a58bff58d85328cf1425f,MASS_UNKNOWN_OR_OUTLIER;ROUNDED_FOR_INTEGER_STORAGE
19149,vmm-8359229d66fe6c76ac79851d820e30a966073bfb0db5155e4ab0b68aa2ca64de,MASS_UNKNOWN_OR_OUTLIER
19150,vmm-27b5b146686df1c606493c1c1f33bfd8a2faba42be1fd7e74821d5833fc989fd,MASS_UNKNOWN_OR_OUTLIER;ROUNDED_FOR_INTEGER_STORAGE
19151,vmm-98a72def203323d0448773e2d864d8c802cec94c9ea0b25e5bde26009e564509,MASS_UNKNOWN_OR_OUTLIER;ROUNDED_FOR_INTEGER_STORAGE
19152,vmm-5e84b61fabf9a02d8d9b367cc36b17ef6547e0d9f59a6c61eca2889fd6e307a0,MASS_UNKNOWN_OR_OUTLIER
19153,vmm-854252122cefa93dd445f26194c49b8fb4ab7e71a9fb861e3810b4dd69e26e90,FUEL_UNKNOWN;MASS_UNKNOWN_OR_OUTLIER;ROUNDED_FOR_INTEGER_STORAGE
19154,vmm-f63b47a4000ab020a2b334e72d5bcb284a5d398a289b792c698403b9a7fd8e9f,FUEL_UNKNOWN;MASS_UNKNOWN_OR_OUTLIER;ROUNDED_FOR_INTEGER_STORAGE
19155,vmm-df50c0604f5f08a1d4b111d9052721a746969099902e29003b10ab886d5f476d,ROUNDED_FOR_INTEGER_STORAGE
19156,vmm-f3d8c732fd7f82af3631db26f7ceb2ad93c243fa9eb7a81f85e987915fd9207e,ROUNDED_FOR_INTEGER_STORAGE
19163,vmm-41a9980788a4322c772f8967059e227d31d2b9d1e11acce35b369389414c7889,DISPLACEMENT_LABEL_CONFLICT
19167,vmm-4abdfde409d894f826c7519c800620c82730c1676af9cdca1cf66ee1b95787e0,DISPLACEMENT_UNKNOWN_OR_OUTLIER;MASS_UNKNOWN_OR_OUTLIER
19168,vmm-afa8f4bb08dd370dd803f84bf1a49577077723e5826e54ae40c1ffa2bf903c32,DISPLACEMENT_UNKNOWN_OR_OUTLIER;MASS_UNKNOWN_OR_OUTLIER
19171,vmm-3f2bbef9fa0b5b070bfbb59f641504331011418ed5455fb4f0e96fd5f19490d7,MASS_UNKNOWN_OR_OUTLIER;TRANSMISSION_LABEL_CONFLICT
19178,vmm-af415ba4724052e5a760dfe6975bfd3a5ed27c96e11cef1ef997689d68ed179d,MASS_UNKNOWN_OR_OUTLIER
19207,vmm-8feeec6ddc6c21e7436382637a40a42e13969b63b9453ff574c9fdfbf16e4ea1,POWER_LABEL_CONFLICT
19212,vmm-e90b2438ced6b43de6d28601852250ca0cfc317531f998b8dd8f08ca7f0a3bea,LEGACY_QUOTE_REQUIRED
19213,vmm-3956981bb423cdf6b4697e59b29156bb23817cef2179d5dfb056534fadcb2466,LEGACY_QUOTE_REQUIRED
19214,vmm-012f8b26fd9826660a1da49f9f94b49ac19d471ed59e5bfe24aee6a6a02e6454,LEGACY_QUOTE_REQUIRED
19215,vmm-770082267f42cdbd2ff54ae4dd97d6ee6e3e1e3ec1b164c3759b4b3b9d0d1bd0,LEGACY_QUOTE_REQUIRED
19216,vmm-8ed50f0f36788d9fe4b0037ef6b10fb682af704fa42d981d4d9a82bcff6ee9e2,LEGACY_QUOTE_REQUIRED
19217,vmm-8cb62df8a4820c78c451afd3c0ce637f55060a5a15d14e04f0924ae2816d110a,LEGACY_QUOTE_REQUIRED
19236,vmm-79625cec3dcb81e42eea3387fca8461d7a89b03873a55c7d428e88e8362526a7,LEGACY_QUOTE_REQUIRED
19237,vmm-a3dbc1c80b0804ee56eea55601f19596cdef7aa6b3c7fb9b8be83d111044abdc,LEGACY_QUOTE_REQUIRED
19238,vmm-319428059470e9f9a5355895e1a1ece8e482ec4ebc2fbafeb369eb436e047dee,LEGACY_QUOTE_REQUIRED
19239,vmm-709c2b19a7c42cb63c8f369ca7fe762bcaa29c351a6126169405b6577005c9ac,LEGACY_QUOTE_REQUIRED
19240,vmm-e209ca126e6bab3ea24cf8ba24afd88c2c73f329edd30e06d3c5cbc5cd6ccc71,LEGACY_QUOTE_REQUIRED
19241,vmm-3233124cf3919708d2a618b512fd46188120777684075a3e02a7c4f835b40463,LEGACY_QUOTE_REQUIRED
19261,vmm-fb838bde64ee8600ed8e732fe03fa0965f4fa87a2abbe8d23d3f3f6a4f1ac5c4,HYBRID_COMBUSTION_FUEL_UNSPECIFIED;MASS_UNKNOWN_OR_OUTLIER
19262,vmm-9ced2dd85538c3b0f812f33f37c23e17ee7cf2158739ce5ff7b29696d199ecec,HYBRID_COMBUSTION_FUEL_UNSPECIFIED;MASS_UNKNOWN_OR_OUTLIER
19263,vmm-a8fbeab9c8a10d13479923161bfe6e0eda82e5173c0afc353ecc47b8d350d560,HYBRID_COMBUSTION_FUEL_UNSPECIFIED;MASS_UNKNOWN_OR_OUTLIER
19264,vmm-70fd214e6d4c204e80400830a0cd028e3ae4d9ea14f33fb8ed0ecb13edfdfd35,HYBRID_COMBUSTION_FUEL_UNSPECIFIED;MASS_UNKNOWN_OR_OUTLIER
19265,vmm-920ef54109a2f6c92b867371a3bee8a584f140c2ba2c92a493b4efa5bbdf0f14,MASS_UNKNOWN_OR_OUTLIER
19266,vmm-71c8e0c0b9a1edf2301bd74e0ffe4f46ae03f640983462ef1191b2418b584a6e,SOURCE_EV_CYLINDERS_DISCARDED;MASS_UNKNOWN_OR_OUTLIER
19267,vmm-ac221444c7462f2dccc64f6fe20c4d54b7dbe05c3e61df370990e606666bc764,HYBRID_COMBUSTION_FUEL_UNSPECIFIED;MASS_UNKNOWN_OR_OUTLIER
19268,vmm-3951277c6b2644554e3fdd65d70936257b1529f81e7c22d2672fef4b6e18938d,HYBRID_COMBUSTION_FUEL_UNSPECIFIED;MASS_UNKNOWN_OR_OUTLIER
19269,vmm-d4234f98e6666b1c07acaa027736e38969caeee9a64f28b64a08cc208e9726c2,HYBRID_COMBUSTION_FUEL_UNSPECIFIED;MASS_UNKNOWN_OR_OUTLIER
19270,vmm-214c04bcfffe826803deab8218a5576aad094cbb026107fce29f71ce3ee4e76a,HYBRID_COMBUSTION_FUEL_UNSPECIFIED;MASS_UNKNOWN_OR_OUTLIER
19271,vmm-1bf0cd5d07561555dfb820347a51978d13fa15d8a395b443f67b004995e44026,MASS_UNKNOWN_OR_OUTLIER
19272,vmm-fe5c6082035b2805fb00958998309a877a02a5a71c445d73d07398551926049f,MASS_UNKNOWN_OR_OUTLIER
19273,vmm-304b9b934b639d86ce7f4db9da72552e306adf544022a27c678c79201b1b2698,MASS_UNKNOWN_OR_OUTLIER
19309,vmm-2cbf2d5cab60e720cddf95f0a4d70e501442e075247a57fbe2fdf69bcf48a1bc,MASS_UNKNOWN_OR_OUTLIER
19310,vmm-dd501ca27f422115868d81ea2b157616c6b18225463e7d60d44db9a0613716fb,HYBRID_COMBUSTION_FUEL_UNSPECIFIED;MASS_UNKNOWN_OR_OUTLIER;ROUNDED_FOR_INTEGER_STORAGE
19311,vmm-24940596c59e9f167c7be865e3f7710d5d4ea3418e99841861317ade0d0f24c8,DISPLACEMENT_UNKNOWN_OR_OUTLIER;MASS_UNKNOWN_OR_OUTLIER;POWER_UNKNOWN_OR_OUTLIER;TRANSMISSION_UNKNOWN
19312,vmm-a09522d95f7c4261281b25dfe0f33b7c4880b92c5125132c6713015ab08696ba,MASS_UNKNOWN_OR_OUTLIER
19313,vmm-ea01404cfe76b02a7a49357e5abb81ad27bca8d858a885f5b509b55f16e53d75,MASS_UNKNOWN_OR_OUTLIER
19314,vmm-2b6c0eb1f844ab0a95240826f43b3ec8e2c48bb06efd8a992d78270f04283935,MASS_UNKNOWN_OR_OUTLIER
19319,vmm-ef6bc66495ff501d8a3e023b7f7f4995b57e830117c5667b7867ff5fb67e54ac,MASS_UNKNOWN_OR_OUTLIER
19320,vmm-40ecba075a11878aefa6983b0ea895f5647a1fd3e8ec8e72c203df1d5d1aeba7,MASS_UNKNOWN_OR_OUTLIER
19323,vmm-39c53ff8b719991fcccffaf17ff0fd498ecf910da03f42cf3ad34260b39b3a6a,MASS_UNKNOWN_OR_OUTLIER;POWER_UNKNOWN_OR_OUTLIER
19324,vmm-a0b0a9d01f8ea567b7a1e2c197854f1978b055ad122a181258fcebfc37c55f08,MASS_UNKNOWN_OR_OUTLIER;ROUNDED_FOR_INTEGER_STORAGE
19325,vmm-f5ab30e57ecfd4e7249acf6ea2e1f2108faa09eebef300c5db9f820d196194ec,MASS_UNKNOWN_OR_OUTLIER
19330,vmm-ebd9d81206db6149c25d32062fcf9912287b907e777132398bc170d63abff598,MASS_UNKNOWN_OR_OUTLIER;POWER_LABEL_CONFLICT
19339,vmm-44287d20fa1eb37ee37911ad9e378fecb70e2e48e259275eb985c9378e6c09e3,MASS_UNKNOWN_OR_OUTLIER
19344,vmm-5a99096fd0d00eafd42f01f5741a57a1019a6f1634fb71b2a855c3fc00740d1f,HYBRID_COMBUSTION_FUEL_UNSPECIFIED;MASS_UNKNOWN_OR_OUTLIER;TRANSMISSION_UNKNOWN
19345,vmm-4c4a9bc7e14e95f9bea63a86b914521fd2184f8c6d16bd25a48592d16761964d,HYBRID_COMBUSTION_FUEL_UNSPECIFIED;MASS_UNKNOWN_OR_OUTLIER
19346,vmm-6b676796307731bc2a1cb19c643e288922691f96d2dc243257782e15e9cfa4c4,HYBRID_COMBUSTION_FUEL_UNSPECIFIED;MASS_UNKNOWN_OR_OUTLIER
19349,vmm-b1780e4d46c4774e6b9f990c45c4ae56c5ed3e6c03bf033c842ceac1772f777c,MASS_UNKNOWN_OR_OUTLIER
19350,vmm-ed00368cfb57183782787871e6df41869371f43ca43067f375dd09cac321c870,MASS_UNKNOWN_OR_OUTLIER
19358,vmm-d37928fa9f4b7a52a78ca4ae778c5ac3fe78ef20190da82b814e0dd9036faf83,DISPLACEMENT_LABEL_CONFLICT;POWER_LABEL_CONFLICT
19388,vmm-56369d2659ebb124241b2e4e8412040844d4b3c6934ee54bedbcd143aaef6343,MASS_UNKNOWN_OR_OUTLIER
19400,vmm-def720d41104e5fb8d19b1488773001a4cde30bef82396b4491ee2c7e6f2b674,LEGACY_QUOTE_REQUIRED
19401,vmm-ee957a313b519131e6ca23f770dee3d6b275c2787e3f9e4dabdc7c46705c66f6,LEGACY_QUOTE_REQUIRED
19402,vmm-fbb712fa6c535ccbbf380e2ade49349daefff7a9df8cd47b24d812581d1dec51,LEGACY_QUOTE_REQUIRED
19403,vmm-07d26063e71f788f4206c1b0f286b49b4b1316f0cc3c810e11394eaf74e8dee4,MASS_UNKNOWN_OR_OUTLIER;POWER_LABEL_CONFLICT
19404,vmm-1e954fc11664ab549e5050705736c909bad882b5339c45494d5f2c4c5d2197d3,MASS_UNKNOWN_OR_OUTLIER
19405,vmm-f3a58c476d459a928a780483b1dd89ba85f1883520ec594799cacf3070196668,MASS_UNKNOWN_OR_OUTLIER
19414,vmm-7e9a281fe7768cb4b171315968076ce2052183154d64cac6e5d27db69c0872a2,LEGACY_QUOTE_REQUIRED
19415,vmm-99e01be053705defe2a4fdb91aa6397a56eaae07b87d2b3df4586f4218ccaa7d,DISPLACEMENT_LABEL_CONFLICT;LEGACY_QUOTE_REQUIRED
19416,vmm-1939a5568c71926b837d978a6a99121a10539127856960745453a5d986b9ce11,LEGACY_QUOTE_REQUIRED
19417,vmm-23d03d91501a1cf66aabf2af76279986b647ec343b11212ca1bd563e32cd1fcb,LEGACY_QUOTE_REQUIRED
19423,vmm-b59409be399e6146f1e4c7d45d89ea525d97cc4d9300ad7cdf62f94a77a26d54,TRANSMISSION_LABEL_CONFLICT
19432,vmm-54c5dd3ecc689db281d03feb5496c9f8df828b608089e74fa594ec59ed31a39f,POWER_LABEL_CONFLICT
19434,vmm-74bd86f16233f7f9d38d0d13ae7a141e3415e72cac1a716a582563000437ba63,MASS_UNKNOWN_OR_OUTLIER
19435,vmm-4f3e303c424cb7e5ef77f6289b08000a994e182a9c16d28fc3f81503f51fed8e,ROUNDED_FOR_INTEGER_STORAGE
19436,vmm-33d5707197c6a10425dd8af10f757c0758e8fa21019fabad1720d5125918edb0,ROUNDED_FOR_INTEGER_STORAGE
19444,vmm-f125854a340cc3210ca77d6a4d372d90bb9345ae2dc94630cd802b292f83f8b2,MASS_UNKNOWN_OR_OUTLIER
19445,vmm-ef6d30306fb1bd2c146c251d79527222e909cc65a2ffa324f1bdc1fe798685b4,MASS_UNKNOWN_OR_OUTLIER
19446,vmm-509bb4cfebe4acb7625592d89c4f622e5187965804ac4aafb604e40c5d1bfcec,MASS_UNKNOWN_OR_OUTLIER
19447,vmm-2a44c80c6d4174bd9704111e3e255704ff9ff1fe0cded0b1dc50fce0ef685209,MASS_UNKNOWN_OR_OUTLIER
19448,vmm-3914fc37994d34cd0c0e27873b580dc4d7050bc96acb419527fec79f8fc069c3,HYBRID_COMBUSTION_FUEL_UNSPECIFIED;MASS_UNKNOWN_OR_OUTLIER
19449,vmm-589585e13f29b4fd13edbb6a3e4ca0c5366492de4fa36472e3bfef7e3b699993,HYBRID_COMBUSTION_FUEL_UNSPECIFIED;MASS_UNKNOWN_OR_OUTLIER
19450,vmm-7fb9e2fe4c356df0650af243963885475e6729aeb6e009eb61f5a0a7e9949266,MASS_UNKNOWN_OR_OUTLIER
19451,vmm-3502f809b4ce768d3459b622c17c0d6ec8331b653b160b44d3faf38bd8934690,MASS_UNKNOWN_OR_OUTLIER
19455,vmm-c6d6e65cd914deac2fd28178751045197e890dd7f2ed2f5ea02c5ec6cea653f2,MASS_UNKNOWN_OR_OUTLIER
19456,vmm-6159042d8e890ce0b0c55fe04c911e4c5632d05a2ee7bbf15d8529c7969d436a,MASS_UNKNOWN_OR_OUTLIER
19457,vmm-dec7b024fe5c2ec9953688dd879bb84dbcfa814e4c38da99dcadbeb3f44e8c53,MASS_UNKNOWN_OR_OUTLIER
19465,vmm-2f0c1ab545badacb605bffabd720d1c2a4e59571aed37ecf03cf11d6d6bcb53c,MASS_UNKNOWN_OR_OUTLIER;POWER_LABEL_CONFLICT
19475,vmm-56efcfa0ced81b5be8946c44b051d0e5879c3364a8a51c50c5ba5b50293d0aab,TRANSMISSION_LABEL_CONFLICT
19488,vmm-fa23b8ebb5f7afacca44010e293424188baf958a8acee7225fcfb5b31ebe31cc,MASS_UNKNOWN_OR_OUTLIER
19489,vmm-5655fc01a8160c65a1ff6e697d6fd6a39a227a233e96b6a3d73d06e23e2746ff,MASS_UNKNOWN_OR_OUTLIER;ROUNDED_FOR_INTEGER_STORAGE
19490,vmm-52c7e5564282c02b571349f5c1f262691a4211141058e755014bb88eb1115a51,DISPLACEMENT_UNKNOWN_OR_OUTLIER;MASS_UNKNOWN_OR_OUTLIER
19491,vmm-69a1dd54c3d8256612b64a45ae619f39a8c9216c6a4eb6535fde41b58469b938,DISPLACEMENT_UNKNOWN_OR_OUTLIER;MASS_UNKNOWN_OR_OUTLIER
19492,vmm-682f12fa3107d21e10533f2d2b6846d109ade9ea520c5c872583ed9b15b10728,LEGACY_QUOTE_REQUIRED
19499,vmm-c5f4986ea54e323ed03537fe3d1d9e4a8389011fa4c74a89bf30e2b59378264b,ROUNDED_FOR_INTEGER_STORAGE
19505,vmm-a40b213dfb908f20aaffb4f481c5e86793689b0feacbd559dd7d7ddcfb0c4dbb,MASS_UNKNOWN_OR_OUTLIER;POWER_UNKNOWN_OR_OUTLIER;TRANSMISSION_UNKNOWN;LEGACY_QUOTE_REQUIRED
19506,vmm-750820bb597a3387ef5797ba7b446a467b9a47b151486776db0d266a3320edec,LEGACY_QUOTE_REQUIRED
19507,vmm-560de553e1ab1e7eea4fbfd1d5f861fc950c5ce416015d6ca05925147de41c81,LEGACY_QUOTE_REQUIRED
19508,vmm-389fdf375c2c7f5740c2b52b5bd84b0c4304df66379d0f6095a813dc923d29c4,LEGACY_QUOTE_REQUIRED
19509,vmm-b4e0b2d78f2e7df973c6e29687e0c603bf734022cd0f32c1a0fb2130f4832252,LEGACY_QUOTE_REQUIRED
19510,vmm-357a6ffa4733520b0c694a23c3827502a47385762fee2c7b74da29fe93fdd3f4,LEGACY_QUOTE_REQUIRED
19511,vmm-a2abad6317b9e30b603840682f00b3ff2abe46b055d18a5c19d5bc7136e814ba,HYBRID_COMBUSTION_FUEL_UNSPECIFIED;MASS_UNKNOWN_OR_OUTLIER;HR_PARTS_AVAILABILITY_UNCERTAIN
19536,vmm-62986636ca0144aba873ff67948a5c74ff2fff5c43f2a991ea7e75fca36ce36f,TRANSMISSION_LABEL_CONFLICT
19543,vmm-5ef9e5769bc361c200727dc4748c2e2e551c754ccb5991ad8321bbb90226c889,HYBRID_COMBUSTION_FUEL_UNSPECIFIED
19555,vmm-8ec70e891b3aa864af106253a7c6fb58bad01b884eced14c72681fb53765f5ac,HYBRID_COMBUSTION_FUEL_UNSPECIFIED
19556,vmm-784b1151d4bb4376b9e00898a1fac9318d4337f04641218efe08a092e8357d82,HYBRID_COMBUSTION_FUEL_UNSPECIFIED
19557,vmm-119abd418f8c74854896989f179347ea4406d7c77c5839162e16b20c808a4f07,MASS_UNKNOWN_OR_OUTLIER
19558,vmm-23eae37d631992ec7cd140c74c4706ee5d0a103db5dedc49cd726c53b2345c63,CYLINDERS_UNKNOWN_OR_INVALID;DISPLACEMENT_UNKNOWN_OR_OUTLIER;MASS_UNKNOWN_OR_OUTLIER
19559,vmm-e2456da41852ac1f33c092a7cb04145eca016661fbf65e661a5edfaedfb3aa28,CYLINDERS_UNKNOWN_OR_INVALID;DISPLACEMENT_UNKNOWN_OR_OUTLIER;MASS_UNKNOWN_OR_OUTLIER
19560,vmm-dfc586087c57ab63b52edb29a83b67fdbf1e7e52d28c5c140e47c5fa5709a046,CYLINDERS_UNKNOWN_OR_INVALID;DISPLACEMENT_UNKNOWN_OR_OUTLIER;MASS_UNKNOWN_OR_OUTLIER;TRANSMISSION_UNKNOWN
19561,vmm-02150767321fbdb55e8c1ca8c57bf0000be897754a530905f76a410c34d2b4d3,DISPLACEMENT_UNKNOWN_OR_OUTLIER
19563,vmm-8f91300ead6bff29db0a2885a0d0b600cdba7b96954a3e8f45edeb9cc7b8317b,MASS_UNKNOWN_OR_OUTLIER
19579,vmm-8f798d345d3a13c5aa51cc2387b67817728283cc7325a33cc60ba7eeda9b91f1,TRANSMISSION_LABEL_CONFLICT
19588,vmm-248301bf46a7bd3f2b7f2b40ffb26a272fe1572d237878ad81e8e312dfcd7ecb,TRANSMISSION_LABEL_CONFLICT
19673,vmm-68ecf62ad8bb11198794312775e46316df4f50e1dcc7c776d4e2f2ef9dd4f981,LEGACY_QUOTE_REQUIRED
19674,vmm-8001fd14f57989c9d20b5e4f5742aa0634f2110384d99c6ce769daaf0d40fe30,LEGACY_QUOTE_REQUIRED
19675,vmm-60e4f3251f8fe0096c4fb474651e6df762a8f8f77e795d456df14b864a7c8d07,LEGACY_QUOTE_REQUIRED
19676,vmm-cd129137d3054de5cd140432bb6af2dbde0fcfb2afb67587a80e3a5c7bf1deb5,LEGACY_QUOTE_REQUIRED
19677,vmm-8c96b70872e2fbe10dc842627b6d684c3275d35a59f3da83c075703f2b736223,LEGACY_QUOTE_REQUIRED
19678,vmm-9fbdaa4522758adc42658fba86a38f776d2bdbc7bc87045ea75cd47c8da22b5b,LEGACY_QUOTE_REQUIRED
19679,vmm-338a45d7fc039fe70fedb8b2d233161afb070611699809d27c4e69d862355aaf,LEGACY_QUOTE_REQUIRED
19680,vmm-6227130f09c14a3e9ee21b5e3f941b32ded44045a935ff41b2d90c4fac060fea,LEGACY_QUOTE_REQUIRED
19681,vmm-df14ce9a510f402bfe613400adbc1bb25b45e95f4c6231449a0f53dd163c1223,LEGACY_QUOTE_REQUIRED
19682,vmm-5ceb1f8220a55454e0dbe0c87f6cbd30dbf6b606720bc9d7989c1f73892b3733,LEGACY_QUOTE_REQUIRED
19683,vmm-d5c6f03da5e2fcb9ee8c58c25c1ed9e39343d787baaf9728e483775621a6e96a,LEGACY_QUOTE_REQUIRED
19684,vmm-206566919373f2e3efdff55240e9aae8e1b66e7874190751015ff9626ca43d42,LEGACY_QUOTE_REQUIRED
19685,vmm-bd005f2f28784906f582f21c6d77840931b8491a06d5a34647f1eaf10b0a8903,LEGACY_QUOTE_REQUIRED
19686,vmm-b151c53061c38b4365f6e92c0c1aea3d9d8450af5630bc40cdd6a751e3ba0678,LEGACY_QUOTE_REQUIRED
19738,vmm-fbf5b43f40050b78841067db1a417eb28881aa17f88d8ba3eccc36315620a162,LEGACY_QUOTE_REQUIRED
19739,vmm-a30d1230a1795fb3da7835f2fcbebd4cb91e54f5adde9ad20a82a2ff0c235e1f,LEGACY_QUOTE_REQUIRED
19740,vmm-c56a01e219d2b3f9677b30fcbd64add30b699ccabbb5f32922481078899c6ab4,LEGACY_QUOTE_REQUIRED
19741,vmm-a8eb90b36a20e6c510f77c2514725fce548f7bcd7a70713cd809458ac7d039c2,LEGACY_QUOTE_REQUIRED
19742,vmm-81863afbd60ca338cb9aabb920cf4905a570038f42492d5773cdfe2b26a7770b,LEGACY_QUOTE_REQUIRED
19743,vmm-068eeddbdac93a325664c261d54c64bee1744a028d832753d77b93dde50b790a,LEGACY_QUOTE_REQUIRED
19744,vmm-3b3aa2e4d036607c66006f2d60b4481524ba5440f13f9e38c4773e4011357bff,LEGACY_QUOTE_REQUIRED
19745,vmm-e99258b29c74b3467a2284b7b7e17d62089dbce611e4b22736c1b667b061c24f,LEGACY_QUOTE_REQUIRED
19746,vmm-d589a0b48e5aa463afc4f8f3b608bef7da715046bf3cf7f3894bf3edef3314af,LEGACY_QUOTE_REQUIRED
19747,vmm-061c730953d7e36884d4c73a23b53cf8b586f62e68faa4b7c5f2259dd159b07b,LEGACY_QUOTE_REQUIRED
19748,vmm-3baa2b77af31022bacca10c71bd57b0c34f69ee0b57804a39472a2a739b3a02d,LEGACY_QUOTE_REQUIRED
19749,vmm-1ffbd8def8153c8b4d0847d786f36c3a66efaee02f161b59fa22c00c269d7d9a,LEGACY_QUOTE_REQUIRED
19750,vmm-c9c655a2ccea7f149d9cd0443dfc9cc539fbd4e0bfd65510dee1d5c4a7647b2d,LEGACY_QUOTE_REQUIRED
19751,vmm-9ff2d3d8f606d5ded3c83dbd5f85b4b51bcf48ea41ffdbedddfa8de5a751618f,LEGACY_QUOTE_REQUIRED
19764,vmm-aa576964856cb71b61ecf98e0326fd65d38a760e7d2ab2b8edc8fa630a9a6ac2,LEGACY_QUOTE_REQUIRED
19765,vmm-3a8f20a211875fd2b3eebc3adcfcd52e38a36b5be7323c0a200b943f920f1c23,LEGACY_QUOTE_REQUIRED
19766,vmm-d572f237d4109e3f80124b0fee0201e9519a09b44f2255388397dc7bc113bc83,LEGACY_QUOTE_REQUIRED
19767,vmm-21294cd05f2402e46d8c9fce17f6967362a967041f68c762ecfa04fb09b95546,LEGACY_QUOTE_REQUIRED
19779,vmm-d7a322470a990548cfe6856b4231b63a5131dab58dc7a42abd784d75ed73b502,TRANSMISSION_LABEL_CONFLICT
19784,vmm-8e0ce4dd6c446382f6cfbf27d6ca57742658bd7f5c3a836656f02c63e243b736,MASS_UNKNOWN_OR_OUTLIER
19794,vmm-11e4ef7f122cd239301241977b4911437fd3e772aa19bf8e5ac8afed9f25acce,MASS_UNKNOWN_OR_OUTLIER
19821,vmm-5b0605c546217a787b8c29900a9ae69e162eb5baca73a68816b7f5ee8bb9fafd,TRANSMISSION_LABEL_CONFLICT
19830,vmm-1faf6f25f91f5263ddece0772e62bee6f00846eada069b3c05e5f97b07806dff,LEGACY_QUOTE_REQUIRED
19831,vmm-12883c431f8648251e7716923d8d37a81124d6f29ffdb45bd853070478f7ce17,LEGACY_QUOTE_REQUIRED
19832,vmm-3fadb8e2e235116e26e42cb77f88d1e9f703aca7834b463a7a019c5ebd2d440c,LEGACY_QUOTE_REQUIRED
19833,vmm-ad5216c601152d40611faa301ddbab3b77d8299c1b5ef19970f2f9c5d4ea7a4d,LEGACY_QUOTE_REQUIRED
19834,vmm-6d515e547d5e5f78330254bc2e0b248e21633f3b8fe256c4ba0822c5c5fa2120,LEGACY_QUOTE_REQUIRED
19835,vmm-67f79c04860b27929997ec3126fc64ce01b1b7ef5c4393db6a2020d9677de6d2,LEGACY_QUOTE_REQUIRED
19836,vmm-baa4ef5c944a7e0a4de81eddd9bba314d35216536cb259e5279b03fbb97c455b,LEGACY_QUOTE_REQUIRED
19837,vmm-018930481e2458e4c67582b5e6efda79078adbffa03deed258f3ad7ea7b300c4,LEGACY_QUOTE_REQUIRED
19838,vmm-15caf84fa943e79ba7895cf99276cc6135d6aeb6f3a8002b9e6119a79b56f9c1,LEGACY_QUOTE_REQUIRED
19839,vmm-32f8e3e63cd946afe6361ecd887637e5624f74670ffea8fe2e879464f51ce652,LEGACY_QUOTE_REQUIRED
19840,vmm-929a4f1fd4a65bc671da1bb83d8884d14704048ce2d7c9ac9a58ae32d50f2145,LEGACY_QUOTE_REQUIRED
19841,vmm-6c68f7a5fa941f21485c854c9b16ae5aedeba8ced2c9661c83e214b210413d1b,LEGACY_QUOTE_REQUIRED
19883,vmm-fb4f2632aaccef6cfc682be9f6db0585f517f2d20a335e31b4541b7e885151b8,MASS_UNKNOWN_OR_OUTLIER
19908,vmm-b912b45dcbd099d50141dcf7410413cb9f21a37b05053f0b15c75c6ff61108ab,MASS_UNKNOWN_OR_OUTLIER
19912,vmm-1d0cd48f904a15d6cb1ea77b02eae6285d591f9735380194a2367aec233e03cd,CYLINDERS_UNKNOWN_OR_INVALID;DISPLACEMENT_UNKNOWN_OR_OUTLIER;MASS_UNKNOWN_OR_OUTLIER
19915,vmm-8b6cb4222fdd289787e3eb48fa5bc0f8205e780f8b0fb9df1d2918ba7831da2f,HYBRID_COMBUSTION_FUEL_UNSPECIFIED
19916,vmm-76eb6df230c4412102819d6788d3b59bc9088ae13e82c0a9953b9a515f914a02,MASS_UNKNOWN_OR_OUTLIER
19917,vmm-44837c8760bf2249859a00d5c64a8e8f7204785e8ebbed4841b1a75cf5d195f3,MASS_UNKNOWN_OR_OUTLIER
19918,vmm-8322562de81d9b6a55fc1ec1d4804c7e63f03c77862bdd970e5f81bbc780a909,MASS_UNKNOWN_OR_OUTLIER
19919,vmm-e6fa29e1e48ad43e6a6df72e2df60aa6718f8db0ee445697c12dcac1cf51f379,MASS_UNKNOWN_OR_OUTLIER;DISPLACEMENT_LABEL_CONFLICT
19920,vmm-1236d26bb200e221dab2a27537e43cc16e977daad4128ebaba46273035fb6719,MASS_UNKNOWN_OR_OUTLIER
19921,vmm-a29aad87f504da4f361c4ac3405c12b12018d14eb4539f38daba634616f16f91,MASS_UNKNOWN_OR_OUTLIER
19922,vmm-8bab1ed79786403e253c79ae587077cddf65be28c4d45d5ed828aede087e7ca0,MASS_UNKNOWN_OR_OUTLIER
19923,vmm-d5aa409a959b71497088753d7a565ebf14625ae422384971933e3bfb81474a45,MASS_UNKNOWN_OR_OUTLIER
19924,vmm-c39bf069753efc67674844d916bffb81cad59f8f910e5380cdc73d23254dc915,MASS_UNKNOWN_OR_OUTLIER
19925,vmm-17872d8003535cb10eac677301ca35a5fe0e13ca2c13661e9ae3cb4dc55bde11,MASS_UNKNOWN_OR_OUTLIER;POWER_LABEL_CONFLICT
19926,vmm-6826de78509467ea321b9524355f421f98570feb53db48acb60cdc035f8bb591,MASS_UNKNOWN_OR_OUTLIER
19927,vmm-c803d10cd235a14fec95f3d152b2f1a59cd2cbcdd66e295b801c97d1f69d7e14,MASS_UNKNOWN_OR_OUTLIER
19928,vmm-c4f39beea8f4374f0c039cac785bd3c4b2b16ebd0e9f4e265a47b0acf3d8ce88,MASS_UNKNOWN_OR_OUTLIER
19929,vmm-421a2dd5c81e2b3da018932c1adfca01fa5fd9be80c89cdad025ec7253f30093,MASS_UNKNOWN_OR_OUTLIER
19930,vmm-a46d90f3f1128f149e96785f5bae78e20c91c355c1e47b6e64d636ec18e721c1,MASS_UNKNOWN_OR_OUTLIER
19931,vmm-361fc9c3b100dc10477d1b0b8a0a44c1357524e511e2e10d7c1459a5facef69c,MASS_UNKNOWN_OR_OUTLIER
19932,vmm-86fb0aa78d3413cc7228794142f02d526ec6d4cb5a91830d6fbb67d1f8293688,MASS_UNKNOWN_OR_OUTLIER;TRANSMISSION_LABEL_CONFLICT
19933,vmm-a8ca413421d8ece124d4facbe865637b537ae0ff3ae32d4f01c145b25ca3750f,MASS_UNKNOWN_OR_OUTLIER
19934,vmm-3301b94a24975a702abe22b655675b10e7dffdf095e7246dd2b1b8587e80907d,MASS_UNKNOWN_OR_OUTLIER
19935,vmm-abd6309329e75c96d388b0465e23b087d192a7ee77de70ce6a2be85a28e6634a,MASS_UNKNOWN_OR_OUTLIER
19936,vmm-94a0affaa158bdee5ede1e19f04fc1820f948c58bda17b158eb11e773fb03f92,MASS_UNKNOWN_OR_OUTLIER
19973,vmm-5343f8f03fab898a712db7d27e1e582492d59e9217a4932c89ebe6fcadc7f920,MASS_UNKNOWN_OR_OUTLIER
19974,vmm-7f1af4b77187d7dfb0fd0219eb1b53e4a847dfe2caec8d022dfe4fc87aa43701,MASS_UNKNOWN_OR_OUTLIER
19975,vmm-c409bbfa954294aa81c294d91d7c1aa2a4c47b6de410f2138eb036a66c4e014f,MASS_UNKNOWN_OR_OUTLIER
19976,vmm-9ac0e09a1e996fe9bea02496ef18959e9e63875022dcdcdb038241778a0e6094,MASS_UNKNOWN_OR_OUTLIER
19977,vmm-1b9b4631389c194f43187b6ab7ae905b60a36a3ec34ac43756f22c22bf98c164,MASS_UNKNOWN_OR_OUTLIER
19978,vmm-960396cbcd776a792a6644d0274f80c1fb51dcf95c98a106483fca88eda06099,MASS_UNKNOWN_OR_OUTLIER
19998,vmm-4d824511b49281b1d70679988221018baba5d0e9a9f17c5713f28e7f530d6195,HYBRID_COMBUSTION_FUEL_UNSPECIFIED
19999,vmm-3298b0358fcf715b42f336d90ab10f2b740a0ba73daaebe9b90e9398252f7848,HYBRID_COMBUSTION_FUEL_UNSPECIFIED
20000,vmm-0f04baec4f29648cb560a599f39c68cb46ea104db245945eb30f49efe2e8e38b,MASS_UNKNOWN_OR_OUTLIER
20072,vmm-1706493267e475acb268922da2d79adc6dba7398ab99fba69761365eb921f66c,TRANSMISSION_LABEL_CONFLICT
20102,vmm-347571bb5ab10cba131a28d639b1cbc35e382225b4f735ddbd3295636692e215,POWER_LABEL_CONFLICT
20105,vmm-17dfee6541e5ca7009b514122bb7c651cca4f703b3a8f0cdedc46dfd4dd4aa87,DISPLACEMENT_LABEL_CONFLICT;POWER_LABEL_CONFLICT
20111,vmm-cc3ba83036c8ae126f365e83c1c1f85d217a69192dc2f7c62ccb3b767a4095cf,POWER_LABEL_CONFLICT
20119,vmm-db058171e16d4871fe909babffd22f908ac25cacaab34cc3900525f6dab40461,MASS_UNKNOWN_OR_OUTLIER
20122,vmm-b4d47341952c49cc22c7cf3e12b5398f7772867c48e313472d434e59956d2fa4,DISPLACEMENT_UNKNOWN_OR_OUTLIER;MASS_UNKNOWN_OR_OUTLIER
20123,vmm-8d0201d7da9c80dd728965a24a25e4f71a3178d42c78049513306049898a6ce5,DISPLACEMENT_UNKNOWN_OR_OUTLIER;MASS_UNKNOWN_OR_OUTLIER
20124,vmm-bbb9617ac0eafd85b66cb9658d881a8c13af1608478160c38f15eb86e557f321,DISPLACEMENT_UNKNOWN_OR_OUTLIER;MASS_UNKNOWN_OR_OUTLIER
20125,vmm-e5369a1905bef13dc0189e7e2ad11397a3679644ed4b69e800f9af3fece62086,DISPLACEMENT_UNKNOWN_OR_OUTLIER;MASS_UNKNOWN_OR_OUTLIER
20126,vmm-41c2206bf955c17a78dcfb74be71443955f29597f522c49778392e55c223e771,DISPLACEMENT_UNKNOWN_OR_OUTLIER;MASS_UNKNOWN_OR_OUTLIER
20127,vmm-084a86320217f60b33fa8652d8150510dd064adf06bacd1d08fb815da4a3cf75,DISPLACEMENT_UNKNOWN_OR_OUTLIER;MASS_UNKNOWN_OR_OUTLIER
20135,vmm-9f2a6506b022b6944bc359639153d22235d8f64d13fff75f740a8c98cbe5767d,HYBRID_COMBUSTION_FUEL_UNSPECIFIED;HYBRID_FUEL_UNCERTAIN;DISPLACEMENT_UNKNOWN_OR_OUTLIER;MASS_UNKNOWN_OR_OUTLIER
20136,vmm-6a5bce7b55c6d71c79bbaed105854026822bf0b2cbb7b39efe1c3e3f42e304ba,HYBRID_FUEL_UNCERTAIN;DISPLACEMENT_UNKNOWN_OR_OUTLIER;MASS_UNKNOWN_OR_OUTLIER;TRANSMISSION_UNKNOWN
20152,vmm-601a91678eda52199e3124afa3ce98060ec8a341f20e4842eeb7629ed2d1c3cd,MASS_UNKNOWN_OR_OUTLIER;POWER_UNKNOWN_OR_OUTLIER
20158,vmm-a3374c649c3c6654a6219fc39b13075eb9e4fd8495df52eaedb5acb32e852018,HYBRID_COMBUSTION_FUEL_UNSPECIFIED;HYBRID_FUEL_UNCERTAIN;DISPLACEMENT_UNKNOWN_OR_OUTLIER;MASS_UNKNOWN_OR_OUTLIER;TRANSMISSION_UNKNOWN
20163,vmm-c2683d11012040a0e5f3145fda8880e8727a62c349902626eaa81081e2dd8f9f,MASS_UNKNOWN_OR_OUTLIER
20164,vmm-e92a6255ba9b04ec8bfa80deb7db0a939daabd6871a9b4f84a3a9512acc6fd72,HYBRID_COMBUSTION_FUEL_UNSPECIFIED
20165,vmm-8d164b42301ab738feaf11dd5e3c95722243d4836c4aa499042dbb491cb8ac99,HYBRID_COMBUSTION_FUEL_UNSPECIFIED
20167,vmm-305e2c3157a036c7ce97ca4cb99289029aff8c9def7fc0a05aae4960525ffb2b,LEGACY_QUOTE_REQUIRED
20168,vmm-1f6b4dac0a8687b1d32e54ce07aa693ec75b901cbe068fbe8c12d7bf3577c7a2,LEGACY_QUOTE_REQUIRED
20169,vmm-c0d0b34102dfe0cb2cd4d1ceb1980566d0f04193401f190566745d5269905cb2,MASS_UNKNOWN_OR_OUTLIER
20170,vmm-e877a6cad7173bfedcdf53b7d95bfa3623c79686f600bdcf18b798e37c9d6195,MASS_UNKNOWN_OR_OUTLIER
20171,vmm-7c4294a7168a3f9242a835890a08d0c4d1f664d6cc17dff9001177c97d4d599f,MASS_UNKNOWN_OR_OUTLIER
20172,vmm-87042f04d62c36f190cbb51b97418d456232e4b2b0ecd4381d45a1e8057f5a76,MASS_UNKNOWN_OR_OUTLIER
20280,vmm-e1471e17dc70ffd4b4d2f5373d354f08ac31f1c58754dd7405160d3c89c69a1a,MASS_UNKNOWN_OR_OUTLIER
20281,vmm-189e7cec186a902c9bff711c604d8f190ccc900846931550323fd1164334c368,MASS_UNKNOWN_OR_OUTLIER
20283,vmm-56fbc8356f74f25fc7dd14c3f5230ace04a32c633527c3f555204586d68371d7,MASS_UNKNOWN_OR_OUTLIER
20288,vmm-e52a8278da6b48b74b2776ddea2889779122ccc906076a12a9bc1a99e576a8b7,MASS_UNKNOWN_OR_OUTLIER;POWER_LABEL_CONFLICT
20321,vmm-56bb90b228b340a3c58b8729e5936c62a338c0640b00ba4a90401da40b43d06a,LEGACY_QUOTE_REQUIRED
20322,vmm-021a81d48758a29b17742e6e07716e7a6168a9de30c96c10f63a8303cffec758,LEGACY_QUOTE_REQUIRED
20323,vmm-ebc07c81537f067a890ec3793a76435a3b10f2f01003daf9c0c96ce40a1d959f,LEGACY_QUOTE_REQUIRED
20324,vmm-34dc928b4932d2f3ea0a1b389a177ab01f8d678bdfcf4213e77eba7658ed861f,LEGACY_QUOTE_REQUIRED
20325,vmm-dc0dd6d4f6222433120c4ec2de727a945b4e7f9f6b75610607a58a049954edbe,LEGACY_QUOTE_REQUIRED
20326,vmm-5f124f36dcdfe36c4e05920e16579e4dfc847786536aff887e35817fe40cbe98,POWER_LABEL_CONFLICT;LEGACY_QUOTE_REQUIRED
20327,vmm-ee3f4a6664f831ca7e28566d8136e6d0d4bfd5e149dd434f20ae5d06d3f41b0f,LEGACY_QUOTE_REQUIRED
20328,vmm-fe9e9d5e23dff91f5e655ce81a07d18171894b3748ca1e513c8b407c3c85c24c,LEGACY_QUOTE_REQUIRED
20329,vmm-6e926cb3977de6ac5be4791a013d06e36d67819552f62e036b1d5de0df7c2ea0,LEGACY_QUOTE_REQUIRED
20330,vmm-a01d00004e139c2bf56d9fabbd0c2a3a9deea5e662faaf61a966767d821dc3b6,LEGACY_QUOTE_REQUIRED
20331,vmm-5e461c52ea5661f0feebfd63c24b377b63992996c729a2ba963ccef7e19ae732,LEGACY_QUOTE_REQUIRED
20332,vmm-7d45f39563de983ad8ce14190312991a93e1055d01701c88b845a674f1605443,LEGACY_QUOTE_REQUIRED
20333,vmm-1a4110a56f4a1223696aded93c779da85819fcb674bfad1f6330d58f72f7cd35,LEGACY_QUOTE_REQUIRED
20334,vmm-c84dbc262016a203eb9add6779872017e0ea6bdccc647f818219ca73b2e30d2b,LEGACY_QUOTE_REQUIRED
20335,vmm-0417f97a65bb7bf799a938e7e6817fc290ff6f63ca232c0cbb23c7d410473cae,LEGACY_QUOTE_REQUIRED
20336,vmm-a6d24ca35e086a326ba5fbb8b187576f331d1d582cadd93e3a2990bcbc94a9fb,LEGACY_QUOTE_REQUIRED
20337,vmm-14489a24519ab7fdefd92ec09918b5d24a26e64d4bcf57c969ded21a2226d046,LEGACY_QUOTE_REQUIRED
20338,vmm-13e09c3c0bed74f5900a8351f621824c6cab8adac76326c1dbf3e41a1d6f7cae,LEGACY_QUOTE_REQUIRED
20339,vmm-adf753a9937f5819f4546b326363808539064e9583f0bf58819c4e2cdf2bd663,LEGACY_QUOTE_REQUIRED
20340,vmm-26494a3dbd4b8cbd1758fbada3dc5b49037147aeb898fbe5a1132d9196d29d22,LEGACY_QUOTE_REQUIRED
20341,vmm-85097f425f1c9c876817eeea324ec0316769e7d24cdef078cfc2d11dd99d2d4a,LEGACY_QUOTE_REQUIRED
20342,vmm-4dc2ef0d6fa46c440ea06199bcc3011231455bd26cfe043fc46ee88b621ea099,LEGACY_QUOTE_REQUIRED
20343,vmm-7c7343aaafa1bfa08928ceb979e678f89b5e58ad758acf6bab7f16a5e1c97ba6,LEGACY_QUOTE_REQUIRED
20344,vmm-3e3e992bfe5a49722e7fcabf4c3f040bb6cf62afb3d587143e95083a2e2c322a,LEGACY_QUOTE_REQUIRED
20345,vmm-07e4953a7476fe9a5fd62afe39f9576b6364ba2a0218d699030876765ae43ab2,LEGACY_QUOTE_REQUIRED
20346,vmm-26f8e30f48bb6b91aeb3b219e82f466de2b237d99caac25d02a62acc08b38468,LEGACY_QUOTE_REQUIRED
20347,vmm-5d9a904902abf732bdf216fae9a7dba849a1e8b5d407450371566f0c1b8b1c49,LEGACY_QUOTE_REQUIRED
20348,vmm-a0fd8d5acd67fd4886ce5c41a30d394c2a93c259d28b0522eaf6d6c86385d83f,LEGACY_QUOTE_REQUIRED
20349,vmm-48a718bb0e87ffdf61b451d9bb171bdac4ca35c320c5d41efdadf485e5a57f22,LEGACY_QUOTE_REQUIRED
20350,vmm-016cc742729a090b67116d953282990fbd4d408e12782ba4294fc21b954db5ab,LEGACY_QUOTE_REQUIRED
20351,vmm-8a6afdc239889a0d772f08c998cfa8c8b81aeb6d935caa23353239b33615dcdb,LEGACY_QUOTE_REQUIRED
20352,vmm-020a6016c56b33881e0628493659e3d6399832cca4133cafba412f3cf171d950,LEGACY_QUOTE_REQUIRED
20353,vmm-20762f4e227a7d9803d542bf1ef0d504b3623cf31e931694e94f550b04b46629,LEGACY_QUOTE_REQUIRED
20354,vmm-af64d516c1e6fa38ff5cd874376a5e9a3ea4ffda101c32ce994d37a45954327c,LEGACY_QUOTE_REQUIRED
20355,vmm-9d141bdf9768f375a36e9874651994ac64abeeedfe927f6e16ccf668b1dba694,LEGACY_QUOTE_REQUIRED
20356,vmm-ffdcbbe85ac5b207a78f526661c0f94f36b3c0187aa20df734fb8810af6a7bc5,LEGACY_QUOTE_REQUIRED
20357,vmm-c84f480de4020794c4c872d152ea9ff7613d92e1a6c2bff2f01396745b3ef1cd,LEGACY_QUOTE_REQUIRED
20358,vmm-25ca712fe362c22a3b4b2100b81ef5b031698c68796853eea6fec52503f6749d,LEGACY_QUOTE_REQUIRED
20359,vmm-1775bcafa24f4d6a6caf1d33e93bd5025d2add98db481ded2efe6afb805931aa,LEGACY_QUOTE_REQUIRED
20360,vmm-79fde6d352381c7144dc442e5aba02cca12c8aa8d405bbc6b0b4df23e5fe918e,LEGACY_QUOTE_REQUIRED
20361,vmm-84d808037f70894e36fd82c75c2f1160298efade4627f482fbda8dff89828d4d,LEGACY_QUOTE_REQUIRED
20362,vmm-d922ab7fea1afd0e252ce2d8110d4b128d7da0d1ab18c0910e4a77a9dc647596,LEGACY_QUOTE_REQUIRED
20363,vmm-3fe450aa449ba9c464fd4480a5d54dc9038237bcd4921e9709b37e81284bc737,LEGACY_QUOTE_REQUIRED
20364,vmm-d240455ec907b8751346f8168e64970f58361c3970e53324578f95694609599a,LEGACY_QUOTE_REQUIRED
20365,vmm-e299c6f5c25109a9c6ba53dfc2dbf102c103b583a8e991c9e4e4703adf192c9a,LEGACY_QUOTE_REQUIRED
20366,vmm-c1d5e9ec6ff09f57cd31b57e622e76c2f31548bd689ea664765db82d8f75dff3,LEGACY_QUOTE_REQUIRED
20367,vmm-bf58fb7447288e6a67a5e3f605b72ec8c011adc4678fed76443a9d940217c85c,LEGACY_QUOTE_REQUIRED
20368,vmm-a05260cd16b01f84a7a305c22dc8df4ec0b69c7bc967e13e76adf53ee291b39b,LEGACY_QUOTE_REQUIRED
20369,vmm-729d2d14fb2734f74cfa288710c6c5b3b8c5964735ef523114fcb9cbfd09537b,LEGACY_QUOTE_REQUIRED
20370,vmm-6f1046a6bbebfaa6541310a7a0d30255e0ce5d7f6d3ff3b536aecdcf834b62ec,LEGACY_QUOTE_REQUIRED
20371,vmm-d440e606443c0b91bb2ec092f763b30e492ab6720daabbd6bd9b1a0012a236bf,LEGACY_QUOTE_REQUIRED
20372,vmm-8e0017a7ce1aaf5f10ddc1fc9384d036e273a15acab409c66a58b9fa85622c84,LEGACY_QUOTE_REQUIRED
20373,vmm-205c603f066314aff861dee64514ca7d4d2f49ad2513f254d548c04fdb1e234b,LEGACY_QUOTE_REQUIRED
20374,vmm-1c25653d24c609525acd0c200f7b24023988c34b768ce6d5f5712dcd1c1be198,LEGACY_QUOTE_REQUIRED
20375,vmm-700077f5d79e6638cfe11c8ae0dd22081bb5df768962b9ee8628257d0fb02780,LEGACY_QUOTE_REQUIRED
20376,vmm-b570122fbf4f7e8742d24a2f60a2fc52f82b84887bd0b51e39eec7a91deaf966,LEGACY_QUOTE_REQUIRED
20377,vmm-e008628fbf32438acc414d56efcceeecd37116671406c2f0405433db7302186e,LEGACY_QUOTE_REQUIRED
20378,vmm-277b7418de2caf0e09ea7a5a39a13bbebcd3867bef4945ab92f5d451870fe07f,LEGACY_QUOTE_REQUIRED
20379,vmm-903db8fb6e10faa4cd339b1daa033b7f549c012524bd5cc1a280b395373ede22,LEGACY_QUOTE_REQUIRED
20380,vmm-8d95eb33fe27af37a72dc6e84dc70d684e65d902a2ddbe735cb76cf964a593e7,LEGACY_QUOTE_REQUIRED
20381,vmm-a406c896f18fbecc4472313c02e563b205a64921236f5e983c87da57a5cfedd6,LEGACY_QUOTE_REQUIRED
20382,vmm-ad57b18870a1db5a5e1adad2aafc79c10631c377a574c3e3842b4985b477b7da,LEGACY_QUOTE_REQUIRED
20384,vmm-2cc6dd7ea5d6f3e86ae9286210f32c2e20b5cc91d9235b3f57536a97fd7a2c5b,LEGACY_QUOTE_REQUIRED
20385,vmm-dd88233f0bac03586086dd9e075fd94c619cb67fd498f4bf216b2c12b0aab587,LEGACY_QUOTE_REQUIRED
20386,vmm-13f57e06183a537f5855aa746525370a35a80bfceff9cc0cc2c3209d3868f661,LEGACY_QUOTE_REQUIRED
20387,vmm-54b250d800829a3d0ba632c97029085812672687336f457b1d74bed1b873358b,LEGACY_QUOTE_REQUIRED
20388,vmm-415a660474cb4d1990c4fd17e0a0c69eef0a0e49ed8b270b3b158a7c762c77fa,LEGACY_QUOTE_REQUIRED
20389,vmm-4e47333b1b9fd382f10d049312141d61ba67fd7548170a34c62159ae06774cbb,LEGACY_QUOTE_REQUIRED
20390,vmm-0388cf59e851a0712d3e40431fc4b7e1401327a88d94681543b5898f593be434,LEGACY_QUOTE_REQUIRED
20402,vmm-fa02ab61e3024316009e10ac50ff48d67356e14c28c73a5451b68e9856ddc652,POWER_LABEL_CONFLICT
20428,vmm-6633e9c77ffadf558cf91f4ed137d6ca7917b005b4dfeee71dc29cc87eae3f80,HYBRID_COMBUSTION_FUEL_UNSPECIFIED
20455,vmm-9fd5a52bd117f591fea02d4bffcb0ed794dcf1e6b06a76050c38befc69ea3314,LEGACY_QUOTE_REQUIRED
20472,vmm-130a41f1c8be3b6402e3f0cff06c6cd25997b80824ecab2e9d7910c7693e2204,DISPLACEMENT_LABEL_CONFLICT
20477,vmm-ef5a8d5cb0f13d8902c79dc84f9383ecc9341a5d6bd268dfd30f6cd7cb1d20b3,LEGACY_QUOTE_REQUIRED
20478,vmm-37c08bf90ad447a2453ba400a20498931eb9ed527101c7c285f4dc604551aa8a,LEGACY_QUOTE_REQUIRED
20479,vmm-946c19dd07a4a80d6bf801fffccb951c0aa9459170cf1cbbc5d5d5209b5ab75a,LEGACY_QUOTE_REQUIRED
20480,vmm-9cae148fd10c1049d4183255df715d73641d6859d7075660c4a7703e643853ab,LEGACY_QUOTE_REQUIRED
20481,vmm-1f8bb4220259b0738f1cbf9b3aca3ff1a2035cd45949085eae9af924d430b483,LEGACY_QUOTE_REQUIRED
20482,vmm-13ec3f1ce4130f370ceb552a52fb98747aba3d4c3d1a80b14ccc6081e9026db4,LEGACY_QUOTE_REQUIRED
20483,vmm-3d1f768c8298875c1f3d9e7da975d0ec9e8eba617ca91c0cf74c593dddff3df7,LEGACY_QUOTE_REQUIRED
20484,vmm-cd8b1317ac047b0d9061f8b0711353e6e15522ebd10b7182ee212527fd899097,LEGACY_QUOTE_REQUIRED
20485,vmm-0001b903e3bd68d2e32a6377007b16cd63a8e8aff7ed5c5c1386e5c26f583a95,LEGACY_QUOTE_REQUIRED
20486,vmm-caef392cd716fa7bc209c165fa6dfa4d05914ba820f386acfc4bc2ad14b8a703,LEGACY_QUOTE_REQUIRED
20487,vmm-3d711e3a014de02a28f765e5ba9afad6411c10083ce6778efcdb06cc6453eea7,LEGACY_QUOTE_REQUIRED
20497,vmm-f061a907d1142f4c5073b1b0f4fe1eebf04824a4644447c920578eda714f5d41,MASS_UNKNOWN_OR_OUTLIER
20510,vmm-bdb8d6d6fd4c29f84883bb4a8e0da5d2c7226919c62f2a16624f1452b646f57b,LEGACY_QUOTE_REQUIRED
20511,vmm-56a4a0447ca0a41aa35b3fc343d09a4ef487cb193b1c3ed770b11d3593715577,LEGACY_QUOTE_REQUIRED
20512,vmm-7fb4d216ddb0bc7cb1d676b8ac9330902077caecfc4a949b63b46a4f18815cb3,LEGACY_QUOTE_REQUIRED
20513,vmm-262338a1c4fcb852676bbef86130da4411ee1eda3b065e16558add8a2c9d29e2,LEGACY_QUOTE_REQUIRED
20514,vmm-168ed5839305056220f1f97960cbc9d033b0c685d8d925b340e1674507e36bc5,LEGACY_QUOTE_REQUIRED
20515,vmm-b59afba3011a3f8719e51fe48374f4d900c39cac08c226b7ab427f56c02c7ec5,LEGACY_QUOTE_REQUIRED
20516,vmm-c0b3c41369dd7d83ed95d0f7134bf29d1ff9a7594756b002e6b8c9c7d02b8615,LEGACY_QUOTE_REQUIRED
20517,vmm-86dfffd94c5f7892f1b5bf54ea2eeeb5693335f592598b7e8b78f0a1e10ca53a,LEGACY_QUOTE_REQUIRED
20518,vmm-f75a80a1b334fcde8b628dd3def79c8eaacc663c0e0ffbaad4e29f5d4c808715,LEGACY_QUOTE_REQUIRED
20519,vmm-66c54e2c7ae08cf5cadb9bdcfc118eaddffb4de5b4ccfea5b6b23387577b1eff,LEGACY_QUOTE_REQUIRED
20520,vmm-9de2cc45a25e7e128487dc701fea67cb694a430352d819647e5fd3e3615e7491,LEGACY_QUOTE_REQUIRED
20521,vmm-b839908a0f0084908414e3f5e7b3b50dbc8e855e6b27be56d72721efa4963783,LEGACY_QUOTE_REQUIRED
20522,vmm-cc10c2cfc7906d218c376a12c96233c38d0343f2eab5fa5af0917237087d13fe,LEGACY_QUOTE_REQUIRED
20523,vmm-fff1a7ac651e88dd5616b05db7a6ed9bcfdfd81d9437c19990e8c7f6a63b95a9,LEGACY_QUOTE_REQUIRED
20524,vmm-6c56afdb8b5f0c65b652a7b58e5b1c347ea74c0df26b8d6bb0dbbc632dba6e6a,LEGACY_QUOTE_REQUIRED
20525,vmm-c17a42becea88d32d2e645ea7ad9489ca941fcdd93910a3a4dca78f1dc26e499,LEGACY_QUOTE_REQUIRED
20526,vmm-115c0e763f80b9d8e8350bb165f6bfacf8a176736acc20c83b18f4d2978aac82,LEGACY_QUOTE_REQUIRED
20527,vmm-2cfbaecd16244874d6cef1d0280b67ccb77cd5c05994e87a0aed77a8ae408db8,LEGACY_QUOTE_REQUIRED
20528,vmm-16ff1af490c8e4dad34b0b1633ba8afebf326d5bdb7d2a3766de805b236d7343,LEGACY_QUOTE_REQUIRED
20529,vmm-83b40087dc611e96430a8c1d4c1f731e5c8303549b9ddf0038469eda349247f5,LEGACY_QUOTE_REQUIRED
20530,vmm-2bbeb316513d9d02d603c5fe1ed173d63781a0e1ef949df741f64647107e698e,LEGACY_QUOTE_REQUIRED
20531,vmm-9f2b5d88ce857855c156abb7adec57d50a6b5bb5918b50ab93c7caf16ca27872,LEGACY_QUOTE_REQUIRED
20532,vmm-9df3a1e0fb4de85cbf8033fd1a8da79f68cab83cff722ac9699910b699c458bc,LEGACY_QUOTE_REQUIRED
20533,vmm-18ac3f988132248653ecf759e826683188d7cb33449cef20067dc0b99eb9378b,LEGACY_QUOTE_REQUIRED
20534,vmm-e700e89b5f4d0a581e8f0a3744ed5f2926c3155b1f219fd9b54d0eb713777076,LEGACY_QUOTE_REQUIRED
20535,vmm-2f9fe9f4a84379e1e7d9564d1b335c546abf38a6c40cabdd6eee9637f8628d93,LEGACY_QUOTE_REQUIRED
20536,vmm-29e2ebfbd75bd1fa06e26630b4b655141f70fce77f3c5b16772111c186643003,LEGACY_QUOTE_REQUIRED
20537,vmm-c1baf705d8839fe1c5e00b24df13791dda3c0a321a772fff2d8f19126d5939d2,LEGACY_QUOTE_REQUIRED
20538,vmm-1c2654d390599d4869432880c146f4fcc8f169904210c8dd3748e73d5187f916,LEGACY_QUOTE_REQUIRED
20539,vmm-81a73fcfa060d3151fd7347e2ab681c454dd70150573e3cb5958bf0afcb6618c,LEGACY_QUOTE_REQUIRED
20540,vmm-d41dfee84f315570c1b9880cc0286b970a36d5e054f0e10f511c20665395b044,POWER_UNKNOWN_OR_OUTLIER
20541,vmm-40174c370e02aed5ae5b9d1bfacba6aacb4e1368d516296d690ce1d8352ea3ca,LEGACY_QUOTE_REQUIRED
20542,vmm-863fee789d251b2b6f3a9af6b99e836f118f4683a6c15be3f49aeb25aba01316,LEGACY_QUOTE_REQUIRED
20543,vmm-6d49b415632a5ca3676091f50a6ffcca4fdc310ea28ee39d92cc634570a674eb,LEGACY_QUOTE_REQUIRED
20544,vmm-f13003c4b0ed223caf0b1779833f5dadaea21029cbf33468b01c46cc77783275,LEGACY_QUOTE_REQUIRED
20545,vmm-cac3937f1c90dbb539963f68a342421ac46446feb33bb79050f8e18f0a4f39b9,LEGACY_QUOTE_REQUIRED
20546,vmm-c6ec6d8e96cfd7e3b5bf04a3169bf1ec35eff1326deb24ab8c0eb43da881478f,LEGACY_QUOTE_REQUIRED
20547,vmm-8562d1323d37d431d6bcdf828a211a646822b17a901ae947bc109a7c0e62265a,LEGACY_QUOTE_REQUIRED
20548,vmm-79725de1cd44a804c587770cc09adf9ee7e9a7321d4daad93bf50b84436b83c8,LEGACY_QUOTE_REQUIRED
20549,vmm-edd4d548d5e016bdcc968a3f6988725580d5afb2b71ed734a977f45c35e160e7,LEGACY_QUOTE_REQUIRED
20552,vmm-28c2da1f52268c4910d32ae0327cecc155eb30563073cbf5daa8f8e225a40777,POWER_LABEL_CONFLICT
20561,vmm-8ea4ef6a38e1a2f54e56318b8309bd007e21f220372422ebc200ae167c4af819,POWER_LABEL_CONFLICT
20566,vmm-ccabf1aea41ec5208354dcbf87d5c3f6f6b856d112456d569de591d75bb25db8,MASS_UNKNOWN_OR_OUTLIER
20568,vmm-35d562e91b523d5b46206d1da4116472b8dddae79855ba70f71200994027babd,POWER_LABEL_CONFLICT
20572,vmm-aab37e6fc5324e66d4110c74eb6f3f8fec21458e1de5f40e11cc38410e8a38e5,POWER_LABEL_CONFLICT
20584,vmm-10ffe6a16267ba3fea51984bb22706440bee3e8d519bc344218df8baba19e7f6,POWER_LABEL_CONFLICT
20631,vmm-f8a62598e53c96195a77dce339672df3582bf131926c9079785c92eb0813aaf3,LEGACY_QUOTE_REQUIRED
20632,vmm-1fcfb4eec017c5d3b6e0d2f27309cfbf49dd5a6e232bcbad1e3426311cb92aa0,LEGACY_QUOTE_REQUIRED
20633,vmm-89e639460785874a96d6f9d49baeda3e0b60830880413c096ae223e226a979cc,LEGACY_QUOTE_REQUIRED
20634,vmm-7998e62f4854bb5c827aedc193b45a805dd7c580f5db2aaba78d62cd3454b366,LEGACY_QUOTE_REQUIRED
20635,vmm-1775699a63dbfe2051798a53fbae1780cbd0b37ff577bb85046e71f2c07fabbc,LEGACY_QUOTE_REQUIRED
20636,vmm-c40702f6707dd57d270e8f4dd8d4eb4b3a212bf886ce837211613e6db19dfe5a,LEGACY_QUOTE_REQUIRED
20679,vmm-4ad705a241da84a7982dd49cf7817b1b34baa07759ecb34e385a11bd83ae243a,LEGACY_QUOTE_REQUIRED
20680,vmm-9e92ecfde52abfb5b3414d51b3a5faeb0fca0441f669324d19f1be416f0e9b5e,LEGACY_QUOTE_REQUIRED
20681,vmm-ed4c32274f36f8f3ae467545cb6b1e55180896ae69e025825c1eaa772277883b,LEGACY_QUOTE_REQUIRED
20682,vmm-9f8f11d4a4936afff248498109f8b5b5294c191cc7b7e34972d3409e4200e620,LEGACY_QUOTE_REQUIRED
20683,vmm-0b75a653574a870eeefbadc72a41b2fd3c36f80d7f97f68d60fe8673ce4fda38,LEGACY_QUOTE_REQUIRED
20684,vmm-46467adaf15f4298d980acc96a86f8fa011202eab1ac3c49e0ceb0bda87511c0,LEGACY_QUOTE_REQUIRED
20685,vmm-8d6ba2b2e95ffbd32095d1b765d80252c1756c9a0a817ed515ec520ae00e4de3,LEGACY_QUOTE_REQUIRED
20745,vmm-6b7e2bb40fbdd0d7298823992b1e4ffdaf7930812dca7422e8a91adebdb48cfc,TRANSMISSION_LABEL_CONFLICT
20790,vmm-e59a292adada6f0dd46c6969229f8de9db909b3263c557deba04548d3ffa4ebe,HYBRID_COMBUSTION_FUEL_UNSPECIFIED
20805,vmm-0eab6c7234622f61938fb4182090181d385ff5bcace99ed903cafb19a080b427,EXOTIC_QUOTE_REQUIRED
20806,vmm-9e81b8385804ddd6fdc9aff0f1a81e51be09985d53be6e395769cc0d48f45a34,MASS_UNKNOWN_OR_OUTLIER;EXOTIC_QUOTE_REQUIRED;ROUNDED_FOR_INTEGER_STORAGE
20807,vmm-be68ef734ad63eabc105c664a8ba01cc90f36708e23e61f3a1f278f4427ba1d4,EXOTIC_QUOTE_REQUIRED
20808,vmm-09406030b7786ea563d4c1adc12d871ee98e8bab2afc72d041f96ac5547a87ed,EXOTIC_QUOTE_REQUIRED
20809,vmm-06e1cba0dc648c698d58668af0ed7d0ff05afb78fa7b6689ece04f2a658eba70,TRANSMISSION_LABEL_CONFLICT;EXOTIC_QUOTE_REQUIRED
20810,vmm-9c982a17668aeba9352e9b8bf673efa90c3127bf50b802ab3e9128b20389d78f,EXOTIC_QUOTE_REQUIRED
20811,vmm-8ef75620791b4410dfee3d04960bd3d8e1ec1a82aefeb7d895fa254a376730da,EXOTIC_QUOTE_REQUIRED
20812,vmm-40f21bcb8243b19e78d182e7fba645cb2d60d33afcbfba753ca01ad84e20efaa,EXOTIC_QUOTE_REQUIRED
20813,vmm-d2f8c2d35943856c94c9cfc372c2d6fffc5585e20266c4969530684cf4eac95e,EXOTIC_QUOTE_REQUIRED
20814,vmm-2f354f17fe1ed4eefe11f72d03ebbe2e0c7250825ab1169a839efb322aa7d0f6,EXOTIC_QUOTE_REQUIRED
20815,vmm-c37e8c14f7dea7fb65c0d0beda4a08bcc58cadee3eaf13f2a778c72757af1eca,EXOTIC_QUOTE_REQUIRED
20816,vmm-168f19142e11ef4161b6265df80931ef16dd00f11df094be5a31be5d23179145,EXOTIC_QUOTE_REQUIRED
20817,vmm-fa61157e8225180fe3e5ea1b66156a1b609505be39c2b995498aafacf0233de1,EXOTIC_QUOTE_REQUIRED
20818,vmm-faff8277ef5a7731dcf3cb71479b6dcfb8d2c5d4402914b3431bb37c35192e33,EXOTIC_QUOTE_REQUIRED
20819,vmm-e83f1d6ad06923aa735d20a34b9b4ff1fd09cb4061edde35b04361d92730ddc4,EXOTIC_QUOTE_REQUIRED
20820,vmm-e7c1e127539b30145bfdbbb51a33b68854cd231424ab06675c21fd89995883ec,EXOTIC_QUOTE_REQUIRED
20821,vmm-80b56c82d36ab6613047db40293ff44f240cd1d1771ed41b344a92a57be3c907,MASS_UNKNOWN_OR_OUTLIER;EXOTIC_QUOTE_REQUIRED
20831,vmm-405fbf2ed2da3e616ea5adbccceb100999729adde07ef606b3f75a385eb6ae72,MASS_UNKNOWN_OR_OUTLIER
20832,vmm-5f02134ae949a95f30e023abc338dc65e869c2c33d66a0e87204551184ad20e7,MASS_UNKNOWN_OR_OUTLIER
20837,vmm-1ca762264341b878df0df02aba61744719c3ba3d70a5fc5cfd535aa256df4802,MASS_UNKNOWN_OR_OUTLIER
20842,vmm-d1999449ce0a6a42fa93df379ee5c9f412fc0244efbcfc6db113381b97c94b5b,ROUNDED_FOR_INTEGER_STORAGE
20843,vmm-020f9a058af8caf232891fa3c288c3e1737d4cbc4dbad56a50ab55386c1ac93d,ROUNDED_FOR_INTEGER_STORAGE
20853,vmm-dad35b4aaf147de3f36a0daedf4a1e696c71191ed1ce72b824348c219d88bbaa,LEGACY_QUOTE_REQUIRED
20854,vmm-9bc575b20300bfe7da557431e985f1ab79e31d32a79287d817f63d2cba059eab,LEGACY_QUOTE_REQUIRED
20855,vmm-6bb0845574ad3fc7d37b5fa94efe52a6ec820456c37f89e09242eaa84d86e9d0,LEGACY_QUOTE_REQUIRED
20887,vmm-018185424be50521baba034cb9f283f8a4fe06790b417e16f36b6e27990d3d11,MASS_UNKNOWN_OR_OUTLIER;ROUNDED_FOR_INTEGER_STORAGE
20888,vmm-0298f1e2d474d2d14010931be715ef05292095adcc77276e439fbf39585a06a0,MASS_UNKNOWN_OR_OUTLIER
20889,vmm-40b25781ea5eb26587a9d59bbb51d9bd4714a1f958e0fada233a8a9b264aca0c,MASS_UNKNOWN_OR_OUTLIER;ROUNDED_FOR_INTEGER_STORAGE
20892,vmm-d9f0391da9f2b40cb57231d5cc902d7336092023602cf4205bc50a5e3327e950,HYBRID_FUEL_UNCERTAIN;CYLINDERS_UNKNOWN_OR_INVALID;DISPLACEMENT_UNKNOWN_OR_OUTLIER;MASS_UNKNOWN_OR_OUTLIER;ROUNDED_FOR_INTEGER_STORAGE
20899,vmm-a772dd890d34cb55680407830b2fa8442962ec3a95316185fe5925c2066e9559,SOURCE_EV_CYLINDERS_DISCARDED
20912,vmm-0b881d28cb9aee55c2a0b7f33f451c09ed4749f8001f24781d874939027c8908,POWER_LABEL_CONFLICT
20913,vmm-865645921f23bdf57d71e50d4162c93b2313e53ed0e8e09498d7ce03e556ae62,POWER_LABEL_CONFLICT
20919,vmm-90a713583e506320d808195d582de69423455c572fd7e6f9300937b736f7696b,LEGACY_QUOTE_REQUIRED
20920,vmm-4f7a1271e7ead0632d0e9f3cef3d3f1c5a37086ed58d55f4ce42dc214f2e13b0,LEGACY_QUOTE_REQUIRED
20921,vmm-df4e8f2cd1084220cd2c6565bfe567350a6e02c4e864bc8d6ade703d2530ef66,LEGACY_QUOTE_REQUIRED
20922,vmm-05e37a1ec95e9ab26c89f17d00bb0144c29e03ad7e179da25c29e43447ece70a,TRANSMISSION_LABEL_CONFLICT;LEGACY_QUOTE_REQUIRED
20923,vmm-576333628d9aa987d6bf83f9fa054b114affe8a6780fcb011716f2c82ad4f1c5,LEGACY_QUOTE_REQUIRED
20924,vmm-a34efe0cd7814147a0c700da85406c386e748153a1ebabb80782cb0b43f99147,LEGACY_QUOTE_REQUIRED
20925,vmm-fd8ec2e42552f4592c258846d2d5ad2a7d191ed3dc9e668f87b07fcd5abf4051,LEGACY_QUOTE_REQUIRED
20926,vmm-fc7f0c2df7b8c9848c83733b0518db0ab18655ea3051534e0cbbc30beed0525c,LEGACY_QUOTE_REQUIRED
20927,vmm-c167bd2cb7a1834cb567aaffc3187111b13f85a6d467c6c50b0e9292b274803d,LEGACY_QUOTE_REQUIRED
20928,vmm-bb358b88f5f487d4cc7fb41ed00f49532b212bc2b58879ba1f3f684d0a39667a,LEGACY_QUOTE_REQUIRED
20929,vmm-9856e69844efa7db7133701ab94bbb01f0fe09141a255e5f2ce024d8bcf96269,LEGACY_QUOTE_REQUIRED
20930,vmm-1f44b088c3e86791f5ee9d2fce40588c091e3fd53c076bff11900e8d5e733199,LEGACY_QUOTE_REQUIRED
20931,vmm-7a80d7e8446675cb4739b49ce6d1f1b5ff53732f33cfc482a7a00d93348205d0,LEGACY_QUOTE_REQUIRED
20932,vmm-5d5bbbaa59f27413d089a06991c88401bef19d3ef57944e23b18c61d910f49ed,LEGACY_QUOTE_REQUIRED
20933,vmm-1ef3d2c149e14eeaffd8de754863a99814c2b398906a269eec8fa0b65a15a350,TRANSMISSION_LABEL_CONFLICT;LEGACY_QUOTE_REQUIRED
20934,vmm-61bb1c826ac9a59738b07a2ba5d6a88a1c0cfa597cdd6ca6c3b888275b97809e,LEGACY_QUOTE_REQUIRED
20935,vmm-9cae1102448e923529001599900ffc4746835b5aed95305747d33fa681dff3c5,LEGACY_QUOTE_REQUIRED
20936,vmm-f6fc0ab19d77a125d8159c4e8763251c588bad65c952a590ff916bde6db9776d,LEGACY_QUOTE_REQUIRED
20937,vmm-8ce9860f36f2098b797111e130be4f8eeafdb4e8a135c21e94da903ccd5dc800,LEGACY_QUOTE_REQUIRED
20938,vmm-85fa0b24148181674996ab61596edfa5a26d9be56517a799dbf704cce601611d,LEGACY_QUOTE_REQUIRED
20939,vmm-28071393eb54b1feee44144346c44137bb9a26a87706c8c8059a340a7f94fc5b,LEGACY_QUOTE_REQUIRED
20940,vmm-1d241c491911f256601a891307d8bee1a383abd626ee8cec34bd298a2bd79c09,LEGACY_QUOTE_REQUIRED
20941,vmm-46a8e941611242fd1dbae973ca3b10ee91e304ad1847fd322a197332b2ad2688,LEGACY_QUOTE_REQUIRED
20942,vmm-eb53afdf9d77a8efa349435640adc7494a318de9cfd4a859581b020a4f8175f8,LEGACY_QUOTE_REQUIRED
20984,vmm-d9957156175bb1f8c01225dab1495f5e85d325043ebb1430c9dc640714e1d2ee,MASS_UNKNOWN_OR_OUTLIER
20985,vmm-802a8995b41478fd3c9587176c8ef9b2259425137df066fa97423a1cc4905080,MASS_UNKNOWN_OR_OUTLIER
20986,vmm-bfe365b0c93ed62ff4925519ff736ef603413ddbdca4e8dc586cc23eb227770c,MASS_UNKNOWN_OR_OUTLIER
21071,vmm-0d2b58361aede5b4bdd63637819b1e0c3b4d6d421a73f326090738035b027d46,MASS_UNKNOWN_OR_OUTLIER
21072,vmm-6dfb02a50a1edbe1e686b2ebb5412731c79767d4dd9d0d284a35cb3398ce0522,HYBRID_COMBUSTION_FUEL_UNSPECIFIED;MASS_UNKNOWN_OR_OUTLIER
21073,vmm-2ccbcd1e7c0a99f6df13e9463fb778446d9a115c155cf8de9f1f7e444c03b409,HYBRID_COMBUSTION_FUEL_UNSPECIFIED
21074,vmm-7388d9cd603e70f7d838b2d4b7320187e1922b63608c04b025afe853ba3d7c51,HYBRID_COMBUSTION_FUEL_UNSPECIFIED
21075,vmm-6834768538ff94da24c212ade629908253788c5b1848e2f2b32a69452ad3b79e,HYBRID_COMBUSTION_FUEL_UNSPECIFIED
21110,vmm-56e1719e737662ec0bd52bc6d8d86ba4bcbb08872d1ed6b9436af1fd199628d4,POWER_LABEL_CONFLICT
21131,vmm-0581d03afaff079e3b83c64eba4d0b1d51d018b1f18b9bef7215f087c548f647,CYLINDERS_UNKNOWN_OR_INVALID;TRANSMISSION_UNKNOWN
21132,vmm-06c9352f83c9c1bcb063aa12e44acd967029b17635daec6e51dd68833a2f4d81,CYLINDERS_UNKNOWN_OR_INVALID;TRANSMISSION_UNKNOWN
21161,vmm-baddc8131bd1fbba0bb266a84a318357e0e7e9f080aea065b81ff0d95da32591,HYBRID_COMBUSTION_FUEL_UNSPECIFIED
21165,vmm-46782c9675ead98635af0335f57a023084f4d7698e1d280c0dec4ac97e12e461,TRANSMISSION_LABEL_CONFLICT
21265,vmm-bb185fd1030da4a29a24aa1121809769292f6d3ada842dde4d5b94bd58417ac1,TRANSMISSION_LABEL_CONFLICT
21325,vmm-c97deecbde82129920fc162737f2cca6bb746aa4811ee06858d5d0cbd76fed53,HYBRID_COMBUSTION_FUEL_UNSPECIFIED
21326,vmm-129e418d3fb66bfeccda70f6553be7a2c2861ca247cf4ffeb28163fd926a4723,HYBRID_COMBUSTION_FUEL_UNSPECIFIED
21327,vmm-4f17162c9adeaa22423e76ae468d312106957300515cbf3521686e2b58ef42a6,DISPLACEMENT_UNKNOWN_OR_OUTLIER;MASS_UNKNOWN_OR_OUTLIER
21328,vmm-19a55c6f18bcab5106449ad4bf76ef981df57d9e9b4771b88c79fbf5d951bb0f,DISPLACEMENT_UNKNOWN_OR_OUTLIER;MASS_UNKNOWN_OR_OUTLIER
21329,vmm-5c591cfa6eb6a05dff70bd80347b78a31f7824c17ccff7000b5fdea12639d0d1,HYBRID_FUEL_UNCERTAIN;DISPLACEMENT_UNKNOWN_OR_OUTLIER;MASS_UNKNOWN_OR_OUTLIER
21330,vmm-3132abab1e3474cc794c8cf0aae7789fce13ed707ff9272337c9f1ca5812c24e,HYBRID_FUEL_UNCERTAIN;DISPLACEMENT_UNKNOWN_OR_OUTLIER;MASS_UNKNOWN_OR_OUTLIER
21334,vmm-7ef11a430ce33ff7afca6ef0c88311743adad16bb48f6124452b649e9e5884f1,TRANSMISSION_LABEL_CONFLICT
21341,vmm-18e3781042975a3f9a08ea85f30a7670dc925a5c75686ca38b714a369335db75,MASS_UNKNOWN_OR_OUTLIER
21381,vmm-4382481f3e1d70d60c387e9dbb69785b483e006a8cb868a417d9bafe622889ca,POWER_LABEL_CONFLICT
21401,vmm-ab73b9a692f507ad6e178cbf9bee12e93c67c3ccb21c7627330e51e9c1191f1f,HYBRID_COMBUSTION_FUEL_UNSPECIFIED
21402,vmm-ddc8ca2eb5bdce149ad91591837d7c0624755459ae1b9f433bd5c5424d7fb5e9,HYBRID_COMBUSTION_FUEL_UNSPECIFIED
21413,vmm-79fcfd785499a6e60025340a6f270d6b4964b7a61bedc9f5f3bf2346fb9d5f5e,MASS_UNKNOWN_OR_OUTLIER;TRANSMISSION_LABEL_CONFLICT
21418,vmm-6eb653361bd91f710eebc8ff1faf0cd9a642cb364ede8066d10f3f7318027986,MASS_UNKNOWN_OR_OUTLIER
21425,vmm-d7526cef7550cd8122e50bd6061a203c94a4531f50060ebd699b2694f498d5d5,TRANSMISSION_LABEL_CONFLICT
21470,vmm-898cfa09c052d5cf06dd1a4b0366e3a651691fc4857fb20fe3ca9b54fef9687d,TRANSMISSION_LABEL_CONFLICT
21501,vmm-1545e6c9d4e292010511c0f41ee2d7c92cd23ec414f6c44e66ee63aeec54fe46,POWER_LABEL_CONFLICT
21557,vmm-6905487c609c2bbe72fa5d5a3f34d63be7594c71bf901de2a377d9ddf9867b33,TRANSMISSION_LABEL_CONFLICT
21560,vmm-0d13eb0d6f9efa7033bca4bdd866ff43a2df4d989034e7404be5034a3081f1dd,CYLINDERS_UNKNOWN_OR_INVALID;MASS_UNKNOWN_OR_OUTLIER
21561,vmm-f3d0095e62314b749dbdaca182be60772ce95ca4a0673caec65d40305ffd1383,CYLINDERS_UNKNOWN_OR_INVALID;MASS_UNKNOWN_OR_OUTLIER
21562,vmm-468dc8a88c2d6046441fbaca5cba472688ec5d5e80022b81b7be6680c4a97b16,CYLINDERS_UNKNOWN_OR_INVALID;MASS_UNKNOWN_OR_OUTLIER
21567,vmm-aa2ae829b9f0cd977ff347227a165800f73230e0e1130282b2e49f91321c9fd7,MASS_UNKNOWN_OR_OUTLIER
21568,vmm-8d49826acab279674dd4f1bb366660788cf9af37fe1616f752d620d8262f7654,MASS_UNKNOWN_OR_OUTLIER
21570,vmm-3ff5510f81b3bb65923dee961d26f07fe57fdb363e9687be8c864af32b7dd428,HYBRID_COMBUSTION_FUEL_UNSPECIFIED
21571,vmm-91ea746d7a12a88cdb726aaa4b573ca70c0644d6d043fed658dfc06c4c85f5f2,HYBRID_COMBUSTION_FUEL_UNSPECIFIED
21572,vmm-fa4c6054017aad2acdb63619928a619f8d193c533d6ae31a875c59c8069ca31f,HYBRID_COMBUSTION_FUEL_UNSPECIFIED
21581,vmm-e18ffaed6fd7142c6f64668f69489a212417c4b6670a42689fcf0b35105d4874,MASS_UNKNOWN_OR_OUTLIER
21583,vmm-ebe235455cb05ba7477213273f1f5cbf939ee97f779614b22121c3cf190a8ffc,MASS_UNKNOWN_OR_OUTLIER
21586,vmm-80a33027b0f08b2e2bc264f277853c6ffed746b5e85e79d9587ab32f16040654,MASS_UNKNOWN_OR_OUTLIER
21587,vmm-a103269437fe72efa137d0f63e01bdc4ed73ebf012b36c9e059b93838e13ca4a,TRANSMISSION_LABEL_CONFLICT
21604,vmm-814c3ea295c4996608ec5ed67a2f6f8f7c8083b440b9d05e86c5f8966ea7da5c,LEGACY_QUOTE_REQUIRED
21605,vmm-8e904ba4caa674f7213265d40eae593ac9543498482b74a15a003ab1ef228654,LEGACY_QUOTE_REQUIRED
21606,vmm-b0b05e02317a0450b4f143c80991ef288df7c99903cc5773ceeeaacb0616bc41,LEGACY_QUOTE_REQUIRED
21607,vmm-b9b548794279362c16fbc9f0804b78b5dc363afa90b003e1882439ccd011a965,LEGACY_QUOTE_REQUIRED
21608,vmm-e59bdd7d8991716604754a4e1c4f1979136a970233198b7af840d78deb0acfe0,LEGACY_QUOTE_REQUIRED
21609,vmm-55083a891ac9b5c9de1ef0c026ab81eb23bc21b17b360056b37783922a1706b2,LEGACY_QUOTE_REQUIRED
21610,vmm-1c00a43cfd6b8364bc6eb975706ac1c873b9456989c256dd27b18dde3b8ad8d4,LEGACY_QUOTE_REQUIRED
21611,vmm-5e28456594ba48802423ae772625fcbc644aa1adb2a1d31974c3ec99efa02c0a,LEGACY_QUOTE_REQUIRED
21612,vmm-ae17daafa47bef8ebb39d252217f7d1d286fc301c8b4932b2cba246ae3192353,LEGACY_QUOTE_REQUIRED
21613,vmm-cfb31a756fd77b12b86d0560d7f0ca4092c9eec6984a5e0f77f18fe77e303daa,LEGACY_QUOTE_REQUIRED
21614,vmm-858a4f2ac3cd835006630917ff3f4fc825d1fc688544c103d11ca599fdc123c6,LEGACY_QUOTE_REQUIRED
21615,vmm-53fde3090ea006674aafe447bd915ccaccfffaa3cd88bdf57ad25e55a314b881,LEGACY_QUOTE_REQUIRED
21616,vmm-e30c02f536a696ead26f8dc4330045c147ea0c705ce0295c4832505fe376e495,LEGACY_QUOTE_REQUIRED
21617,vmm-8797e88d93d5995f11eb08dc3e266324521b71c016515a81bebd4f31b7e52155,LEGACY_QUOTE_REQUIRED
21618,vmm-cfcd631d3ad3b925632725a333fbe5aa6e1ea7f659485b39f5b0f4aa96121b07,LEGACY_QUOTE_REQUIRED
21619,vmm-5a281b1291b73aa0ed3d1fa3a1089f09dc97271c79d40d781caac8c07190706e,LEGACY_QUOTE_REQUIRED
21620,vmm-dfafc3ecbebab286912b286c50050eee5e51ffe4b359514eaa47ba24e33d1735,LEGACY_QUOTE_REQUIRED
21621,vmm-2590420b822cbeaaf52be03d4178ba5bcecd2a1ab12105a1e5032721d1b46713,LEGACY_QUOTE_REQUIRED
21622,vmm-83eb9f2733e4b1124f60f311ae054da862354901dedb9217030215ea770a2596,LEGACY_QUOTE_REQUIRED
21623,vmm-d9901c1d470a65ab0889b0d909974d9236297c27425151e4472e6b876c2c45d0,LEGACY_QUOTE_REQUIRED
21626,vmm-88d7d7ddfb7cbadc750ecc40f55c950aebd217dd6bb0a8ef820d565fa1ca29be,HYBRID_COMBUSTION_FUEL_UNSPECIFIED
21627,vmm-8e50f7c135be3a8bf174266e9eec353234269f34eaa9462d3a0c3961d6063308,HYBRID_COMBUSTION_FUEL_UNSPECIFIED
21628,vmm-7236691e5abfcf95dca854f814889b29dfb076b8b4ee9a67105b0f04245d3a2e,HYBRID_COMBUSTION_FUEL_UNSPECIFIED
21629,vmm-156f0983810023aeb81543dca6bcf5d2fcf788cb2d0c02d840b5200a6595278b,MASS_UNKNOWN_OR_OUTLIER
21630,vmm-b2bbbc5e479d41ecbc680578b53062d85b13a8c49ab538ae18883d559f558347,MASS_UNKNOWN_OR_OUTLIER
21631,vmm-fc0f63f5a246cbae9910a6311661f5b43aa6234a0b38de85f0e1e5989822dd37,MASS_UNKNOWN_OR_OUTLIER;TRANSMISSION_LABEL_CONFLICT
21636,vmm-a6bc0835bb150a13a518fba1285974c21031131b589ed67addbe2b7e4aa02652,HYBRID_COMBUSTION_FUEL_UNSPECIFIED;MASS_UNKNOWN_OR_OUTLIER
21647,vmm-bb409192c771f16c0ed06e17ef381c59fc0ba5c7bba4254212f30eb82ccae845,HYBRID_COMBUSTION_FUEL_UNSPECIFIED
21656,vmm-1764be79119179652d7312825f1278d8f6e26050f21b5f8867825baad494aea2,DISPLACEMENT_LABEL_CONFLICT
21657,vmm-5e2fb148454e86648e2ea5d748fa941baa8bc19ce622a4ed1e785d6fc2ad4029,HYBRID_COMBUSTION_FUEL_UNSPECIFIED
21659,vmm-4fd356ea74e0cf736a3638adc628fe91fad63e65cc1022729b061ecb2cb63a5a,HYBRID_COMBUSTION_FUEL_UNSPECIFIED
21660,vmm-b470fcd724b5007ac2d8621e1c936f570d864d36c71639487fffec95ea0327f6,HYBRID_COMBUSTION_FUEL_UNSPECIFIED
21663,vmm-836c4342c15f16d86b56707296012608f61a213dacbed012828623f09bab58b6,HYBRID_COMBUSTION_FUEL_UNSPECIFIED
21664,vmm-03e99c7e41cc0a218c57cbacfbf0a621b7e96bdf959ae9ab7d6b22c06850e06a,HYBRID_COMBUSTION_FUEL_UNSPECIFIED
21665,vmm-4fdd504fd2ee2f863c490c09490472a1bf859d8bfacdbdc38eb2e42ef17835c5,HYBRID_COMBUSTION_FUEL_UNSPECIFIED
21668,vmm-ce73ff8948cb6d1afee766503674feb3d912ed44a063cec44d0ea249afa894a3,HYBRID_COMBUSTION_FUEL_UNSPECIFIED
21669,vmm-b36499c8abd8c4eb533156a56ff97bf6abdeeeb89382b53dcfb48c1be5843f67,HYBRID_COMBUSTION_FUEL_UNSPECIFIED
21670,vmm-6c871a654c198240efa70a1b1e322506202e557befa29e8e4b61def65e1016ed,HYBRID_COMBUSTION_FUEL_UNSPECIFIED
21671,vmm-868da9f92d618cf92764d3f9bb8c8ed142a2cc7c5b9d73e3be20855cd081bd51,MASS_UNKNOWN_OR_OUTLIER
21672,vmm-36609559b33ea9227e32176df3aca62eb17e9a07b1be52f483f050f6f2395d43,MASS_UNKNOWN_OR_OUTLIER
21676,vmm-f8125ce91b9ceb5c9a8affef388d7ac9d84de914acb08b2a82f0497c2be6df11,MASS_UNKNOWN_OR_OUTLIER
21695,vmm-c0f80e5df5c68a4f08cc1b7aed94e00c07ed9c33e51e07ef56062175d263f96b,HYBRID_COMBUSTION_FUEL_UNSPECIFIED
21696,vmm-956fa8229addbe1bb19c4dd005395b009936f3ffa84a2c6c31f41b24a87e7373,LEGACY_QUOTE_REQUIRED
21697,vmm-84d08579800fb1897f3d28d58250239037ff5cd4a44dc2de0eaa4aa205152dbe,LEGACY_QUOTE_REQUIRED
21698,vmm-ae6c7b897faf5cf4ff776cb4004ad60cf1da9b94363e8805e6b10c919292f73d,LEGACY_QUOTE_REQUIRED
21699,vmm-3f6770903380132d63b232fc2b2acf3132d96c95aab3e535747f4a5c5e3174b0,LEGACY_QUOTE_REQUIRED
21700,vmm-f68c55fbca1d9c0d4aa7fce54aa2ac91c3f48c9e4379e0856a98f2f36d6074ff,LEGACY_QUOTE_REQUIRED
21713,vmm-b3bc32d422847ff03fe07d4ddca3077df1509c8e4aabf0428c23bcdde16fc365,LEGACY_QUOTE_REQUIRED
21714,vmm-f3aebbd8494b0a74cbcb562d42c31b8df5bc09dc45dac66d9926c2c26845cf64,LEGACY_QUOTE_REQUIRED
21715,vmm-3035812bc52cf832e9771c924bc5921f571f548d8f85f2a1104315f9f8511ebe,LEGACY_QUOTE_REQUIRED
21716,vmm-a6010a2e3298383e5ebb1ddd489bdeec1d2b66aa8025f327bd4a082ba91b750e,LEGACY_QUOTE_REQUIRED
21717,vmm-fb6cf253afedee3ea0c56efa2323328a83d591773a174234c4302a757ab97182,LEGACY_QUOTE_REQUIRED
21718,vmm-813f63788d39698ca4f6f25a70bb67aed7ec464c9ecb64cafe4f008ae45dbad7,LEGACY_QUOTE_REQUIRED
21719,vmm-fce14edc856d9bfd7abf8e5912a83ece91a507452e9619266d64c9aee75d2247,LEGACY_QUOTE_REQUIRED
21720,vmm-96da61502e2aefa4bef3f7547c0c1e17377db9674fb859161b65520937282f3b,LEGACY_QUOTE_REQUIRED
21721,vmm-c31813d70ae8232805ac28e1d58e0282817a658d4f23dc979f516acf3b18eb2c,LEGACY_QUOTE_REQUIRED
21722,vmm-180d90ba1ccf9c3ca63835e2d63054d7ada15bfd7c20b7cbd562cd61c2279c4a,LEGACY_QUOTE_REQUIRED
21742,vmm-84de30364e0098b7d7bc15b02fc6ea1a4f0dc627ad364783d5cf1d28c23968a8,POWER_LABEL_CONFLICT
21767,vmm-7a99c9000c6fbce479cc907aa8225769bc9018f6ae8633129e356a8f2feb36e0,MASS_UNKNOWN_OR_OUTLIER
21769,vmm-bcd1e7b296f4745fa559aae0a686d388cea443b6f4866dcabf6070a35cea9708,MASS_UNKNOWN_OR_OUTLIER
21770,vmm-9e13c9591ae860dadad79dbd95cb8d52b06b899337e0bed48814ce61db588542,MASS_UNKNOWN_OR_OUTLIER
21786,vmm-c8643d066e272e7ef539085b3beaa647e3be9d0f8cc5e5223b683eb56f297ce7,MASS_UNKNOWN_OR_OUTLIER;ROUNDED_FOR_INTEGER_STORAGE
21787,vmm-9e0055228bef109c21b399e17bc9c88b8926486dd511879ebbbfd0fbca58f8e6,MASS_UNKNOWN_OR_OUTLIER;ROUNDED_FOR_INTEGER_STORAGE
21823,vmm-2834073bae903cb7e31a54857bba5c4b95325df82045f58a530337683b5679a2,MASS_UNKNOWN_OR_OUTLIER
21827,vmm-0ed42a4c601d7e8aa106f3bbef6121282fe9ff24416913af6096dabb3a7455cc,POWER_LABEL_CONFLICT;TRANSMISSION_LABEL_CONFLICT
21828,vmm-0d7985ab94f217be6286fb54cdb89dcc83b67685db3c681826989115d45d5464,MASS_UNKNOWN_OR_OUTLIER;EXOTIC_QUOTE_REQUIRED
21829,vmm-605c5187533592a9e72ee5771a4a5ecc7bca4eb00e20b5822d48c85dfc59dca3,MASS_UNKNOWN_OR_OUTLIER;EXOTIC_QUOTE_REQUIRED
21830,vmm-6ac1f12fa9ae49c88d067ef2a3c80d52bce33d6fec772db4da366746e5c2c380,LEGACY_QUOTE_REQUIRED
21831,vmm-bfda736143d9cf2483aa06a11feb691c9d1e0627e5a951ab4d8857ac94ee3812,LEGACY_QUOTE_REQUIRED
21832,vmm-a1af98b10773b761221b3aae7406907886558ebae817e22a0bb56d59e1eb7de7,LEGACY_QUOTE_REQUIRED
21836,vmm-303f7bc3df628225ab05a8c0c70b77f964ea31f76bda96ee4d15261f0f576d88,TRANSMISSION_LABEL_CONFLICT;LEGACY_QUOTE_REQUIRED
21837,vmm-c159f83ec6037067ae86d3c1fc6cc310f0545853e0e4885f60e8b6fd1cf33807,LEGACY_QUOTE_REQUIRED
21838,vmm-43252093d491a62b4055e984e3baaddc025489481ef04a9d524c611a5093fdcf,LEGACY_QUOTE_REQUIRED
21839,vmm-4acec645cb5cbf1e5953b6cac83271c7c23819bf61d965bb60abc8c8a1c6cd73,LEGACY_QUOTE_REQUIRED
21840,vmm-67320cd69184dad0a7b570ce535423a67cb941e5fffb03491ec0785aad8da9c8,LEGACY_QUOTE_REQUIRED
21841,vmm-4858e5f41a93c3034c627c539361dd521225e60d7d9f58ba3b2f83ea50a2aa8a,LEGACY_QUOTE_REQUIRED
21845,vmm-88fa83c504740d113e49e78c15b70b6766afa133fe5a796aa899ffb55c298553,LEGACY_QUOTE_REQUIRED
21847,vmm-f5bcb8ad4a33bc90f1e9df0338fb1a3523819fb015e7c617d0b34eb7c9d62500,ROUNDED_FOR_INTEGER_STORAGE
21848,vmm-a9e6e7555d54bb1e569375780517d502a713e39a2821b8151c031ff40ffeec66,ROUNDED_FOR_INTEGER_STORAGE
21849,vmm-b0a6b4bc20efbff8e79d9f27617a564b3ae5d36e36e927d4552aaef84c2c17e2,DISPLACEMENT_UNKNOWN_OR_OUTLIER;MASS_UNKNOWN_OR_OUTLIER;TRANSMISSION_UNKNOWN;ROUNDED_FOR_INTEGER_STORAGE
21853,vmm-fde3a6e8bda4ae5d5dd6ad18e4d7f463d54cd1a0b74a9017d68aaee399291b43,LEGACY_QUOTE_REQUIRED;ROUNDED_FOR_INTEGER_STORAGE
21854,vmm-c133afbf6d197b5d20a958977c05dd669fed38dcff12241d6a82a199cb15f6d3,DISPLACEMENT_UNKNOWN_OR_OUTLIER;MASS_UNKNOWN_OR_OUTLIER;TRANSMISSION_UNKNOWN;LEGACY_QUOTE_REQUIRED
21855,vmm-60b9fe431e937d53b0ac50d18b4fcc3095d6f17973fb856df3f8bc816184a186,DISPLACEMENT_UNKNOWN_OR_OUTLIER;MASS_UNKNOWN_OR_OUTLIER;TRANSMISSION_UNKNOWN;LEGACY_QUOTE_REQUIRED;ROUNDED_FOR_INTEGER_STORAGE
21856,vmm-0da072ab92d54790fa959e69cc7d1c5fdf6a0968f4ad8dc56d3f8667624036cc,HYBRID_COMBUSTION_FUEL_UNSPECIFIED;HYBRID_FUEL_UNCERTAIN;DISPLACEMENT_UNKNOWN_OR_OUTLIER;MASS_UNKNOWN_OR_OUTLIER;TRANSMISSION_UNKNOWN
21857,vmm-dc3e9ce38bc81f20af7a5239875edca184e4cdca262554c597234163f8dc27e7,MASS_UNKNOWN_OR_OUTLIER
21858,vmm-f4114f1ace9da44f126cb67c8c551df3dbbe9887dd35f6325cdb3c5e626b59b4,MASS_UNKNOWN_OR_OUTLIER
21859,vmm-f25dfe34b1beb76ab554e3bbd8560f9263e4dd42133962fa8bb8ae2eaec110da,MASS_UNKNOWN_OR_OUTLIER
21860,vmm-b282ca1051b5284785714f91876bcc7b70665b487c4eb764f932de4eae172e9f,MASS_UNKNOWN_OR_OUTLIER
21861,vmm-e64d11c40bf6748244e09c83fed9939efa2daf0b3c42d6ad01a8f609db114e71,MASS_UNKNOWN_OR_OUTLIER
21862,vmm-b1387a0c527d7cdc953ed21bd910628a69886acd4d6f2f153b96427d0383fbf9,MASS_UNKNOWN_OR_OUTLIER
21863,vmm-cd386308d7163da2177fd2a249d537e7ef92c2672d5872d8419d2049c162a2ca,MASS_UNKNOWN_OR_OUTLIER
21864,vmm-09bef2851ebdbd133d99b4cae11f3eba75d753e58aae661d8f5e6035cf792d21,MASS_UNKNOWN_OR_OUTLIER
21865,vmm-793e2f8bd5d54df2adde11fc2e8bc346f51e567fec801a09d029c6b6ff89a766,FUEL_UNKNOWN;CYLINDERS_UNKNOWN_OR_INVALID;DISPLACEMENT_UNKNOWN_OR_OUTLIER;MASS_UNKNOWN_OR_OUTLIER;TRANSMISSION_UNKNOWN
21866,vmm-b3ffb774ffad1ca9b4ab7ab341c110d81c3108f612b98e6191560af1acabebd0,FUEL_UNKNOWN;CYLINDERS_UNKNOWN_OR_INVALID;DISPLACEMENT_UNKNOWN_OR_OUTLIER;MASS_UNKNOWN_OR_OUTLIER;TRANSMISSION_UNKNOWN
21867,vmm-7d0241fe4dae2453b3485fd2a9014a28be24a310d43235abc23cfcd34dd41a65,MASS_UNKNOWN_OR_OUTLIER
21868,vmm-3928891cee5d5439d761d410f87801857146e1912e1d844f5bf7e0bfc18f3442,MASS_UNKNOWN_OR_OUTLIER
21869,vmm-ad0bc5f642ab944f1dc38bd169fb2962accd21ced5f3f3c76021d33fe4111bc9,ROUNDED_FOR_INTEGER_STORAGE
21870,vmm-1546fca50c96e69290f790b70dbeccc1dcd6b575c2049bb8604c442ec69c4654,ROUNDED_FOR_INTEGER_STORAGE
21871,vmm-732b76a8f0eb0724412813cfd033956f5c824cfcb43b1b76bd5aed6629de6449,ROUNDED_FOR_INTEGER_STORAGE
21872,vmm-7a5f77a28b449916e0439b496d0784af7b94794b9867fb714712012c346a4f38,ROUNDED_FOR_INTEGER_STORAGE
21873,vmm-cb2f6e5de6484df74f3fd9f6873189deb8198bbcd6124f30ac348a99fcf0b60e,ROUNDED_FOR_INTEGER_STORAGE
21874,vmm-f1d45d63768cb641568e53381d677f5feef5e4b674438f99290cad3c97601226,ROUNDED_FOR_INTEGER_STORAGE
21875,vmm-9b98ccf31532a319ccca6bc0675113b82aaf25acc9f96819b5d5ffc47ea7fa5d,LEGACY_QUOTE_REQUIRED;ROUNDED_FOR_INTEGER_STORAGE
21876,vmm-86ec06eef19c1521a7cbe7c89d3e30004c9ac5c91adcfb1f06c0cfc4a3016896,LEGACY_QUOTE_REQUIRED;ROUNDED_FOR_INTEGER_STORAGE
21877,vmm-47b8e54a005a18ff408786254c6928c3ec567fe83deadf0dac948f42777c6316,LEGACY_QUOTE_REQUIRED;ROUNDED_FOR_INTEGER_STORAGE
21878,vmm-f04c70f36333cee7fa39f8e1da45328788efd497601c86e05100a7cb53d0f183,LEGACY_QUOTE_REQUIRED;ROUNDED_FOR_INTEGER_STORAGE
21879,vmm-8fa783cb240e6ee77fd70427c85382b4d136d88667a36904f78e96592616d689,LEGACY_QUOTE_REQUIRED;ROUNDED_FOR_INTEGER_STORAGE
21880,vmm-34b47899de011ef88d4f090c45639a68186eea0a461bf090ee78ea6b2d6618be,LEGACY_QUOTE_REQUIRED;ROUNDED_FOR_INTEGER_STORAGE
21881,vmm-5413c6dd4653eb395cc7d735b34212154a7c0eb904b3ced2d9fb470f592f059a,LEGACY_QUOTE_REQUIRED
21882,vmm-16faa7efc7560844beec2b755e61ee159e25c2c974cad4e99e1c91bf5069ae56,LEGACY_QUOTE_REQUIRED;ROUNDED_FOR_INTEGER_STORAGE
21883,vmm-b2d13a1f99efa7fee300815d50dd7b980644e32cb9ff98b506f8164d4ac840c1,MASS_UNKNOWN_OR_OUTLIER;LEGACY_QUOTE_REQUIRED;ROUNDED_FOR_INTEGER_STORAGE
21884,vmm-b75fef484382816c1a23bce849be5a77d151f9c8964c7bf314f647c76285f19e,MASS_UNKNOWN_OR_OUTLIER;LEGACY_QUOTE_REQUIRED;ROUNDED_FOR_INTEGER_STORAGE
21885,vmm-e041a274389a557ab9ffcc1581414ec40a07a37f128071f851cdad25ec41ddf1,MASS_UNKNOWN_OR_OUTLIER;LEGACY_QUOTE_REQUIRED;ROUNDED_FOR_INTEGER_STORAGE
21886,vmm-54fff252b6cbd3c21ec81ed9f89ac69c40a46995430a8233a1b505f26f194192,MASS_UNKNOWN_OR_OUTLIER;LEGACY_QUOTE_REQUIRED;ROUNDED_FOR_INTEGER_STORAGE
21887,vmm-4aa99c1433b3d1df87e80ea56e00f0b5dd6bfdd1efb8a1006e07f238487d8641,MASS_UNKNOWN_OR_OUTLIER;LEGACY_QUOTE_REQUIRED;ROUNDED_FOR_INTEGER_STORAGE
21888,vmm-9614ba6201fb0852ad66046bd58deaccd304656be78398dac2173ca3a3d31a34,MASS_UNKNOWN_OR_OUTLIER;TRANSMISSION_LABEL_CONFLICT;LEGACY_QUOTE_REQUIRED;ROUNDED_FOR_INTEGER_STORAGE
21889,vmm-c76b85b9f615a20f0cc9d4008f7a8dec9970b8b1f735e1932123bbbaf7283df7,LEGACY_QUOTE_REQUIRED
21890,vmm-760adff6206b987df10a3438abb1b435e2eee8eb0456255a05c829c3f024665c,LEGACY_QUOTE_REQUIRED
21891,vmm-ea7850b0160bd7d9d9dfb7574c75b97dc4444d7cde0d7cc696daacaa4046ccdc,LEGACY_QUOTE_REQUIRED
21901,vmm-5594254ecb034064e5208eeb55d407b08f02eb7923a6c5cec21f79645b19bb30,MASS_UNKNOWN_OR_OUTLIER;LEGACY_QUOTE_REQUIRED
21902,vmm-2d228c5f6f38facc8cdbc0d6d9ce37800d2bb36d28f5ddc65bdfc01f90528e17,MASS_UNKNOWN_OR_OUTLIER;LEGACY_QUOTE_REQUIRED
21903,vmm-ec0726f82f3a79bbddc14a65255c69c637a647dbc1e623d787c0b138bcf3faee,LEGACY_QUOTE_REQUIRED
21904,vmm-fc32e7c0984c4d9d397d99e1f112d33fe418806b9696e28d8b1c5a37bf40535a,LEGACY_QUOTE_REQUIRED
21905,vmm-36a1d6596511163052866f754911cfed1a345e5d872e865e7318f5320abaeb13,LEGACY_QUOTE_REQUIRED
21906,vmm-965e19f330f2e05ab59691655ce7c150621eb6d2b9a4c87b018c54f2224a35bd,MASS_UNKNOWN_OR_OUTLIER;LEGACY_QUOTE_REQUIRED
21907,vmm-48afd567ac1e304071f81bc5f195fdcf8659efeca1409eeb66543c210ec4e3cb,LEGACY_QUOTE_REQUIRED
21908,vmm-3bf566fb85acc72bd8f2e14b9a411bac7a8f1323f39371f872fbd2101c6ba672,LEGACY_QUOTE_REQUIRED
21909,vmm-75898d7bd0ab27492dd6ab2699063fe1bf63e444e1f4813ba73bc9bb5ddd239f,POWER_UNKNOWN_OR_OUTLIER;LEGACY_QUOTE_REQUIRED
21910,vmm-6c46a556b221104a59044df501d6374f9112f4ed487625a97474b43d6fbaf602,LEGACY_QUOTE_REQUIRED
21911,vmm-006efa97417862ad80544607b8d98bb0cbbb3f6137bd0e8797c42ba7b9d4dd53,LEGACY_QUOTE_REQUIRED
21912,vmm-37d732e575cdf90a0e365cce56a9ca044406703734b29bf3642be9a4d43b5684,LEGACY_QUOTE_REQUIRED
21914,vmm-c779898ecbd90d2fc20b971c258f87c99113c301be36055b4f0f937ec9593368,MASS_UNKNOWN_OR_OUTLIER;POWER_LABEL_CONFLICT
21915,vmm-6a207a56f17c913e20028f1c3681f87ba78fe53d155f21386c3ecaedde8e544d,MASS_UNKNOWN_OR_OUTLIER
21916,vmm-acc91d69e2d020e5b00d16b00434fa2973a85721b618761aefc06ff77c3ef15f,MASS_UNKNOWN_OR_OUTLIER
21917,vmm-254aeed47ad53dd5c3b84517dd8836c18ca8a526e702e9ef998faed283ecde07,MASS_UNKNOWN_OR_OUTLIER
21918,vmm-2d1b5779785b45931a615fc296d17e7c95735964ae57f509421cf2d2d0baa944,MASS_UNKNOWN_OR_OUTLIER
21925,vmm-f7ac181e4f0b4f9327c44d44709991d46375668b0eceb1dc3dc7c42495d9d543,MASS_UNKNOWN_OR_OUTLIER
21926,vmm-047ad01c1c35f9761f6ee61d7d9c0efd6a7d8b954ad1cbd4efa079a6451b1b15,MASS_UNKNOWN_OR_OUTLIER
21927,vmm-0099078fa0cd1f51c74f135accf0ab79e8d7e1ae3fc04f223bd2aee351064a06,MASS_UNKNOWN_OR_OUTLIER
21930,vmm-e92a2305fdd984c986d1254e1feafd740280b0fe44bfd33760d44f00106ea311,TRANSMISSION_LABEL_CONFLICT
21949,vmm-fd5111860ce07040b92bea1bda7e21994ba2185db966ff6d05715e977410f212,MASS_UNKNOWN_OR_OUTLIER;LEGACY_QUOTE_REQUIRED
21950,vmm-6bf7462341fe7fe251be6f530ea7c890e49f1e0453cca979d642a29f6b51a32b,MASS_UNKNOWN_OR_OUTLIER;LEGACY_QUOTE_REQUIRED
21953,vmm-abe33ca1b66ea53da2e690034d0a2981fb43fd2fb832c6ba0bd9f6694c38fb9d,LEGACY_QUOTE_REQUIRED
21954,vmm-d29b3ae6693ffbbaa04d64d4d642c747ed50b8859ab802b35d1dc1a77fc60ab0,LEGACY_QUOTE_REQUIRED
21955,vmm-fae2f28e6d934f6433394185018e8bddae2f774ec5dac8f02c85281cd8a039ea,LEGACY_QUOTE_REQUIRED
21956,vmm-0668771eb9598d47fe3ada8b4dedb1861c2f0d5325c5f020c86ac87944675044,TRANSMISSION_UNKNOWN;LEGACY_QUOTE_REQUIRED
21957,vmm-4bb6df4d8b8789cdbf08cda039cce9c751b856682db7175bcac96e8d0bb0871e,LEGACY_QUOTE_REQUIRED
21958,vmm-e689e024b7764815abe3f461b379339751b4372565053a29b09090e5a4146596,LEGACY_QUOTE_REQUIRED
21959,vmm-17fd006620eaf6c2bd0abce3d76b2dfd0e983fe745257f4458169d10c7deb372,MASS_UNKNOWN_OR_OUTLIER
21967,vmm-381153f00d0360ca68ae43e9a6c92c1a19ddb8db51a3849a974a7705a9ac7918,MASS_UNKNOWN_OR_OUTLIER
21969,vmm-2464e27ef3861136874436c8acf8329a702b0cf6ed94d84551916dad0df9c4a6,MASS_UNKNOWN_OR_OUTLIER
21970,vmm-3f586d0e611b67ebb96bd12589a621d559ea16b540bcb2a88b15e15215441aee,TRANSMISSION_LABEL_CONFLICT
21972,vmm-5ce4890e0d51ac9a2dbf7deda260ae774276dc93a338d2663f9fb408afc72bbc,MASS_UNKNOWN_OR_OUTLIER;POWER_LABEL_CONFLICT
21974,vmm-1aa4e6ff80aca6ff4c18a418a391ec11df28d88a2bd9a5828de679a615d4a4d0,ROUNDED_FOR_INTEGER_STORAGE
21976,vmm-cdf24944b39bc09f79c52e23c931f4145720b70f9d8b7448e6ef7784771c3759,ROUNDED_FOR_INTEGER_STORAGE
21977,vmm-3106af2d38aaf5ca28ed18f791c504e7a2727647e27e7f96e88b5014e1dfffe3,ROUNDED_FOR_INTEGER_STORAGE
21980,vmm-f832315706f1989c0fe3b0d8626a3202fbece98d710eaf8cc59b00e05d558b18,ROUNDED_FOR_INTEGER_STORAGE
21981,vmm-e0ddcc2433373fbadea8ed7a2853def0ec8ad5c227533e8fcbbed03a97166cba,ROUNDED_FOR_INTEGER_STORAGE
21982,vmm-0f621eac9299591c0cfd8752714d70a8a6b34998cf73d2ac3d5bf50033e24289,ROUNDED_FOR_INTEGER_STORAGE
22005,vmm-00bca90589b57f3c69f1e1649e3eec91278afe628117cd8358dd0bbb2e9b446f,DISPLACEMENT_UNKNOWN_OR_OUTLIER;MASS_UNKNOWN_OR_OUTLIER
22010,vmm-54f06f5d1b5f8465dec860d1d52189cc8113bb29b374d5031cb6034e04efd2e7,MASS_UNKNOWN_OR_OUTLIER
22011,vmm-4b2d8d8176efebf13caf30e0ea4bc184dc32f9b77dfe33e0dfa0978045f5ab7f,MASS_UNKNOWN_OR_OUTLIER
22034,vmm-d443a863cad5e4bcc11171f5bfc25981169fc2857715d6f391052fe27a61b6f2,COOLING_ARCHITECTURE_UNCONFIRMED
22035,vmm-6f06a82910e02f55c7ec8943ead000de7ea03e9acbc1604941571c3f5b837a81,COOLING_ARCHITECTURE_UNCONFIRMED
22036,vmm-3427c28603ad4f714d5b7db56dd8e781c725fc55a122544741812bf78ca1c9d1,LEGACY_QUOTE_REQUIRED;COOLING_ARCHITECTURE_UNCONFIRMED
22037,vmm-e4e1c8014d25428145c27b5d980194d7f5536c9def6d2bf25471f930e9dd4f32,LEGACY_QUOTE_REQUIRED;COOLING_ARCHITECTURE_UNCONFIRMED
22038,vmm-5518800fc53f2d17ec87c83575d224309392dfd770c62d2407ac218880050e8c,LEGACY_QUOTE_REQUIRED;COOLING_ARCHITECTURE_UNCONFIRMED
22047,vmm-ff0517fad7e241f20bb91cb484b78321d8992e7a023f5bb198842c16fa4ebada,COOLING_ARCHITECTURE_UNCONFIRMED
22048,vmm-86ec02da452fcc1af6d15b9fff3e48160c1342c0511e21aaa81da898b745624e,COOLING_ARCHITECTURE_UNCONFIRMED
22049,vmm-d471847cb878b14c10d12ed2c6fb838bca997a291ff9045ec005d9470076385c,COOLING_ARCHITECTURE_UNCONFIRMED
22050,vmm-1753a754d9a1141ca229e5dc94cc944a062b63f3a644b0c9abc70867237e919e,LEGACY_QUOTE_REQUIRED;COOLING_ARCHITECTURE_UNCONFIRMED
22051,vmm-e1a292afe14651d40339952cec7315a7d03e007f183b52a4c383aa756b2b0125,LEGACY_QUOTE_REQUIRED;COOLING_ARCHITECTURE_UNCONFIRMED
22052,vmm-39d0a54eac40003ab2f14f77e174eb6ce85566a96e73623a2a7c28ddd5cd0018,LEGACY_QUOTE_REQUIRED;COOLING_ARCHITECTURE_UNCONFIRMED
22053,vmm-f6e2d12414c60c19fe11736a83c46adc2f7734e8b0f76e9594715fb26c1ecae5,LEGACY_QUOTE_REQUIRED;COOLING_ARCHITECTURE_UNCONFIRMED
22054,vmm-de99514e54892b433ba419bb6e3f56cc6bb1885f5350768efb17e36e0fc376df,LEGACY_QUOTE_REQUIRED;COOLING_ARCHITECTURE_UNCONFIRMED
22055,vmm-3df80cf4fc2e3241ff22139d16455904cca5de6b030a11dfbc03edd653d32e55,LEGACY_QUOTE_REQUIRED;COOLING_ARCHITECTURE_UNCONFIRMED
22056,vmm-5d424de668c91111c47ce6e854b07f972d65aaca3def15e538af4d73d281dad7,LEGACY_QUOTE_REQUIRED;COOLING_ARCHITECTURE_UNCONFIRMED
22057,vmm-3876bffd6f8a50156a73256171c9f0c7954a7a5d67554f1f0ce5a2d2ddf55c9a,LEGACY_QUOTE_REQUIRED;COOLING_ARCHITECTURE_UNCONFIRMED
22058,vmm-8c4685ba01b22706d0cc95de8615f686eb23f8f1d54ac196f32a32f79b7e85cf,LEGACY_QUOTE_REQUIRED;COOLING_ARCHITECTURE_UNCONFIRMED
22059,vmm-e83d447c253f622247dca94d2eafc26f7c2bf5976b620b1ef178f936fbd06611,LEGACY_QUOTE_REQUIRED;COOLING_ARCHITECTURE_UNCONFIRMED
22060,vmm-ac50e468083968e44c6c97b4f21bfa0cc435614c069eeee825868da14ed6cc36,LEGACY_QUOTE_REQUIRED;COOLING_ARCHITECTURE_UNCONFIRMED
22071,vmm-6cd0b67c7ddde2c10a76eff2fd301e8231cdb192fe7841556bf2d4e3968ea1e8,COOLING_ARCHITECTURE_UNCONFIRMED
22072,vmm-27960854387b07b9098b476887e4f23e20fb2a9a5352c7d81f34f7f4bfad4873,COOLING_ARCHITECTURE_UNCONFIRMED
22073,vmm-5624e1b776b4d98b00c05dc793ab8a50364f97290f954becfeadf96c65d9bfcb,LEGACY_QUOTE_REQUIRED;COOLING_ARCHITECTURE_UNCONFIRMED
22090,vmm-ed67a6799e96a81526c45e81f931739a84a81f99cf7b3fca8049b98d5eb143a0,MASS_UNKNOWN_OR_OUTLIER
22108,vmm-fbce99d57c45a6246b2c19c66ba89aec03eb9c87103a430f45625de9f930239f,COOLING_ARCHITECTURE_UNCONFIRMED
22115,vmm-36cc8e175ac715872fa55ec952bbc79404fbfb2c1232160d016a2ea95af380d3,COOLING_ARCHITECTURE_UNCONFIRMED
22116,vmm-98cc4a9aca8f80638a5eac8316ba254e8201c7fa77cbe51dc3107da09c95c74f,LEGACY_QUOTE_REQUIRED;COOLING_ARCHITECTURE_UNCONFIRMED
22117,vmm-93e164b718fe1f3f9243b7a6d4f2a39af9ad7cf4b0cb7b5c817fb4af592156c1,LEGACY_QUOTE_REQUIRED;COOLING_ARCHITECTURE_UNCONFIRMED
22118,vmm-195b2bb4bbb9c8f9129a13d9c42bff1ee49c495c697b90f325cead1d4e032559,LEGACY_QUOTE_REQUIRED;COOLING_ARCHITECTURE_UNCONFIRMED
22129,vmm-c37ee6c6baec9578dec6629ae46e0be65adcdf4a69bebd5aa0acd3e956c66097,COOLING_ARCHITECTURE_UNCONFIRMED
22138,vmm-8caf2c6ed45cffdb2de8962ea08b8267773b9e2820bab810b74cd293ac012920,DISPLACEMENT_UNKNOWN_OR_OUTLIER;MASS_UNKNOWN_OR_OUTLIER
22141,vmm-381346001d6e82138444aea2ba90a704e7812a2c488aee9c7b615fa2d89d5447,ROUNDED_FOR_INTEGER_STORAGE
22143,vmm-5679cf49a2686542993fcef965e4f2c333a19e03f01e9150f669203234082e12,COOLING_ARCHITECTURE_UNCONFIRMED
22168,vmm-e8ce8e37366dae85b7a6312da615a2ca3fdf179fd21d1ff0be26dc6223bd9a9d,COOLING_ARCHITECTURE_UNCONFIRMED
22169,vmm-5e399b9f77de9283e3c84ff871d38060ffdb41572851e4259c69b1d67de7e159,COOLING_ARCHITECTURE_UNCONFIRMED
22170,vmm-8379bd0a23f41b5be81a04a33b2193417344c08990681867a5e4665649f8e84c,LEGACY_QUOTE_REQUIRED;COOLING_ARCHITECTURE_UNCONFIRMED
22171,vmm-42fb91a56753762069d4106d1b35395e79dc507f7804f9627aa27c07cbafa01e,LEGACY_QUOTE_REQUIRED;COOLING_ARCHITECTURE_UNCONFIRMED
22172,vmm-121a56e0212064fc34ef92e3555c6b6b39739860efa21cfcb4690dd14fb2f456,LEGACY_QUOTE_REQUIRED;COOLING_ARCHITECTURE_UNCONFIRMED
22173,vmm-5110392ec356a3e10c169cde6b61484d3131c602d5097f755da09bc3f4209a00,LEGACY_QUOTE_REQUIRED;COOLING_ARCHITECTURE_UNCONFIRMED
22174,vmm-b9a873eb53292489bd03e714e7d4670f93f7ea09b04fd8198eb0cfcefae4f810,LEGACY_QUOTE_REQUIRED;COOLING_ARCHITECTURE_UNCONFIRMED
22175,vmm-76b91778d3886719fd63b993c3f1aad3a96052b1e1803cd9a3f8c392227996c3,LEGACY_QUOTE_REQUIRED;COOLING_ARCHITECTURE_UNCONFIRMED
22176,vmm-3620187095dc566e48fb31ec44a54dc017d224a72900a0031f499d85e8bb55f0,LEGACY_QUOTE_REQUIRED;COOLING_ARCHITECTURE_UNCONFIRMED
22177,vmm-604d912354a818f406e31b4f99916187e2f8427be4bda3211e38a4284b2c4786,LEGACY_QUOTE_REQUIRED;COOLING_ARCHITECTURE_UNCONFIRMED
22206,vmm-73dbe795ef73d30021e5384db10958ead7c8b1dc05983edaaefee70e513fcdd8,MASS_UNKNOWN_OR_OUTLIER;LEGACY_QUOTE_REQUIRED;COOLING_ARCHITECTURE_UNCONFIRMED
22207,vmm-7d1496c95e000939e4fca22957c3dacf4e27e5cb20e0a6aac7584346570eaeb7,MASS_UNKNOWN_OR_OUTLIER
22216,vmm-3f9301b6cf0a941e542c0f51740a88e97bf109e4cb09f17deda49479b388c603,COOLING_ARCHITECTURE_UNCONFIRMED
22217,vmm-33de9c62e72d9c7f98bae2fdc34b1432fc170e279cf67997f87d07e672295d2d,COOLING_ARCHITECTURE_UNCONFIRMED
22218,vmm-c8f382d8b83784b1b3c78083de0d6a69a6d41cce1fc95c9d185e4aa1aca3f547,COOLING_ARCHITECTURE_UNCONFIRMED
22219,vmm-f2b05bb4f4930255df91326ea2cc273bb59536e775af6abacc1642e29801270f,LEGACY_QUOTE_REQUIRED;COOLING_ARCHITECTURE_UNCONFIRMED
22220,vmm-e1eb8a814ccc751d24c277f95b0b414d2f70be0cab720ea45d495764930ca652,LEGACY_QUOTE_REQUIRED;COOLING_ARCHITECTURE_UNCONFIRMED
22221,vmm-da70a1ea0f8e12ede185e9a6f880a7f28f1197e9a55e0a9d455d3432789aabdb,LEGACY_QUOTE_REQUIRED;COOLING_ARCHITECTURE_UNCONFIRMED
22222,vmm-1a2393563c8600d2f30ac6d2ffe67c6bc8bf8826839cc7caaef0f315b4319795,LEGACY_QUOTE_REQUIRED;COOLING_ARCHITECTURE_UNCONFIRMED
22223,vmm-13f1a6eae4d1129ea0bea61a9ff9092a0ee0fb3d54155322954d29c7ca61d5b5,DISPLACEMENT_UNKNOWN_OR_OUTLIER;MASS_UNKNOWN_OR_OUTLIER
22230,vmm-38f7efa4197d1030a4dfa848cb9739ec06887f4699fb12bc26f8b0deb5f280a8,DISPLACEMENT_UNKNOWN_OR_OUTLIER;MASS_UNKNOWN_OR_OUTLIER
22236,vmm-cf7188d0bf0e04891f61d88101d03d463d9582bfe9d7b38d6ffd14306dab9b1b,HYBRID_COMBUSTION_FUEL_UNSPECIFIED
22237,vmm-c3b7be46649b9309ed01bfc0e46d2f629533d86d80fc22d2e8cdf95992a5065f,LEGACY_QUOTE_REQUIRED
22238,vmm-9c3be698a1022b117f18a2e0aca9f99cbaa9607cd8e341792977db4ffaaf8470,LEGACY_QUOTE_REQUIRED
22241,vmm-b4652bc1d7b2922f479c7fbcdf85fa933d4ce440fbb7cc4f1e708edf5aafe141,LEGACY_QUOTE_REQUIRED
22242,vmm-d34da8c28f16ebe7331c17b8facbfe6bb4cdd4d150c0b05391fb9256444104b0,LEGACY_QUOTE_REQUIRED
22243,vmm-1e5e592e5260728506f45d3d58135ffedc05dd5d810d7cc0c42f8b1632d7c96f,LEGACY_QUOTE_REQUIRED
22244,vmm-a3e8f3bdfbbba5f6d8e957efe656cf506e88bd6fc83563678e59b2201f4b8b90,LEGACY_QUOTE_REQUIRED
22245,vmm-8f702ff4881f1a2356dce23fe83564ec7bb477c70d3bb0060467cfce7c3048d6,LEGACY_QUOTE_REQUIRED
22246,vmm-dae623185bfe8f420afdb4b95b9784af02b294439cb382d0187c06d4007eba12,LEGACY_QUOTE_REQUIRED
22247,vmm-9385f8187e8107aa2a2c9fef75bf379a3b69ba2a422aa4c0d63af335033b3768,LEGACY_QUOTE_REQUIRED
22248,vmm-bb2f338b3640de19c39d1185cc6589ff0edf71d8e01c01d6fd46fb0d317a8bdc,LEGACY_QUOTE_REQUIRED
22249,vmm-b590b838135b8953df245c8eaab6a75fb4d7b5c646d3a41b7ef9aa3ef144fce3,LEGACY_QUOTE_REQUIRED
22250,vmm-f348b782fe1059e7db5661735bc722876ab17720000849b905e11e6a304d1a02,LEGACY_QUOTE_REQUIRED
22254,vmm-2f640d6b1505334c05f1284834f7f637f36bd57130282cfbac77de7cb38afa50,LEGACY_QUOTE_REQUIRED
22289,vmm-34dd4ec125d87d48e63324dc351423b98566ab915b76b38afdc167397878c569,HYBRID_COMBUSTION_FUEL_UNSPECIFIED
22302,vmm-adc183758dfba6a59109aacce0f92114e4334190897fa44efd4468c18e561253,MASS_UNKNOWN_OR_OUTLIER
22326,vmm-39219fa30419facb89efac27c207115db0e672ef23ea133f7cdc07322d41e8a9,HYBRID_COMBUSTION_FUEL_UNSPECIFIED
22335,vmm-cbb8193a2a9aed695258300713d7d04a578db3d6ccfb40e51bcfc2e3ea8df835,MASS_UNKNOWN_OR_OUTLIER
22337,vmm-9760475e98717a03f6c1238bddbb3397981f125cbf2271858c498fee4f151947,HYBRID_COMBUSTION_FUEL_UNSPECIFIED
22342,vmm-1e0eb7777fdb66b198c5c8031996aae72c48774798c531889a4042249c88e995,HYBRID_COMBUSTION_FUEL_UNSPECIFIED
22362,vmm-965bd5d50dcef6caef1f01e14e524f7544bc3ddf29f53f86c0ac9c7d3e4b1a41,DISPLACEMENT_UNKNOWN_OR_OUTLIER;MASS_UNKNOWN_OR_OUTLIER
22365,vmm-033d8d342a9ce962fca9ade866273a75573a4d779ff615ff12b539d2411ebd85,DISPLACEMENT_UNKNOWN_OR_OUTLIER;MASS_UNKNOWN_OR_OUTLIER
22370,vmm-22ae204e9b68ad7b2cff14a89581009c67aeb62676076e4c3f28522a5d233935,MASS_UNKNOWN_OR_OUTLIER
22384,vmm-f15212fcbb67fa2df7c50bdbd2f08725f42c94d8e035d25c2d51c463cf3b036d,POWER_LABEL_CONFLICT
22385,vmm-12bad4fb218dd348aa111c2603cfb2e38642f99524941b99f69cc9d17cccae50,HYBRID_COMBUSTION_FUEL_UNSPECIFIED
22396,vmm-a5be0c35d7ee0bdc2eb23ff380680ba8a3d54a7a5db4339061b85e679b0921e2,POWER_LABEL_CONFLICT
22400,vmm-ec987c60f32394c4cc9c8d264e26e257be4e5d87d60081443417aaa4692f05ac,TRANSMISSION_LABEL_CONFLICT
22406,vmm-890a4990f0de5e5e2541acb6752ad6331c4953aecaf479095b5fa44e9e6dcf4e,HYBRID_COMBUSTION_FUEL_UNSPECIFIED
22407,vmm-4b29d650d1a684689b7cca642183d097ece7f4644584138164f892761158be99,HYBRID_COMBUSTION_FUEL_UNSPECIFIED
22412,vmm-52e1799b55f48ff5e68f5bbce4a4014667dc175863f7e996da6548af5e6c3431,MASS_UNKNOWN_OR_OUTLIER
22416,vmm-770edf9f62e28f007b9fca7e7d679b84ab7d1c78fa37ebb10df6b600e00ce08f,HYBRID_COMBUSTION_FUEL_UNSPECIFIED
22422,vmm-8b2a8f70e8268f4d96ae03cd7b66b6e7270284da20b905f3168ede0bd5d50073,MASS_UNKNOWN_OR_OUTLIER
22459,vmm-78c7e624b437c9143d5686f7bc97f2f264623c2d4d56cc4db046162068f80ee2,DISPLACEMENT_LABEL_CONFLICT
22473,vmm-4ef3989e63393e2e67f168f229709ed15c754d6d68be94171cfe90d3d2426353,POWER_LABEL_CONFLICT
22484,vmm-836a78ee3e0ff28f9bb28efd0bdc4a1245196a5494ae18c8bbda7c447ef20cc3,MASS_UNKNOWN_OR_OUTLIER
22486,vmm-263788f5ea2008e985424c5862fa56d7cdf9d53cf7070b58c5c1d50404776cea,ROUNDED_FOR_INTEGER_STORAGE
22489,vmm-a4dfb006c24ee59cb7e0dbb66f4a7b3c3f550471d23f678d1473a797b4ce7da8,POWER_LABEL_CONFLICT
22494,vmm-7a9e35fe5519d60bf9e564e06ed63b487f06fee946b4f289263e8a933f70a6a7,MASS_UNKNOWN_OR_OUTLIER
22495,vmm-efd63809a6c8f15563b2a7d630ef51a1b732d7b4bd1b5d260b16baaf8997a96f,MASS_UNKNOWN_OR_OUTLIER;ROUNDED_FOR_INTEGER_STORAGE
22496,vmm-59350240d05f6670f8492210d50f8b7c3bf45da3acaf1515ea6d7b189ab3313b,MASS_UNKNOWN_OR_OUTLIER
22497,vmm-d19930fc768aaf549e0e1560f6e8c9ca64d28026cad52581a61d1f74da0bf7dd,MASS_UNKNOWN_OR_OUTLIER;ROUNDED_FOR_INTEGER_STORAGE
22498,vmm-906e3867a83c20dd87eac74c465d2eeea6e687e1c98f3251bf472deb804b0195,MASS_UNKNOWN_OR_OUTLIER;ROUNDED_FOR_INTEGER_STORAGE
22499,vmm-50ffb8da321449ec66ca09d628795a5d2170a2ecf4092bf23118e1de21edaeb7,MASS_UNKNOWN_OR_OUTLIER
22500,vmm-d3d55e7f0305f74df25dd12c74cef09450f96e69e06a943683276d4f2bfd26de,MASS_UNKNOWN_OR_OUTLIER
22501,vmm-e7aa80c6c7ab8f54ae8495aecb99830aadb2c4ee5a068a198788e6eae0e75a25,DISPLACEMENT_UNKNOWN_OR_OUTLIER;MASS_UNKNOWN_OR_OUTLIER
22502,vmm-71fb2d6af1e1e80b16aaec5708ddefcb1bc107f6ca5209ebd75a110c096ab62a,MASS_UNKNOWN_OR_OUTLIER;DISPLACEMENT_LABEL_CONFLICT
22503,vmm-475e440d94c5593b4b137f9d319f8922112aa71316f3905b7253f394cb0c3fdb,MASS_UNKNOWN_OR_OUTLIER;TRANSMISSION_LABEL_CONFLICT
22504,vmm-c1594df433dd8d918712c1a213188635715dda5724cc9162b69427b64c313b7d,MASS_UNKNOWN_OR_OUTLIER
22505,vmm-73418d2bfa2887010fbfc9cbbdfed782e01308812ce2033e67856936743e4147,MASS_UNKNOWN_OR_OUTLIER
22534,vmm-20c19d5df399d8e9a4c4e3d764baf688ed599fbdbe0326841961be7917bebfa4,ROUNDED_FOR_INTEGER_STORAGE
22535,vmm-d79c1c92877cc41cc41d5f80c6d18f83d3d7e2ce9d67612bfe8e9827fcd3a298,ROUNDED_FOR_INTEGER_STORAGE
22536,vmm-21caab6c95bf599a88f97b3a0d39d380619b5f434e8d8f21815ae3c28e20e6c1,ROUNDED_FOR_INTEGER_STORAGE
22537,vmm-c08ea4ddf34459efba63d69e4154d10ec77967ae009afc80cad97178d203c814,ROUNDED_FOR_INTEGER_STORAGE
22538,vmm-fd80717f4dacb1e66deca96a073a8cf8dff9db21ea0eea0f4b562e9652b41eb4,ROUNDED_FOR_INTEGER_STORAGE
22539,vmm-a9e2751df3de0c1ad883b9adab128eeb723a663e24bbad7fcb5e752c61c68bcc,ROUNDED_FOR_INTEGER_STORAGE
22540,vmm-ba6dde2c1363093e05d03f36142784adb32e7de0932dbf84000b7bc052eeb955,POWER_LABEL_CONFLICT;ROUNDED_FOR_INTEGER_STORAGE
22541,vmm-de183a387b72ea4d8691ee187520f7b93f0339e8e7c1c14203b0c333f8d1a303,POWER_LABEL_CONFLICT;ROUNDED_FOR_INTEGER_STORAGE
22542,vmm-a5981fd9ca8f979753d03d88840f9266a0197f7cb413f22bc8087ca075fb40eb,ROUNDED_FOR_INTEGER_STORAGE
22543,vmm-de4572ad8e0677496a05a29c3b8dc4bfdcbb0697f732a1d6c9610417fe9158ca,ROUNDED_FOR_INTEGER_STORAGE
22544,vmm-848f986de250765b7760b9e49b62d3497062651e67f1db42b3ca9e2f55998e31,ROUNDED_FOR_INTEGER_STORAGE
22545,vmm-94c31c168fae862ae269dac7d613ad7468f875e769212fc36ba815ad9e6d4369,ROUNDED_FOR_INTEGER_STORAGE
22546,vmm-6fdd9106b86c76f851ba457784bc8bb0d097ff7f5ff553fff05e8d65106031d3,ROUNDED_FOR_INTEGER_STORAGE
22547,vmm-9dce154a668fb78d66a6afd71958a3feedf893431eed07487d769f42d40d9943,ROUNDED_FOR_INTEGER_STORAGE
22550,vmm-ab38fadbe21186fc2771668b1c31da23f604bff4a27947f408e2188044ea9cfb,ROUNDED_FOR_INTEGER_STORAGE
22551,vmm-a4bba6f007a9a3c641150829b168e964c2246d847031d60075e468186dda9c01,ROUNDED_FOR_INTEGER_STORAGE
22560,vmm-82af2c0b4d1d53f3573ee907777206bf8c66ca46b7d42c1fa5724149155f372e,ROUNDED_FOR_INTEGER_STORAGE
22561,vmm-be3253d84d88c27368c71dc9d3b9465c182b997637cf03309235f7e99b557efe,ROUNDED_FOR_INTEGER_STORAGE
22580,vmm-da3da368d53ffd08c857190b728e51d2f4045b0a424e6eed62491010e9f66424,ROUNDED_FOR_INTEGER_STORAGE
22581,vmm-1eed334b08be6a465e370cb13b9b2bd2c6a7797bf87d6448bb67e12a22784263,ROUNDED_FOR_INTEGER_STORAGE
22582,vmm-f2be15332bb2b6f0446c80e6c800abdb96a65f3a76b13d89e110c76787d78b01,ROUNDED_FOR_INTEGER_STORAGE
22583,vmm-8c3054d8d8f077e8b624b1e430124c34aec4d6824645600d41ffaf45f5db5768,ROUNDED_FOR_INTEGER_STORAGE
22584,vmm-95ab4ad2a39887c37bf97a1dbf04ae8075ac31cfe8371c268421b969dcaddc15,ROUNDED_FOR_INTEGER_STORAGE
22585,vmm-0073257df0798e6daf0822e3c0d2bba6752339b4628c06b597e84998f99bd7c4,ROUNDED_FOR_INTEGER_STORAGE
22586,vmm-d96dd7fb6e9a70bc29506ed69a35538f4f5fa2c7136c8c8998922d6c00a676ab,ROUNDED_FOR_INTEGER_STORAGE
22587,vmm-d0b4f6a97d2afb4935554ac2ff3f595a3ceafa71a33f0548ea26ad7c0b2c1bb5,ROUNDED_FOR_INTEGER_STORAGE
22588,vmm-486472b4ad39e566faf654aba86afa75121dbea1164ea2577f6146f9c37da725,ROUNDED_FOR_INTEGER_STORAGE
22589,vmm-7eb9202684e1fb33bf009a6d62538878aaf74d4978d914c9c8128a40045731a5,ROUNDED_FOR_INTEGER_STORAGE
22590,vmm-5b6f17d6a291dd60989636935239f4988155ba39afc6b8a67647e1b33551d457,ROUNDED_FOR_INTEGER_STORAGE
22591,vmm-a41504a8b6b9d42581391353412fedfa99e09662ec4f79074f14d3f07b2785e3,ROUNDED_FOR_INTEGER_STORAGE
22620,vmm-f61564c87e7ae99148503a2c6932a961efb97982c6c431d40ceb8d503e64b192,ROUNDED_FOR_INTEGER_STORAGE
22621,vmm-f517165d1c153777bc0bc9837cdc26b9593b9cc550e9c125e737899d1dd9c904,ROUNDED_FOR_INTEGER_STORAGE
22622,vmm-e4ee7754265622a012d7ed51124fde30c77823f8af63cd41260c2c496570c192,ROUNDED_FOR_INTEGER_STORAGE
22623,vmm-6c4fc33e5d2649e80a6f45f57d6c8fb9c5fbc92ecaae1cf71f10b8543d783ebb,ROUNDED_FOR_INTEGER_STORAGE
22624,vmm-8ae31cc932b3a4b682e42a6d8145b7be5933ded58396125642276e1b9da610cc,ROUNDED_FOR_INTEGER_STORAGE
22625,vmm-bfa21ccb70d4c133467486f83f008a0a37338ecda4c7f3c3d5ef0ccc3250b63f,ROUNDED_FOR_INTEGER_STORAGE
22626,vmm-541e05ffe8d35aa48622996dab1c6cf38bda4934a16a8e8bf1d8783eff50a332,ROUNDED_FOR_INTEGER_STORAGE
22627,vmm-c1b8186bc72c72d054cff1a7f4934b2256890c42d2dd5957790f9cb804a6afb0,ROUNDED_FOR_INTEGER_STORAGE
22628,vmm-2c39d44619095ee75ce622e15b3c3e6b415e23e1822ed45e8fdf78a2a7b7d7de,LEGACY_QUOTE_REQUIRED
22629,vmm-f0ccb464cb827b2721fdd350d06101fd1f38a87f2462b6954df82a50640d7529,LEGACY_QUOTE_REQUIRED
22630,vmm-1d9e32acd92e9be1b04f8afe9b30e33dc2aea6d3706a35a591c6feee353d009a,LEGACY_QUOTE_REQUIRED
22631,vmm-554994523a17d3289dd84cc2f101a97574484eff21644736fa2796fd9b1cb0a4,LEGACY_QUOTE_REQUIRED
22632,vmm-2662a7fa7667d4086d0fcff38787716aeba7a388bd6c924af5f22ed9a1ee9fd7,LEGACY_QUOTE_REQUIRED
22633,vmm-10f28ac11e94b5890f6c2e8fd0c2b4311035da790a4d5d970b1cad0a68c1d933,LEGACY_QUOTE_REQUIRED
22634,vmm-0d33b7d254eef8a89342edda062137b2aa8325fdaf0b0b6ce6f02a4966b300e8,LEGACY_QUOTE_REQUIRED
22635,vmm-ee8f675bebe2f7111318afb60d9bdd0da717da7f1e0ac522143973e0e71c8b4f,LEGACY_QUOTE_REQUIRED
22636,vmm-d65b44590559611da8f915c44b6f13e6d34ec658b11b8eeb027dcc9b7ae227d2,LEGACY_QUOTE_REQUIRED
22637,vmm-1f0048eae6ab4918138f3e2441556ba37a5fbf604c3cbc548487d59372c40cb8,LEGACY_QUOTE_REQUIRED
22638,vmm-3d7b61c10e6940027b16c79986232e598833a5fd01507ac0056bb7866eacd40c,LEGACY_QUOTE_REQUIRED
22639,vmm-955514331981945266acf96033d5e6737324b0967fa06b3d3db8bef1682278be,LEGACY_QUOTE_REQUIRED
22640,vmm-55afd8eb9b8fdf59a8b6f8eecc549f616020b7de8525b88726684ae2a1f9acdb,LEGACY_QUOTE_REQUIRED
22641,vmm-09369185f635401214c663894af1f7a0c11cdf5146dc5332ac7cda85debab4c1,LEGACY_QUOTE_REQUIRED
22642,vmm-7413fa1d3b9647948128bc8d17bda2625e07bf3893543884fda22f8aa05acc7e,LEGACY_QUOTE_REQUIRED
22643,vmm-fa351b5b469b84de55926c30e3fbea654fd22c8005c82d45e9a4ad5d7c64e9b7,LEGACY_QUOTE_REQUIRED
22644,vmm-c9c5bc70169e24bc4967a62afa13cd9d49616c07724bc486b4e0a9eb85979ced,LEGACY_QUOTE_REQUIRED
22645,vmm-fff65f26eab076645cf852699df5e6a94384c586c8e6ab33b37092803fcbb28e,LEGACY_QUOTE_REQUIRED
22646,vmm-cbab13dc816b59784844754931dc5a530395d3f510c93c64c17432dc911dc597,LEGACY_QUOTE_REQUIRED
22647,vmm-6fd19b24141d16f47a899a325e199c145e4f6f22c9c2c0d87c02f891b3bd65dd,LEGACY_QUOTE_REQUIRED
22648,vmm-3458ca9a766a3c12b84b19b9454c8492841656630091545a268eecce04109aa3,LEGACY_QUOTE_REQUIRED
22649,vmm-f36ceb7e87eb6a51ee1757cfc148ff98585f2e1c9c4f7f0e616655d8cc3b118b,LEGACY_QUOTE_REQUIRED
22650,vmm-e1eab9d6f2aef6563c54a79ed21f7e4149a0648b52a6724b143957200d675f4a,LEGACY_QUOTE_REQUIRED
22651,vmm-1caa89bb0030862f5e14138e4074c1658a07e09dd2b9fb85fe2eb70400296970,LEGACY_QUOTE_REQUIRED
22652,vmm-89a471fa413b581fe39ce720db826f7fa200999388ecabb7228d018701d14fc5,LEGACY_QUOTE_REQUIRED
22653,vmm-9e9b5d3d78b0d8d30171176cd74bd51fe094ccee2b0e7c6831f5af5e9955a4fc,LEGACY_QUOTE_REQUIRED
22654,vmm-48029584c25d42eb797a20aeb1d0546dd7093decc539fdb8e60c83ca7a88dab5,LEGACY_QUOTE_REQUIRED
22655,vmm-2bd1e05f1295e38ac0477c6d5aaa5bfd47b555c587be73bc174e3fec489e278c,LEGACY_QUOTE_REQUIRED
22656,vmm-716d74fc2ca072f242eec47741c82855d1b8dc15145b70e4170de93f4f8a932d,LEGACY_QUOTE_REQUIRED
22657,vmm-ec57a5d6a9ba2b854db241856b96de7e418388319dc8b249af308aea9d65cfd7,LEGACY_QUOTE_REQUIRED
22658,vmm-ab42368a8c475d6e87aa33e9a22fbed9bd758581870390f51acfd417808bf383,LEGACY_QUOTE_REQUIRED
22659,vmm-919c9331313388c7cb3c5d6f76b4873d49db2573646f38eb17d19d196fdafbf7,LEGACY_QUOTE_REQUIRED
22660,vmm-cf8f371d2eda2ac562b76fa47244928e88014db4b7a10aa9fed264af8e836f68,LEGACY_QUOTE_REQUIRED
22661,vmm-878fc0d2ad1a8397dac10ce7e0479021c3f922ece05978441e3830996ba4e80c,LEGACY_QUOTE_REQUIRED
22662,vmm-796a9d2a30341a9edd9386c7e8df7fdfd70eb19ab55ee17bd173771a78997d6a,LEGACY_QUOTE_REQUIRED
22698,vmm-172c2dd3f1b45d7079a7ab05ee84d900994db27ab3e8567249ff250e1ebcb779,LEGACY_QUOTE_REQUIRED
22699,vmm-bed3f357ec46d5c54a52163fc660b24a3847e7f3b342b6fbfa59822b7c898efc,LEGACY_QUOTE_REQUIRED
22700,vmm-c70ca9bf1a70b785e6fe1bbfd84808bf8dae8ad75d66dad10f18755492a90554,LEGACY_QUOTE_REQUIRED
22701,vmm-18517ea5351300c11c8958541fc451652f94451fc7bb26839e9d2bc93e1741cd,LEGACY_QUOTE_REQUIRED
22702,vmm-9e4436911e74d03ded3b6323e0b37feaf05cf9428c8185edb20125aec72ab53a,LEGACY_QUOTE_REQUIRED
22703,vmm-4e5cc09080ab458c2a44d0855c054b3bec47678fd2461f14a738f6222723302b,LEGACY_QUOTE_REQUIRED
22704,vmm-f3b73c1b1edba96677ea50d18f3f6de74ce4e89d47b4bf5398a97c80e2d38747,LEGACY_QUOTE_REQUIRED
22705,vmm-d6ae2d2d7b42fcef1c49fb96766d0b362d8467fb02b1ccad49637c33a2944806,LEGACY_QUOTE_REQUIRED
22706,vmm-45b38d0d9c608f89ad0adfda8e7c33c421ba0f5fa2fa7c72e6402d2ad762aa02,LEGACY_QUOTE_REQUIRED
22707,vmm-adff2028750882fa9a2cb187d0e711137d3528d1b6bf21d47ad00b4068baae35,LEGACY_QUOTE_REQUIRED
22708,vmm-a73bdfbd7bd5779814434383cef1438f50efb45bf656319c7656a8fc1139bb36,LEGACY_QUOTE_REQUIRED
22709,vmm-ef5196e12f24995eb22d1f48e481575069adf04194c679728f0ca5fbcf3b03ee,LEGACY_QUOTE_REQUIRED
22710,vmm-0eedebbdcd17ba209ba92b8ea756cdd72162c10b4394fc529aa2c0d2a48a8d4e,LEGACY_QUOTE_REQUIRED
22711,vmm-e63e6995f297c2d9fca43f1cdffdaa009577ff1094b06a10fb866e5feff084fa,LEGACY_QUOTE_REQUIRED
22712,vmm-bda9065afc3b53733dd87b62af96ad2b0f914c6f808320d169daca6d44a7edd8,LEGACY_QUOTE_REQUIRED
22713,vmm-633351bd709caec6cb542be2e3722eb9d27aaf3d865355e6184ee251ff51d98a,LEGACY_QUOTE_REQUIRED
22714,vmm-c5e7bfedbed6c260a45d1dc7a87be8bec5a9a90bb55dbb6d147ff8c8e8f49518,LEGACY_QUOTE_REQUIRED
22715,vmm-98afa001589564e3791c955166680e0ea68bd2cd5d821da9fad3542302dfa1f7,LEGACY_QUOTE_REQUIRED
22716,vmm-eb54566ee5712764d4660ef9a9a511ab947417c790cb9009e1867ba6c03a7b3e,LEGACY_QUOTE_REQUIRED
22717,vmm-a78f2af43ef79f6aeec60ce38e947ded9b6fd2a741c673b6c7997baf200c96ee,LEGACY_QUOTE_REQUIRED
22718,vmm-f8e350ac809e4e888f1327d3b3f69f2a90731cb6390aaee97174df7a888debd7,LEGACY_QUOTE_REQUIRED
22719,vmm-179c2a0cf5d20f630d62a43e8622689ebf2420ea6ae603545fde361a47517135,LEGACY_QUOTE_REQUIRED
22720,vmm-38506c7114d9dfcaca3abee52619f1dd88757c98f70ec8ffe2a6f2cc60271a58,LEGACY_QUOTE_REQUIRED
22721,vmm-d4f3a51fb16fbd3b3b37be1d87e2b2c9e3c6444ab11e4604433173f3eb8e9eb0,LEGACY_QUOTE_REQUIRED
22722,vmm-e1bfc48c84944cf5e022d201d1236c606c8bd9d096b1ef09e2b11b2ffe311bb3,LEGACY_QUOTE_REQUIRED
22723,vmm-2e07242177090651df77cdb98df80a2ef36355fe668bff484318b3246917249b,LEGACY_QUOTE_REQUIRED
22724,vmm-cd668f0f527ea6ee3db916fa85d3d401427f1886600a7ba957c09c9c4c86e834,LEGACY_QUOTE_REQUIRED
22725,vmm-dc4e61c664d641bdbd74a8eba349e5ff5f3cac154633d8371d9b7900d63e1881,LEGACY_QUOTE_REQUIRED
22726,vmm-c316dfc687f2cdbd8e8bcdb07c71084ccf39384b440bc18aa573e930ed4f979b,LEGACY_QUOTE_REQUIRED
22727,vmm-ff6eb4b589efd3226c21ed8244a7600d57f22798f9abf273da0cd0752de1b00f,LEGACY_QUOTE_REQUIRED
22728,vmm-dbe981679bbb99223c2144c0d4acc3d39bd19834702c16748eb5235cdfeb91e8,LEGACY_QUOTE_REQUIRED
22729,vmm-e074891208fef93d833a505fe20496c7e9def9727d831a597f8baebe26d610d0,LEGACY_QUOTE_REQUIRED
22730,vmm-218ad45bea82c1693b97f93662754397f2875ff3116513c2cef750ee68853a8d,LEGACY_QUOTE_REQUIRED
22731,vmm-13d7c44d3d83135d1ed98760ba13ce37523bf81153f60ea13622b73cc107f54e,LEGACY_QUOTE_REQUIRED
22732,vmm-bc6d7e1875608f8c8fa73ad74a93e0ac928fdbbf841ac0d15a937c880c2ca689,LEGACY_QUOTE_REQUIRED
22733,vmm-14bbab12522ac65deee077699984c282011dedfdcebfca6fd49b1504534f43cc,LEGACY_QUOTE_REQUIRED
22734,vmm-10f487fc32e1b5ccc72d74720812d080aaba7b3d034e7812083635245ee41537,LEGACY_QUOTE_REQUIRED
22735,vmm-12b2a70fd4379ba74db4538bb35bb1a2b6a5cb4ca97d92f6cd8562c3c74b0883,LEGACY_QUOTE_REQUIRED
22736,vmm-acf08cd51336b5472cba3c2c8df65bab5b3ac0db602babb60242f88449af55b1,LEGACY_QUOTE_REQUIRED
22737,vmm-31391743638a146f2f429596a50f5c92ee38df3c463fc7e00838826e23db9b2d,LEGACY_QUOTE_REQUIRED
22738,vmm-ebcc9e2133cb77c32fb22ff7ccc5bd333acf1c5a50228b7cbc0a31a0f8ae15c1,LEGACY_QUOTE_REQUIRED
22739,vmm-b8f3938f6a28c9a0756a36eb787072f81bddeaf21d05b06525f15d17f2097b89,LEGACY_QUOTE_REQUIRED
22740,vmm-15cd043e9da5f93ff658fa21610e741921251cc5599dcdad45c9cddc6031e2a0,LEGACY_QUOTE_REQUIRED
22741,vmm-891c7ba9a54d02fc99c5394743ebb028200dd18865e88a0a8b08eed065663484,LEGACY_QUOTE_REQUIRED
22742,vmm-dea378c55e77fcaab21c281fbfcc4946480d064cd0e6c8361a2ebe4b2e5edcff,LEGACY_QUOTE_REQUIRED
22743,vmm-ec4875ebeff7f675f05a24b2d511c32a5f217079a6cc48adb6da6b3ff1d0af5b,LEGACY_QUOTE_REQUIRED
22744,vmm-064506a70e273adb991f36bc2ab8529f297ca8f1d50739095bc6be68b518b1d4,LEGACY_QUOTE_REQUIRED
22745,vmm-07da468722448a6c76329494c69628861e45a0c301ddbe1393eb4aa11dc4cd18,LEGACY_QUOTE_REQUIRED
22746,vmm-f42b0ea1d9d1eea8019f303982115a35c024c6c0fccc6caa861deb62b6ec1dfa,LEGACY_QUOTE_REQUIRED
22747,vmm-6fc63e583e5c00123d1a712b28090f86dfe53caa27c23678e91d6bcf1387c53d,LEGACY_QUOTE_REQUIRED
22748,vmm-078b09f24cd271b30b0cc58594bcf31a0eef40251f9f0ea0053d734468661984,LEGACY_QUOTE_REQUIRED
22749,vmm-da57106b4ece8381f2bc33ef84952b64ec46feb7edb9db2530d30afc48d15c0e,LEGACY_QUOTE_REQUIRED
22750,vmm-35a20701aeee55a913c8750e2957bea9e4e835f16ecf32183caa7e2795466f0e,LEGACY_QUOTE_REQUIRED
22751,vmm-8ef86cd3cf1428db725f7771633066655cf71059756d896ec8ec19a8ee6eeef8,LEGACY_QUOTE_REQUIRED
22752,vmm-c8dbc871c1b9dd28348ba402e60dc3f285c413972201c49d742daa4a2eabec41,LEGACY_QUOTE_REQUIRED
22753,vmm-aa3d41b24586c89dcf1cd7bc1e0b35a7951c223827090c4b7717409c7e0eabcf,LEGACY_QUOTE_REQUIRED
22754,vmm-54cf2e8d8c60dd25cce90427808026d64596eee4ec13a08cd81fe2d1777a05ce,LEGACY_QUOTE_REQUIRED
22755,vmm-e01e06348e946be037c2d558820609fbf23fa6d37aaf30806fad49117150a6ce,LEGACY_QUOTE_REQUIRED
22756,vmm-d682c434f67484082db2b6cbd98d28cb3de929b94e05ea8fbc55fa305fa829e3,LEGACY_QUOTE_REQUIRED
22757,vmm-c102741fccea39f751dcfa5842f234adb13e19b2053832dcd934a2abc2df1912,LEGACY_QUOTE_REQUIRED
22758,vmm-258a358f65784170da6a1135feaa83d9de9a589b1a0078e278df704e65aee276,LEGACY_QUOTE_REQUIRED
22759,vmm-6ac767e39ed659e81400182c43386091bf691e855feee096d1c2173b678fa86e,LEGACY_QUOTE_REQUIRED
22760,vmm-d04b98f37c6fb36b40630f8e1120a05324beea9f9f3cec7129e770a44a625d6d,LEGACY_QUOTE_REQUIRED
22761,vmm-b3a7185fd547c82b6863d778d0ff3a2989f193d9da66c48470913a483fc22a28,LEGACY_QUOTE_REQUIRED
22762,vmm-911bd9667e98b1f2e10980d5053e4f142eb5db0ebc19cfdd5975abf9ae8f2a48,LEGACY_QUOTE_REQUIRED
22763,vmm-56fc7b23717ec8b0448cfcbbe63082f9ee55bc49e6ebbb6d4a0bee567dd64f3c,LEGACY_QUOTE_REQUIRED
22764,vmm-4fbcaecef70b6eb49c5721692115b10e71ac61baef313ace8069b3ab723d20a8,LEGACY_QUOTE_REQUIRED
22765,vmm-773a68c4186da6fe3a4e888306d9b6c02c1ca8b08c29a7b28b42d9c6fe53059e,LEGACY_QUOTE_REQUIRED
22766,vmm-4996d8691227af3aaf9bdc2eaa8c21d3bee3d5ff787b3ba2850b84a9e487ab20,LEGACY_QUOTE_REQUIRED
22767,vmm-60fbcbbe5e84a645136872121602ad3d3ebf8cb66f5f595e6ee39286df266cab,LEGACY_QUOTE_REQUIRED
22768,vmm-620d4d0fb84ec6aa77bbe9a217ce0ecc398222ae3b526e5060cfaf229e0629b3,LEGACY_QUOTE_REQUIRED
22769,vmm-06c3fbf491be5c1169804c9bb489a3bbbc6017105fcff24591e3c4ef0353e4ba,LEGACY_QUOTE_REQUIRED
22770,vmm-35061bb1d8f19e6b53349d9e7e0324c29f7c2221b7a2c7b4f4160706d4fc6aec,LEGACY_QUOTE_REQUIRED
22771,vmm-e663a63daddd8ffab01738112bbda7a7396144928bb011c3d8255ff7304e0367,LEGACY_QUOTE_REQUIRED
22772,vmm-ec33f6a9c90032c8cb06d7c0720943ea79e6f6e7021eb365a5a9f879e6ead364,LEGACY_QUOTE_REQUIRED
22773,vmm-37a5e300a7661b2def673b3b81af9b79595f22d0692bf632bccf1df652f9cd8a,LEGACY_QUOTE_REQUIRED
22774,vmm-c485c7b45f1fd7e6fb924abc1348a66fbbb10f10de30450e84419cda229fc2a6,LEGACY_QUOTE_REQUIRED
22775,vmm-8d532a99c45a8d802d3344f277a52162245944517464426cae1b9e6adbb8159f,LEGACY_QUOTE_REQUIRED
22776,vmm-db9f5f39e791c9fbf0d92e3f7a687c9b821781802ea763cbf83ada4f71811c08,LEGACY_QUOTE_REQUIRED
22777,vmm-ed83bf2feb12d944afa2ef47696aab3a7f5e5d6afcd9a644bc060e04961415cb,LEGACY_QUOTE_REQUIRED
22778,vmm-66d45429cbda98678b8ea49584fe1c50936496d75978e3824c832861f568dcf1,LEGACY_QUOTE_REQUIRED
22779,vmm-cb141a4fa43339bd3e4ea098ad3592dbb7bb26a93414902855370fc87552fb4f,LEGACY_QUOTE_REQUIRED
22780,vmm-184f3e4da47028c31e125e13be1a14d84c208f32bcddc2ee29e395fa1f58d7bb,LEGACY_QUOTE_REQUIRED
22781,vmm-265e5daa9a964045a45a1f09d37b08781c346606a8b941b09a331aaf759df021,LEGACY_QUOTE_REQUIRED
22782,vmm-75dd2b0d85ad4af3c814ade455af97e88c054550208deaf48e3cf184a2a3cebc,LEGACY_QUOTE_REQUIRED
22783,vmm-088cb58bdcccadc69203ae4444035756f90e69772a1d8ee21292b35ef5f9e33d,LEGACY_QUOTE_REQUIRED
22784,vmm-4126ddd5b566d01acca7cea5d7000f576a15d9a77c749f4f4e97a4e155998ad3,LEGACY_QUOTE_REQUIRED
22785,vmm-24f289a18303c3b2b4aef18d850df59ebf41d02cd08101650d2d5d32155ca291,LEGACY_QUOTE_REQUIRED
22786,vmm-e9c466cba4a7d87155b08538ca3fdc83285b53af33103849e2f8c14505226d6f,LEGACY_QUOTE_REQUIRED
22787,vmm-db07a9b6e81a25c2c6703c6ed5bf3371d136c3ee9548bc6a2a548c08c15fef88,LEGACY_QUOTE_REQUIRED
22788,vmm-2869de30426bed269906f37c1bacb603db2db472af48f9255ee484f5d75ac3e8,LEGACY_QUOTE_REQUIRED
22789,vmm-ab3bb24719c31713a04e0601306a573d2dd645bad026371570800f42ce5a32ff,LEGACY_QUOTE_REQUIRED
22790,vmm-aec022ba42df02951beb26dcc1dd2fc64ee5bc727873d6ae5135476b58afab4a,MASS_UNKNOWN_OR_OUTLIER
22792,vmm-348254423d785f94475f07b34bb7b8005764daa86fd0f131b2334d217476d10e,LEGACY_QUOTE_REQUIRED
22793,vmm-d3b184f47e14e2959a7bb90dab598a884ed5e0fc0c0776bb3088d87c28f96784,LEGACY_QUOTE_REQUIRED
22794,vmm-ea7fbfb2e51d1e6b5426f6c3516dbdab289127c9cb0bd8c1aca7449f7c32c9d9,LEGACY_QUOTE_REQUIRED
22795,vmm-5908fb872c6b576ec40afce5b051bde530c70d99c9bd64e2649db7ef9254a425,LEGACY_QUOTE_REQUIRED
22796,vmm-b0733287b32368827718bda3f472224de4ff37dbb885df9543bc33d1e9deeab1,LEGACY_QUOTE_REQUIRED
22797,vmm-5acfcd9e88dc3b29c75ae2f560729adc03e9f86ca3d2d81eee67c2a5013461ed,LEGACY_QUOTE_REQUIRED
22798,vmm-d0a1e47e3fcb62a675dca54549c3c831cfa97e704bc1d49855d4a4dfeacb5dd3,LEGACY_QUOTE_REQUIRED
22799,vmm-26fb2b67f303bfc1c09f5ac9519ce9b2d8c3deec851aaea57347ae8e642359d0,LEGACY_QUOTE_REQUIRED
22800,vmm-8b2cdc8c508c5435021f058c7f96193e860bf34c26adabea88749d48656a55ab,LEGACY_QUOTE_REQUIRED
22801,vmm-cc43e94dee941782a1068746a1721255683a885a1a96a08c11efe00f9908ce82,LEGACY_QUOTE_REQUIRED
22802,vmm-902a9f57425c48cffccacf2893547aaabe6a628c15debbc3cc66b3992ed5f4cb,LEGACY_QUOTE_REQUIRED
22803,vmm-3e3b593d099109137fd7c4d9b4079adb1f2e487115dd5c5f60f9e2d228e2cae9,LEGACY_QUOTE_REQUIRED
22804,vmm-bca45abedd3730e1721e3ad36855646f8bd2f4b16757379d698aa2f15446badf,MASS_UNKNOWN_OR_OUTLIER
22805,vmm-9ce69b13af5d069f5a984fa5d56d7fb7f72c75be9b3ab00233bb30dda0a51535,MASS_UNKNOWN_OR_OUTLIER
22806,vmm-0dedc564d932006c4f5a86d8b533d443e5ba046e27f3f0dff71ebd58122fdffd,LEGACY_QUOTE_REQUIRED
22807,vmm-16d5c3b09db6358742b55885915b90008b5ae87c9ca291cabe3a4fac588ee40b,LEGACY_QUOTE_REQUIRED
22808,vmm-c0d02fd6959cf908f48124e239c7213dcc0d17880df3c529656ef708ef5f9c4d,LEGACY_QUOTE_REQUIRED
22809,vmm-03904b0a4c97237b2f50d67dc4835589ea89e28edce31121ccff144a5b35ca8a,LEGACY_QUOTE_REQUIRED
22810,vmm-1c34f0b37e98ccdbbc458575a97e7ec86185d48b5139e8a6cce4c5b6510c6b4e,LEGACY_QUOTE_REQUIRED
22811,vmm-6e7884fe15a54a87877fbe03bb566bf2408e8f25ca3f152b97bb65789b4242d9,LEGACY_QUOTE_REQUIRED
22812,vmm-46b73ea655c62412a47541b3cd1a7a347cc7018b45812d6252e96d7df75b1fc2,LEGACY_QUOTE_REQUIRED
22813,vmm-31261863ff7a36bf9b0e1642f105421a73aef2056027ca65db6f4709b64c16d9,LEGACY_QUOTE_REQUIRED
22814,vmm-1d11864d8f78b9e8fe80758e5907014692380a12dbe162b56febc8f459e3721c,LEGACY_QUOTE_REQUIRED
22815,vmm-cd22859d91444028c92806b27a4c8f043689de33cabcb040e633d248b6c14eea,LEGACY_QUOTE_REQUIRED
22816,vmm-65a92bd50e6fbada3119986ffa1c506d2513b1150251ad202f73976eebee8def,LEGACY_QUOTE_REQUIRED
22817,vmm-33984e4402aca317cd7488f6f5f8c20a4961ff2dc48435f89f1940d51ee7bce9,LEGACY_QUOTE_REQUIRED
22818,vmm-2ee768f1d01c9bb8749bbf0520c8fdd85834ee13a248c59cf43e9a756bbbe7de,LEGACY_QUOTE_REQUIRED
22819,vmm-d393063c8f7e476908de3e38d8a5d8d372893ba381ed13e11c7adfd7b079c5ab,LEGACY_QUOTE_REQUIRED
22820,vmm-5e8f8222e2391e0b6038d1bd362d1f1aee74b0d5973673ae85ab6ab533e9a22b,MASS_UNKNOWN_OR_OUTLIER
22821,vmm-6d7b8c23687476ea2cac358183bc4e9369b8e5f6543016231b683735c6a62861,DISPLACEMENT_LABEL_CONFLICT
22823,vmm-a67c1840ea1e55c11cadef90917f470d7fd8f04d5e37d99abe7415cb22be4c2a,LEGACY_QUOTE_REQUIRED
22824,vmm-9d8465a0d3051447750d36565e246e10598d40b91d4706e902aa17b72516605f,LEGACY_QUOTE_REQUIRED
22825,vmm-88b7fd64268ab64e227dc11ac2745cb939f51e131f68a2ba11558678e3645203,HYBRID_COMBUSTION_FUEL_UNSPECIFIED
22826,vmm-352cb29453e62f392e22153be435bee993037717df9156cd7663b9e4ca2cb59a,HYBRID_COMBUSTION_FUEL_UNSPECIFIED
22830,vmm-ee567ff63c626baad6d7d2c6cf66472b710ebee08ac56578ff5399831a915e59,MASS_UNKNOWN_OR_OUTLIER
22832,vmm-c93581a575fd89e6a4acf5e46e3262e7632acf040523ca3ffeff0deaaca1e56d,MASS_UNKNOWN_OR_OUTLIER
22833,vmm-75ea6df6e0d05bd40186653c3eb9e0f38face8a1c1ec28bd8cfdbbde2272bace,MASS_UNKNOWN_OR_OUTLIER
22834,vmm-27664e9d1665fda1e39576e3b36c53ecb71cc6ebd800fe3e4b79dcb1cb72ab65,HYBRID_COMBUSTION_FUEL_UNSPECIFIED;MASS_UNKNOWN_OR_OUTLIER
22835,vmm-b1ae289b6c4def24665782311610072e5847f97d2192e29ad4f48e89787cdfc5,HYBRID_COMBUSTION_FUEL_UNSPECIFIED
22838,vmm-9c353b8f0b05398dd47ad8885b798f8e7a294ce6272652b7900b82b57027febc,HYBRID_COMBUSTION_FUEL_UNSPECIFIED
22839,vmm-96bf4bb6664ffe6b7c9a1ab143555d079b75169b240433af29f4592f6b3619d4,HYBRID_COMBUSTION_FUEL_UNSPECIFIED
22840,vmm-96d2dbe049a4b8dcc0f94ac76e61a7551ea57120c0531d68c54dabdb21f40b7c,HYBRID_COMBUSTION_FUEL_UNSPECIFIED
22846,vmm-df80a3b7aa255f98c61be306d3dfdf129cb10861663ccea321454f0d29653963,MASS_UNKNOWN_OR_OUTLIER;ROUNDED_FOR_INTEGER_STORAGE
22847,vmm-b55e30972a7d4e7c17ded0860fb4d942854798eb33a7b6a4132a68f5782f1229,DISPLACEMENT_UNKNOWN_OR_OUTLIER;MASS_UNKNOWN_OR_OUTLIER;TRANSMISSION_UNKNOWN;ROUNDED_FOR_INTEGER_STORAGE
22848,vmm-b4aae1e17d39f28196538c58bd2fff26ea307fb692bbb49fb6636ca0bd8809ab,MASS_UNKNOWN_OR_OUTLIER;ROUNDED_FOR_INTEGER_STORAGE
22849,vmm-b73fcd9755d58ebdfc89dd286d09595777f161dc7b6e8272ab73c78e08411394,HYBRID_COMBUSTION_FUEL_UNSPECIFIED;HYBRID_FUEL_UNCERTAIN;DISPLACEMENT_UNKNOWN_OR_OUTLIER;MASS_UNKNOWN_OR_OUTLIER;TRANSMISSION_UNKNOWN;ROUNDED_FOR_INTEGER_STORAGE
22850,vmm-220feaea9289c986b0f9de96d0bfe2cdcb8c01827bdca7f5b1dd1a2336985af4,HYBRID_COMBUSTION_FUEL_UNSPECIFIED;HYBRID_FUEL_UNCERTAIN;DISPLACEMENT_UNKNOWN_OR_OUTLIER;MASS_UNKNOWN_OR_OUTLIER;ROUNDED_FOR_INTEGER_STORAGE
22851,vmm-0c86572deaaf924389d5d9668997e3a9d2e85da9e8c22f5e6062ffd2abdea08a,HYBRID_FUEL_UNCERTAIN;DISPLACEMENT_UNKNOWN_OR_OUTLIER;MASS_UNKNOWN_OR_OUTLIER;TRANSMISSION_UNKNOWN
22863,vmm-54a507ebe2d070a385f3c74e1f4dbe0cd8f91e2689657f1143be20ef6d066571,MASS_UNKNOWN_OR_OUTLIER
22864,vmm-25dc6718bd4e173d9bf13d3c22d61065d912d38e23f835706dcad65367632e43,TRANSMISSION_UNKNOWN
22878,vmm-8d62c20bca60e212dc4abe37d29a7c7b7544dd526eb22066c4d3f2bc9d388563,DISPLACEMENT_UNKNOWN_OR_OUTLIER;TRANSMISSION_UNKNOWN
22879,vmm-2eb1cc79194e79c3602ead64153d973b29043d011c4d68cbd761d3cf14c0fc73,HYBRID_FUEL_UNCERTAIN;DISPLACEMENT_UNKNOWN_OR_OUTLIER;TRANSMISSION_UNKNOWN
22880,vmm-d6ae68399ea5334c7843e478738242c3a73b4df36a24ef95d1925df199175140,DISPLACEMENT_UNKNOWN_OR_OUTLIER;MASS_UNKNOWN_OR_OUTLIER
22881,vmm-3980482d905fb840d94ff614d998524909376303eed6d1b9f52af1ff4c2eb404,DISPLACEMENT_UNKNOWN_OR_OUTLIER;MASS_UNKNOWN_OR_OUTLIER;POWER_UNKNOWN_OR_OUTLIER;TRANSMISSION_UNKNOWN
22882,vmm-6010c9796077079110f018077229fa1da0f5a07d9bea905939c1b4abc20564a8,DISPLACEMENT_UNKNOWN_OR_OUTLIER;MASS_UNKNOWN_OR_OUTLIER
22883,vmm-ee42d1eea3a874c8b161b7bfbd8733254914897dff98c7e5d739dc202daed567,DISPLACEMENT_UNKNOWN_OR_OUTLIER;MASS_UNKNOWN_OR_OUTLIER
22884,vmm-fd52d9279b421dba6fae64a98b7cef09fd51a112bea15e0b396527312c8bacdf,HYBRID_FUEL_UNCERTAIN;DISPLACEMENT_UNKNOWN_OR_OUTLIER;MASS_UNKNOWN_OR_OUTLIER;TRANSMISSION_UNKNOWN
22885,vmm-02cdaadd73e3fd4e52ce53a6ce8f5851f0a70cba9730bc913982d8e37b96aa8c,MASS_UNKNOWN_OR_OUTLIER
22886,vmm-bd60e82c737dffadb96185819f90b9277b385281d418a9b9d8b2af127aa219f0,MASS_UNKNOWN_OR_OUTLIER
22889,vmm-9e0fed4297a10e7fdf69461d5eb832cde07b6bcfd1594cb4968623b6cab8c7f6,MASS_UNKNOWN_OR_OUTLIER
22890,vmm-ebddfb454164fb25a92fa07df5555e5d912681ac8d36e034779e00b6f5421506,MASS_UNKNOWN_OR_OUTLIER
22891,vmm-c513caca8eef198948d1c7ce8377948df212459dfa0ef39218f7b68adad84326,HYBRID_COMBUSTION_FUEL_UNSPECIFIED;HYBRID_FUEL_UNCERTAIN;DISPLACEMENT_UNKNOWN_OR_OUTLIER;MASS_UNKNOWN_OR_OUTLIER;POWER_UNKNOWN_OR_OUTLIER;TRANSMISSION_UNKNOWN
22921,vmm-9a9c25a75993573fd0c87f6191384836f672e580c0642beab862bc47d1e3664c,MASS_UNKNOWN_OR_OUTLIER
22936,vmm-2e77dc8efe93a520b144542c4ffb8ecf3ee28b68d081065be1ab2732ca3f8a39,POWER_LABEL_CONFLICT
22966,vmm-0febc932f5e229b2d5517a1eece397ae5292e8157f99d92191272e180e46f089,MASS_UNKNOWN_OR_OUTLIER
23005,vmm-7ae97e4f3b6f09be6828f11ef0cdf8f6f16868dc7ec1dc3e7bb5423f1b2a7ebe,ROUNDED_FOR_INTEGER_STORAGE
23024,vmm-1b9d103008721bd014209cda264e5e76bc370be1a9c15173936e63039f4fc5e3,TRANSMISSION_LABEL_CONFLICT
23043,vmm-652e9d2c336a9eec14f69e19aa28de26d0954554e0b2b8369c33ea58493af211,TRANSMISSION_UNKNOWN
23045,vmm-0533a53d9a3cf6809200d6470b0818c2937787f9b98d2c6f0c32c709785ea871,DISPLACEMENT_LABEL_CONFLICT
23067,vmm-c1d96a78bf27f6cfa913c5d7e72c9d4e3b5ff08da4b877b67eabc38f24cc29fc,DISPLACEMENT_LABEL_CONFLICT
23104,vmm-bd443882c18d8767f63545f0324639b72766586a50baba89b209b1801f9645e0,LEGACY_QUOTE_REQUIRED
23105,vmm-b4c258dceb5a7ace0283c172a279949bcdff38bc5d1a08354e498113ebf4a5f4,LEGACY_QUOTE_REQUIRED
23106,vmm-bd2851b2db71594dfda197ecfe486aecc84558f6093de0e2670652cf6217d078,LEGACY_QUOTE_REQUIRED
23107,vmm-9b098d8d4a7580fd3d42c4a2c69b1f726e54e10db7c80ef7238a339fe25d262d,LEGACY_QUOTE_REQUIRED
23108,vmm-a97c6454cb4b895fae116e9781a069b448d7ecb52925fb66cff1b9560f383580,LEGACY_QUOTE_REQUIRED
23112,vmm-69f7c00191111944b82cebf3498e712a7749f6c757c48b79b40123ca4c75f5f0,DISPLACEMENT_LABEL_CONFLICT
23127,vmm-fec54ecd524c956d280c2bbaabc6d92d4bf7e218326d0cac75fa417b1305cb62,LEGACY_QUOTE_REQUIRED
23128,vmm-baec00613b066875f3679603ee2fbf03dd0d9e99e0679b37237cabd75c7b0ab0,LEGACY_QUOTE_REQUIRED
23129,vmm-11606f174c79d3d5774ee225fac5738e4297b0bdbcf66b27d5200038c0902e20,LEGACY_QUOTE_REQUIRED
23130,vmm-87fe22eef08d690cc366a3a03b650299802bc7648e1cc083f1309026a2f82cf3,LEGACY_QUOTE_REQUIRED
23131,vmm-c1feb9335deb49d52bad154ba17e22f2b62c42c67eca60a78273b4158fdb7c1b,MASS_UNKNOWN_OR_OUTLIER
23132,vmm-50469247c02db9c548caf76bc1a01d11f3fffc71ba78210278b4607c1f53524e,DISPLACEMENT_LABEL_CONFLICT
23144,vmm-acb2cd132e52ed197f0c089bc2fe3787d8a36376718058b9bd0402837ec6e56d,HYBRID_COMBUSTION_FUEL_UNSPECIFIED;MASS_UNKNOWN_OR_OUTLIER
23189,vmm-a5b46f7c1a6b7d9e0b4dc6815c07384e1a8ee9bd700d762655962a0504a43ef2,MASS_UNKNOWN_OR_OUTLIER
23190,vmm-31934b6a164d56384eba196a10f30b254b1e4f7e154a3db476e11222c85ce010,MASS_UNKNOWN_OR_OUTLIER
23191,vmm-7a876c083f0eea993c349a94c48304afd9cae7b15b79244bd0075981d940c1e6,MASS_UNKNOWN_OR_OUTLIER
23192,vmm-ff54ff4e1bd2679f754bcf890fca55950e511449c511f844705b3c37db70e715,MASS_UNKNOWN_OR_OUTLIER
23193,vmm-c795cb2d265c1f19f0a7d9de4d60c3a4a65c3b45978cb96aa1cc0fbfe429fe0a,MASS_UNKNOWN_OR_OUTLIER
23194,vmm-b763a72a0c95dd0d548c903d2d25c0899799bfae8f6026946fafb670864db00f,MASS_UNKNOWN_OR_OUTLIER
23221,vmm-a6799940efd96832afa5828ef7b33e918e8cabd2907a0ca1f1d2b338b6202ed6,MASS_UNKNOWN_OR_OUTLIER
23222,vmm-0546807e7707868c7d6a0bbb5411bab81d43830ea21e4054585cadada56950ef,MASS_UNKNOWN_OR_OUTLIER
23223,vmm-73f523b85d166b9b6d572dcbeacf1af8cddc6fe6a677bf61db559026c35b9555,MASS_UNKNOWN_OR_OUTLIER
23224,vmm-2b4e3e0e7d962b87b4c9ab0bf257d20f5a43c48879c3f54f5e020b4b28155ed5,MASS_UNKNOWN_OR_OUTLIER
23225,vmm-7ba72882b5a162ce82b319ec92998ad29db919f6615f3058268e46d68acd6fd8,MASS_UNKNOWN_OR_OUTLIER
23227,vmm-bcd6e367f7345b6222b1ddb31fbe0d7f7d740e138600b94443ef4b4698e58444,TRANSMISSION_LABEL_CONFLICT
23234,vmm-4a2a06a71d987e0a210906e5cd025cfdc8a92176fdb9f2d23f7dfb6e11f56566,TRANSMISSION_LABEL_CONFLICT
23245,vmm-3eab0c12f208eb861dff4fcd7dc3328fcd33e22f61d62336ca368f487b25f72f,TRANSMISSION_LABEL_CONFLICT
23386,vmm-ac0b148da709c258087a1c6b098656a3ffb1e4f82a999b5cba3aa0b0ccab46cf,MASS_UNKNOWN_OR_OUTLIER
23387,vmm-291c5be65b1ef5ea3a1c446fe8cd080e347610da04c64fb2b2c3484c12663af0,MASS_UNKNOWN_OR_OUTLIER
23388,vmm-f30978c9f1af7f54ab224d0cfbe58c46ee813cd7a1ea71ae3b5be4f0f22bbbd8,MASS_UNKNOWN_OR_OUTLIER
23427,vmm-e3e1b87a3e1c1639e519de96ae09f675ee507740d77377cc216c135cda22fc3c,DISPLACEMENT_UNKNOWN_OR_OUTLIER;MASS_UNKNOWN_OR_OUTLIER
23428,vmm-64230b1f1bf34a2370377677d93413549966504ae7b1638d123d4d1cb45b1ec7,DISPLACEMENT_UNKNOWN_OR_OUTLIER;MASS_UNKNOWN_OR_OUTLIER
23429,vmm-5f7f3811d8fa14dadc171f41f62e8651898cd14d3a2313c58a43b4960b8667d2,DISPLACEMENT_UNKNOWN_OR_OUTLIER;MASS_UNKNOWN_OR_OUTLIER
23430,vmm-7f4c3e0baceb21b3cc006fb7b6664231af94d97ab58f04a077250587eb210dda,DISPLACEMENT_UNKNOWN_OR_OUTLIER;MASS_UNKNOWN_OR_OUTLIER
23431,vmm-8ed61f6a22a3a0d60dfd84f5bd5d279d56c34a530ddee90ce3fcef6bf25ec3e4,DISPLACEMENT_UNKNOWN_OR_OUTLIER;MASS_UNKNOWN_OR_OUTLIER
23432,vmm-ac0932fefe5afbf66be8c590f002048531ca271d651fd7591a8ff9177148b090,MASS_UNKNOWN_OR_OUTLIER
23433,vmm-d447ea25f7dfa3651e847cf7c79cd07e875b10f872d8c262568053ef273ae9af,DISPLACEMENT_UNKNOWN_OR_OUTLIER;MASS_UNKNOWN_OR_OUTLIER
23434,vmm-3b9dbeec7c794a8fd9f0c6cc57b7f6b3272a4eaee4f4ece5f688a2d87a75aa5c,DISPLACEMENT_UNKNOWN_OR_OUTLIER;MASS_UNKNOWN_OR_OUTLIER
23435,vmm-1a162d987bec517dd3f6abf8e5238952dddd0ca782e984b49176da23e9bb20e2,DISPLACEMENT_UNKNOWN_OR_OUTLIER;MASS_UNKNOWN_OR_OUTLIER
23436,vmm-4edc57f32bc1a83d257c738541b0bbe4f2aee09ed9221c0fcf0cb220a55ce0b7,HYBRID_COMBUSTION_FUEL_UNSPECIFIED;HYBRID_FUEL_UNCERTAIN;DISPLACEMENT_UNKNOWN_OR_OUTLIER;MASS_UNKNOWN_OR_OUTLIER;POWER_UNKNOWN_OR_OUTLIER
23437,vmm-0899859effa141b9cfc14364b01b841737be7cf172c9277f214646dd7da02df3,DISPLACEMENT_UNKNOWN_OR_OUTLIER;MASS_UNKNOWN_OR_OUTLIER
23438,vmm-9ebf553d2760d178a05c66707285795e9a26eb4787c56689375924c4051960fb,DISPLACEMENT_UNKNOWN_OR_OUTLIER;MASS_UNKNOWN_OR_OUTLIER
23443,vmm-d6e05e20522e00d89ab1397775ff630a40a0225e7572af6aaa8aa4a4d58abbe0,MASS_UNKNOWN_OR_OUTLIER
23451,vmm-f565d591dfc7325aed50eaeb036a5bcc7836863c58cfc31ff4f4b6906367ffa7,MASS_UNKNOWN_OR_OUTLIER
23471,vmm-e4b4f32063b7968e5340805024c6ae5641debca281fef8147a4c93581236c7b9,DISPLACEMENT_LABEL_CONFLICT
23472,vmm-c161d155b2f24d4d2288c20a9de8e1a2355c6074f3ae076ee8b769ce42bcbc3a,DISPLACEMENT_LABEL_CONFLICT
23494,vmm-a0ecdf9cca38607f94339933413579f22a35d9f0707a5d0c2d70ad536e835575,POWER_LABEL_CONFLICT
23557,vmm-42e759343b969a79a14f177534aaaf7e1d983af137853ed1dfa9b942b9bbc9a2,MASS_UNKNOWN_OR_OUTLIER
23565,vmm-833872108108687710ce34a21ff953847ea387b6d218e12de2589b3e0e6b3e78,MASS_UNKNOWN_OR_OUTLIER
23566,vmm-22c00b84e82b85eab6411c7f6bb3f5d1ddff65cf2c3e503ab157b291e5df9576,MASS_UNKNOWN_OR_OUTLIER
23576,vmm-c52741478582e373acc0ecdef6ae61eb203a2efec9c186939e851bd5f1097ba3,MASS_UNKNOWN_OR_OUTLIER
23615,vmm-69d1c1fb9ee0194377e49fe4138a284ce68300a8c1ccc51d69333bce9b2515c1,DISPLACEMENT_UNKNOWN_OR_OUTLIER;MASS_UNKNOWN_OR_OUTLIER
23616,vmm-e84cc5380787be476933afa779290cceec36b1fb7c4e0df9ec2c7bfbc8a70406,DISPLACEMENT_UNKNOWN_OR_OUTLIER;MASS_UNKNOWN_OR_OUTLIER
23617,vmm-88d5dc1409968350e1c97585abb93e892df44bdd895ee3ec37b8dd2711c3d38c,DISPLACEMENT_UNKNOWN_OR_OUTLIER;MASS_UNKNOWN_OR_OUTLIER
23618,vmm-ddb731583490763d9b1114e62d8e598d05665a2f2e908d3419163840c9d0a02e,DISPLACEMENT_UNKNOWN_OR_OUTLIER;MASS_UNKNOWN_OR_OUTLIER
23619,vmm-617228be0911f09396c851467ac7bb29cb216f2d855b8cbe51af42b6c2734d4c,DISPLACEMENT_UNKNOWN_OR_OUTLIER;MASS_UNKNOWN_OR_OUTLIER
23620,vmm-2be43d7170486b316ba0a12d869a4ada2b78811479dd72199f88fdd1b4a00997,DISPLACEMENT_UNKNOWN_OR_OUTLIER;MASS_UNKNOWN_OR_OUTLIER
23621,vmm-4d6ca04ecc957db0520089c9ae78883abfa74875a80cf0be119a639c01b6848e,DISPLACEMENT_UNKNOWN_OR_OUTLIER;MASS_UNKNOWN_OR_OUTLIER
23622,vmm-3e52decb1cd36b6e52386f2048f0fa8561ec8cf05ddaeee57ab7f800251702ca,DISPLACEMENT_UNKNOWN_OR_OUTLIER;MASS_UNKNOWN_OR_OUTLIER
23623,vmm-f50e2c83b60b0aa242cc1e4a6fe661213f46ec44a38bb77f309c9d6c54e44eb3,DISPLACEMENT_UNKNOWN_OR_OUTLIER;MASS_UNKNOWN_OR_OUTLIER
23624,vmm-fbf3911b67ec8caf90093e630dd706d3bd04c11d83251cf07e1c3ce815065adc,HYBRID_COMBUSTION_FUEL_UNSPECIFIED;HYBRID_FUEL_UNCERTAIN;DISPLACEMENT_UNKNOWN_OR_OUTLIER;MASS_UNKNOWN_OR_OUTLIER;POWER_UNKNOWN_OR_OUTLIER
23670,vmm-1c725d59227968a32cbf90c8f64a1787813c2901e878ee3f9eb3bb4a6486b2d2,POWER_LABEL_CONFLICT
23686,vmm-f9075df66c2508a17bb5d5b032f73c3d8bc205be5067a2fae07f58c72698f0ef,MASS_UNKNOWN_OR_OUTLIER
23687,vmm-bad490fe349dcb5388cb19f22d5f587347eb5f9d5aa1e8da77b521fc67aed5d0,MASS_UNKNOWN_OR_OUTLIER
23706,vmm-2fce40d22cbc224ffbaaceba3b084383a2ea967927fdde1005a78d5669b3f142,HYBRID_COMBUSTION_FUEL_UNSPECIFIED
23723,vmm-cdb9d2182eb5e6a039ee757176db6c9737201ebd302b5f923268a44a897fa475,MASS_UNKNOWN_OR_OUTLIER
23724,vmm-6cb770d075719e29fb5a6935ea7fb00df81df8d1df1a8de0d34aacf2c775c0e1,MASS_UNKNOWN_OR_OUTLIER
23727,vmm-418563a3ae8bc87f3edf30507a9c99b1968cd944ddc1eb67360e77656ada2aa5,MASS_UNKNOWN_OR_OUTLIER
23729,vmm-840cd1d5e42ce57ffbaf18a216ce8c0f7acdd036e2dc97acfb5587a31f5f2c53,MASS_UNKNOWN_OR_OUTLIER
23730,vmm-ae8335d579eced113f0031fd8e93160077e39af7b96553ccd14a7b44615153ac,MASS_UNKNOWN_OR_OUTLIER
23741,vmm-c52bd5393069b2d7ef1682625953badba80bbb58499bcda9623992bc3d77c1f2,POWER_LABEL_CONFLICT
23766,vmm-d4bb61480009301fb235764f22038c7ceac9590b285c05aab92144417d50fbbe,POWER_LABEL_CONFLICT
23795,vmm-d4deff1abcf0483df6c2939caa3f16cabb66d4f6d43b702f6a0ae30ad23702fc,HYBRID_FUEL_UNCERTAIN;DISPLACEMENT_UNKNOWN_OR_OUTLIER;MASS_UNKNOWN_OR_OUTLIER;TRANSMISSION_UNKNOWN
23796,vmm-88d0719dd125e6baab4576e94f4524fef93c17231f4dc1bd0b1641945d3393ed,DISPLACEMENT_UNKNOWN_OR_OUTLIER;MASS_UNKNOWN_OR_OUTLIER
23797,vmm-e2c3a8c8c5c0e4530bdfe959f7b4e8ec27440fe5185a356444f0042036047929,DISPLACEMENT_UNKNOWN_OR_OUTLIER;MASS_UNKNOWN_OR_OUTLIER
23798,vmm-84eddde8bcf916a905ad819009ff11147822790f5c73d31ee19f4c43d5307d16,DISPLACEMENT_UNKNOWN_OR_OUTLIER;MASS_UNKNOWN_OR_OUTLIER
23799,vmm-56e82f22db4ac3e5a9c25e428f351db21fbb6766a14747c24d751038f42582e9,DISPLACEMENT_UNKNOWN_OR_OUTLIER;MASS_UNKNOWN_OR_OUTLIER
23800,vmm-a59c03d07a441986ad7773604f54536a39a0c325a8b912f045dbfe76b9cddaaa,DISPLACEMENT_UNKNOWN_OR_OUTLIER;MASS_UNKNOWN_OR_OUTLIER
23801,vmm-3a56343ef1622213f3725f04e8c15accab12d718b7e314f2b8750f5fbb934895,DISPLACEMENT_UNKNOWN_OR_OUTLIER;MASS_UNKNOWN_OR_OUTLIER
23810,vmm-5073b78365702e53a262275c71c59adaee0332d3342482f3b8ec879f2eb001f6,DISPLACEMENT_UNKNOWN_OR_OUTLIER;MASS_UNKNOWN_OR_OUTLIER
23811,vmm-619c62ad92eb3e30cdc0f7a4143a0ec2e5e6636a68ef9be5155beace9be43775,DISPLACEMENT_UNKNOWN_OR_OUTLIER;MASS_UNKNOWN_OR_OUTLIER
23812,vmm-665148bd480a4d3e8eef0b1506c37a4351dd979d08c3cf7349d94de9895f9c42,DISPLACEMENT_UNKNOWN_OR_OUTLIER;MASS_UNKNOWN_OR_OUTLIER
23813,vmm-da2d199c44b92f87e9bbe5c37f10ee8b46fda6359d1961b23b189bd65bef02e4,DISPLACEMENT_UNKNOWN_OR_OUTLIER;MASS_UNKNOWN_OR_OUTLIER
23814,vmm-e13adece285a01ed4ea4ea02f4cb6f44a686b0450367a28c9132ede34ec1e16b,DISPLACEMENT_UNKNOWN_OR_OUTLIER;MASS_UNKNOWN_OR_OUTLIER
23815,vmm-dcbcba3adacab73bb424fb777e21479133f5cb6d01e6f06f49b42b7be880ecc3,DISPLACEMENT_UNKNOWN_OR_OUTLIER;MASS_UNKNOWN_OR_OUTLIER
23818,vmm-2333f69759081688ae0fa1414f84ad216d19020b68e5f2b69ff7f42544aae036,MASS_UNKNOWN_OR_OUTLIER
23819,vmm-b6609099af780029ff5a6e95d103a97d41051e2882b42885202e85e19e42ef03,MASS_UNKNOWN_OR_OUTLIER
23822,vmm-4649ea0cbe4c2df9dd4fd4c96635728e96641910d1ce2727c538880f9aae2356,MASS_UNKNOWN_OR_OUTLIER
23823,vmm-9f01e6245b037b6254d663b0af7d65ae63dd7401722d61ed500b5be79c540072,MASS_UNKNOWN_OR_OUTLIER
23824,vmm-018a048e83df022b036dcfebcebb242a0d52a2c18194368c4ccc8143a783c508,MASS_UNKNOWN_OR_OUTLIER
23825,vmm-a4de30c7b08959f30dc426e202628384e88127a3e1af476cb9f687752aeb12a7,MASS_UNKNOWN_OR_OUTLIER
23835,vmm-f939a4ac2502c7bf43c44044dcd5bf99a915aa19311a0661482772c5849fcbb2,MASS_UNKNOWN_OR_OUTLIER;POWER_UNKNOWN_OR_OUTLIER
23853,vmm-08ff3be30b1efdbf96f361ccdc9d1140a8b1229c79c8ed0ac0c75b0251508f8c,MASS_UNKNOWN_OR_OUTLIER
23854,vmm-fbcc0703545c7e44fc723ebef56cd8d5cf961979f0819ecfb093e5b62cc48a74,POWER_UNKNOWN_OR_OUTLIER
23861,vmm-23dafb98e225de1d63dccc280fd54be4ed79504dcfa0da649fa3a38affb4ec50,DISPLACEMENT_LABEL_CONFLICT;TRANSMISSION_LABEL_CONFLICT
23872,vmm-12e5df1e1d4f4f9a5664fa840b0be317b95d70d6b06a579f4ff1e9a707306757,MASS_UNKNOWN_OR_OUTLIER;EXOTIC_QUOTE_REQUIRED
23873,vmm-de3ffae078146186c7fb797ad029be5173ac02730a2cdd92ad7b2649c08953dc,EXOTIC_QUOTE_REQUIRED
23874,vmm-65569b94f83906ecdd00fa87045659e7d51fefc2d8377b854e44a92043a4598b,MASS_UNKNOWN_OR_OUTLIER;HR_PARTS_AVAILABILITY_UNCERTAIN
23875,vmm-ab49c24da091553b5374b75933ab0e9a557cdf596e7cd2b0750f8f488cecab58,HR_PARTS_AVAILABILITY_UNCERTAIN
23876,vmm-9df0c95059fc0f7f9593a597d4de3c28623552a3d367babcf612c71b5e6c8c1a,HR_PARTS_AVAILABILITY_UNCERTAIN
23877,vmm-d5d39a977bebf64cb6c5db4f5b85bc304cbee39a2c218012c807b07f95e1ea6d,HR_PARTS_AVAILABILITY_UNCERTAIN
23878,vmm-0025e9f10c113941cd19197a0d56c4f4fd4995e5a3d43db6f166962e6bba5716,HR_PARTS_AVAILABILITY_UNCERTAIN
23879,vmm-4ac1209e321fdd8fe6fb278f767f7423100b3e2ed9362f34cecaae87bfa4b15c,HR_PARTS_AVAILABILITY_UNCERTAIN
23880,vmm-a270f6e474797d38a77ca88a7f5472796e42ca67a22828c7a5a56d0c531f052c,HR_PARTS_AVAILABILITY_UNCERTAIN
23881,vmm-c35b188afe3bad980f4853550009fd89be51f86a9aa3b9448cfaf922bff57453,LEGACY_QUOTE_REQUIRED;EXOTIC_QUOTE_REQUIRED
23882,vmm-2dc37c50696d020dfb65d423a591f1056f33056c2c699cf6d44163965ae41ed9,EXOTIC_QUOTE_REQUIRED
23883,vmm-dbb72211edfeb1a5bf5364a6b54f630d6535bb2b9e367a8de6746495adbf0deb,LEGACY_QUOTE_REQUIRED;EXOTIC_QUOTE_REQUIRED
23884,vmm-eb04b71252d1bd9fa861376dfd6eaad9804a2900e9c1574b05593608c0fa48d8,EXOTIC_QUOTE_REQUIRED;ROUNDED_FOR_INTEGER_STORAGE
23885,vmm-3d09ae80bb3b1b7c4cf7a802cf58c3721ea21be0819e4bf10dcc5249df96a27f,EXOTIC_QUOTE_REQUIRED;ROUNDED_FOR_INTEGER_STORAGE
23886,vmm-15dddba94133e760d71d8ceb08b68265350220942a34540d1d1b7ed5faa8d3e1,EXOTIC_QUOTE_REQUIRED
23887,vmm-2ecf07c301cb3db81c33fbf2ea8291c43e319cc4830c832331350f8cc2ed4cfc,EXOTIC_QUOTE_REQUIRED
23888,vmm-22222becee3b0f9db30eccc70ecc86252f85e6258724debd61082dd96b7e7100,EXOTIC_QUOTE_REQUIRED
23889,vmm-0a91b82db17728929aa8fd545ee5d32c9c717ff2930b0f77770e4698baa33aee,DISPLACEMENT_UNKNOWN_OR_OUTLIER;EXOTIC_QUOTE_REQUIRED
23890,vmm-661269686bcbeb7a6d79e8c9b4827d09a5b3fbed43f6f4361e490262e2b841b8,DISPLACEMENT_UNKNOWN_OR_OUTLIER;EXOTIC_QUOTE_REQUIRED
23891,vmm-41b252fcf24dcc129e1887e7ff2f39d11393450444f4b192d0418dfd70576853,DISPLACEMENT_UNKNOWN_OR_OUTLIER;EXOTIC_QUOTE_REQUIRED
23892,vmm-630b82eee0fa76f658f592da3edcc44d1980b69c02a8b487e5f9b651f7df08fd,EXOTIC_QUOTE_REQUIRED
23893,vmm-eedddf7ca63f55ee4f93ff151940c0c3dc590d0baab6cded87640c590181bed8,EXOTIC_QUOTE_REQUIRED
23894,vmm-7e9d4ac068a1d57b40f12ce5b3c1e49226a0a2cddef7268bae504354d85cccde,EXOTIC_QUOTE_REQUIRED
23895,vmm-d485d62597236ef2c91022607d7c326d8aa8c6b977f111f405a8503ccf950858,EXOTIC_QUOTE_REQUIRED
23896,vmm-824fe43edc919f23854ee4fcdfe8042dab2b43a15aa9b4ed0d0fd4b65dc042f1,EXOTIC_QUOTE_REQUIRED
23897,vmm-d0a5b9f6295b6f35e9e15a8e623df660d24d3e6fde6ba1e692614225c78aabc4,MASS_UNKNOWN_OR_OUTLIER;POWER_UNKNOWN_OR_OUTLIER;EXOTIC_QUOTE_REQUIRED
23898,vmm-eb0e589c140aa21aa05b1b0e32fc938990652a3d6e2477d0f8739c17d66d9a50,MASS_UNKNOWN_OR_OUTLIER;EXOTIC_QUOTE_REQUIRED
23899,vmm-2a873adae149e17ddbe6aab84d0cb354d78ad13fb395968b25d9464c37d508a5,EXOTIC_QUOTE_REQUIRED
23900,vmm-332cf2cb4edbbe86fece9861243cb38acf9b4edcc62298ef34aba7320762b0f1,EXOTIC_QUOTE_REQUIRED
23901,vmm-363fe17bfdd9e2ff0b069b51816aa5f951461ed3809874cb58f61a3957399015,EXOTIC_QUOTE_REQUIRED
23902,vmm-14dde7f25b667edc415bfd9f4ad8331bcf11fd367be9353bce4a24866e83f804,EXOTIC_QUOTE_REQUIRED
23903,vmm-fb96fb15e4e08b555130ccb77dd8e86bebfad03977d3944f9adf3dbb18d8d70d,EXOTIC_QUOTE_REQUIRED
23904,vmm-85b6b2c65d082965d94f9f6b6473ae9e8ca99e5ae432f7f583949e2b2d31933a,EXOTIC_QUOTE_REQUIRED
23905,vmm-070b66697380543f9b01cbde22dbf4c87bb521ebb4c4dd6139b4f0347b281872,EXOTIC_QUOTE_REQUIRED
23906,vmm-0c5c956de86879d1eb29b7ebd2225302d1f9b1ac217d3f69b3e095f156ab4f81,LEGACY_QUOTE_REQUIRED;EXOTIC_QUOTE_REQUIRED
23907,vmm-b204aa861e3e937590005c39c5cdf828e13a6aaa185225ea3e7ddaae51df0c69,MASS_UNKNOWN_OR_OUTLIER;LEGACY_QUOTE_REQUIRED;EXOTIC_QUOTE_REQUIRED
23908,vmm-51168397e226f5f58bd0b78f3cb32bf03221bf3bcfe1478d7dc3cda705f4da8a,MASS_UNKNOWN_OR_OUTLIER;LEGACY_QUOTE_REQUIRED;EXOTIC_QUOTE_REQUIRED
23910,vmm-e9342c8051b9b69a1bb720d6ee554e424ced817bace5dda506d22c2289fc9f37,MASS_UNKNOWN_OR_OUTLIER;LEGACY_QUOTE_REQUIRED;EXOTIC_QUOTE_REQUIRED
23911,vmm-24eb0fab254684020de18ed6545c10c41d832dbe588be962020f699785931af3,POWER_UNKNOWN_OR_OUTLIER;EXOTIC_QUOTE_REQUIRED
23912,vmm-c84998ebe7dc9eaae303f348c0ef12bef3d7f359f9c1e82e8e94c91124b3aee9,POWER_UNKNOWN_OR_OUTLIER;LEGACY_QUOTE_REQUIRED;EXOTIC_QUOTE_REQUIRED
23913,vmm-4d8df365441a4245d88ee3109dafd30f00c6c1e32ad80bc6d99f151ad0254986,POWER_UNKNOWN_OR_OUTLIER;LEGACY_QUOTE_REQUIRED;EXOTIC_QUOTE_REQUIRED
23914,vmm-d8266be45d26edf112c3e73e68d7b7c5375dbef81f35d3604643bdbd7a6c3fc6,EXOTIC_QUOTE_REQUIRED
23915,vmm-d6a3d418be3cb984b36a7ce1fb580a9bfc083631a60dc97ff48f83e8c430971d,POWER_UNKNOWN_OR_OUTLIER;LEGACY_QUOTE_REQUIRED;EXOTIC_QUOTE_REQUIRED
23916,vmm-fc71d2f6ca1de84553aa556e41ccc4d192eb5977948693c830409ac9be1bff37,POWER_UNKNOWN_OR_OUTLIER;LEGACY_QUOTE_REQUIRED;EXOTIC_QUOTE_REQUIRED
23917,vmm-bbc3833d945b41d68a79c2c3813f63ae242b2d6cb72ab6b76467c8a096bad5be,POWER_UNKNOWN_OR_OUTLIER;LEGACY_QUOTE_REQUIRED;EXOTIC_QUOTE_REQUIRED
23918,vmm-c4cf65ffcfca0b0f6f62b18ead520d7150218a4ab887cd056286113deb6b4f8e,EXOTIC_QUOTE_REQUIRED
23919,vmm-3b67fde52ba0d95e32e961de64976d40ccdd3c9c776f3bf457fb49d953ecdcb9,TRANSMISSION_LABEL_CONFLICT;LEGACY_QUOTE_REQUIRED;EXOTIC_QUOTE_REQUIRED
23920,vmm-ba97ad263ef9ce4740401b7343bb53e06bb37579e7cad95895e20f6ac083730b,POWER_UNKNOWN_OR_OUTLIER;LEGACY_QUOTE_REQUIRED;EXOTIC_QUOTE_REQUIRED
23921,vmm-e75b6c293e42df12188a7f4a33898bc7613e4503fe96588482da7bf621fc625f,EXOTIC_QUOTE_REQUIRED
23922,vmm-e094070ac805be9bf2c0141e83c7400fc223adc45c98b9a220a8dd48556680b0,EXOTIC_QUOTE_REQUIRED
23923,vmm-d05e5594bb5d9ab10ec6663ef36f09e9cf38d4021381572368a506f545b3057e,EXOTIC_QUOTE_REQUIRED
23924,vmm-2a55749d6a03b6ed138b5c59b882551814db8ca8e23aef822b27c82277e97ca3,CYLINDERS_UNKNOWN_OR_INVALID;DISPLACEMENT_UNKNOWN_OR_OUTLIER;MASS_UNKNOWN_OR_OUTLIER;TRANSMISSION_UNKNOWN
23926,vmm-94835df2dd057e17df6af2532963ca6b6ec1d5efe184139863135645178dae03,CYLINDERS_UNKNOWN_OR_INVALID;DISPLACEMENT_UNKNOWN_OR_OUTLIER;MASS_UNKNOWN_OR_OUTLIER;POWER_LABEL_CONFLICT;TRANSMISSION_UNKNOWN
23941,vmm-78ab34dce81f18c4740aecdf0840c0fe7fc9743dab59af3d10e3784a183fbb7d,TRANSMISSION_LABEL_CONFLICT
23972,vmm-856c1b88c0f7fffe48bd5a97f025abf5310e06024d4033b67ad890f45d01dad4,POWER_LABEL_CONFLICT
23993,vmm-ae35431e2f77ec0183482cf0ee6a9e51dec37fd3b0443f7d03078cbdb441fed6,DISPLACEMENT_LABEL_CONFLICT
24049,vmm-0d68d55f5fce9635d11dce3707025647013d5be50e7d40599288442f2ddb7e7c,TRANSMISSION_LABEL_CONFLICT
24082,vmm-5e6ada9540de9b0417a3fb43bd897adc27ac794b618b8c1ee2aa650194566ad3,HYBRID_COMBUSTION_FUEL_UNSPECIFIED
24083,vmm-3b93b01b1969f2781b6bb9721ba507af8a58f6637e12d5e66655929fc8dadb2d,HYBRID_COMBUSTION_FUEL_UNSPECIFIED;MASS_UNKNOWN_OR_OUTLIER
24084,vmm-c8fe30d4aa1227379c2aa9343e3d12cadd1691908e5c634e7fd4099768d2a5ae,HYBRID_COMBUSTION_FUEL_UNSPECIFIED
24085,vmm-012c0ec167ca7160ed96130e7c748b697a65c3409c78c5357c3e626f319304ed,HYBRID_COMBUSTION_FUEL_UNSPECIFIED
24120,vmm-e3f337c761882f7ce590ba377a8c35ee19c1cce65de5e7cd9927209800ec2afc,DISPLACEMENT_LABEL_CONFLICT
24161,vmm-40a8e6f13e4fda8dd1a3d712f57943f17695b25a503e9d6d0479a82cb7a91d5a,LEGACY_QUOTE_REQUIRED
24174,vmm-e06e59517a3f16a32956f4e8788cc80c4244e9936a728c291f78966bcbd49202,TRANSMISSION_LABEL_CONFLICT
24178,vmm-1a8d59447f95d1fa607fc9ae5c1c12bc9982d5700f8b85b49f9c54e910e7e4b1,POWER_LABEL_CONFLICT
24179,vmm-907095b26064710f3414eee3e27e8eaad7a63eaff5129f3e9abba1b9234dcd24,POWER_LABEL_CONFLICT
24182,vmm-9ced1d40354b16f7e3cac352fd399a7499a34cda36f396151cf0f6780b97b1a0,TRANSMISSION_LABEL_CONFLICT;LEGACY_QUOTE_REQUIRED
24183,vmm-934c7c06021903ab7c9317c1ea54ab454ab21f7f80c62ad360ddd39edc5eacb6,LEGACY_QUOTE_REQUIRED
24184,vmm-a1c1dba481668a119185a227c623d39d107366f406feeb9895209842bd6a6713,LEGACY_QUOTE_REQUIRED
24185,vmm-010361351914da26c2fa91f4724064630e030e0947e6e9f7682f2200061f9471,LEGACY_QUOTE_REQUIRED
24186,vmm-cee5b74c87b6567915fdde61cb710e8587f223db0265894257b1adb804010e3b,MASS_UNKNOWN_OR_OUTLIER;LEGACY_QUOTE_REQUIRED
24187,vmm-759b4abbaada3bc4d7da531df3578d7a01361a908e71cf981c412279d9a95e7f,LEGACY_QUOTE_REQUIRED
24188,vmm-ba93f29fe98cc5f52bab0a26b0f27f90fea350bfd745cb43407cdbefbedf1ede,LEGACY_QUOTE_REQUIRED
24189,vmm-11195febf4eed7bd1d140b412ae43e21edfa72a35041e8238d75fd738613694c,LEGACY_QUOTE_REQUIRED
24199,vmm-7893f466101419292b57559ba2e2f82661bdb2eaf677eed7bd297eab57e0f56f,POWER_LABEL_CONFLICT
24214,vmm-111e8b22519391f7786089b5162fea719e64f6c5881b0bd0d6b796e5ebc72052,EXOTIC_QUOTE_REQUIRED
24215,vmm-2799c2cf0078b79327780b7c8078c4942574f05126d00e6f1975690349fbe0f8,EXOTIC_QUOTE_REQUIRED
24216,vmm-e320d69d261eb5eb3dd42290b05f338678e09c85ac8294e05c27a111c5c7b4c4,HR_PARTS_AVAILABILITY_UNCERTAIN
24217,vmm-c9c26c01d499bbe0d868ff0f632309deb8aed6c73ec211dbc887d67276ae65ea,MASS_UNKNOWN_OR_OUTLIER;HR_PARTS_AVAILABILITY_UNCERTAIN
24218,vmm-34cdddc629ef18c00824d6d5943c3e1a8a081c816412c7a86ce53319bfa09a7d,HR_PARTS_AVAILABILITY_UNCERTAIN
24219,vmm-ccf0635fb0a68aa69416480aedf33914b17becd2ed33131d88a3a091beb20247,HR_PARTS_AVAILABILITY_UNCERTAIN
24220,vmm-f8f7b75ed95160f9869c84ade86259f746d9e5bac0fa22e105567e1b12eaaef5,HR_PARTS_AVAILABILITY_UNCERTAIN
24221,vmm-0a17b8f178b03e011b5e0038ca1ae711923c8b63806c2bd76c5833751a61ffb9,HR_PARTS_AVAILABILITY_UNCERTAIN
24222,vmm-4ca5720f29c1bf272370eab70d2980ef34161eae09e7d9266b4caf57f64f3e8f,HR_PARTS_AVAILABILITY_UNCERTAIN
24223,vmm-7859f220a240016b11df2be762515cbf2b82b1b12dec97558856eed4efc518dc,HR_PARTS_AVAILABILITY_UNCERTAIN
24224,vmm-f1a57d7cb2bc2303110e91d0d915b3e0478b0305734c84c267f7523f1305d515,HR_PARTS_AVAILABILITY_UNCERTAIN
24225,vmm-4f31c8b60858b5eac69b7ca971314417396f288240f8638d51e42c6d25ebea33,HR_PARTS_AVAILABILITY_UNCERTAIN
24226,vmm-b474c0b5ec23e51b22bf82a56e61f41f3a2dc562046147275d7df712249af602,HR_PARTS_AVAILABILITY_UNCERTAIN
24227,vmm-6acfbedcf410583ba7828bedfb874e4722bb01f411a3827384dd43ecea67591a,MASS_UNKNOWN_OR_OUTLIER;HR_PARTS_AVAILABILITY_UNCERTAIN
24234,vmm-852c94a20e84039c5490538d7d68bc4ece3df01d48d93ac262f4477f49a8aafb,HYBRID_COMBUSTION_FUEL_UNSPECIFIED
24235,vmm-c93f01052ed370675982e13da00b8c7c472ddf741e6eeb55cdc2fc13bcbcbb3e,POWER_LABEL_CONFLICT
24236,vmm-cd56f5b76857f93c1312197edf455f04201f03d8ee8207c2128e701d3f89047c,ROUNDED_FOR_INTEGER_STORAGE
24247,vmm-9b3f848c94cdde9e25b8464039620ceddf870aac5c2501fcd570689f61e315e2,MASS_UNKNOWN_OR_OUTLIER
24248,vmm-942887d4798dc5647220d9bbb9fbca637b4c5c9eb41d54a391e154913cb7fba2,MASS_UNKNOWN_OR_OUTLIER
24272,vmm-16a6eaafd6f344046f25d216adf2a9e47b9df97d145350e14109071b287d4dec,TRANSMISSION_LABEL_CONFLICT
24282,vmm-d508af24a1d3a2c801b2e0f66dd9f7d5a837a29ce840d21da0a71c2e95bb638c,TRANSMISSION_LABEL_CONFLICT
24317,vmm-ef332ad709e18aa012f322b3a91ac4844b661b8c0d282d80bc4cb144f2a21f9c,TRANSMISSION_LABEL_CONFLICT
24334,vmm-ef9e2004548c00d8053d6a6d88767c1c4ee63dec1d8fe4b93a0051fd9265872c,TRANSMISSION_LABEL_CONFLICT
24360,vmm-9a9574d6709445cfe3b9fe66e3200e452ed1d8700a834c16e329efd9be451c9b,TRANSMISSION_LABEL_CONFLICT
24364,vmm-19792350edb1582c09a2b14389aac9f4db364d196e7e605831ebfa04956f8d46,MASS_UNKNOWN_OR_OUTLIER
24376,vmm-f5e90857f4521ad91bc528fbe4fe6d90a8be53bf7915cf1d35cabc9a1da96e60,MASS_UNKNOWN_OR_OUTLIER
24377,vmm-5daebae87da0f87627b63ed4895c1e0170902d1c44824a77368f1e4d87576c21,MASS_UNKNOWN_OR_OUTLIER
24378,vmm-f186138373c7380ef108f430698562d8d71d3457ae3decbabedf39887e2df1f7,MASS_UNKNOWN_OR_OUTLIER
24379,vmm-760cf9db50b04b5a38639c903abe162bd7ec84983bcc2ef7c5dbf97ade0c7311,MASS_UNKNOWN_OR_OUTLIER
24392,vmm-9240d423d78772b0e4554300ad2c87fc5bf09cbbe1a32079a4be8525eadf8d2d,MASS_UNKNOWN_OR_OUTLIER
24393,vmm-19943d6a59670490f25dbb3df08f3f58bd13274a6f9a6e594190e23038c56126,MASS_UNKNOWN_OR_OUTLIER
24394,vmm-9e59de5304733db5de86ea096cb90d25dbcda7c6aeb1606d61918e1075c203bd,DISPLACEMENT_UNKNOWN_OR_OUTLIER;MASS_UNKNOWN_OR_OUTLIER
24395,vmm-4c782cee1a767de0864747f561d0d5295f5fc3fdb16a7a2e93699f66e21d4c43,DISPLACEMENT_UNKNOWN_OR_OUTLIER;MASS_UNKNOWN_OR_OUTLIER
24396,vmm-bde915f942f6ca3a1cf59597e914b8c9d168ab775b1fe7f76e4c472b2f6e3d38,DISPLACEMENT_UNKNOWN_OR_OUTLIER;MASS_UNKNOWN_OR_OUTLIER
24397,vmm-fe392b8752d39498a6dcbb210b1208b5e7148fcc444243786f0d5528e01497f0,DISPLACEMENT_UNKNOWN_OR_OUTLIER;MASS_UNKNOWN_OR_OUTLIER
24399,vmm-75bb2adf733cf91f00a63ea42d5c50cf4bc8e8d102b244287c43aa55360fdcee,MASS_UNKNOWN_OR_OUTLIER
24459,vmm-a2972d6a74a81de9b1feafda6ef083e74e465073e7ea8763f603e4ac362c452b,MASS_UNKNOWN_OR_OUTLIER
24489,vmm-da9e1909d456107e393b8dfd2d1c0be732c156395a7e5edb28269b2b3d59f436,MASS_UNKNOWN_OR_OUTLIER
24490,vmm-5018ac123ed0a4089e6c8dfeb43487b7b9645d3685d6b9f705237164c81d95ec,MASS_UNKNOWN_OR_OUTLIER
24491,vmm-cff793ea7d049df74aa26fcf3fd7a17476febef278b15b6cd6a63d2674526f2b,MASS_UNKNOWN_OR_OUTLIER
24492,vmm-765e215d823036909a42d86a19123e7c5177ad3406d1728c3240f0e0228bff1d,MASS_UNKNOWN_OR_OUTLIER
24493,vmm-c3685dabb5e8794a9d8620b727c9c3b48ded9f2b36271048b7be8bcfaaf68713,MASS_UNKNOWN_OR_OUTLIER
24531,vmm-b192e897414f814cdef60f6441907396953a4fba9fc2e2a49a1a9b399f6239e5,MASS_UNKNOWN_OR_OUTLIER
24564,vmm-90254035233edf68586608964b8e45b89da71f7819faff9f27ef75fa350e2ff8,DISPLACEMENT_LABEL_CONFLICT
24568,vmm-ccc81bc9e0cb74adfbb766dcd55291c9abb716d8fbfb164edf5e6c725d8e6231,DISPLACEMENT_LABEL_CONFLICT
24667,vmm-df8a90ce074a3e796902ae7bd2be5078721c0da0087ece59e861ebc1a99ee8f4,MASS_UNKNOWN_OR_OUTLIER;TRANSMISSION_UNKNOWN
24668,vmm-6ac3fda7c0cfecaffccf86d8e17e1c7e15d6bc32a9e594f43ace9543c7f8edcb,MASS_UNKNOWN_OR_OUTLIER;TRANSMISSION_UNKNOWN
24669,vmm-4fa0b13842a633a1c307f154e843b79378523c40fb0a9975d34b96e0588214ba,MASS_UNKNOWN_OR_OUTLIER;TRANSMISSION_UNKNOWN
24670,vmm-4dc151c86b5a3fdc1a0245e518ec1093a12f6d7cdbdfe67fe2b35a8ff2b21762,MASS_UNKNOWN_OR_OUTLIER;TRANSMISSION_UNKNOWN
24671,vmm-c053be4d2ff5425cc2c61148549accf73e3304ab9cd98689957f02e1eeecbe9a,DISPLACEMENT_UNKNOWN_OR_OUTLIER;MASS_UNKNOWN_OR_OUTLIER;TRANSMISSION_UNKNOWN
24672,vmm-b58e4b3c41721ece9649559036af121ecbfc3ddd02233ec9fca2b28d53e1f497,DISPLACEMENT_UNKNOWN_OR_OUTLIER;MASS_UNKNOWN_OR_OUTLIER;TRANSMISSION_UNKNOWN
24673,vmm-acaa8973e90633ee89e7de2156ffac4010067b8337f3899b2d8b938fa93485a5,DISPLACEMENT_UNKNOWN_OR_OUTLIER;MASS_UNKNOWN_OR_OUTLIER;TRANSMISSION_UNKNOWN
24674,vmm-d6120233e86c72124aa6ac1b543dad94c3451be04c99e4d0ecde8fcb0054b58c,HYBRID_COMBUSTION_FUEL_UNSPECIFIED;HYBRID_FUEL_UNCERTAIN;DISPLACEMENT_UNKNOWN_OR_OUTLIER;MASS_UNKNOWN_OR_OUTLIER;TRANSMISSION_UNKNOWN
24675,vmm-8cbf5a2fb3dfa392cefe9b2e0789f19a1fc11b610d8d7b0812fd5faa72cdc61f,HYBRID_COMBUSTION_FUEL_UNSPECIFIED;HYBRID_FUEL_UNCERTAIN;DISPLACEMENT_UNKNOWN_OR_OUTLIER;MASS_UNKNOWN_OR_OUTLIER
24676,vmm-5d8c0b99e0a624103fd23b83de5f983b6c127a7c83f46a427f44a48f26e0aa16,HYBRID_COMBUSTION_FUEL_UNSPECIFIED;HYBRID_FUEL_UNCERTAIN;DISPLACEMENT_UNKNOWN_OR_OUTLIER;MASS_UNKNOWN_OR_OUTLIER;TRANSMISSION_UNKNOWN
24677,vmm-01d315622473a7006bbc3d05076f09efa4bc32057e07357b975b86bf2d4bb1f1,DISPLACEMENT_UNKNOWN_OR_OUTLIER;MASS_UNKNOWN_OR_OUTLIER;TRANSMISSION_UNKNOWN
24696,vmm-e2fd7d2cc6453690d6a9a11328bdedf6177a97116e70ac14af599d9751b23cdf,POWER_LABEL_CONFLICT
24704,vmm-bb3932ad1d5d4e2085a4f81c80f113386b256910f29887e9320496cd78ecb9e2,POWER_LABEL_CONFLICT
24758,vmm-279ae81b1302f25aac5f4b6a2610726e2af83d0fad428406b26bb0274f64f4f5,POWER_LABEL_CONFLICT
24766,vmm-9ff23690a13dec3fc5f668cbfc2c9cef13f96ed207ced7bc49a5e008e4365e7a,MASS_UNKNOWN_OR_OUTLIER;TRANSMISSION_UNKNOWN
24767,vmm-d76c2044f3b8a31b9d2f670d982070f07ab8e268acfd2291257da4193ba7c1dd,MASS_UNKNOWN_OR_OUTLIER;TRANSMISSION_UNKNOWN
24768,vmm-b10e90eb0d64491bae56b8af638c35d7d382fb4efd2b5f368ff10a422907dc75,DISPLACEMENT_UNKNOWN_OR_OUTLIER;MASS_UNKNOWN_OR_OUTLIER;TRANSMISSION_UNKNOWN
24769,vmm-3c7b6e1d089f81349ed0a4d29909b08cb9f9750260035b5c1a131d144a1e6efe,DISPLACEMENT_UNKNOWN_OR_OUTLIER;MASS_UNKNOWN_OR_OUTLIER;TRANSMISSION_UNKNOWN
24770,vmm-adeb831246330f19838743040fe375ebee4b238b87db9a553372ed343e8b570f,DISPLACEMENT_UNKNOWN_OR_OUTLIER;MASS_UNKNOWN_OR_OUTLIER;TRANSMISSION_UNKNOWN
24771,vmm-748e2e1c6a8c87cae1ce7f5c13872f8ba4404a2b591590ab64625121b46b41ec,DISPLACEMENT_UNKNOWN_OR_OUTLIER;MASS_UNKNOWN_OR_OUTLIER;TRANSMISSION_UNKNOWN
24772,vmm-8169c2cd027e0a3ca916cd93a0dc3cf13be5ef355df60b3f92c11e29ce206af5,DISPLACEMENT_UNKNOWN_OR_OUTLIER;MASS_UNKNOWN_OR_OUTLIER;TRANSMISSION_UNKNOWN
24773,vmm-2fc87d40093e8125713202bad3dcb25f5b1f814c40e0d065b6a2a490d7384587,HYBRID_COMBUSTION_FUEL_UNSPECIFIED;HYBRID_FUEL_UNCERTAIN;DISPLACEMENT_UNKNOWN_OR_OUTLIER;MASS_UNKNOWN_OR_OUTLIER
24774,vmm-ebebb37a007146a2642f0bf5cb9a5e4072d7e9f83ed0aa059d38389d118c7afc,DISPLACEMENT_UNKNOWN_OR_OUTLIER;MASS_UNKNOWN_OR_OUTLIER;TRANSMISSION_UNKNOWN
24775,vmm-6977f96a2ace670a66f986c3c073a107b0556e2fdaee0e8d7149a92125bd256f,HYBRID_COMBUSTION_FUEL_UNSPECIFIED;HYBRID_FUEL_UNCERTAIN;DISPLACEMENT_UNKNOWN_OR_OUTLIER;MASS_UNKNOWN_OR_OUTLIER;TRANSMISSION_UNKNOWN
24776,vmm-a8c40161333afb286a0be7c8c2c42b61676b8bf7dc79019eb55d224646bd51dc,HYBRID_COMBUSTION_FUEL_UNSPECIFIED;HYBRID_FUEL_UNCERTAIN;DISPLACEMENT_UNKNOWN_OR_OUTLIER;MASS_UNKNOWN_OR_OUTLIER;TRANSMISSION_UNKNOWN
24799,vmm-21f04e6f3797095f7e066fc4e1b1361b5cbf83c00b45b7404258151a1b918d95,TRANSMISSION_LABEL_CONFLICT
24807,vmm-7a8f1717d20ab566fea2856a8341b7cedac6cb3ce0749a41beef64fd79328e77,LEGACY_QUOTE_REQUIRED
24808,vmm-e0a11c8cdbd71143be18bf4f38e7cc77de0cc80b21c1858648e2c6a5f3c4d3c1,MASS_UNKNOWN_OR_OUTLIER;LEGACY_QUOTE_REQUIRED
24809,vmm-5412d7aaee68f0ac8b5334750386e78f4a64a29c930a92f6e9c22967bd5b423e,LEGACY_QUOTE_REQUIRED
24810,vmm-2d3cba6aed7d52a10e546f23ce23e849f3fe725d7ef00d38572e7b84260fb279,LEGACY_QUOTE_REQUIRED
24811,vmm-27219f7e6ad57a1f93f9073c384b9f3c4def0c284c95817e7fe5c1e2087cac20,LEGACY_QUOTE_REQUIRED
24813,vmm-259deaa08960248568a6716316572693308bc1c61c3bd7e6e4f7e603c0b39bc5,FUEL_UNKNOWN;CYLINDERS_UNKNOWN_OR_INVALID;DISPLACEMENT_UNKNOWN_OR_OUTLIER;MASS_UNKNOWN_OR_OUTLIER;TRANSMISSION_UNKNOWN
24827,vmm-8020b9e62dca94a24a77b67821fa0b75ce08702fb852326c0c53cc8ad27f3b60,MASS_UNKNOWN_OR_OUTLIER
24830,vmm-0ffee0a3c8b1f9c8630d7da4f7d58964bd9c2cdd4788af723e2b97d1fcdd8397,HYBRID_COMBUSTION_FUEL_UNSPECIFIED;MASS_UNKNOWN_OR_OUTLIER
24863,vmm-6017a3f5ace8f1cf7fb241969c5f689efc57cbeacfdbce4de5ca838eac3fc3d6,POWER_LABEL_CONFLICT
24873,vmm-42106c45a13a54dd160c23deea1c145afd346a56e9e3cead1600f4c259a718b1,POWER_LABEL_CONFLICT
24880,vmm-be4c536338f3147064ba0239ca391de82f72d55e27e5318945f7d37651f1b6eb,LEGACY_QUOTE_REQUIRED
24881,vmm-1e6a74076eb9a799f56cb635bd18365d7ecff41bd1e7c83cbe27244cac13c553,LEGACY_QUOTE_REQUIRED
24882,vmm-aa97a675f487408a2e17f88bcb7ce0d26b9eebc8537a46c0e8dae9a2ec2f6738,LEGACY_QUOTE_REQUIRED
24883,vmm-9831479751e628c97c0b83a73217b3d627b052490fe6ef8147920c235db88a3c,LEGACY_QUOTE_REQUIRED
24884,vmm-d0955f54ba1479a7cf6bdd2604d7ec5bcb7ece02ad24eefb35f27a21a2d993de,MASS_UNKNOWN_OR_OUTLIER
24907,vmm-e9fd3fda807d1e324c0ed9c662ca68769448b53e23ad8255e2a2afa28272e8dd,MASS_UNKNOWN_OR_OUTLIER
24908,vmm-60537509e80414f7b4fa5bf57fea89a60e03ecb3f4986c731ef5895dcd5bf68e,MASS_UNKNOWN_OR_OUTLIER
24909,vmm-778d6e6cbf9e9a7fd59aa03416014fb74aed5eb108bcf7977728d6b7b616850b,MASS_UNKNOWN_OR_OUTLIER
24910,vmm-297ec185b91aa47779333261cec147c2759be5cb15dea365ae7a36f3b1a65399,MASS_UNKNOWN_OR_OUTLIER
24911,vmm-df1d6a2b6eb129d6aaa9e4ec3f4fb4fbb9bc85e6c7a31e5182e6994d9ac9402f,MASS_UNKNOWN_OR_OUTLIER
24912,vmm-596c2d3c26392da1b64416636bdcd49c3bab348fd1f2bdf91d4e3978597a0b3e,MASS_UNKNOWN_OR_OUTLIER
24913,vmm-67bee2a3573007c33cece9f90cf0e34cbcf2d4c2d4962308cf238afba9bfc921,MASS_UNKNOWN_OR_OUTLIER
24914,vmm-7d078dec9dbea2bbe9e0f858b67bebe50bc4e7c9ea07e94aab1e072c5f7860c5,MASS_UNKNOWN_OR_OUTLIER
24915,vmm-64c3f5dcb08c9eebfe13d9f1d745e1b56bbb09f79765b8cd0497df76705176ec,MASS_UNKNOWN_OR_OUTLIER
24916,vmm-97a9d29b9e39e1941b5138edef4919f4d1dbcef7c5137883f22f93360f995f54,MASS_UNKNOWN_OR_OUTLIER
24917,vmm-66066c712e7930f9ab162b00861316a8a83f356040367f75a62a50a9829d542e,MASS_UNKNOWN_OR_OUTLIER
24918,vmm-fe89a4b44edaf9dedce6cfb730322081adc1e36fb03067c9f06525e443d097a5,MASS_UNKNOWN_OR_OUTLIER
24919,vmm-5bf26daa29dab97088fa9824aec60d319d518179a029cb8af02f805fa94ac845,MASS_UNKNOWN_OR_OUTLIER
24920,vmm-86918f021849789a014a71bcac5f7f80eb85ed2a3415a15e3b37ff78868c81c0,MASS_UNKNOWN_OR_OUTLIER
24921,vmm-fd253629b43d3bc5d3954ee8240a8758ed6032242503648f106acbe2dc588744,MASS_UNKNOWN_OR_OUTLIER;POWER_UNKNOWN_OR_OUTLIER
24922,vmm-1a6ddc3f864593ae1219db60d0b68760a1209d36648923c7aedf87050968cb0c,MASS_UNKNOWN_OR_OUTLIER;POWER_UNKNOWN_OR_OUTLIER
24923,vmm-4bf50e1b0ece678d5b08ea4bc5cac6974eaca2d6faed33729c5d92add2c4e034,MASS_UNKNOWN_OR_OUTLIER;POWER_UNKNOWN_OR_OUTLIER
24924,vmm-be88ab48bfdd21249e4209fc85bd572ffeec1e5f4f9b38e8347cbe7560df0c8f,MASS_UNKNOWN_OR_OUTLIER;POWER_UNKNOWN_OR_OUTLIER
24925,vmm-5de6995f1bc8c67e5cc758b01bf7c863cbc7608a12426b62c7b6d04b95af7681,MASS_UNKNOWN_OR_OUTLIER;POWER_UNKNOWN_OR_OUTLIER
24926,vmm-f4aaa4afd6f19ffe538c334db48e78a5d6c3009ad011b2b5710f2993b98c78b6,MASS_UNKNOWN_OR_OUTLIER
24927,vmm-f11c6500eb9e04c623ce67a9b189ace115f810e900e97cc0b3260d8d0cfa8599,MASS_UNKNOWN_OR_OUTLIER
24930,vmm-5b7d5ccd4c7a7c62cdf76dc804a51536a454fb56e54473bc8053e8582e9d27b4,MASS_UNKNOWN_OR_OUTLIER
24931,vmm-c527de2c59fd11e2cc10b0336d6efbb831a46b52b517aebed78ef87efbe439cb,MASS_UNKNOWN_OR_OUTLIER
24932,vmm-953a6ef689be0fcbf1d2d37ccfe7df95bd6b336e679e54e43e7a417bcb825be6,MASS_UNKNOWN_OR_OUTLIER
24933,vmm-776300c093f799234a742f44137abbd5424a8efb69538c783c9768cb7654041c,MASS_UNKNOWN_OR_OUTLIER
24934,vmm-a2f7606916e0eb7a0b911399367380e4f871fce573d62d62943933fdfbd33da2,MASS_UNKNOWN_OR_OUTLIER
24935,vmm-e0289f10bf726bcdbcd4a8e5e63380523377394962752e2e8c6c6e696a4c82ce,MASS_UNKNOWN_OR_OUTLIER
24936,vmm-bd3fc5d62d136e0633fb85269e4660cd513720d29b9d786351789c99852c73ed,DISPLACEMENT_UNKNOWN_OR_OUTLIER;MASS_UNKNOWN_OR_OUTLIER
24987,vmm-f5d00e810e74f86516e4885da4942c3c75c25ac0c742c392b100c61d91f27570,CYLINDERS_UNKNOWN_OR_INVALID
24995,vmm-687be265b5f5a8b52ad7caf7b93006cf91f10a64ab104fdb29f11fb5376a01a9,TRANSMISSION_LABEL_CONFLICT
25010,vmm-169809f368ddc7f47bd29d284a4568e31e5eb57e06c62e33fc817a247f4c0dcd,DISPLACEMENT_LABEL_CONFLICT
25011,vmm-fc0c086df851ce0e72891503790e0d0c220c5214822c632e7b4b33bfdea02fc7,DISPLACEMENT_LABEL_CONFLICT
25021,vmm-82704f9db6799efb273da101695643f64e1d7057513afd0e2a8a04e0308cd6bc,LEGACY_QUOTE_REQUIRED
25030,vmm-bbf104be6fcb457bdf4d3eeda51539f499cf0e679136bcd249d6bce9c7b6971e,MASS_UNKNOWN_OR_OUTLIER
25031,vmm-3d3c26c4918713236879625b64466018846f629e98c0881d6a83848bb9b2423b,MASS_UNKNOWN_OR_OUTLIER
25032,vmm-5b66bbc5537ac10e5f5d333365e921d1ccb66f4dd061dba35eb91d4e5f8bc770,MASS_UNKNOWN_OR_OUTLIER
25033,vmm-4b3e1823580e1c28c5957aec9d9a0b7556cc9c8fed6948341016cb30a411c10c,MASS_UNKNOWN_OR_OUTLIER
25034,vmm-47d4595fda7e1495201528886ccd95a935cf239f91a77f0d6db5b5cb86ecb4ce,MASS_UNKNOWN_OR_OUTLIER
25035,vmm-3f11605ee6041fe8852aef7ba9c886d13ae893efd25b521ce9faa9520460d7b1,MASS_UNKNOWN_OR_OUTLIER
25036,vmm-6f21c2c225c1c2e9ae0948d374797db5ff730abbe797095c20eba16d2f1c3280,MASS_UNKNOWN_OR_OUTLIER
25037,vmm-25a88f775ca09898440a746a9c6ed82fff3a899f091897d7e219617c2703472e,MASS_UNKNOWN_OR_OUTLIER
25038,vmm-53af655ae7753b00faa1a2761af679e74c7537885021d833ba86b8e743c7ab27,MASS_UNKNOWN_OR_OUTLIER
25039,vmm-27fe9a176e1c6046a71a7bd66e7faa3dba8684bc938eaa9f7af2f9c3748232cc,DISPLACEMENT_UNKNOWN_OR_OUTLIER;MASS_UNKNOWN_OR_OUTLIER
25040,vmm-d91214d6f8b4c9c1f19573caf3986c64a6bc1594c55c82bf31fe1e13f3a5abe6,MASS_UNKNOWN_OR_OUTLIER
25042,vmm-e39bdb2ac18f9b15c8378aeb8081a577592712e5543541e4e2ff3755f64811b1,DISPLACEMENT_UNKNOWN_OR_OUTLIER;MASS_UNKNOWN_OR_OUTLIER
25043,vmm-9a3e4083e304f131ec8875cc2434d5160a78be490c12eb3948e373b4180f8839,DISPLACEMENT_UNKNOWN_OR_OUTLIER;MASS_UNKNOWN_OR_OUTLIER
25044,vmm-983edc06bf705b870c7fc01ac9c4eeed44577f2a922c23c3d5cbcb0981350e14,DISPLACEMENT_UNKNOWN_OR_OUTLIER;MASS_UNKNOWN_OR_OUTLIER
25046,vmm-8dbb953fc0ea2065c77cf4f7919c5d807b4dde9347c37874b9014a0c148d2e1e,MASS_UNKNOWN_OR_OUTLIER
25047,vmm-43392df40a0be58622c01bf4a5b54f1f5057247457415fe74bdb5d86244cadd5,MASS_UNKNOWN_OR_OUTLIER
25048,vmm-c6d116400f4f75296139da7ba959af0e60ceff367301e8d95501db4dedde38af,DISPLACEMENT_UNKNOWN_OR_OUTLIER;MASS_UNKNOWN_OR_OUTLIER
25058,vmm-3759af66f6f75b577aa6295208626ee5164bec8d8867c5ec47e88193c4cff7b5,TRANSMISSION_LABEL_CONFLICT
25061,vmm-e10fb94d043f10758279c56827712bf149c9c3387295a1073cf04dac62bb93cb,MASS_UNKNOWN_OR_OUTLIER
25062,vmm-1e6c637445641aaa4536c38ee749e5fa0b628eefb993ebe3518e60422b565258,MASS_UNKNOWN_OR_OUTLIER
25063,vmm-073d4eccd9df20f544334db41459a9d03ab5e51fc657fcfc6908d4bbf66df959,MASS_UNKNOWN_OR_OUTLIER
25064,vmm-a3d5ba99cf9d7e7a8dbe10ccb479d89696ea10de0bfaffc9daf43b315d7f662c,MASS_UNKNOWN_OR_OUTLIER
25065,vmm-c1bed7964affbf4e1bec4f798639cdeab90b955ac136e064fb09614982248cb3,MASS_UNKNOWN_OR_OUTLIER
25066,vmm-b1881813c09de10888ab0e4286fcdc00d4c4968c4050226975a3d1a742cf4318,MASS_UNKNOWN_OR_OUTLIER
25067,vmm-789a3127bfa5702d49c3dacfc542132a1481231569998ea0c7b8825cdb769a76,HYBRID_COMBUSTION_FUEL_UNSPECIFIED;MASS_UNKNOWN_OR_OUTLIER
25068,vmm-b318cf1cb7556c950ed6ca0fe6a770c98edaab54d1f915f6f9f13a8d8559c02e,HYBRID_COMBUSTION_FUEL_UNSPECIFIED;MASS_UNKNOWN_OR_OUTLIER
25069,vmm-013d48ab3a0228ecd10d7e52f3e9c130a50785c7aec109711f133ad4cb43731b,HYBRID_COMBUSTION_FUEL_UNSPECIFIED;MASS_UNKNOWN_OR_OUTLIER
25072,vmm-b3ab6cba818e2d902e676f02a058ccabc12cab24ee5c51434aaf1cb6528165ac,MASS_UNKNOWN_OR_OUTLIER
25073,vmm-dc0b5c05b8b6c8ddc36cd0a3a906c40e91ce98b7fc68ee37e2a4301358c341e5,DISPLACEMENT_UNKNOWN_OR_OUTLIER;MASS_UNKNOWN_OR_OUTLIER
25074,vmm-29e980fa67a6630dcd043067ae6f440d9820f13f8502e86f8bee03c91aa970ec,MASS_UNKNOWN_OR_OUTLIER
25075,vmm-6d5c14a4b027a5772d34e5301924eba30e268f3da5eedc289ccb0c2a9e60b3d2,CYLINDERS_UNKNOWN_OR_INVALID;DISPLACEMENT_UNKNOWN_OR_OUTLIER;MASS_UNKNOWN_OR_OUTLIER
25076,vmm-5e73cb49142c72ccf1f2d7958bbf61fc6ed8b191fea5b94422378cff771c95c2,CYLINDERS_UNKNOWN_OR_INVALID;DISPLACEMENT_UNKNOWN_OR_OUTLIER;MASS_UNKNOWN_OR_OUTLIER
25085,vmm-37f0e884cd842148c02e26301e9fce50674974bb405e4bc0a36639237a08b114,TRANSMISSION_LABEL_CONFLICT
25091,vmm-d141614e53712563a93c1f5b05499920f92c111e4f588990c89c170b5e52a36a,MASS_UNKNOWN_OR_OUTLIER
25092,vmm-4e1c6d0c994584cdd0e195a6de1850fcb6fa68c7681385003849961533c30b8b,MASS_UNKNOWN_OR_OUTLIER
25093,vmm-0330dfa660048dbdec33ffb7473c86b148b574ab8ee226d1ec228f2ed2183a8c,MASS_UNKNOWN_OR_OUTLIER
25094,vmm-0b66584915f6d4a94c3d8216db8d0c9ad437a11d1f9469061ea27eb0b06b2743,DISPLACEMENT_UNKNOWN_OR_OUTLIER;MASS_UNKNOWN_OR_OUTLIER
25095,vmm-a183038df92ed47e475299e4fccd3c235aa0fdfda28434de96c0befac51ece5f,DISPLACEMENT_UNKNOWN_OR_OUTLIER;MASS_UNKNOWN_OR_OUTLIER
25096,vmm-750243f760929618d64041934dab2c8477836ff0da1228327257ad8470664c1e,DISPLACEMENT_UNKNOWN_OR_OUTLIER;MASS_UNKNOWN_OR_OUTLIER
25097,vmm-3f76711535f1a0238a7d89e7d34b5f62fcadf2afe60e90f0891cf0bd0ffd6327,MASS_UNKNOWN_OR_OUTLIER
25098,vmm-12b702d48e1d0d48fd907db02cf7773bce90a43309f62e5d92cf2af3dc68f5fe,DISPLACEMENT_UNKNOWN_OR_OUTLIER;MASS_UNKNOWN_OR_OUTLIER
25099,vmm-106dd15cc27ff16f50c0c05c534842c580eaed60e9c5977078ab1e60f9fc558c,DISPLACEMENT_UNKNOWN_OR_OUTLIER;MASS_UNKNOWN_OR_OUTLIER
25100,vmm-7a248fdc41d49fc41afa0ba2547170963e3cbb50d52f39c183ca5b324e0e3c0e,DISPLACEMENT_UNKNOWN_OR_OUTLIER;MASS_UNKNOWN_OR_OUTLIER
25101,vmm-b117d06687e443a3999eea583f20337e9c928efa0d53bd44b508e9dc3c6425b1,DISPLACEMENT_UNKNOWN_OR_OUTLIER;MASS_UNKNOWN_OR_OUTLIER;TRANSMISSION_LABEL_CONFLICT
25102,vmm-1f920407d94e5c41c710ad8fc5203a51b6da56e9234e68a07f8bb14f81f6beba,HYBRID_COMBUSTION_FUEL_UNSPECIFIED;HYBRID_FUEL_UNCERTAIN;DISPLACEMENT_UNKNOWN_OR_OUTLIER;MASS_UNKNOWN_OR_OUTLIER
25103,vmm-dccd3f49b8f00f2cdc614c3066416c854f53c44b5dc34c1fd3bb416cfd62cf8f,HYBRID_COMBUSTION_FUEL_UNSPECIFIED;HYBRID_FUEL_UNCERTAIN;DISPLACEMENT_UNKNOWN_OR_OUTLIER;MASS_UNKNOWN_OR_OUTLIER
25104,vmm-1799c42c6b707eb87aefaebd075160433262986d50f02e2539b6a38330a0efe4,MASS_UNKNOWN_OR_OUTLIER
25105,vmm-80ceb90e017ab513a76ede7547a38ba502703c5352b44ac84e9bbad1ab39200a,MASS_UNKNOWN_OR_OUTLIER
25106,vmm-645a55f71fae9481c7d625999acafc6b12b2ab4414225cdeb94b53b300a2c1bd,MASS_UNKNOWN_OR_OUTLIER
25107,vmm-d64eb7f4ac24374287c597bf18d589d967c12cd1ffc72aa417f76fe53729c22c,MASS_UNKNOWN_OR_OUTLIER
25108,vmm-02e27c16d17e855fda11c8f3fc2451e69199eacef1266bbdb6889efcd8142d5b,MASS_UNKNOWN_OR_OUTLIER
25109,vmm-f16cdc3927be04fef787e6e3b33d6d5dc5cfe246b349faa57781f7d4da190fab,MASS_UNKNOWN_OR_OUTLIER
25110,vmm-34e302e32a183a9e4e7df266dbfc74e587aa1a243760d732dabfafaeea84c07a,MASS_UNKNOWN_OR_OUTLIER
25111,vmm-9571a04d4eed22d1157e4102f68857e76f7e52c80aa5cd9f84594d98408ca38b,MASS_UNKNOWN_OR_OUTLIER
25112,vmm-1b68ac52822ead869da623b9c7d2ba5b76e06030dcef4d2fb1d32f7409eae6aa,MASS_UNKNOWN_OR_OUTLIER
25113,vmm-180d575b0e7aacf8931540a296946f8aea42557ed45cfc7d00d4a4f6801f1cb3,HYBRID_COMBUSTION_FUEL_UNSPECIFIED;MASS_UNKNOWN_OR_OUTLIER
25114,vmm-881817d932b80105ccfeaba39053a1f0ef663957cc56bef677edee01cc93a851,HYBRID_COMBUSTION_FUEL_UNSPECIFIED;MASS_UNKNOWN_OR_OUTLIER
25115,vmm-6d872ef0cc970802a17d126eaeaeb8d0d82c2d7e49a1027b9933ef017db07c9c,HYBRID_COMBUSTION_FUEL_UNSPECIFIED;MASS_UNKNOWN_OR_OUTLIER
25116,vmm-0ba31c7605402eb09429682d27410a79182b1c1d2817b7135d053d12b7881079,MASS_UNKNOWN_OR_OUTLIER
25117,vmm-5d8ce702bf22c5078f81e0c478db9ca480b926276a1cc2582a2a2e94cc0fb514,MASS_UNKNOWN_OR_OUTLIER
25173,vmm-73f489f27479dd388e478626d0a597b1d5836f2cf974683a36155e70266ca1c1,DISPLACEMENT_UNKNOWN_OR_OUTLIER;MASS_UNKNOWN_OR_OUTLIER
25174,vmm-3997b0b3b0a073b18ac939497d353c40c9ece7c4c5394320c8ee081cf6d5146c,DISPLACEMENT_UNKNOWN_OR_OUTLIER;MASS_UNKNOWN_OR_OUTLIER
25175,vmm-4e02ad8cdc5d8097a99e2787f06df815bafdfd5f4381673784378a94ed985bb1,DISPLACEMENT_UNKNOWN_OR_OUTLIER;MASS_UNKNOWN_OR_OUTLIER
25176,vmm-f7ab8db2de27a39874fc36948acfb9135c19a0ebe7631557e0850199d7f61665,DISPLACEMENT_UNKNOWN_OR_OUTLIER;MASS_UNKNOWN_OR_OUTLIER
25177,vmm-08726b0c7efb22712059cb548449b6a62cea7b7268f42a31cf1778227cd70c6d,HYBRID_COMBUSTION_FUEL_UNSPECIFIED;HYBRID_FUEL_UNCERTAIN;DISPLACEMENT_UNKNOWN_OR_OUTLIER;MASS_UNKNOWN_OR_OUTLIER
25178,vmm-230b2d1dcad57c9bb48a3e2a6d7facdee6a34cb6520a5527c68943bc43fbda44,HYBRID_COMBUSTION_FUEL_UNSPECIFIED;HYBRID_FUEL_UNCERTAIN;DISPLACEMENT_UNKNOWN_OR_OUTLIER;MASS_UNKNOWN_OR_OUTLIER
25179,vmm-a9c7c5e8761cc26ceb5bd1dc2aafb3e3ce15e6188e98d2f632183f7ccb08301b,MASS_UNKNOWN_OR_OUTLIER
25180,vmm-8edd4add1827aff6ff3989958f6584e8271b08c13d747d790cc4b1fa4801a9c6,MASS_UNKNOWN_OR_OUTLIER
25181,vmm-b0953d6d0642bb25fba92e68371a9e6191966c912cbb1e71ccd65f039e217cc7,MASS_UNKNOWN_OR_OUTLIER
25182,vmm-ff11b32a7b475bebcb0a7051816bd637b5ff0e5897a669c74cdd12f9e9abb0c4,MASS_UNKNOWN_OR_OUTLIER
25183,vmm-22e5eb14a21d74cad055f8ae86cb6970ad4070853d7b5a2fbffb8041f25b0511,MASS_UNKNOWN_OR_OUTLIER
25184,vmm-d9bea059f70ecc92da8f72e1425351d67595c9043a5b8500218308bc783891f5,MASS_UNKNOWN_OR_OUTLIER
25185,vmm-e4d16062a5e2b0772cf1418fc7d0a4a349ff280fad54ca53f150f159c1b3c1c5,MASS_UNKNOWN_OR_OUTLIER
25186,vmm-5b4f55ffc76e62a4df64b38e96415a3f8bc3a23f97fab3bb1061c3e611918cad,MASS_UNKNOWN_OR_OUTLIER;POWER_LABEL_CONFLICT
25187,vmm-a78976e1f0d7f67e315b0a289439dfc5b10aef1289fd699b60ca967f221b5e5c,MASS_UNKNOWN_OR_OUTLIER
25188,vmm-e4e6c3891b42f1a41dd2c3ab5e07c8c1a117a8aacad15894e9151d6ea97fcd27,HYBRID_COMBUSTION_FUEL_UNSPECIFIED;MASS_UNKNOWN_OR_OUTLIER
25189,vmm-34577f57d3ec148dabebcefde4f0ee37b1e79e95f2514f6655601cfccf5cc2ad,HYBRID_COMBUSTION_FUEL_UNSPECIFIED;MASS_UNKNOWN_OR_OUTLIER
25190,vmm-d7573b3b4065fac4d905ac08a7961cc8dc20da6cacde45ae4d1858247a042673,HYBRID_COMBUSTION_FUEL_UNSPECIFIED;MASS_UNKNOWN_OR_OUTLIER
25191,vmm-826bc58d6f38aa6fe85119fa1e5700b765368aeaaac3a5cb6c18f645a372b1cf,MASS_UNKNOWN_OR_OUTLIER
25192,vmm-a1b52077ed68aad314ae7d5140c9fa7337ab7bf2752268bbb852bc497ed3aeeb,MASS_UNKNOWN_OR_OUTLIER
25237,vmm-66af0aa4b857d6f073eef71d52ab03550dc78d62ef350a564b75f8c4d66ac3ed,DISPLACEMENT_LABEL_CONFLICT
25238,vmm-eee0d5356c9de519a0bfa9e16b6c66f67875c7e23e63db5d7421015b02f0082a,DISPLACEMENT_LABEL_CONFLICT
25239,vmm-b96348bcce2f091fe775b96b429fbcf7acda5ba298adc0b65fe4642a0949757b,MASS_UNKNOWN_OR_OUTLIER;DISPLACEMENT_LABEL_CONFLICT
25248,vmm-5dddbc738f322b85b3ce4a4c21a2aa7207c1646cc3d9129ca6e196ccfe2bf2fd,HYBRID_COMBUSTION_FUEL_UNSPECIFIED;HYBRID_FUEL_UNCERTAIN;CYLINDERS_UNKNOWN_OR_INVALID;DISPLACEMENT_UNKNOWN_OR_OUTLIER;MASS_UNKNOWN_OR_OUTLIER
25249,vmm-056bdd4a76b91a5fc9cafdf0c0fb2ce82324a8e3e9b4ce78d7140363b2dc557b,HYBRID_COMBUSTION_FUEL_UNSPECIFIED;HYBRID_FUEL_UNCERTAIN;CYLINDERS_UNKNOWN_OR_INVALID;DISPLACEMENT_UNKNOWN_OR_OUTLIER;MASS_UNKNOWN_OR_OUTLIER
25250,vmm-d94fa848c5c9c2861635192da56f38535e5f77bf43149d80cf9c3f78d6c175ca,HYBRID_COMBUSTION_FUEL_UNSPECIFIED;HYBRID_FUEL_UNCERTAIN;DISPLACEMENT_UNKNOWN_OR_OUTLIER;MASS_UNKNOWN_OR_OUTLIER
25251,vmm-18879d5b3d47fea4b550c3fe7dbaf8a04a089ec6398a7d5bfb36554289a65a32,HYBRID_COMBUSTION_FUEL_UNSPECIFIED;HYBRID_FUEL_UNCERTAIN;DISPLACEMENT_UNKNOWN_OR_OUTLIER;MASS_UNKNOWN_OR_OUTLIER
25269,vmm-95516d8aae49448bb53ff2262f006955b8b243b3d4c99fb38df765ca77d83453,HYBRID_COMBUSTION_FUEL_UNSPECIFIED;HYBRID_FUEL_UNCERTAIN;CYLINDERS_UNKNOWN_OR_INVALID;DISPLACEMENT_UNKNOWN_OR_OUTLIER;MASS_UNKNOWN_OR_OUTLIER
25270,vmm-82d6ca21dea36ace09a4aaef7bb232846b884771938935228ca9939d8d81c3b3,HYBRID_COMBUSTION_FUEL_UNSPECIFIED;HYBRID_FUEL_UNCERTAIN;CYLINDERS_UNKNOWN_OR_INVALID;DISPLACEMENT_UNKNOWN_OR_OUTLIER;MASS_UNKNOWN_OR_OUTLIER
25271,vmm-5bd8fdfdb46bc0901acbe1987fd4811ff24420476fdf4015fd3b4691720cf078,HYBRID_COMBUSTION_FUEL_UNSPECIFIED;HYBRID_FUEL_UNCERTAIN;DISPLACEMENT_UNKNOWN_OR_OUTLIER;MASS_UNKNOWN_OR_OUTLIER
25272,vmm-eec9e0ba384598d518b5942d40d215670fda9eeb6272eb6c08c43428cefac44b,HYBRID_COMBUSTION_FUEL_UNSPECIFIED;HYBRID_FUEL_UNCERTAIN;DISPLACEMENT_UNKNOWN_OR_OUTLIER;MASS_UNKNOWN_OR_OUTLIER
25289,vmm-678e3c2e7efb12dd44a348a4dbd5b7faa79e0ce4efa8ad6793254f0d9b3338ad,DISPLACEMENT_UNKNOWN_OR_OUTLIER;MASS_UNKNOWN_OR_OUTLIER
25290,vmm-b5b42be9039e9c84461dc76a98b9761a00e0c96aca6f027a950c4cfb2b7d75d0,DISPLACEMENT_UNKNOWN_OR_OUTLIER;MASS_UNKNOWN_OR_OUTLIER
25291,vmm-9a3e8fd8e2872e1ef2a170ff2a27762799e2cad742600f5eb4f5fdd08aa5288b,DISPLACEMENT_UNKNOWN_OR_OUTLIER;MASS_UNKNOWN_OR_OUTLIER
25292,vmm-16e7a5807c0084777627d5bac7a2ade0880692479acf29ed863a9e94698b49d0,DISPLACEMENT_UNKNOWN_OR_OUTLIER;MASS_UNKNOWN_OR_OUTLIER
25293,vmm-f3e24a18ff640ab669a226ff85698e15506df0584be2487487e0a6eefd51e915,DISPLACEMENT_UNKNOWN_OR_OUTLIER;MASS_UNKNOWN_OR_OUTLIER
25294,vmm-8d93e74eecc35b9b43b1aae23a66475351c4ed7d54e0bdee6c6935c78d514f8f,HYBRID_COMBUSTION_FUEL_UNSPECIFIED;HYBRID_FUEL_UNCERTAIN;DISPLACEMENT_UNKNOWN_OR_OUTLIER;MASS_UNKNOWN_OR_OUTLIER
25306,vmm-ca3bb039d0be6baa4a0bc274ba778c47cbc455da56b2f91f8dd7b091c04751cc,TRANSMISSION_LABEL_CONFLICT
25307,vmm-89a8645ef0f9f97502d4e2035b71ffa141cd96e5d931702b7517f974cfab409b,TRANSMISSION_LABEL_CONFLICT
25316,vmm-7972c0bbd875804a557caf234b675746e88d48c25dbcc0d938879e7ce96eecb7,MASS_UNKNOWN_OR_OUTLIER
25317,vmm-0bf4f713a2c866f95437136965ed87245150171dd107a7f8d3110b34e7454e44,MASS_UNKNOWN_OR_OUTLIER
25348,vmm-2ed4f110b39e36300d6bc5677b5049997641beea1b038b88e6b002420eb6e9e0,MASS_UNKNOWN_OR_OUTLIER
25349,vmm-da430a47c3980229e3bf1e5032d19ef144281fda57edf9178bda9c7d3af76de7,MASS_UNKNOWN_OR_OUTLIER
25350,vmm-af99d47291d8e0aa981d83815f50557a9cdad2b902c6ce6a7434cbdee12206f9,MASS_UNKNOWN_OR_OUTLIER
25351,vmm-abf1ad956efdaaf7a013ead03a911ecd1400059cd0fa9fdd28c51e9057789ef5,MASS_UNKNOWN_OR_OUTLIER
25352,vmm-92371f5abbe090b039848daadbe26b0f7df339c7c98fac3728963ca2a62d521a,MASS_UNKNOWN_OR_OUTLIER
25354,vmm-39f9d7591b015eb138df7502f94a67236d80dd20453bfd998f9ad966358ea9d7,MASS_UNKNOWN_OR_OUTLIER
25355,vmm-06ce905bda49ce5cced3925661d5d0ea3ea07b603beb5e069aa3717555473915,MASS_UNKNOWN_OR_OUTLIER
25356,vmm-b06619f94a8de2b160089fb3e37f18f9d58554117fa0390c696b6ffb1394d871,MASS_UNKNOWN_OR_OUTLIER
25357,vmm-10915731879c592b54343609c0727144e2aff4cf7d48a67b3aaadc78f363bae0,MASS_UNKNOWN_OR_OUTLIER
25358,vmm-0a6ec795559bf252a060a483c0d6988b15c28109e5f36aa9f1336fc12cf0a563,MASS_UNKNOWN_OR_OUTLIER
25359,vmm-b7f5ad676d8a0f02eeb2b463223eb86f71163b984cef897e8a68f53fede8f650,DISPLACEMENT_UNKNOWN_OR_OUTLIER;MASS_UNKNOWN_OR_OUTLIER
25360,vmm-5a54b03e85c2311d09d16c712b57a6332cfb75c5a135b0d2f01b814b9a837c1b,DISPLACEMENT_UNKNOWN_OR_OUTLIER;MASS_UNKNOWN_OR_OUTLIER
25361,vmm-80c709b592e0f889d307537e379e27aaeaaf24a34218b08fa6129f63b556720c,DISPLACEMENT_UNKNOWN_OR_OUTLIER;MASS_UNKNOWN_OR_OUTLIER
25362,vmm-a2076fa84572ed4b6c9dbcaca9e998478e1fb9c8081a88c85fcb49a82c5648f7,MASS_UNKNOWN_OR_OUTLIER
25363,vmm-9b586988ce89aa1ca6c911c10b7dcb91cae612abf81a908fce7190cd6705b5d4,MASS_UNKNOWN_OR_OUTLIER
25366,vmm-868174708824ef54072ed11f8c35695a6765e4e9d830ab15cf01e0188e342f8e,HYBRID_COMBUSTION_FUEL_UNSPECIFIED
25367,vmm-654a5a280cff913a7f201fced3ea6d5b6e890fb32e0789d3d50bbb4097be9588,HYBRID_COMBUSTION_FUEL_UNSPECIFIED;MASS_UNKNOWN_OR_OUTLIER
25375,vmm-2262dc4a2f80eb93449ddefd4c9d7b15087d261c1b9eefd0e60e3865fc640c64,TRANSMISSION_LABEL_CONFLICT
25377,vmm-44e3a29c398c436c96be21f45e409ee748ad8ee8112800419a7c7413f31d5679,HYBRID_COMBUSTION_FUEL_UNSPECIFIED
25389,vmm-50ccebef2a906eb26c3813649a08d70b3eba7c34802fbdb745f989d753544ec4,MASS_UNKNOWN_OR_OUTLIER
25391,vmm-2cea56c0f0ab7ed52d6493f18fe25504c180cce963ccf8705e963014e239ec1e,MASS_UNKNOWN_OR_OUTLIER
25445,vmm-b13f40ee4a4c3b2f63b12ab8c60fe610745d6e0a5e563e54c051011857f9b7ee,MASS_UNKNOWN_OR_OUTLIER
25446,vmm-6f5c4f6346a1790a575139101ced5ffd6ca88e9ea1fcb4faa03343adfaa697c9,MASS_UNKNOWN_OR_OUTLIER
25449,vmm-0a77c941ed4bf5122673ad35cd45876a04c1b93592b834b37494561fe4115f32,HYBRID_COMBUSTION_FUEL_UNSPECIFIED
25450,vmm-3e634261fad41fd7bcf59891cb5d4716b6d29fabc065dfbd95740fc0546b3b26,HYBRID_COMBUSTION_FUEL_UNSPECIFIED;MASS_UNKNOWN_OR_OUTLIER
25453,vmm-f7604f9574fd968d5cb6a248f7240b4ef3dcc8a355e45c5886bd2975c6c9c836,HYBRID_COMBUSTION_FUEL_UNSPECIFIED;ROUNDED_FOR_INTEGER_STORAGE
25470,vmm-5c6a8efc11ea79549cc93aa879ef12fc8fb359086c18f95efca207f49b34f3c5,POWER_LABEL_CONFLICT
25497,vmm-5bd5d341ed865176833ed66145c46c709c4fde1c8e0ae29c3407152453be112b,CYLINDERS_UNKNOWN_OR_INVALID
25528,vmm-781578217f8ea4135a1dabbcf33a0f9b1ee92b35dcd1ab727dcc5d4c0a791865,MASS_UNKNOWN_OR_OUTLIER
25532,vmm-f15846c67ca5a82e6f9da5d6cf26d2c789b6879e09b3c8f05c66b865200226e3,MASS_UNKNOWN_OR_OUTLIER
25533,vmm-e43c2caf47c2150f24b64a35dcbf3e9dccc04b85939aaf9dd5fd4c6c0667c4b8,MASS_UNKNOWN_OR_OUTLIER
25534,vmm-5295f157346295f7d066df2a72653d782bfff29291724f279062016becf487c7,TRANSMISSION_LABEL_CONFLICT
25537,vmm-19fc38ba92acf90c99af86de282a24360b0b5cc32a78e856f720e8511a3b39fc,MASS_UNKNOWN_OR_OUTLIER
25539,vmm-4260a77cdd60493daf6550c8d8a0c794716211049477c9e9684c7b51136bc4ef,MASS_UNKNOWN_OR_OUTLIER
25542,vmm-38562646864e34cd8edfaedcb38163192986f29ea21f776b1c35e050f9afafc5,MASS_UNKNOWN_OR_OUTLIER;ROUNDED_FOR_INTEGER_STORAGE
25543,vmm-4ed124f32fc5b6be09a745f036be533329f59a582fe8aea2aaa538e836120e9e,MASS_UNKNOWN_OR_OUTLIER;ROUNDED_FOR_INTEGER_STORAGE
25544,vmm-bc85e334fd87865b004f68545c81571b833e68caf3a6b6a4a4311b869fa5c7ce,MASS_UNKNOWN_OR_OUTLIER;ROUNDED_FOR_INTEGER_STORAGE
25546,vmm-09085311fa56e860c8b380b1f4a3d316d9f2e1f14502b7d12acccddaa936b7ca,MASS_UNKNOWN_OR_OUTLIER;ROUNDED_FOR_INTEGER_STORAGE
25548,vmm-b153b106ff22fd2e7be17c58cdf76f36eca4120de2cb4f85a1cd96e7b2d940e8,MASS_UNKNOWN_OR_OUTLIER
25551,vmm-b0c81e47c9cea11fe01ecddd696a5c3d0ec13d13ac83b315eb51539edbc9a8bc,MASS_UNKNOWN_OR_OUTLIER
25559,vmm-eb6effc14c7df747f72107fa698f8b0732703f36aa1bc00788c03d691828c0f1,MASS_UNKNOWN_OR_OUTLIER;ROUNDED_FOR_INTEGER_STORAGE
25561,vmm-6e249f905af1fa7cc78927354cfd92a36a61e9af8bd5d3cbb39bf2a9a0b60045,MASS_UNKNOWN_OR_OUTLIER
25570,vmm-719cfa58ab9ab870207767a2f66b3299ee871afb6d26239ec593b01e3c694859,TRANSMISSION_UNKNOWN
25571,vmm-eba450b975d9f6138384185c641aeccf9fef633b825602eda5ccdb467fbf2ed2,TRANSMISSION_UNKNOWN
25578,vmm-24a3f92b927777ce2536d6229099730b1d1074475a8b05ce68302a0c1ced8181,DISPLACEMENT_LABEL_CONFLICT
25586,vmm-124db6636ec5b9793b66094dbab051ba1624f168e125587a8a9f112bdbdeb934,MASS_UNKNOWN_OR_OUTLIER;ROUNDED_FOR_INTEGER_STORAGE
25615,vmm-32ed59260da92a6290f0bf22ec35b55704db7be3794b9bc21568cbcc9d77a4f7,EXOTIC_QUOTE_REQUIRED;ROUNDED_FOR_INTEGER_STORAGE
25616,vmm-23f1f40bb911d52094c6721b37b32d3db0719198828b1c9a6adb534b055328c9,EXOTIC_QUOTE_REQUIRED
25617,vmm-be8588af538f9556673bfb0106999bad5406019b6bb9b68951bbcc27e6e95252,EXOTIC_QUOTE_REQUIRED
25618,vmm-aa1e78cc9028f89a9e33c48a27efec2db28f21789080e9bf22cd4da56adcd834,POWER_UNKNOWN_OR_OUTLIER;EXOTIC_QUOTE_REQUIRED
25619,vmm-af1d73c7cf1e6fca45cb316a9a99d166d5a23d527697d3a00910f03b8d5a8bf1,POWER_UNKNOWN_OR_OUTLIER;EXOTIC_QUOTE_REQUIRED
25620,vmm-8bbc99c650dbbddeeae0e73b16dcc87e9292c0c2d295aeae40247aea859da5d0,EXOTIC_QUOTE_REQUIRED
25636,vmm-ccf546f5827886383d96251c8aca4c2c7b89d323a951db564a1f492c1db0c04e,MASS_UNKNOWN_OR_OUTLIER
25637,vmm-229f26963ac22ea0a1f602426e48f1cc167032712cff7b07e86e3802c5d6ff69,MASS_UNKNOWN_OR_OUTLIER
25638,vmm-90da931486b8ef881a43a55a5057569acfae3ea8a27ba37334e6386d1c873f9c,POWER_LABEL_CONFLICT
25642,vmm-7d01c0f2b23e3b9d8883e441cf5736cd3a3f0c1b88a0eac4259ae832add390aa,TRANSMISSION_LABEL_CONFLICT
25671,vmm-19cde1fc11992dcab57e4132413331db261f322498ddf6559c36df239534aa97,DISPLACEMENT_UNKNOWN_OR_OUTLIER;MASS_UNKNOWN_OR_OUTLIER
25676,vmm-99edfeb19d777276ce7f404e54ef4d082c5f2a874383a7aec1506b1c71e9332f,TRANSMISSION_LABEL_CONFLICT
25704,vmm-dc0f845092ac0990f7d2b48df2d71633193c79761b4d604b2ec396f12bddb65d,DISPLACEMENT_UNKNOWN_OR_OUTLIER;LEGACY_QUOTE_REQUIRED
25705,vmm-b212acb05d50c61b43f4f6da2eaa9082b8774f3bac718119a0e50c29a68a572b,CYLINDERS_UNKNOWN_OR_INVALID;DISPLACEMENT_UNKNOWN_OR_OUTLIER;MASS_UNKNOWN_OR_OUTLIER
25707,vmm-41b6be9831b0373fde440e4471531a62d8480cebf29aafbeb1b4113572e35d38,TRANSMISSION_LABEL_CONFLICT
25709,vmm-1b48b1fcaa7026a3ce6a00740f9888a18ab6fc85e7aa9e5724aee3e7f77cda02,TRANSMISSION_LABEL_CONFLICT
25712,vmm-0632af1007f3e37c21e0ed6c62a1056561a5571ce949b2d7470ce29d40f8611a,ROUNDED_FOR_INTEGER_STORAGE
25717,vmm-f22b420f276515169681928f5b2dca29cb593b7834b83781443edc0652e07dbf,HYBRID_FUEL_UNCERTAIN;DISPLACEMENT_UNKNOWN_OR_OUTLIER;MASS_UNKNOWN_OR_OUTLIER
25718,vmm-b05c856147bad6a70f54ffac8e34eb00474100179072f9f1beb9e259ce09e417,MASS_UNKNOWN_OR_OUTLIER
25719,vmm-b78f83df457836b8569226f38666d8d0aeedc67b755a5171e435802da8d209dc,MASS_UNKNOWN_OR_OUTLIER
25720,vmm-445c70d984662512323d540f3af4904252da1f216c15dd8dcc6e118f431e5166,MASS_UNKNOWN_OR_OUTLIER
25721,vmm-f5d7c8b0e0fcb8444c7476b60321b0a596c21fadc18d24fd5ab7297196a746b7,MASS_UNKNOWN_OR_OUTLIER
25722,vmm-d98f540424f96d78bf997310dcf623f9b3808ce4c597cd6bb056d72d665a254d,MASS_UNKNOWN_OR_OUTLIER
25723,vmm-a9127c71d656730c7732d9f36585df5351e34398d2daf815d34fe794af9302b5,MASS_UNKNOWN_OR_OUTLIER
25724,vmm-52288d60b5ec2facd5d37026da1b760ad2bca866e27841eb2df22c7538d60d36,HYBRID_COMBUSTION_FUEL_UNSPECIFIED;MASS_UNKNOWN_OR_OUTLIER
25727,vmm-f251e044ae1f4f19da76f74325b33ce9ef62394df5d5f95b1f7b077556279b18,DISPLACEMENT_UNKNOWN_OR_OUTLIER;MASS_UNKNOWN_OR_OUTLIER
25729,vmm-635f0ef6965dd5ce42876930480d37459dfeba6c767191d78b426d56ef5a3f96,MASS_UNKNOWN_OR_OUTLIER;ROUNDED_FOR_INTEGER_STORAGE
25730,vmm-3c78c48512b30a537315b9b0dddf071a008e8e45fa4a457ad87c0b2259fea520,MASS_UNKNOWN_OR_OUTLIER;ROUNDED_FOR_INTEGER_STORAGE
25731,vmm-17c5899b4ede666e0f1f49bdcd6a91c43a823ef622f59cdc0bbe1d3c09629239,MASS_UNKNOWN_OR_OUTLIER
25732,vmm-ba3b6c16dccda9b79b2214280f33622efe05486a3d718ec516f815aa4933160b,MASS_UNKNOWN_OR_OUTLIER
25735,vmm-5a1c2d5510507af81e9ac674bcaa259bfd70c35d71cb4433f11f8f38bb3b5b6c,HYBRID_FUEL_UNCERTAIN;DISPLACEMENT_UNKNOWN_OR_OUTLIER;MASS_UNKNOWN_OR_OUTLIER
25736,vmm-492a8fd1bf203eda439e8bee0a016e7a102632315f5ec447257395b63b543239,HYBRID_FUEL_UNCERTAIN;DISPLACEMENT_UNKNOWN_OR_OUTLIER;MASS_UNKNOWN_OR_OUTLIER
25737,vmm-ba33d1213997b5a9e3364c1e1290345cf15a7e951a605309ab348a17996192dc,MASS_UNKNOWN_OR_OUTLIER;POWER_LABEL_CONFLICT;ROUNDED_FOR_INTEGER_STORAGE
25738,vmm-b7d8056174279e5898d5b84b266685a724b284210333a677bbb2402f150ae82b,MASS_UNKNOWN_OR_OUTLIER
25750,vmm-1470f5cd21a20d4de6905aa4a2ccb43d4823965709af78f4779610b6c57bab10,POWER_LABEL_CONFLICT
25761,vmm-c74973ecd94077a4dfad23e2b00afe7e3675060535b4915e2966dd07891d43f5,POWER_LABEL_CONFLICT
25765,vmm-041199a2c4e4dd2854bd4624ba9e26547232e959dbead71f368c4fb9707dbf19,MASS_UNKNOWN_OR_OUTLIER
25766,vmm-cefb15bb1ce9fb58dfff76a1c8c88aaedb9359345225f2e131ba145595cb842e,MASS_UNKNOWN_OR_OUTLIER;POWER_UNKNOWN_OR_OUTLIER
25767,vmm-e8298d7db7eb71f5d7b81107657bd557e185f6f9307a8ff03350d4ad17df88cc,DISPLACEMENT_UNKNOWN_OR_OUTLIER;MASS_UNKNOWN_OR_OUTLIER
25768,vmm-d346202481accbcfbff7c900f44ae92008041aee468e1a4bb9bfc775fba4f807,DISPLACEMENT_UNKNOWN_OR_OUTLIER;MASS_UNKNOWN_OR_OUTLIER
25769,vmm-c88711eae5341993cb087cf8f26fef62345c1fbea5354151e73bcf6045f072c5,MASS_UNKNOWN_OR_OUTLIER
25770,vmm-8cc7e8edaf142779ad291456814fc82a938367b4daa03f1a2332ecf356aa427e,MASS_UNKNOWN_OR_OUTLIER
25771,vmm-9a092eea172c3fcdae1e6f113ebd2fc5829574b87cf5b9267e443d20074ad109,MASS_UNKNOWN_OR_OUTLIER
25772,vmm-34db51bf18a564e15f4d65218531f8ebc9c8b9afcdbe8c2bd6a11e36d1767a87,MASS_UNKNOWN_OR_OUTLIER
25774,vmm-e19f700002154b5e2ccb5ef396184176afbda986edb829ef0622a51445ac771a,MASS_UNKNOWN_OR_OUTLIER
25775,vmm-e8e545deae678c78fd5839b9919658cc248d2293af4774365ae22fa975baf6dd,ROUNDED_FOR_INTEGER_STORAGE
25776,vmm-2e392b86053561c9dbe48b21e43a9e719b45622c1aeb9837f50427ecefe6fd99,ROUNDED_FOR_INTEGER_STORAGE
25836,vmm-bfb675e8a1363a58c45657f12ec8dcd1b10cc6da62e978895e48520e16a27d1a,DISPLACEMENT_UNKNOWN_OR_OUTLIER;MASS_UNKNOWN_OR_OUTLIER
25837,vmm-28dc6586fb73d2f4b72297348a1ac521d2dab02897701236da6cdce5f095f282,DISPLACEMENT_UNKNOWN_OR_OUTLIER;MASS_UNKNOWN_OR_OUTLIER
25838,vmm-0a0a9ad175698a543fbb6cd11087ef105fa7443ce20a92e55dadc470dacadd09,DISPLACEMENT_UNKNOWN_OR_OUTLIER;MASS_UNKNOWN_OR_OUTLIER
25840,vmm-ed90b6d0603e6e2dfc4dc6a53ffac3fae49f509565a05935bde60d8dc2f1e6fe,SHORTENED_LITERAL_DISPLAY_DESCRIPTION
25891,vmm-783cdbe238ec477a6e4869b1a28c449feaed4291a650e637dbe7aae7961dfc08,MASS_UNKNOWN_OR_OUTLIER
25903,vmm-6265ca7b99771cad167dcda187bab23bdbc18f4bff4e64cafa36ad6e32d5933f,LEGACY_QUOTE_REQUIRED
25904,vmm-68fef8f0bde5f2d643c026902accbd26d02b0b874e65764bcb6c5432dff29983,LEGACY_QUOTE_REQUIRED
25905,vmm-893767ef8fbc397d322c7dcd4dad9e064abc5bacfdce97ffda7345b48e0384c8,LEGACY_QUOTE_REQUIRED
25906,vmm-2965481f01174556d54ef3d2c9c9bcb5e0090a02d3f1e36a9bfbc7b770af6e16,LEGACY_QUOTE_REQUIRED
25907,vmm-284778e49c8e709ff7ffc9287f49e7a3110ff49722ad8337b8eac7479429d36b,MASS_UNKNOWN_OR_OUTLIER;ROUNDED_FOR_INTEGER_STORAGE
25908,vmm-e1f139804e59f84fc774cab39e983bc509892118ef77434d06ce4c45dda8e251,MASS_UNKNOWN_OR_OUTLIER
25911,vmm-f3dfd31cc25fa400420c04a98e58b5d087fac7d0803257a3c85246350631eb7f,MASS_UNKNOWN_OR_OUTLIER
25912,vmm-8f90744fdf7369c24e10e1c23c393cb54ffe6bf5b8e1d46ecb7ca5153dfcc347,MASS_UNKNOWN_OR_OUTLIER
25913,vmm-e9e58d5f70a709960b38f452e4c296970adcf7216da514b3985cf4f3269f147a,MASS_UNKNOWN_OR_OUTLIER
25935,vmm-5f482f1caa7631a1ad95e2a252bf0f231ba2f261f4f885f51cb7a5d5f0642df1,POWER_LABEL_CONFLICT
25939,vmm-eefee7fd9276174c5cb440def8de88bf887f8332bc2b9f896c93a2db476b6741,MASS_UNKNOWN_OR_OUTLIER;ROUNDED_FOR_INTEGER_STORAGE
25940,vmm-5a0b9b697881e93e312ad49c9d22201d8cfe3d9faaa62430beeb6e7508c84405,DISPLACEMENT_UNKNOWN_OR_OUTLIER;MASS_UNKNOWN_OR_OUTLIER;ROUNDED_FOR_INTEGER_STORAGE
25946,vmm-22f12799b6816bcbad227d640d9ab7a5e8e8f4a66c0164027ab6183dbc4761f2,DISPLACEMENT_UNKNOWN_OR_OUTLIER;MASS_UNKNOWN_OR_OUTLIER;LEGACY_QUOTE_REQUIRED
25947,vmm-9e4c9ec9cd5bc3cb5a2d28983d6007bafd21160c76f560a585a40c4d97a75125,MASS_UNKNOWN_OR_OUTLIER
25955,vmm-2bc94c3106f5dc2c6afb3eda38b1d9debd602edcbb305584ac30885f660d3437,MASS_UNKNOWN_OR_OUTLIER
25965,vmm-ee332056ad79a21c696b5ce7422295c33f96611dac94484b5d975dc7bf4ddda6,DISPLACEMENT_UNKNOWN_OR_OUTLIER;MASS_UNKNOWN_OR_OUTLIER
25966,vmm-85db6b127528cadbd5fcf8b71eeb08b2a061d5728700e0ecd4cb31eecb40161d,ROUNDED_FOR_INTEGER_STORAGE
25967,vmm-c66b79be184978dd08d158749b2341fa98aa6554856c5b9f7fd14a28462596d9,TRANSMISSION_LABEL_CONFLICT
25975,vmm-edc4bda2b5152621ae3d1dc8cb48b46c6bc07692ca2bf383b01f1e8c27407ddf,HYBRID_COMBUSTION_FUEL_UNSPECIFIED
25999,vmm-13c87f47bca9841fa65cf8c2940156f8ffd17f674aec3c7549e7775de4356862,HYBRID_COMBUSTION_FUEL_UNSPECIFIED
26009,vmm-ce2e7be3bdf1924ee614efca4b2848a899f8061bac7dac1edfdfffdb4bbcd7f5,MASS_UNKNOWN_OR_OUTLIER
26013,vmm-be509c72f84949a112cb5e7d1a9211a044822f668f39bfda2f3b36bf214c46d7,TRANSMISSION_LABEL_CONFLICT
26022,vmm-9749314cbc0f9330d6a9948f157105df55f33fb7db6dfb7af9fd08fdbad6617e,TRANSMISSION_LABEL_CONFLICT
26035,vmm-2c9b35ab983169ddabdfdbdcaf822798069c11ac224961d53c5071a78c654533,LEGACY_QUOTE_REQUIRED
26036,vmm-c480c162c11bc83a23d0259388e2a8838305f23d89f11144fc98730895bc3924,LEGACY_QUOTE_REQUIRED
26037,vmm-eed1695ddd9ff68fefeffd41de440a265cc83a2ba791dea7e30e2a7998fc08cd,LEGACY_QUOTE_REQUIRED
26038,vmm-b77524aeca19408074916705f715c6ae6f028c9e891f9517716a0e327ccca315,LEGACY_QUOTE_REQUIRED
26047,vmm-49a9595f121c8880e5a181ab0ce162794aee490e3180217184982fe956256ea0,MASS_UNKNOWN_OR_OUTLIER
26049,vmm-c4cc9f64cb0a6a6450dec4633a41a5be12addd9de484dba7260406f5ad1dbee2,MASS_UNKNOWN_OR_OUTLIER
26051,vmm-368b49c6b4d339245cc3664b1c818e5a8fce11fab36b22fec1e14cd766047d57,HYBRID_COMBUSTION_FUEL_UNSPECIFIED;MASS_UNKNOWN_OR_OUTLIER
26052,vmm-1003682314f843ab8fa50fa4042b326a26a51c632261c91208c460b80f1191c1,HYBRID_COMBUSTION_FUEL_UNSPECIFIED;MASS_UNKNOWN_OR_OUTLIER
26053,vmm-8c488374933206c8577da29c58dee324b4a2fedfb727e653c88dec034f17ee62,HYBRID_COMBUSTION_FUEL_UNSPECIFIED
26054,vmm-1ab3f8eb1190ec4ae6e3b391d5c9f03c2a154e1e97b285b34a7898e7dd18e754,HYBRID_COMBUSTION_FUEL_UNSPECIFIED
26055,vmm-6a838f06272193a625233f9c71eedbaa54a252842a1c67d236e475296c454fcd,HYBRID_COMBUSTION_FUEL_UNSPECIFIED
26056,vmm-f03bbf702cf0601e15b7029a085b82e9ac984a1d7926da93a7c14408bcda9039,MASS_UNKNOWN_OR_OUTLIER
26057,vmm-ff1a2265362e0aa19ec8c6ffa7fedecf255001678f9bb3d0a34f17c8b791133e,MASS_UNKNOWN_OR_OUTLIER;TRANSMISSION_LABEL_CONFLICT
26058,vmm-c0771be057f39e1910ec5a1ddf3c71964d0253894406975850428eb193967fad,MASS_UNKNOWN_OR_OUTLIER
26073,vmm-3e05ffbab8d250b7411295c5d2087a6660b3be52d53f3938d4b7891fc4313bdb,CYLINDERS_UNKNOWN_OR_INVALID;DISPLACEMENT_UNKNOWN_OR_OUTLIER;MASS_UNKNOWN_OR_OUTLIER;POWER_UNKNOWN_OR_OUTLIER
26074,vmm-e487a22dbda85d7fed652f454cfc652e11baee18879317c02901805a0d8bf897,CYLINDERS_UNKNOWN_OR_INVALID;DISPLACEMENT_UNKNOWN_OR_OUTLIER;MASS_UNKNOWN_OR_OUTLIER;POWER_UNKNOWN_OR_OUTLIER
26086,vmm-c20c4441796f9d1006af7b6834e75cae54a65c7f3c5d506b447f0dad8f3b3b00,POWER_LABEL_CONFLICT
26093,vmm-3e1183ef6015b3ecb2dc614a63f4f40f20a90d43ab8c58256743830150ef742a,MASS_UNKNOWN_OR_OUTLIER
26095,vmm-23e43e487a54b870f724d51f76910b26c3b7c716a26fe87e415dc47b86853e99,HYBRID_COMBUSTION_FUEL_UNSPECIFIED
26096,vmm-8cea326b025dda0ef0f1327a40ce9629bb17a8ab74dc7e155a510be178999303,HYBRID_COMBUSTION_FUEL_UNSPECIFIED
26097,vmm-39185efdf9b5118b4785e7b5d79de49b6c46dee94b697d2e93187b925781fc55,HYBRID_COMBUSTION_FUEL_UNSPECIFIED
26098,vmm-6736f123ca97a6bdf560c3d7fd6fbfb5c3d242f6c1cb404d603387976b5312e0,HYBRID_COMBUSTION_FUEL_UNSPECIFIED
26110,vmm-786dbf40fcdfc25e94bc81da931bde82b93600bda0f23743d6ec7c18b8708a79,MASS_UNKNOWN_OR_OUTLIER
26111,vmm-d297f8ca84b02de2f2704a491ff85fee8d5578bef46c4e4cb65bf2773aac9d25,HYBRID_COMBUSTION_FUEL_UNSPECIFIED;HYBRID_FUEL_UNCERTAIN;DISPLACEMENT_UNKNOWN_OR_OUTLIER;MASS_UNKNOWN_OR_OUTLIER;POWER_UNKNOWN_OR_OUTLIER;TRANSMISSION_UNKNOWN
26112,vmm-d1d76f07caaa275cfa2af16f15c4148c31637ae8c388704587877ae38632e007,HYBRID_FUEL_UNCERTAIN;CYLINDERS_UNKNOWN_OR_INVALID;DISPLACEMENT_UNKNOWN_OR_OUTLIER;MASS_UNKNOWN_OR_OUTLIER
26113,vmm-3bfceeee644871185340c03f76429e45d3eba13606b290a48fadabcd3f32d183,MASS_UNKNOWN_OR_OUTLIER
26117,vmm-33c1cf472d14bddb368e99aab965f286b44290d42de51678ffbf0497552579ab,HYBRID_COMBUSTION_FUEL_UNSPECIFIED
26118,vmm-033c1ef9a6f22fb3e4c325c5ef2a06704e3625caa3ac0dfcc0ba419cc005124d,HYBRID_COMBUSTION_FUEL_UNSPECIFIED
26119,vmm-6f5e3e3e66c20f4b217bd736c18e83ed539b4df15055da2b07687887fec792e3,TRANSMISSION_LABEL_CONFLICT
26121,vmm-33354b64683e67df06456a0a93f14b7403c77f642e2a349800785ccba1ae1102,HYBRID_COMBUSTION_FUEL_UNSPECIFIED
26132,vmm-195f4a1ed1b4981a2b57d30584a6a2b68960b3d29faa7bcdab070e0e99b0d009,MASS_UNKNOWN_OR_OUTLIER
26137,vmm-0a10c5c782248acf3f1ae7ba6f7f346a98986ee81a921a1c953d3dc0901ce946,DISPLACEMENT_LABEL_CONFLICT;POWER_LABEL_CONFLICT
26155,vmm-c7f604d147eec9d092921fae3723ea7ebc6ed4f29c61264d58a1cb64c68f21a3,POWER_LABEL_CONFLICT
26195,vmm-982482af8b5cbd91d64488f4c08692d90019de54da8e6c83d9ef0c3104d55e7a,MASS_UNKNOWN_OR_OUTLIER
26196,vmm-c41af254dbc9502d9de31670b4de972e28991ef6298a4b317bd9b5a53a722e7e,MASS_UNKNOWN_OR_OUTLIER
26197,vmm-e0bc6b1a65298b332e3932505a6c4bba14ec46a435b5ad699a4c1de7e37dd046,MASS_UNKNOWN_OR_OUTLIER
26198,vmm-b217b798caba87da2d96e344d2549a0af99084ccfe0896ea1ef3d7d75a1237ed,MASS_UNKNOWN_OR_OUTLIER
26199,vmm-7e5038c2b5e7bd43978e1ec254a19c1b0b20b8d4879660bffcdc613378f0b4a3,MASS_UNKNOWN_OR_OUTLIER
26200,vmm-ca221a5fe5f50ccbfa7ecbf540bfdb87a68ef1dffeef719409a53135da2fec38,MASS_UNKNOWN_OR_OUTLIER
26201,vmm-7bd618d6a34be375bc0b5c3141538f76adb8d64ccfbc6d2af8d65cb423ff021a,MASS_UNKNOWN_OR_OUTLIER
26202,vmm-d904ffa5585d9495f7ed809a307d243cef49b3671bc54f9caed4c45094faf8ab,MASS_UNKNOWN_OR_OUTLIER
26203,vmm-66f6706a9c375f8782499be98ad91b90049fde7b1573981f000c3fce4bb6bd32,HYBRID_COMBUSTION_FUEL_UNSPECIFIED
26204,vmm-fb304f8b97023bd82dd7b00640d49330d75f9367132e9d233472bc6585ebda95,HYBRID_COMBUSTION_FUEL_UNSPECIFIED
26227,vmm-1eb083aa67b39853636b770f0a4615a29cbba7c324699e00fa011e951972c0d3,MASS_UNKNOWN_OR_OUTLIER
26228,vmm-cfb42ccaff0a1dc5c8340598189d4d74d3c7aedfc3257b129ac51e7083fd8aba,MASS_UNKNOWN_OR_OUTLIER
26229,vmm-a4e422a33d995d6e0f0ec4c78025f4d9b06e9d1831de255d1f7e77ecd2794307,MASS_UNKNOWN_OR_OUTLIER
26230,vmm-51a93c0426f4c9b44330f27b8fc22bc5bcf36201b4410fdd5685d0af3f526da4,MASS_UNKNOWN_OR_OUTLIER
26231,vmm-ab085147faaef1ae11a448cc1f97a5482faa60f119b70f56fb92b02a783019e3,MASS_UNKNOWN_OR_OUTLIER
26232,vmm-0b00079eb0852247b3f440ed8c55aba2524a8d229d510ab775899e0819c0bead,MASS_UNKNOWN_OR_OUTLIER
26233,vmm-bd091a727c3df9277911d668e26a68e2a4b6a5ae411a0d3eadd33096968460c7,MASS_UNKNOWN_OR_OUTLIER
26234,vmm-effc0f8fa1a375a71a9b05758b3329b67ca11118181e96092b7d512194bc02fd,MASS_UNKNOWN_OR_OUTLIER
26235,vmm-aaab47f224c1f0f7c65714c2d324550583eaf78fd938f704962605c5e4d679d8,MASS_UNKNOWN_OR_OUTLIER
26236,vmm-e4db4509877c54f0ef099725256a11aa3f8b3b7c5db603f306efdeb9a0708dcd,MASS_UNKNOWN_OR_OUTLIER
26257,vmm-30cffd203d3b9db6d042449e0194705ab19ea51d4a8e62d29d177cf9ab550157,MASS_UNKNOWN_OR_OUTLIER;DISPLACEMENT_LABEL_CONFLICT
26258,vmm-fa93b7d3ae3d381db06216e42024046ccab54cb7a71756935fb3cb5ee2816936,MASS_UNKNOWN_OR_OUTLIER
26264,vmm-a55bcbe5a91075dc82e0de02c7f5620bf95d6d0a4b5cba6ebc4bbe8435f647d2,MASS_UNKNOWN_OR_OUTLIER
26265,vmm-326b772a9b236dc42245d22e301306bf2d9ad60bdce29bbbbe7486a33e9cf071,MASS_UNKNOWN_OR_OUTLIER
26267,vmm-60eccbebe90eb05c01c9cfd5412fd6268aa2cf073ac79c154febf001741697ef,MASS_UNKNOWN_OR_OUTLIER
26268,vmm-0fc907a6ad7610bd79e42eac9ef5a73badfdb7289782550234497829e368a950,MASS_UNKNOWN_OR_OUTLIER
26269,vmm-90e57c17275b27eb806e40b7afc12b6ff23c28e9de941ea7cd6f58114ac6abd1,MASS_UNKNOWN_OR_OUTLIER;POWER_UNKNOWN_OR_OUTLIER
26270,vmm-cdb469302ad3726074c444585ee3f8b63171c9b001769785fc93ac8fc2964847,MASS_UNKNOWN_OR_OUTLIER
26271,vmm-ceac8661d40a7f308d6ae245ec4ca3f15cad3dda4b45ca11167376b1164e9281,MASS_UNKNOWN_OR_OUTLIER
26280,vmm-e56ec59d5273e31499be789057b91df2575e6475dd3f7e33f653a36a1c74694c,POWER_UNKNOWN_OR_OUTLIER
26281,vmm-90b68084c9cb507e49e08ec698f0df0b8d51efcef1505b40ea7349ee3fc7f0b3,ROUNDED_FOR_INTEGER_STORAGE
26282,vmm-cf0abaa0540be42a30879f7785565787504148b42adf58fa98c132afa46b7220,ROUNDED_FOR_INTEGER_STORAGE
26283,vmm-1eccbac0b48289337aa190dd2d6f5e6a37742bac40998c167dbfe86ac9e0e461,ROUNDED_FOR_INTEGER_STORAGE
26287,vmm-5f8b1df758aad2bb0275d15bd8f7db646530839123bb10c6f9ee34ad81da7122,ROUNDED_FOR_INTEGER_STORAGE
26294,vmm-e14f6beecae9fa651324bf79a0e5caefd9dea75ea3a3b80c5fa026b4f6be8e4b,MASS_UNKNOWN_OR_OUTLIER
26295,vmm-373901908de14da31a36bc162c1d5024d1d4e46babb775abc474d474c30d081e,MASS_UNKNOWN_OR_OUTLIER
26307,vmm-ea6e7fcf9b6c1a63dac96309a7af622c3eea2243c2dcf04ed0aa40944aa857d4,MASS_UNKNOWN_OR_OUTLIER
26310,vmm-61b482822afe236d821ea34803a1c2294dacf8e9682829fd86c4659636c23103,SOURCE_EV_CYLINDERS_DISCARDED
26311,vmm-51c3d4f1ad8654a717f86cbbdc48ca10ccd2950d817e5705fb289491108006f7,HR_PARTS_AVAILABILITY_UNCERTAIN
26312,vmm-bd20d0c51432aff79ae51c6be9e2c6a301d057e32df1774b171e911204305895,HR_PARTS_AVAILABILITY_UNCERTAIN
26313,vmm-25ff72803c84a4af86ea665a80f6866a99c51aeaf251db2c07ecca86e8b8e85b,HR_PARTS_AVAILABILITY_UNCERTAIN
26314,vmm-2d5ce560b8b6d9b4b322544e16eb7d142d4e099e3b8bbbe4347ded280bfdbc88,HR_PARTS_AVAILABILITY_UNCERTAIN
26315,vmm-8f18b68df061652227a2dfd84b0fd58a9313592c42c5277bdc172b6d749aed84,HR_PARTS_AVAILABILITY_UNCERTAIN
26316,vmm-e3740029525290ce619b20b09d762abd54da33b7bf9cb4de3cee13b6feed61f6,HR_PARTS_AVAILABILITY_UNCERTAIN
26317,vmm-15bb0f24aa2067af70418784e6c68d7ba1d1fdf4deb5ad30e89c2ab8724ebf68,DISPLACEMENT_UNKNOWN_OR_OUTLIER;MASS_UNKNOWN_OR_OUTLIER;TRANSMISSION_UNKNOWN;ROUNDED_FOR_INTEGER_STORAGE
26331,vmm-85bac0e6af72ed9aaf91482e86b36794057526d9f25411fbc0adb372ac46db08,CYLINDERS_UNKNOWN_OR_INVALID;MASS_UNKNOWN_OR_OUTLIER
26334,vmm-3d8a3697b7e248d9b70e4f554a0c6f269e0502a3ebced76b6dceb27a8c6e66a8,MASS_UNKNOWN_OR_OUTLIER
26335,vmm-327910866ff39d5987094f35d74bb5d12e20e5806ed5cb5342dae3804192be61,MASS_UNKNOWN_OR_OUTLIER
26338,vmm-9474c420b93b53582cd3a3af75759747638a362610a86ef654b93f4af7ea02b8,HYBRID_COMBUSTION_FUEL_UNSPECIFIED
26339,vmm-8fdea75d9ef77dbaa4344ba071d7dd55e428bb69a4bf8b0a82edfe9ace57e392,MASS_UNKNOWN_OR_OUTLIER
26340,vmm-bb18885a55ff36325f0789716eded18c4fad080f616872e2c8d4045c706e0778,MASS_UNKNOWN_OR_OUTLIER
26344,vmm-77e2d11fb82ccacf8cc59e5fb201a98ee4cd5e41afa649bd54ce3138407d38c6,TRANSMISSION_LABEL_CONFLICT
26363,vmm-4c17400933a1a20ab3ef467c4fd11fb622451c48dd03d8e60ec6c8d943eb0945,HYBRID_COMBUSTION_FUEL_UNSPECIFIED
26364,vmm-664a336738dc36d9640abe7a0e2d172673e2cbde202dff402a71ca2284607287,HYBRID_COMBUSTION_FUEL_UNSPECIFIED;MASS_UNKNOWN_OR_OUTLIER
26370,vmm-e89f298c3c4fe61fc1eb4a3837f0339def1c1c9745c9b27ff2fa4c4fcf6be97f,HYBRID_COMBUSTION_FUEL_UNSPECIFIED
26400,vmm-278625c7d24c30ca89827c2e5e1360a279d0dd2543703b295ee34be9b418e656,HYBRID_COMBUSTION_FUEL_UNSPECIFIED
26401,vmm-2a845d817840dcd5f326895477bc825d6d7852d3362d0d399272bb9b7af79f15,DISPLACEMENT_UNKNOWN_OR_OUTLIER;MASS_UNKNOWN_OR_OUTLIER
26402,vmm-34688291ff905f1690a92213fe1dba07877803fd87656ae2674cae858fcea3e9,HYBRID_COMBUSTION_FUEL_UNSPECIFIED;HYBRID_FUEL_UNCERTAIN;DISPLACEMENT_UNKNOWN_OR_OUTLIER;MASS_UNKNOWN_OR_OUTLIER
26404,vmm-3067bf9275a0012e79fea5545fd9f2665692a5e8df5ff068217653fbb744d083,HYBRID_COMBUSTION_FUEL_UNSPECIFIED
26405,vmm-277b01b3c50dec20989b8c6bcad5f907d3ba0353d960bd03af1065dc41347d39,POWER_LABEL_CONFLICT
26414,vmm-cec2f4926352e20d1911fc213fe286650b2fce5fa14237d1becefa7fd82158eb,MASS_UNKNOWN_OR_OUTLIER
26421,vmm-177c12430e2c85e2d628ca72a8e73e00ffbed2f3acb60f02a6d17b96da4990f1,MASS_UNKNOWN_OR_OUTLIER;TRANSMISSION_LABEL_CONFLICT
26436,vmm-dad023b9efa4542a486f0045d1a5f26f5950a08c26bb0b6a51e0c020b376157a,TRANSMISSION_LABEL_CONFLICT
26454,vmm-717b0379490a26658aeb9904ebcab3cae7d9a5f02aeca3065a3e2d4e9c90f727,TRANSMISSION_LABEL_CONFLICT
26544,vmm-456e9a701e730fe47e633b7402950297e36ff3e8f81f01c40aed610ed4d10a24,MASS_UNKNOWN_OR_OUTLIER
26547,vmm-61f9efe1295d4e764bd509cb0e4d3bd5ac309738f09fd92fb1fab447fd0d67b9,MASS_UNKNOWN_OR_OUTLIER
26548,vmm-37f7dade1a396685977bf8e7f0a4bd78141bc9d90429b1bee86e452c09689f6d,MASS_UNKNOWN_OR_OUTLIER
26549,vmm-5599d060f6289c5cf4e8a6af799679a354d225e0950f0da0c34e2e894c2c3e29,MASS_UNKNOWN_OR_OUTLIER
26550,vmm-1924ec49ea9d47bb3906c370b652979150df02a531eb9681283a03a86d6748bd,MASS_UNKNOWN_OR_OUTLIER
26551,vmm-9ee7d131ccfe850b62b85cec1d3b7d278a73e9ea8a8704a458afb05a9d29c5f2,MASS_UNKNOWN_OR_OUTLIER
26552,vmm-cb26ddb15a6f75fb0926748d5bf2539f9c086c5cdeba4f65e667b0c13246fb31,MASS_UNKNOWN_OR_OUTLIER
26553,vmm-261bde2af36cc65ddf12a2514b6eae66753898678de1ba3193d510669af3ad4e,MASS_UNKNOWN_OR_OUTLIER
26554,vmm-ee4b206bfcf972d09df1499fe9b90320153680f8368e375efa7a7ab61e72d64f,MASS_UNKNOWN_OR_OUTLIER
26555,vmm-41408ba169c2fb099eb93a16f3134ba14d4ca8d9ed5ed082921fc67f4d92c61d,MASS_UNKNOWN_OR_OUTLIER
26556,vmm-265cb667c45138fa25ebd899335e99ca7eda50077c993e8d3a76a1162546c7db,MASS_UNKNOWN_OR_OUTLIER
26557,vmm-b1de33e27d39b3eb63c25d8f9329f63ba38cfbf0451712c89a575df0c88eebcc,MASS_UNKNOWN_OR_OUTLIER
26558,vmm-cd6fddfcde74ccb5caf05efabe32d6871c7dfe8e7765878ce0ba6a81c7d12c4e,MASS_UNKNOWN_OR_OUTLIER
26559,vmm-c6242adf6459d3bf33b2ed35b44bafce1a83d712b8e2b9c6beb07112a6c148ce,MASS_UNKNOWN_OR_OUTLIER
26560,vmm-ea382e449ff1ecfae09b6d897e5aad6f96012862f7e118432ee53b9cdec5018c,MASS_UNKNOWN_OR_OUTLIER
26561,vmm-18a868d237644d5471d80ca3c7ea34bf47e724858f7ba97bf5bda4c95846794e,MASS_UNKNOWN_OR_OUTLIER
26562,vmm-83f72f55323df04fa4de47b162235fc5b4bf687508dfcd6121db98af0d6a8d91,MASS_UNKNOWN_OR_OUTLIER
26563,vmm-209f95bcf72d9518d39cea84896789e15a4ec831050b3dd36e7faede5ea707f9,MASS_UNKNOWN_OR_OUTLIER
26564,vmm-17d7a43655722660ef065e4c13827f6bcd01ab528245ef220d5f1c7105c1850b,HYBRID_COMBUSTION_FUEL_UNSPECIFIED;MASS_UNKNOWN_OR_OUTLIER
26568,vmm-2b18297d18bf565a2ef4543c5c6627a4b90a7548d70f2bb821af39658646ca59,MASS_UNKNOWN_OR_OUTLIER
26569,vmm-af255b421ddace8aa09ae583ba8c2a5eb1fd6f7a1862ff121284c01800cbe7b2,HYBRID_COMBUSTION_FUEL_UNSPECIFIED
26570,vmm-e235095d7ffa32c3a93df6bff82037613add080c113d90eb60a3093eb5ddc9db,HYBRID_COMBUSTION_FUEL_UNSPECIFIED
26573,vmm-071ef82ca3d885f82e594f5df8f8e0212994189e82cb33c1d8d3ae97525d4b0d,HYBRID_COMBUSTION_FUEL_UNSPECIFIED;ROUNDED_FOR_INTEGER_STORAGE
26574,vmm-b4be28c0e2eab3b7835dc38ebb97d7c137040cd4c5df00a6c0f2e5ff312779c4,HYBRID_FUEL_UNCERTAIN;CYLINDERS_UNKNOWN_OR_INVALID;DISPLACEMENT_UNKNOWN_OR_OUTLIER;MASS_UNKNOWN_OR_OUTLIER
26575,vmm-5ff1a5eb7fd68beb95a9394599a9a0b94ecbe024e7c2bca7b2a9108d9fbedf8b,HYBRID_FUEL_UNCERTAIN;CYLINDERS_UNKNOWN_OR_INVALID;DISPLACEMENT_UNKNOWN_OR_OUTLIER;MASS_UNKNOWN_OR_OUTLIER
26580,vmm-55d1243dab63dbd0eb80053264d27395384b4b84e8c3cc602338775bf8add7bf,HYBRID_FUEL_UNCERTAIN;DISPLACEMENT_UNKNOWN_OR_OUTLIER;MASS_UNKNOWN_OR_OUTLIER
26582,vmm-32755e6d581378c5c527076ebc7909a284a53b58d1718e35c45e675dafc6d4ec,MASS_UNKNOWN_OR_OUTLIER
26585,vmm-dd9b61bdd98f6ce63a98ce41d22a06ae24008641c3e7643bd7774f0be8a3de1e,HYBRID_COMBUSTION_FUEL_UNSPECIFIED
26588,vmm-a821a47eb1fea64742558545656a3da9b0948da34683e31b530bbb40bc1b6aee,HYBRID_COMBUSTION_FUEL_UNSPECIFIED
26591,vmm-a39bcf3dee8fb7bd5f00cd9b21b24630e7344c8889b05969a1d34c975c792e8d,HYBRID_COMBUSTION_FUEL_UNSPECIFIED
26592,vmm-ea58276e24a5514da0d3c88b1ab4e4bfbb38f3c5f54d4470850abd80eab6121e,ROUNDED_FOR_INTEGER_STORAGE
26593,vmm-5001af58c67389a5da742dd089ce8c94cc280f6f311061b17ec735b668675e54,ROUNDED_FOR_INTEGER_STORAGE
26596,vmm-70c8ee88095fd7c573322250e12f7e82cf8aa62c750bba6db1bb6c0d153ceb72,POWER_LABEL_CONFLICT;ROUNDED_FOR_INTEGER_STORAGE
26606,vmm-acf364e366ee35bc4e122d2066881992d273e5ad3d104d13f25851a106ebbdeb,LEGACY_QUOTE_REQUIRED
26607,vmm-ce3ca6c5fa3c94d0f8c82a61896061982dc9d13bb7b0112c402210823283e18f,LEGACY_QUOTE_REQUIRED
26608,vmm-34ee3a3fb44e16935d9b6ba1c21606f1492eca6ce7ab3d448752c3817c431ba9,LEGACY_QUOTE_REQUIRED
26609,vmm-e968da597010eaafebc6ada47abfd2fbc42f9c8731e04d9b23cb552f69a97bad,LEGACY_QUOTE_REQUIRED
26610,vmm-f4ac99cabd12160e6b29545f1e7ede42ea6e3effaa8a73a9e4f69a16e693a8cd,LEGACY_QUOTE_REQUIRED
26611,vmm-792ee4706563127957a14e97dfab309652a245ce892f7841c760a8975b96fd10,LEGACY_QUOTE_REQUIRED
26612,vmm-9ea0df45eecd818f07da330fd1bb30f6c0e80506adf97d734d998de297b944c2,LEGACY_QUOTE_REQUIRED
26613,vmm-65639b3150e0d7f79290e4a2d53391f5611c9a0723f49dae690c1ad48ad4660f,LEGACY_QUOTE_REQUIRED
26614,vmm-383451d77353f0090c3728d676fcb48d1791a878662d8b1f71da9c48e656cacf,LEGACY_QUOTE_REQUIRED
26622,vmm-8143ef66f111d2ddefea7bb9ff1ae8917347aa3ef1e44ecad11ec9b2853471a3,LEGACY_QUOTE_REQUIRED
26623,vmm-f113dace415629e4ec6d01b5439f43b35cfe6b1676ba0b6d3e6b97d242119673,LEGACY_QUOTE_REQUIRED
26624,vmm-35ee0e686d63536e261f5b429cf8b4ebd250650aa5d034ee8815456441b12dbb,LEGACY_QUOTE_REQUIRED
26626,vmm-e91efcafcc8f3943981cf0f1f699c0cc64442eecda0c6cfbb4d66ae5e5712590,LEGACY_QUOTE_REQUIRED
26627,vmm-35061922a9f77275b6cdda2875db10d16594b174e997b162b982dc86e807ec43,POWER_UNKNOWN_OR_OUTLIER
26628,vmm-ccc5ba701b1ef3c5aef981a37e1f234fc8be4d519367a1145ceacc90b53e02ff,HYBRID_COMBUSTION_FUEL_UNSPECIFIED;HYBRID_FUEL_UNCERTAIN;DISPLACEMENT_UNKNOWN_OR_OUTLIER;POWER_UNKNOWN_OR_OUTLIER
26629,vmm-d29a14ea7b1e40b87ea98575985c81db9f55ff760a5577bb505c114c8dc45a8e,HYBRID_FUEL_UNCERTAIN;DISPLACEMENT_UNKNOWN_OR_OUTLIER;MASS_UNKNOWN_OR_OUTLIER
26630,vmm-451f97cb8c3068e92e2fb3b0df8199789b39c042659e47f4f2920bed7d542bd7,HYBRID_FUEL_UNCERTAIN;DISPLACEMENT_UNKNOWN_OR_OUTLIER;MASS_UNKNOWN_OR_OUTLIER
26632,vmm-29666c020d527f6081b493608422d0059627e6d99c0a82f10a200de640629700,TRANSMISSION_UNKNOWN
26633,vmm-1c6ce5ffe36e97621efad73b23f9e3c83be0294935d0e56fc60b941f167226a2,HYBRID_COMBUSTION_FUEL_UNSPECIFIED;TRANSMISSION_UNKNOWN
26634,vmm-b19da28e647e3d2c97f747bbc260db3d565d31e643f8c3bc99b51d79190b139e,MASS_UNKNOWN_OR_OUTLIER
26636,vmm-064666b3505b2aaed2bc21303ec271b4f4689002b14222f2420d42f19763758a,MASS_UNKNOWN_OR_OUTLIER
26638,vmm-eedea97a5affabf5f4bf175e2335f3f7617fba403d847f1c7c14232bd8cdcd26,MASS_UNKNOWN_OR_OUTLIER
26639,vmm-48f1a432114de56c36b951a9843ef682799dd9c458b2a98c348f002757b2c743,MASS_UNKNOWN_OR_OUTLIER
26640,vmm-40ee2c93985ed2772e2e92ba66317764341dd7e51090fb2816229dc7cb5f9c39,MASS_UNKNOWN_OR_OUTLIER
26641,vmm-72fdd8d0dd6b72cfb91af633c91a2e7914897bed282e73c342bfdffa43f4d815,MASS_UNKNOWN_OR_OUTLIER
26642,vmm-886824e92f5f7a6edb0ef89820bc61b2662261a16eeb111a9147027c685c1e97,MASS_UNKNOWN_OR_OUTLIER
26669,vmm-f266b2fd14851da3ced89baf5c69cf5c32db09abba97eb278473eddb000d7941,TRANSMISSION_LABEL_CONFLICT
26681,vmm-449492bd73cca5958b5f0bcbc8a17c0f7743233bd3ed9172e15e2cbc0bb34301,TRANSMISSION_LABEL_CONFLICT
26692,vmm-301a7ad74fd3a903f566846dff410d3f727ab7967601b56c8ed48a5ea40e6c92,MASS_UNKNOWN_OR_OUTLIER
26693,vmm-16a6096ed17d2e1c76d1342be584483872a7d4949da1529d9d6e6f20cf0342ad,MASS_UNKNOWN_OR_OUTLIER
26696,vmm-ec2bcf728760c3460a5d8c6f285df7eb7266f17218297dc36e76d6ef1342e262,HYBRID_COMBUSTION_FUEL_UNSPECIFIED;TRANSMISSION_UNKNOWN
26697,vmm-eb535fb5bd5b06dc1946b555038996b4c3bc494cf16659b6b54602fc7cbf9bb8,HYBRID_COMBUSTION_FUEL_UNSPECIFIED;TRANSMISSION_UNKNOWN
26698,vmm-53b2338b41493b4b6dc10719b89655ec1ce7ae49dd40898312455855aa18a35f,ROUNDED_FOR_INTEGER_STORAGE
26699,vmm-5a8ccdfd05c0b2ee53d8789bdbbcf484c30ae3cc94b104a10955f9812097a3e8,ROUNDED_FOR_INTEGER_STORAGE
26707,vmm-3811f41db28eb5e9c8432bc78abd57d2f03efa944702cf4321530a9e5083f16c,HYBRID_COMBUSTION_FUEL_UNSPECIFIED
26708,vmm-4a58d04748aa434fe89e94cd0f4edd6c305157141e00d6cdbaac463294d050d5,HYBRID_COMBUSTION_FUEL_UNSPECIFIED
26748,vmm-58a14b60f8494460f992563019c49168ddbd0d82cef068be0ebd147955556179,LEGACY_QUOTE_REQUIRED
26749,vmm-dd96c7b1e272cd9194a7622160fe42a8341bc137b0dfb3758baccc218f19c352,LEGACY_QUOTE_REQUIRED
26750,vmm-7bb9bbd6069f79b4364f77a99eb9d2767af08bb9e415d97721c5f3f8acf400e6,LEGACY_QUOTE_REQUIRED
26751,vmm-6eba54dacfff644f4e62ffa6da28dc100f30920eaca56d996d1b9227c7f5b6dc,TRANSMISSION_LABEL_CONFLICT;LEGACY_QUOTE_REQUIRED
26752,vmm-6552e12ac9a51a8c43709f97adbc4a40c47552ec287394b07cc445f12804f8b4,LEGACY_QUOTE_REQUIRED
26753,vmm-42860a825c43db7549c7a04e1e4fa89b1b33eccb2def681f0ac20796bb04f157,LEGACY_QUOTE_REQUIRED
26754,vmm-3cd3611ecc7b2fa4ae41d21ce8b618b1c0b0cee83635b31a2091db8460fa18b0,LEGACY_QUOTE_REQUIRED
26755,vmm-90bb6af9410ce4c1940134a37d5bb4dd3f879e3f48e07da2af9b52b9c689b5f6,LEGACY_QUOTE_REQUIRED
26756,vmm-6e8b23c410ed5d0c9673f73c43f0333083385f25578f098d4c537c5b1eacc3ab,LEGACY_QUOTE_REQUIRED
26781,vmm-83b29ae7ffb3d976c218503539817d3e6d1b96ce0c1ae614724493cda4bbf63c,LEGACY_QUOTE_REQUIRED
26782,vmm-e7b43344987a842f9a71aa6d5c0a74428ded61563f653c17e51fc1e6419903cc,LEGACY_QUOTE_REQUIRED
26783,vmm-fcb02205029e5b1d39e9c81bfb70ba8c572a3034f4c433ec004447b182d1ddbf,LEGACY_QUOTE_REQUIRED
26784,vmm-62307f09fc1d604ddb0bf3405c60254dd5edd9e9cf4bc199da3f5219bebbdefb,LEGACY_QUOTE_REQUIRED
26785,vmm-a021a5622dbef57c8f096287129513c4c54c3491eced2bfca51e296b501118a5,LEGACY_QUOTE_REQUIRED
26790,vmm-38d30d647f0466ef520563e0f152c0884478909e1bf509f2d26b318d7e6143da,LEGACY_QUOTE_REQUIRED
26791,vmm-e04a503ce5774439311838fd474d169a1b27d13ac8fab8db27200f5fc00ccaae,LEGACY_QUOTE_REQUIRED
26792,vmm-2876576daf139603e68aa4b91122f118024c7720070a75bc3e2a0ccb3ca826e1,LEGACY_QUOTE_REQUIRED
26793,vmm-6754d511f5fb445789d6b89d79cfb303f277ee95847b2af149c83e8ae682bd30,LEGACY_QUOTE_REQUIRED
26794,vmm-7a4f02fa6cfd07987bb01e23ff164003ec9fdd40a3761af16712be8105100445,LEGACY_QUOTE_REQUIRED
26795,vmm-f9fb973cdaa9a9f7b92b7fa3a971ad7df53bc7b041675efc53b27cbbbfd94de0,LEGACY_QUOTE_REQUIRED
26796,vmm-de617d29a2d167c6c18f3ac1a9802e33b613b89f67fed4ac0b7213e64c3b5fae,LEGACY_QUOTE_REQUIRED
26797,vmm-2ab072c4aa19167a43686e497a723ab3bc350c5dbd45c501bb82148e11eda705,LEGACY_QUOTE_REQUIRED
26810,vmm-6154e3f94d13b77320aa340319bfae323940623e4bbb2c779bf5aaf996f0f9c9,POWER_LABEL_CONFLICT
26816,vmm-59354ccd3bb1a017821707c4ee05eeacd46adea7f8e1aaf52f0b208748e716a1,MASS_UNKNOWN_OR_OUTLIER
26817,vmm-c4dfe1630f9440c0cf45e1a59f56ff60ad61f90bd6878e24e3818a42694e7c73,MASS_UNKNOWN_OR_OUTLIER
26818,vmm-e2aa74bec736cc18b86fdb951e36bcf5191162957778b21d2250e478479d1bc0,MASS_UNKNOWN_OR_OUTLIER
26819,vmm-f9cec1e84423c95ee2b60b5611fed8aab83a2d4329c7aaf29b123f22b7650dfb,MASS_UNKNOWN_OR_OUTLIER
26820,vmm-b72bc459227731b4d5f19cee5ad4359448c696f1d9e0d30d6697c6d35896da53,MASS_UNKNOWN_OR_OUTLIER
26821,vmm-0515792efded0a8033b75d7ed54fdd524c653a34c93d9146b3e88c4bd529b6ad,MASS_UNKNOWN_OR_OUTLIER
26822,vmm-748b005e4157a6796a4af845cd1e847924536906175455428c2294d22e3e79ab,MASS_UNKNOWN_OR_OUTLIER
26828,vmm-3f492c94aa719fa759363b582d0b9ada7cc5c69d1c345e89e73ed3c9cea9d744,HYBRID_FUEL_UNCERTAIN;CYLINDERS_UNKNOWN_OR_INVALID;DISPLACEMENT_UNKNOWN_OR_OUTLIER;MASS_UNKNOWN_OR_OUTLIER;ROUNDED_FOR_INTEGER_STORAGE
26831,vmm-bd65908cb76b150a4fe30a36562e76345e0cf1819266fa1ec5a723d9813dcad8,MASS_UNKNOWN_OR_OUTLIER
26832,vmm-b7833a986f7b311a48aee234c29ce1be949f434c8a5189aea9a3d45b82ab5117,MASS_UNKNOWN_OR_OUTLIER
26833,vmm-5d4b23a8b2ec709ca738df9df0e56744c9b69b48b43b509145c6882a804c7ca1,MASS_UNKNOWN_OR_OUTLIER
26834,vmm-e0458b544a607c978fc32ccb704ebf759c53e5a7cb2bc58d6f9261a7bf628561,MASS_UNKNOWN_OR_OUTLIER
26835,vmm-6928438fe4359d30ed22ff5890e0ec0868d5f01e3225627a91165f5b5ec2d2da,MASS_UNKNOWN_OR_OUTLIER
26849,vmm-047319e0db5d693ee6333e99e8c4bc162588fffa7b49b2083e4ea8552b2d0073,HYBRID_FUEL_UNCERTAIN;CYLINDERS_UNKNOWN_OR_INVALID;DISPLACEMENT_UNKNOWN_OR_OUTLIER;MASS_UNKNOWN_OR_OUTLIER;POWER_UNKNOWN_OR_OUTLIER;TRANSMISSION_UNKNOWN
26850,vmm-9266b5617767bc7768dfe528849f3b64e347c97aba1a962aa3689abe9974f920,HYBRID_COMBUSTION_FUEL_UNSPECIFIED;HYBRID_FUEL_UNCERTAIN;CYLINDERS_UNKNOWN_OR_INVALID;DISPLACEMENT_UNKNOWN_OR_OUTLIER;MASS_UNKNOWN_OR_OUTLIER;POWER_UNKNOWN_OR_OUTLIER;TRANSMISSION_UNKNOWN
26851,vmm-39a2bd94fdaf47b4c037d29ec8af8c006f5b68e9f6bdf296237cabc796c22a22,ROUNDED_FOR_INTEGER_STORAGE
26852,vmm-08fe796de4f0f807d578953c21542749326ce2e3646ff9b05c06493267c5b457,LEGACY_QUOTE_REQUIRED
26853,vmm-05db08cadcb845e6460f78b636359ca4ab9e7e27a1cd091e5e8687e5a2019433,LEGACY_QUOTE_REQUIRED
26854,vmm-583652bef377419fe4c33c552cf64b078378cdf3feb91ac672da17054a9d9e67,HYBRID_COMBUSTION_FUEL_UNSPECIFIED;HYBRID_FUEL_UNCERTAIN;DISPLACEMENT_UNKNOWN_OR_OUTLIER;MASS_UNKNOWN_OR_OUTLIER
26870,vmm-7c201168b1a65c579da311b9854d0f4b3754d6d08f844017290847118559abd0,MASS_UNKNOWN_OR_OUTLIER
26871,vmm-9c5b40b076dc642a94dc19ec0eadfb08d35753f6e501c7de8935e68cd6be131c,MASS_UNKNOWN_OR_OUTLIER
26873,vmm-b6aff0af94d75755adfb14675394e976203f0cc77f57e5a1174802d66d960526,MASS_UNKNOWN_OR_OUTLIER
26875,vmm-29b610a92434b93965e19af27ff2f1d7d62064003a60f5174031e6d0da4d7696,MASS_UNKNOWN_OR_OUTLIER
26876,vmm-cf7b90322c8e85115711b149bd661a76b63bf6f4f8b5ed841c666558b2e81116,MASS_UNKNOWN_OR_OUTLIER
26889,vmm-3260012b16898cb9ab459ee60638a0b337c8b89920a7d39bf829c0658830959b,DISPLACEMENT_UNKNOWN_OR_OUTLIER;MASS_UNKNOWN_OR_OUTLIER;ROUNDED_FOR_INTEGER_STORAGE
26894,vmm-5d3c1d09eca53f0f4a77ab50c601815eff25d65ce8618e0bedd63efb37625752,MASS_UNKNOWN_OR_OUTLIER;TRANSMISSION_UNKNOWN
26895,vmm-55cf78ee51bc8fb55d76eee71c7b66af16d80acad302aa91b1b5679555ea4781,MASS_UNKNOWN_OR_OUTLIER
26897,vmm-37fd7818e33a45dd1749d219ce760e607036f532df60e9faeaf10f0a436f8cae,DISPLACEMENT_UNKNOWN_OR_OUTLIER;MASS_UNKNOWN_OR_OUTLIER;POWER_UNKNOWN_OR_OUTLIER;TRANSMISSION_UNKNOWN
26898,vmm-41c46eb23e0ee6669c2c4b3454abd69f15ae11a0c4bf0a90eb469f9f07fcf6ce,DISPLACEMENT_UNKNOWN_OR_OUTLIER;MASS_UNKNOWN_OR_OUTLIER;POWER_UNKNOWN_OR_OUTLIER;TRANSMISSION_UNKNOWN
26899,vmm-9ffb20993205d9b157fcbcfa29ad169c05e6edba155c4ad20815197a74d9364c,HYBRID_COMBUSTION_FUEL_UNSPECIFIED;HYBRID_FUEL_UNCERTAIN;DISPLACEMENT_UNKNOWN_OR_OUTLIER;MASS_UNKNOWN_OR_OUTLIER;TRANSMISSION_UNKNOWN
26900,vmm-30f40e77ebdbf9d0562dbdad39bf6d79bac931c54ab9b71df01f0882efabdbba,HYBRID_COMBUSTION_FUEL_UNSPECIFIED;HYBRID_FUEL_UNCERTAIN;DISPLACEMENT_UNKNOWN_OR_OUTLIER;MASS_UNKNOWN_OR_OUTLIER;TRANSMISSION_UNKNOWN
26901,vmm-a8f340f099fe7916eb07085cef4341441f3170e2d2cd1bec0538043527b0451e,ROUNDED_FOR_INTEGER_STORAGE
26902,vmm-e6230d31945c461a8c2bf7b8c7a1f6a4c2bd828df6de9e1b341fbd92083bfbd8,ROUNDED_FOR_INTEGER_STORAGE
26908,vmm-a6ea6f299bc0c161aeec96ee2cbd114036eb8773c760433f09b565618a4ffa7d,MASS_UNKNOWN_OR_OUTLIER
26909,vmm-b0b4fb417cc799af750f0d9af0c83dddb8402721cbd9a8edba657998c00ac69c,MASS_UNKNOWN_OR_OUTLIER
26910,vmm-ab0817baed46b5d0c806bcc4ba934f3da056bbc6b69fa2ef354fe3d275a40ba9,MASS_UNKNOWN_OR_OUTLIER
26913,vmm-83651744f4583e23dd678535cd7007b204e8e9fdd44fa0a25c707436bf1f852a,HYBRID_COMBUSTION_FUEL_UNSPECIFIED
26914,vmm-6ffab7c758501f0fba0f7a7a36ae62622f8fa088092fb54a36a6f7c65497a21d,HYBRID_COMBUSTION_FUEL_UNSPECIFIED;MASS_UNKNOWN_OR_OUTLIER
26918,vmm-6debd9fb09956d8a5e052a3302bd4d35e9d4d9e0376729d7698f5343378271ec,HYBRID_COMBUSTION_FUEL_UNSPECIFIED
26922,vmm-3a639d7418123e2a29438423c8270fcff7819ac1df75d889d6244b5480759651,HYBRID_COMBUSTION_FUEL_UNSPECIFIED
26923,vmm-262d9481f058a6cb00f99c40856c2a8e66b722a6d6b13fd93a489026e500bb27,POWER_UNKNOWN_OR_OUTLIER
26926,vmm-a9a695381e18d8d8e8078c6647e76bd08c0880949ec38ffeb39b4ea9dee7d8c4,TRANSMISSION_UNKNOWN
26939,vmm-a6b90928305dd3e3172edfcbe6a595767f9d786afbd32a66afa65e0edec8eb3a,DISPLACEMENT_UNKNOWN_OR_OUTLIER;MASS_UNKNOWN_OR_OUTLIER
26940,vmm-21871da3d8b13d36888e5caf662f2606614416d0cd5c151a62932e3bee0a1606,MASS_UNKNOWN_OR_OUTLIER
26941,vmm-71beafbac4fa15977954f0048f19c7ce73c20ab4487fb9e277dc651d8af5b9f0,MASS_UNKNOWN_OR_OUTLIER
26942,vmm-2f6b793e95c746b196cba5fa0648652260615e77fba16fffa6c53083bf7567cc,MASS_UNKNOWN_OR_OUTLIER
26943,vmm-3795a5a1ccea7184f01478e5da5a9eacc3e78fabb7f544b9622dcd0d79c9abb7,MASS_UNKNOWN_OR_OUTLIER
26947,vmm-c6d0af581c28c894b25e836c9aa3e6d60ad5015ea4db093b2c310759baa424a6,MASS_UNKNOWN_OR_OUTLIER
26948,vmm-9e56c8e09cf60f9c58974e3ea0c1ef1162d422cda1a2c112565f63fcc7da5a70,MASS_UNKNOWN_OR_OUTLIER
26961,vmm-ea35b100a3afca5e4e8fde9a54e20e1f037e2d0dd1faaac3d2a4fe31a942d894,POWER_UNKNOWN_OR_OUTLIER
26984,vmm-0639d027c32cc27719f147778c921cc41fad8968d838a21b349b0173c84e6f6f,MASS_UNKNOWN_OR_OUTLIER
26985,vmm-d515159900e82085fb31b63a58708f316313458c53cef9d673a4b757daccf8a7,HYBRID_COMBUSTION_FUEL_UNSPECIFIED;HYBRID_FUEL_UNCERTAIN;DISPLACEMENT_UNKNOWN_OR_OUTLIER;MASS_UNKNOWN_OR_OUTLIER;ROUNDED_FOR_INTEGER_STORAGE
26986,vmm-1ecffdd12ac2f678a7e5c4bcfbb331ffa129b892087bf40bead85bc0730468f9,MASS_UNKNOWN_OR_OUTLIER
26987,vmm-9cb1a541ad7ce7cd7e992ef09ffbd0b8ec4021904ad86b77e48e086bcbb3ef48,MASS_UNKNOWN_OR_OUTLIER
26988,vmm-b8cc1b2dd9334fae6190431701006b5c97adc5668c0857eef9ae90fedc9e93b1,MASS_UNKNOWN_OR_OUTLIER
26990,vmm-227920cac3a5513a856a6a81c37377c5e1f4603573812aff53a47ecd35cd77af,MASS_UNKNOWN_OR_OUTLIER
26991,vmm-cb891ea9d6b3618582e8b56c40a4f2e68d31972165237b2ba92c4c7ffc2b7451,MASS_UNKNOWN_OR_OUTLIER
26996,vmm-77b3e4855ba3b44658679f6a6eec68a150b8db3d8b7ef112ce2b5483f7411438,SHORTENED_LITERAL_DISPLAY_DESCRIPTION
27002,vmm-0d8c03b82270e4e7284c511b696c807a04bda1892d45405ddedd5d42ca2c8aed,TRANSMISSION_LABEL_CONFLICT
27015,vmm-4666c04ed3e71a16eee666646af2396cfdb92d82990ba08a84c4a7ccb37c1bbc,ROUNDED_FOR_INTEGER_STORAGE
27024,vmm-c626dd7b75ede5142b46f91111795c3959ee47c7829c2027e21a9028ebbcf08d,LEGACY_QUOTE_REQUIRED
27025,vmm-f5fa994691d6e6a978f892c685a9315eaa7e422e65ab84485bb3e4268c716099,LEGACY_QUOTE_REQUIRED
27026,vmm-b32c0a3a20b90b59c1a11082d690d0c7035c8303eba6d164644a79d985588e5c,LEGACY_QUOTE_REQUIRED
27027,vmm-ee0e181d3e7d38bd89182897af327cd2d6706547e429428a7e7ef7ef7c07b996,LEGACY_QUOTE_REQUIRED
27028,vmm-429a3655234e75be3fa3fa30e381bef8d34578c6a0a3ad8f0df90b262be792f7,LEGACY_QUOTE_REQUIRED
27039,vmm-818428f5169fe29cae9d052e58f87076ec5c5b0b08a0b8b86689b5376de4ab77,HYBRID_COMBUSTION_FUEL_UNSPECIFIED;HYBRID_FUEL_UNCERTAIN;CYLINDERS_UNKNOWN_OR_INVALID;DISPLACEMENT_UNKNOWN_OR_OUTLIER;MASS_UNKNOWN_OR_OUTLIER;TRANSMISSION_UNKNOWN
27046,vmm-00376042f51eaecf1a55ea080186332ba49b04dc5a1c16d4bc31e7ab3ee0ca39,LEGACY_QUOTE_REQUIRED
27047,vmm-43a8974509724b3502e99e8a8e19d4e24d02e9a3fe9f93b3d8d4f040ab727c04,LEGACY_QUOTE_REQUIRED
27056,vmm-d740f7076b568fa5d1668d55e34521ff04fc6dd760b5b355f2bf75cf3d757a99,MASS_UNKNOWN_OR_OUTLIER;DISPLACEMENT_LABEL_CONFLICT
27057,vmm-a62a4e015e47ec90ce6a1b7efa5814e0e48c0f68aa4052069df1fc20ee1932c0,MASS_UNKNOWN_OR_OUTLIER
27058,vmm-50ac41e62716f6472dbb65aa62c344c75a71dd42950dbb78bdc2275b7a9f8905,DISPLACEMENT_LABEL_CONFLICT;POWER_LABEL_CONFLICT
27069,vmm-02dfc4636ce40c18481a0676f57b8d186c3a7209e455141576266ea8cec98717,MASS_UNKNOWN_OR_OUTLIER
27070,vmm-c7b909e0535ee9d539b2f999b03befc776c2cb16f6ac2e1b64b01bba4d4978b7,MASS_UNKNOWN_OR_OUTLIER
27071,vmm-d87b2c47fae83d1894afddef430eb94b3be474950baba76c5de24d0c405c26fe,HYBRID_COMBUSTION_FUEL_UNSPECIFIED
27072,vmm-5810921250d72c5fdfebe1630e9c5fd3a21d9479a6976b8f30e9af0f6dc999e7,HYBRID_COMBUSTION_FUEL_UNSPECIFIED
27073,vmm-1e40f1434bedfdfd414c49ef002a7979af00cff90ad201937b25622535eb85b1,HYBRID_COMBUSTION_FUEL_UNSPECIFIED
27074,vmm-e8d6353ab8854d0612da70239aaf7baa15f546a521db6221edac26087e8b2716,HYBRID_COMBUSTION_FUEL_UNSPECIFIED
27075,vmm-029b4f927ab4a670d9018baf9b0238901f8a8633b0686e4bcbfe31178efe8173,HYBRID_COMBUSTION_FUEL_UNSPECIFIED;ROUNDED_FOR_INTEGER_STORAGE
27077,vmm-abb18ef0cf9a662a18c5b0b26107198b79e2af0a97646e66aa88d69be716dfa5,HYBRID_COMBUSTION_FUEL_UNSPECIFIED
27078,vmm-c8c7d5f6156143aa71f8d794b118a664c1167eb2cab18d687700cabe4609ccc1,HYBRID_COMBUSTION_FUEL_UNSPECIFIED
27079,vmm-5f635f1f69d540eccbf4a5e28c71a8d7d0ee544a6bb9cfbc818885af56cf9fff,HYBRID_COMBUSTION_FUEL_UNSPECIFIED
27080,vmm-2663040fa2c73f7a13fe53af2058601496dd0167e0323aa8c5a3302461194923,HYBRID_COMBUSTION_FUEL_UNSPECIFIED
27081,vmm-6ec6e2009ad82ede4c61b02722a0f7cdb29cb1954b516b17c491d4d4759a5d4c,HYBRID_COMBUSTION_FUEL_UNSPECIFIED
27082,vmm-f5f4b3895be47aa50f9459cc100d8c6eae4e113515d996ffc9be545d50eaec30,HYBRID_COMBUSTION_FUEL_UNSPECIFIED
27083,vmm-0cddf38f309310a1f7b969bf47ac082b9e2bb68e95e3b186b7c5d5f78c325818,HYBRID_COMBUSTION_FUEL_UNSPECIFIED
27084,vmm-6d3c3a18753654c2341823b896dd418c3a15cd4b6bf9700f777dcd14066ce31e,HYBRID_COMBUSTION_FUEL_UNSPECIFIED
27085,vmm-8dd7bfe3740de85fbdbc2a65cd7f888230521e7d6b52488509267c295dbd82aa,HYBRID_COMBUSTION_FUEL_UNSPECIFIED
27086,vmm-2faadf0a7fe851fef3be3655a51c5a13298b0c0b538ed65f8bdb21ca4634cca6,MASS_UNKNOWN_OR_OUTLIER
27088,vmm-181760d015ccd6067ade3eb32da34b977ba3fb5791ec581d9f7f2708cfa0652d,HYBRID_COMBUSTION_FUEL_UNSPECIFIED;MASS_UNKNOWN_OR_OUTLIER
27089,vmm-05cb73c80895b3062ace67c6c5fe34713988482c727721fbd6c36ec4bac98214,MASS_UNKNOWN_OR_OUTLIER
27091,vmm-65ab1b9742930c94b6f34865812965b630b141ed1186381dc42e6ffe2e2d9ef5,HYBRID_COMBUSTION_FUEL_UNSPECIFIED
27092,vmm-89775d6745d913b045b6ac4d038c84bfec8b5fb782b32280c06d2ce8bf8e350c,MASS_UNKNOWN_OR_OUTLIER;TRANSMISSION_UNKNOWN
27093,vmm-d8cf3a82b340e84b4ebfbb145cb2c6fc5101235d47853be2fe72d6556a728d34,MASS_UNKNOWN_OR_OUTLIER
27100,vmm-df0dc57e1d7b978d408ee025fdf697219c8489a7d2e880ddb04c244b1cfc9396,HYBRID_COMBUSTION_FUEL_UNSPECIFIED
27101,vmm-bec3b853b4dba04f1460a3ac9850a8b01dc93cd667c13928c98d02d7b47845c0,HYBRID_COMBUSTION_FUEL_UNSPECIFIED
27142,vmm-46888940c7ca51f342a6127688f152e05c108da1952da1941f7bb1175662aeae,FUEL_UNKNOWN;DISPLACEMENT_UNKNOWN_OR_OUTLIER;MASS_UNKNOWN_OR_OUTLIER
27145,vmm-e5ac7d3bcb1221f3450e5c27d633e8e70cc33a4072cd9cbdfe407742f7e62692,MASS_UNKNOWN_OR_OUTLIER
27146,vmm-bcd0877cea199543a448c0139db0cdf3f2d5d8026e46851c8b57332a77b2b34c,MASS_UNKNOWN_OR_OUTLIER
27147,vmm-e4e14a2b04965fbd01fca5f58ed907f5ebee910991e5ecaf9ed2ae57f9ceff7b,SHORTENED_LITERAL_DISPLAY_DESCRIPTION
27148,vmm-11392165047e13c9aed4850a179f3df5a7c5abb2f885436ccd0123ce6798b8e1,SHORTENED_LITERAL_DISPLAY_DESCRIPTION
27149,vmm-c55af03b45db49643b26d5a87f3862155ee9efa62ee6854fee5cb9309784d491,DISPLACEMENT_LABEL_CONFLICT;POWER_LABEL_CONFLICT;SHORTENED_LITERAL_DISPLAY_DESCRIPTION
27150,vmm-8f5f0ba02b941ba5201c4cfae2bf01a8bcadb52ccc6798b567877f5a81d679e3,SHORTENED_LITERAL_DISPLAY_DESCRIPTION
27151,vmm-3374a64b32f4b9c866a89951e920c7e32beb3458c928246cbbaf8f90c20fcf9a,SHORTENED_LITERAL_DISPLAY_DESCRIPTION
27152,vmm-d0f38f0ee8bacf07ec83600766dfc910db4a6b6ff1f321b7208b52dc61b47cbd,SHORTENED_LITERAL_DISPLAY_DESCRIPTION
27159,vmm-0bf211225db75c8525d066f3cd0fbcafeb886c39923f5503305010ceef48bb1d,ROUNDED_FOR_INTEGER_STORAGE
27160,vmm-d00c5592fd45d0a95da64ac1b1e376d8e21d912c80abe1ce85b3235480461060,MASS_UNKNOWN_OR_OUTLIER;ROUNDED_FOR_INTEGER_STORAGE
27161,vmm-86925dc8cb491c227e7dd2f6d7bb66a7d942d7a55f265482a7e061413e0f4a58,MASS_UNKNOWN_OR_OUTLIER
27164,vmm-d9dab640d7077c6282ce199d5f4624921b7e76aed8169a888b09266497abe80f,ROUNDED_FOR_INTEGER_STORAGE
27165,vmm-20b07fd8efe831d7d7b4c7a97640806da4480e55c51aa424368b4b8ea84ee62a,ROUNDED_FOR_INTEGER_STORAGE
27182,vmm-3131a02c1efa6a3257c0968948a392dd114ea8b6d5418876e8d92c376cb865f6,LEGACY_QUOTE_REQUIRED
27183,vmm-f4c86b744fe7dcb495111586e4de3f806b136565c80b3baa8217852e8dd4a0b6,LEGACY_QUOTE_REQUIRED
27184,vmm-9b6cd2fed6fc0e0779ae56fcebeabc31ff4301be105d7494d416775172596a6a,POWER_LABEL_CONFLICT;LEGACY_QUOTE_REQUIRED
27199,vmm-36f69e83e464fe5c1d5d8fc7d5250c22eca7c75a8140218f22bd9ae49a2d9e02,HYBRID_FUEL_UNCERTAIN;DISPLACEMENT_UNKNOWN_OR_OUTLIER;MASS_UNKNOWN_OR_OUTLIER
27221,vmm-fcceab35173b902ade0dffe552436dc3922a5e3b24644a698f2d8664159410ec,MASS_UNKNOWN_OR_OUTLIER
27222,vmm-b2f654eb02e57edd4e11f34561de9792cc6796004104d96e771813bcaa6e4498,MASS_UNKNOWN_OR_OUTLIER
27224,vmm-865317635715e60dbd89d9e899dfd2be38a54475db7147ba5cb2ff673adf481a,ROUNDED_FOR_INTEGER_STORAGE
27225,vmm-e61124bcde1984349dba09bdf37a592ac725c4adfb477267ea2074d3acc21753,MASS_UNKNOWN_OR_OUTLIER;ROUNDED_FOR_INTEGER_STORAGE
27226,vmm-f5c4678c09a714e7d23f374ce7c4c5e0d9c82d603da45525e67b775dd5b5440b,MASS_UNKNOWN_OR_OUTLIER;ROUNDED_FOR_INTEGER_STORAGE
27228,vmm-4db7e3ef7427299cbfcf1b67e1cfdd845e65e34ca5f6416c01256061e8938505,DISPLACEMENT_LABEL_CONFLICT
27249,vmm-e65e934dd9be4a51dd9a74fd5446497624cf19dcf5bbecdc1c4c1e134c5e0904,MASS_UNKNOWN_OR_OUTLIER
27250,vmm-5be575eaa7e10ffc7dcca72af2d29c636a00741da8cdfbe456649b667f702333,MASS_UNKNOWN_OR_OUTLIER
27251,vmm-9533389b78a5ea4917ada9567e7eb585fda79e876de4fc387d79837f5f1af4e5,MASS_UNKNOWN_OR_OUTLIER
27272,vmm-58eaf7f1180e1b8ce114126b7dcfd58612485304f449a53df84d62c0e7a0f886,MASS_UNKNOWN_OR_OUTLIER
27284,vmm-823681473fef64e0efb5f6ea1c3023fda68278335597a18e0f1613a5a5e113bf,MASS_UNKNOWN_OR_OUTLIER
27286,vmm-8daa7e8c28b673e3f06b6c0f2a2a161b4b5563d236ac6baf5e3f2cde9c6bc4fa,MASS_UNKNOWN_OR_OUTLIER
27297,vmm-7dcbb7a0cc65a1ef3091e8ef62e6825b9dacb547badbd03dcb5703bca9cf26f3,HYBRID_COMBUSTION_FUEL_UNSPECIFIED
27337,vmm-a91649607332476029277fee42d254010a47cdb7c00c0d8dac07f0e15f5fdb89,DISPLACEMENT_LABEL_CONFLICT
27347,vmm-02fda6b2adc92c225f55ce25ddd906859d15a57ced3a914262757ac2613735df,ROUNDED_FOR_INTEGER_STORAGE
27348,vmm-b2b0623a3f555c696e455f6811bf28d602a509da0d79af6193bfff8fc165279f,ROUNDED_FOR_INTEGER_STORAGE
27351,vmm-b73b322f341995936d319ee23e354a7a027c5aecdd631d46f0f5dfa18dfcf298,MASS_UNKNOWN_OR_OUTLIER
27352,vmm-22f5a079d441cff65e18b2c7dd7694671560c89e622fe1fe663b060a8bc0f383,MASS_UNKNOWN_OR_OUTLIER
27353,vmm-2dc6203cd842719400496f65dff9055d04c96308df78e98d4ed4de82bdde7760,MASS_UNKNOWN_OR_OUTLIER
27354,vmm-29ef3eeafb232aea5b93a6dcdb6acb2cb213d50741479614905daa421f6821c0,MASS_UNKNOWN_OR_OUTLIER
27356,vmm-6171931ab3be9b783f989619798ff2a7576782cc40ee9501bd1e1b3e268cc6d2,MASS_UNKNOWN_OR_OUTLIER
27364,vmm-4f44eec96244c7df86b7923fb9c24416cb7514fc2658e4e9a373743898b61f79,MASS_UNKNOWN_OR_OUTLIER;LEGACY_QUOTE_REQUIRED;EXOTIC_QUOTE_REQUIRED
27365,vmm-e663f8afca0c19302697b89edfb3f2047023937b043b3e6bb164cfbf3389fe8f,LEGACY_QUOTE_REQUIRED;EXOTIC_QUOTE_REQUIRED
27366,vmm-4621a4bda2ef348a57ee45e17bfc3808e4bb5759e29c0ee654e48c332e9afbcb,EXOTIC_QUOTE_REQUIRED
27367,vmm-34a41bed55ef5874ef6c1f9654233ded37807b97cefebc23180694005808c44d,EXOTIC_QUOTE_REQUIRED
27368,vmm-9acc066ab18bfc071e70b778916c4571225da27a0e3f4ee5fb5e1732f32b4628,EXOTIC_QUOTE_REQUIRED
27369,vmm-2a6fcddf79d993e4fffc310c90c6d89431ae5624feb46381d2f7e6d1b1e32a0a,EXOTIC_QUOTE_REQUIRED
27370,vmm-582a74fd215cc8b8ed9ce37586d82452471ba16c79226a6a253de6c39762d981,EXOTIC_QUOTE_REQUIRED
27371,vmm-962937b068f68e4f607dc1956af64f46b6afba94c85f8d948775cb86107a5e41,EXOTIC_QUOTE_REQUIRED
27372,vmm-f7e75cf6604b6120991f7387cf7f4a2de271e4fdc6d7f9805628465698f3bc71,EXOTIC_QUOTE_REQUIRED
27373,vmm-4c11994bcf9d1558325973c3f5a46cea9629c92091924fbf7f9369cbeaf232a5,EXOTIC_QUOTE_REQUIRED
27374,vmm-cca3b56f60ea7e5a1918151fcea3d64a073e1adde41b90444f85b279a0437472,EXOTIC_QUOTE_REQUIRED
27375,vmm-26a55414e459c02d0b12200f77f1b91d7cad6be3552a3ea1106454aab9340456,EXOTIC_QUOTE_REQUIRED
27376,vmm-0267c1e11765692427e18bd45723a4414cf15c8b789183230c3c8e341cd87064,EXOTIC_QUOTE_REQUIRED
27377,vmm-8e57155e4f40c6fef98e8c7ff493fe48913e5042c036f315bce2c16362b3b1df,EXOTIC_QUOTE_REQUIRED
27378,vmm-7a89d3a25bfaf9b267564a3b316e3c4c1c3efa7b673129ddf18481298ef0405a,POWER_LABEL_CONFLICT;EXOTIC_QUOTE_REQUIRED
27379,vmm-a9a9e8ab747286c469a8c62202023ad5df005e7da5b9ee5505be1671497b32ba,POWER_UNKNOWN_OR_OUTLIER;EXOTIC_QUOTE_REQUIRED
27380,vmm-99e029fbf7ec2d9afa06f653a003667a209b7f82331a9f5e20bfbd17d8033826,EXOTIC_QUOTE_REQUIRED
27381,vmm-96277655cbc307230efdcb3a7cd4064db42f5eff140e58cdf593924cdc05cf99,EXOTIC_QUOTE_REQUIRED
27382,vmm-aed7848961c9cec0b0ae47b2417578f6b1c5203df04ed719fc7a51303c96d17f,EXOTIC_QUOTE_REQUIRED
27383,vmm-7bdd66284fdc03434a8add284aeae40eb69d5720d4ac21a44d84e174556c600a,EXOTIC_QUOTE_REQUIRED
27384,vmm-52905666ac32568b746ad5dec4d2e3cf0188611dd2d2bb2d5506c3284fd247f5,EXOTIC_QUOTE_REQUIRED
27385,vmm-e87c5b549a29b327a5042056c76abc7a2948b397f26e53e88beec57480272543,EXOTIC_QUOTE_REQUIRED
27386,vmm-1cb2c0b3d8aaeafd2c5d5d34fcb3d11520c378391ec5660c795e097803100f58,EXOTIC_QUOTE_REQUIRED
27387,vmm-ad223468cad7815684505d8ad4ca5ba84ff345796a9084bf3cc62af34b68c6dc,EXOTIC_QUOTE_REQUIRED
27388,vmm-916f78ee95f5a97f6f7e50fae3aafd32d764e3fa64c73329c9d6525afa950b68,EXOTIC_QUOTE_REQUIRED
27389,vmm-aef4d7755ef58f070b5f9db9184164d6d2cf419e720bb66c487498b0592557f3,EXOTIC_QUOTE_REQUIRED
27390,vmm-e018531f2693fcb7b55bd5678a6dcf45352765ab013c2323a20b7f4dfe71271f,EXOTIC_QUOTE_REQUIRED
27391,vmm-74f27c8796bf106f53495f55c00212da119cd6f1ef73a1c890eec8b732617a2e,EXOTIC_QUOTE_REQUIRED
27392,vmm-69b69708c99e862c21e274189fd7cc884307b5d9b2b2eb113ad983f924dff4f2,EXOTIC_QUOTE_REQUIRED
27393,vmm-9a66b148ab278e018f262e9667ee28fd632f71aff5bf37a5a895492000af3798,EXOTIC_QUOTE_REQUIRED
27394,vmm-102b8275f6e2ba9cc2e7c514d4016833c36a28ae6a9188dd166118eb7e0aae63,EXOTIC_QUOTE_REQUIRED
27395,vmm-530bbab25de9f39caa60e5f32dc1b47c22d55114e155c81811af2add3e2c1177,EXOTIC_QUOTE_REQUIRED
27396,vmm-1a35d27ed4b215302526e7d8c7722af79f76654e5e4010da61e5f0690ee34109,EXOTIC_QUOTE_REQUIRED
27397,vmm-5b96bb6aebfa929197f44728f373d905ea145a562bda028acfc8db5137137229,EXOTIC_QUOTE_REQUIRED
27398,vmm-344e4ea7a455982f879d8f2d3e0d39b47e001838f983e18e1edad46d98cfbe32,EXOTIC_QUOTE_REQUIRED
27412,vmm-b8d1222c20712cd741c3d0399a0a23f76362cd01124ae43422a79c041db6110a,HYBRID_COMBUSTION_FUEL_UNSPECIFIED;HYBRID_FUEL_UNCERTAIN;CYLINDERS_UNKNOWN_OR_INVALID;DISPLACEMENT_UNKNOWN_OR_OUTLIER;MASS_UNKNOWN_OR_OUTLIER
27417,vmm-d294afbfae7cdfdee3c7e23a1fdcec8bf0d7f5c13afea20f4a1d50b50a20beaa,TRANSMISSION_LABEL_CONFLICT
27418,vmm-1c781acc1359bb077519549c47c298c94c10b1f7d40a795020931cbcff15c659,HYBRID_COMBUSTION_FUEL_UNSPECIFIED
27419,vmm-28c5b2e40e7d02f955034d5bb81505579dbbd8bd0dab187a9522094be95cf38b,MASS_UNKNOWN_OR_OUTLIER
27420,vmm-6d4b657698f907b99dc4e7a24c858f61e8cf5e558f6262e4119663c23771150e,MASS_UNKNOWN_OR_OUTLIER
27421,vmm-1807e1c4d51cba8a848a554437d8e28d6ebfee3c2a8f65d1f1fc67ab6d6ed892,MASS_UNKNOWN_OR_OUTLIER
27422,vmm-75f57be2f09089bbd56a9362a33a54d3731d225a6239bc395204f7886a615052,MASS_UNKNOWN_OR_OUTLIER
27423,vmm-dfb9e0b0e9329b3ebdc372b35153db20486021e15b96a1366acf2591a44e388c,MASS_UNKNOWN_OR_OUTLIER
27424,vmm-007bdae93e416ca4684e470726800dfd2bd6e52d64c5913cb9f96d29e4d5f33c,MASS_UNKNOWN_OR_OUTLIER
27472,vmm-a1d54644889ae33825d9b2c661e19b4d94345d005908eb595b83ce50a16232ed,HYBRID_COMBUSTION_FUEL_UNSPECIFIED;HYBRID_FUEL_UNCERTAIN;CYLINDERS_UNKNOWN_OR_INVALID;DISPLACEMENT_UNKNOWN_OR_OUTLIER;MASS_UNKNOWN_OR_OUTLIER
27473,vmm-0cfd50f45f3ae4641f1faa6f59b5a96929e21a340b761d820f626af4a6e21c4c,MASS_UNKNOWN_OR_OUTLIER
27474,vmm-a7cf034798c1042152ce43304544daccc49ce96828b04c6484960eddd21c8a07,MASS_UNKNOWN_OR_OUTLIER
27475,vmm-5cc00da870ec74d4fbb4e933b4bdaf8219e1578a4cf296becfbf9bf852cd3c81,MASS_UNKNOWN_OR_OUTLIER
27476,vmm-31f1e3e95ff957e34e3a7d3a789273f7050fabd12742bb195722823dda3cddf8,MASS_UNKNOWN_OR_OUTLIER
27477,vmm-894d9e6dfd954be91704116b20cf17b860de3eddf0d5759d1efb614ee1f02819,MASS_UNKNOWN_OR_OUTLIER
27478,vmm-d5a590e7b1c26a176dce2de07e060f158aae4dd8cfe890735199afa4c373a517,MASS_UNKNOWN_OR_OUTLIER
27479,vmm-4e75fb85bf7ac93720bcbbec447556e35ae423f472826e7bb36987880b5a4a0a,MASS_UNKNOWN_OR_OUTLIER
27549,vmm-a17a97971db65a0cdae8c3d358c05bc28e036a424864ceb6a5f3183177bb6b80,MASS_UNKNOWN_OR_OUTLIER
27550,vmm-38174050e3430c2812c8ed7271f44437d77ebc23da05158f96d2dfb2e0d522b0,MASS_UNKNOWN_OR_OUTLIER
27551,vmm-a836584bfc4c525cf25e060a2cf03a9fc34069feba76955df5accd7beb6358fc,MASS_UNKNOWN_OR_OUTLIER;DISPLACEMENT_LABEL_CONFLICT
27552,vmm-0af71c3899eb5c0acdac9fd238e24081b8d227a80540a0781bbe2731dc39dbc6,MASS_UNKNOWN_OR_OUTLIER
27553,vmm-7ccb286d415165aefb6bbc2b1174b8d1b3a01e2a1aeb04f32ae2892869ac0e9e,MASS_UNKNOWN_OR_OUTLIER
27554,vmm-c952b3723296a71120520ff2a3ae67f10cc98bfff6f7dfb0b88e45e710d0a50e,MASS_UNKNOWN_OR_OUTLIER
27555,vmm-0c2f0503165497c4b13c6598870e49bff7570f01e1313946cd77591265e566db,MASS_UNKNOWN_OR_OUTLIER
27556,vmm-3617d1b99acef420a6954b8269a054915846b64ba489e51fd2d3ddf776255e63,MASS_UNKNOWN_OR_OUTLIER
27557,vmm-cad5ea79dfa7485db69e0e067b8688a69163a286420c1b380f3a409b2b4cc2b7,MASS_UNKNOWN_OR_OUTLIER
27558,vmm-e8e394f1938cc9f83818bdd57a5677117b62af8bdfdff723f957e1ad0bde2497,MASS_UNKNOWN_OR_OUTLIER
27576,vmm-c69ced52f84a1754d5c602a566286d309dd80333d60129ca5b117adc7d837a86,MASS_UNKNOWN_OR_OUTLIER
27577,vmm-d04384fabfd627a9341ea0c321200fb2974cdc61da5eed70e5c36adfa2d9f140,MASS_UNKNOWN_OR_OUTLIER
27578,vmm-1cef45e592e217cb1d7c79075adadee7091cf356f1d36cf6725af8c6cc0f44a2,MASS_UNKNOWN_OR_OUTLIER
27579,vmm-2149af31213987dcb148cd6addd0969ce5eb98bc2a532d966c897122c73f9372,MASS_UNKNOWN_OR_OUTLIER
27580,vmm-944f5f4b7b52c04625dc38a37f56bc999ad26789766e2d92b6733c5642612d7d,MASS_UNKNOWN_OR_OUTLIER
27581,vmm-5601265fefac50a1bb07499ba2fb3c6cf891bbdc5f41f05118a6547ef876cd8c,MASS_UNKNOWN_OR_OUTLIER
27582,vmm-d79956ac98d9c0f49767c5d61ee54508e6f970b443c5345b7bd4373a249f4ae8,MASS_UNKNOWN_OR_OUTLIER
27583,vmm-321325c2a1b4622960330accd13afe1b280ce0bd891d7739cfeb9141de8c96ab,MASS_UNKNOWN_OR_OUTLIER
27584,vmm-d34511d6796ed989c0d25a91e8bde0b18d0f3e223d80b6cc46bce87180f4d1ab,MASS_UNKNOWN_OR_OUTLIER
27585,vmm-7ae2cbd2748c7a6075b65611d879a5083b6c5f8e7832ec5fc19c18deeabf180b,MASS_UNKNOWN_OR_OUTLIER
27586,vmm-761002f637cb6bcf7f6f0bd77b3207c1098c2b1fea87e254bfdbdb8f4667535f,MASS_UNKNOWN_OR_OUTLIER
27587,vmm-17932816fbd426b01806f07d5f28fdeaf58509ee79a640c071d922224a9f8be0,MASS_UNKNOWN_OR_OUTLIER
27588,vmm-54489ffcb7f59650aab9a226eb8a95af7e771f390b5d051ff459b908f2d3bdb4,MASS_UNKNOWN_OR_OUTLIER
27589,vmm-f6e426548a55bd8ff5e008875c36ea3775b1088503dbcc91804bf9656bd1a04f,MASS_UNKNOWN_OR_OUTLIER
27609,vmm-d7cc9a133eebc87188ca8f0b8000d7b2635bb9edaa6c24b631d44e614ad9d1aa,MASS_UNKNOWN_OR_OUTLIER
27617,vmm-aea7c02782d9493b4e72f3edbad83552a3a465eee0dfa95258ad1bb116a4b490,MASS_UNKNOWN_OR_OUTLIER
27619,vmm-00f2cd6dec162f4e7e2933f8b8e6b0154391cd3f27658ce9da26df42f64df370,HYBRID_COMBUSTION_FUEL_UNSPECIFIED
27620,vmm-63e39ea60f348cd1bcf307c73235751655122d421aad59609d7a888b7c6c7f59,HYBRID_COMBUSTION_FUEL_UNSPECIFIED;HYBRID_FUEL_UNCERTAIN;DISPLACEMENT_UNKNOWN_OR_OUTLIER;MASS_UNKNOWN_OR_OUTLIER
27682,vmm-b2476a39c72f123e7aa45584f41d90f85bf8c70a8e7077b210cb5e4eaa32d670,DISPLACEMENT_LABEL_CONFLICT
27683,vmm-eaeeeb03224ca8d47f2a1b4a57ec56c5bc9a4a5eaee2e3132cc0d06713895a74,DISPLACEMENT_LABEL_CONFLICT
27684,vmm-30421142fa952d52aa4e18483761e0b508480dceb61b0e3cf33e0e7628f7d9b8,DISPLACEMENT_LABEL_CONFLICT
27685,vmm-2539fd4910f742f2571fd7e4d36ee4946ea25c1c6e6f1ad3406cf1b6d6d3d9da,DISPLACEMENT_LABEL_CONFLICT
27696,vmm-5e030f13d619ad266503e100f8107c0ee88e57a398f30d9ec5ba036765b25018,TRANSMISSION_LABEL_CONFLICT
27711,vmm-b13ae2426fb8f81ad793f326c377c258e063c2beda7485c7f8d4130e09f0a137,MASS_UNKNOWN_OR_OUTLIER
27712,vmm-e15b4b7f1cf58904c74ebe344794f9664140bb43818d2d9068d9002568d0e785,MASS_UNKNOWN_OR_OUTLIER
27713,vmm-2ec32f3bd34b07db2bd68e1b081dbe1f3552ffff594be93cb80a035022bddd70,MASS_UNKNOWN_OR_OUTLIER
27714,vmm-0a5f34f53d225f4e276ce898c47aec8c4191c8dfc061fde0caab42a8908746d9,MASS_UNKNOWN_OR_OUTLIER
27715,vmm-e7c598e7263ff4344baf7df6d0f2c236dd3419cffd591283911a7bdd0b13b50b,MASS_UNKNOWN_OR_OUTLIER
27716,vmm-3814fb14bfb77c30ed0a15017593bd788b4142ad0400dab0332c61391712e558,MASS_UNKNOWN_OR_OUTLIER
27717,vmm-9e2c628b058238580eb92eefb22b5fd1f09a0913c443c7f47c2dd0df54b671f2,MASS_UNKNOWN_OR_OUTLIER
27718,vmm-275c24dc5f55e6a12ab35dada773331731a709b8d2845bc3aa3509f7bb19058e,MASS_UNKNOWN_OR_OUTLIER
27719,vmm-14a64325c942e8d834ad392e7f9d109e28a03db11ec7d2b315f3b51e105d92c2,MASS_UNKNOWN_OR_OUTLIER
27720,vmm-a0b598a174c0cb5606949b46bf431fa9b664eeda70ffe945f5d459e017cfe055,MASS_UNKNOWN_OR_OUTLIER
27721,vmm-f6dd39f46aa7ae15e9591caf8830a3fb9e0b58a92ccdc73c3dfb8e673c69b027,MASS_UNKNOWN_OR_OUTLIER
27722,vmm-8cd4d39a4711671b780deec6e1711b8599cf14318cbed70fcc665305c30cf70a,MASS_UNKNOWN_OR_OUTLIER
27723,vmm-98213e4876953281ab5fba70e10a32d42f62bd91e9cd6b947bf49ff4b4333342,MASS_UNKNOWN_OR_OUTLIER;TRANSMISSION_LABEL_CONFLICT
27760,vmm-0042c8bca11efda1a6d9edf1eb469637e6820c667cacb4515ab660ec4c8f2a37,MASS_UNKNOWN_OR_OUTLIER;TRANSMISSION_LABEL_CONFLICT
27761,vmm-8d9185d7ca66c26875679d5e49e848d0722a025390dcf5cf2f30bd5ea4b24ad5,MASS_UNKNOWN_OR_OUTLIER
27763,vmm-82d861901151ab4df8b4a1f7d81cb0a1c1e931bde7f598356b64a97fa5fd2127,MASS_UNKNOWN_OR_OUTLIER
27768,vmm-bed6599b544a51ebed0f1c55a49d837c7dd2ca30d4b1f8d3bbac3410ecd16c40,MASS_UNKNOWN_OR_OUTLIER
27769,vmm-21ea8c5d784dae9ebc84381b81e2381fcd082e534502d798232290c1ea7cdda7,MASS_UNKNOWN_OR_OUTLIER
27770,vmm-5672ba1d1f5deb76b44d409327fe7a529d27ce94eefa97488287b453d1706bc9,MASS_UNKNOWN_OR_OUTLIER
27771,vmm-96eea8008f55a0279bb7066af5231701fd31b3c387aa8ba0047f141976cc56ff,MASS_UNKNOWN_OR_OUTLIER
27772,vmm-ea332fad47a249812f7dc2a5a5974b7d7ed337928196b6a8c553caf88c78ea3d,MASS_UNKNOWN_OR_OUTLIER
27789,vmm-ce1a372a81211441030b659f569614ed245dd24f909cc8974e2c271cbe2dff13,MASS_UNKNOWN_OR_OUTLIER;HR_PARTS_AVAILABILITY_UNCERTAIN
27790,vmm-caa9150ffc3eda7f21233fee049ddd6c6fa2c6e9353733822361a4a41079eca5,MASS_UNKNOWN_OR_OUTLIER;HR_PARTS_AVAILABILITY_UNCERTAIN
27791,vmm-472eb11b8824be6b9ec5f92d4726cb89daa4914a0c73c883c8159bf6432c1f7e,MASS_UNKNOWN_OR_OUTLIER;HR_PARTS_AVAILABILITY_UNCERTAIN
27792,vmm-71f5b34aab71946016ef80d16748f3b027a703097ada214dbb5cb2f93e093447,MASS_UNKNOWN_OR_OUTLIER;HR_PARTS_AVAILABILITY_UNCERTAIN
27793,vmm-971dd75ab30b6a102b0108fc3c52c017b3dbb1252695dc97a9e7c12163865fb4,MASS_UNKNOWN_OR_OUTLIER;HR_PARTS_AVAILABILITY_UNCERTAIN
27794,vmm-1ab62c98a28dfaf180676f212f5f0320c6d77a2bae3350d6bef4cd10f2ef1912,MASS_UNKNOWN_OR_OUTLIER;HR_PARTS_AVAILABILITY_UNCERTAIN
27795,vmm-603951c43aa37df8dbeb6880af5cac5895f27d442532169856d5961d58126cd7,MASS_UNKNOWN_OR_OUTLIER
27800,vmm-ed0e5afcf2b72bc5ee9ce211f3bc34ddeb0ce1586e242ec2d0d2696178a11a8b,MASS_UNKNOWN_OR_OUTLIER
27802,vmm-9921ae5eecf18fdba531cc53f75b89c84f6448809c53881c5d758bf85aa6f8bf,MASS_UNKNOWN_OR_OUTLIER
27804,vmm-c5fbc24f5fb8ae14f2dfd9245299f6f9b49caf890d62d2f29db493a0914c75de,MASS_UNKNOWN_OR_OUTLIER
27824,vmm-b5e98c06a53dd640c89c34a6ee828fa1e6a214bc5903fdcfef0a74cbc1401a16,MASS_UNKNOWN_OR_OUTLIER
27825,vmm-dfbc8f79c978ad83a61e368993638f5e2eff9e918677cb6fbcf82ba38d7055a9,MASS_UNKNOWN_OR_OUTLIER
27826,vmm-5fb7578be61d4cdbc6071806a85d9577111876db2b4d4f3411cef8fd40aa5d84,MASS_UNKNOWN_OR_OUTLIER
27827,vmm-98b595ba311058ce62d66bdb19178c232a147a027e2c4077e9064eaeafbfd437,MASS_UNKNOWN_OR_OUTLIER
27828,vmm-4cf917a64ad85793154278fc0d51a14f75650429aae83a1badc61989a9d406e5,DISPLACEMENT_UNKNOWN_OR_OUTLIER
27829,vmm-e21773e3ad97e53d023f8e737759f4db60c3fb0597f68985ce2b051b1f3ce596,DISPLACEMENT_UNKNOWN_OR_OUTLIER;MASS_UNKNOWN_OR_OUTLIER
27830,vmm-55f560adb15a23387000bbf25b06d00c9decabda51c15296303dc595ce35772a,HYBRID_FUEL_UNCERTAIN;DISPLACEMENT_UNKNOWN_OR_OUTLIER;MASS_UNKNOWN_OR_OUTLIER
27838,vmm-523aa41d39c4fe29a28f4e8735fec4d981487f916ec67d0a111f8fc9e45fb453,HYBRID_FUEL_UNCERTAIN;DISPLACEMENT_UNKNOWN_OR_OUTLIER;MASS_UNKNOWN_OR_OUTLIER
27839,vmm-96069005754d10b7f2c3f366b79ea1777dcb4c1a88e617c4007e9f57f89a3171,DISPLACEMENT_UNKNOWN_OR_OUTLIER;MASS_UNKNOWN_OR_OUTLIER
27840,vmm-c5f9fbe393ffb9da23b0edc2064699ec4fee7e9a8c2e0913546c078161233caa,MASS_UNKNOWN_OR_OUTLIER
27841,vmm-813c2a806ea33ae36a5ba1cf86912908c7a612cef5db2b448126748748ad1ca4,MASS_UNKNOWN_OR_OUTLIER;ROUNDED_FOR_INTEGER_STORAGE
27844,vmm-b04a5feb379bb562c87612b6bf091cc7c430deb71e4af1142866daf3479b93ac,MASS_UNKNOWN_OR_OUTLIER
27845,vmm-376240c88b22dbab9873c4f5ef8d558f5e01db65890874792951a3fc20f992d1,MASS_UNKNOWN_OR_OUTLIER
27846,vmm-dd01e6c46defc20d2c45b05f613b27ed985e972d0a980f4bcef4ec6140341831,MASS_UNKNOWN_OR_OUTLIER
27847,vmm-d0a23122dc218613e5143eca8245733936355fe5815d01b71ca07e3ad1e9cf9c,MASS_UNKNOWN_OR_OUTLIER
27848,vmm-ac29b4783ab31f8d2da305ebf9eefdcce2bac99ba263db23d245fdc34c0e16bb,MASS_UNKNOWN_OR_OUTLIER
27849,vmm-bb2387cd2f205c34ed34f49d25ac6f850bf1e528a2c41c8ac01bf94d7ab57004,MASS_UNKNOWN_OR_OUTLIER
27850,vmm-667167011049d2332748b0fd7ec389d76dea2ef50e90159abd75dfee6f1634bc,DISPLACEMENT_UNKNOWN_OR_OUTLIER;MASS_UNKNOWN_OR_OUTLIER;TRANSMISSION_UNKNOWN;ROUNDED_FOR_INTEGER_STORAGE
27865,vmm-69cd0d95527101a949202c87fe3f1f5fe0dd2164df08f6061678cca774092962,MASS_UNKNOWN_OR_OUTLIER
27866,vmm-617caf1b02de97af3f4db959282595f46bd8e0f7404b8ad1c0f369d606b1839c,MASS_UNKNOWN_OR_OUTLIER
27910,vmm-30a5c118585597c99d7a02084fbefb5258fd876edd32e420f5f8f99dbdea59e1,LEGACY_QUOTE_REQUIRED
27911,vmm-a3bc11954a8c55361f2e86625c6f61ae4013763492c63268f6d7ac3a6b79e1aa,LEGACY_QUOTE_REQUIRED
27912,vmm-977d9387112f9e01b9e090f2952f57b4248096d580801542e1073bcd2d24ee2e,LEGACY_QUOTE_REQUIRED
27913,vmm-a45f36b7bc4a8154b26157f6134764c5791360cef4698766ec6dffd16764562a,LEGACY_QUOTE_REQUIRED
27914,vmm-b4fea4cd2621b7da10bf6814ff054819969603a373b5fa53bffa9fdad38fff4f,LEGACY_QUOTE_REQUIRED
27915,vmm-f8d43a311eff703c8235913fc295b7e07089f4b7015f1d882659a3b7213de14e,LEGACY_QUOTE_REQUIRED
27916,vmm-ef4fea670c3c0a22980ed752fa7805ee31c148c14a18458f2d58dc5894e447e1,LEGACY_QUOTE_REQUIRED
27917,vmm-3606fafa5dd791f1fe3b009f992b962e9ded829b7debec79eb8e9548f71f4dd8,LEGACY_QUOTE_REQUIRED
27933,vmm-3a09e1cc39f5b322ebf776f98cf2d698dcaee4e269f4d727a2a7a00e0dda42aa,MASS_UNKNOWN_OR_OUTLIER
27934,vmm-6a739af0fa8467f78d347b12d50d36fe9b7cf932e55ce1c0e1b69108ff198113,MASS_UNKNOWN_OR_OUTLIER
27959,vmm-04b9832effd4ea6e3c1b24442884fcfee14014b93790e1516234d15a1cdaf307,CYLINDERS_UNKNOWN_OR_INVALID;DISPLACEMENT_UNKNOWN_OR_OUTLIER;MASS_UNKNOWN_OR_OUTLIER;TRANSMISSION_UNKNOWN
27960,vmm-8973abd8a020515780635fcabc4923c5b2f5925db19f2261abb218aae62fe609,CYLINDERS_UNKNOWN_OR_INVALID;DISPLACEMENT_UNKNOWN_OR_OUTLIER;MASS_UNKNOWN_OR_OUTLIER;TRANSMISSION_UNKNOWN
27961,vmm-f88ef50ab06c6ecc4c5d26721a60f1f6c427838bb23b64b646857ce9506a110f,CYLINDERS_UNKNOWN_OR_INVALID;DISPLACEMENT_UNKNOWN_OR_OUTLIER;MASS_UNKNOWN_OR_OUTLIER;TRANSMISSION_UNKNOWN
28007,vmm-fc00e3f246ea5f634b51efc4fc45b1ff6bc2e7b98ead654d1ec3fbdf0c9344b1,LEGACY_QUOTE_REQUIRED
28008,vmm-e6f57299817c932ebd39e7ce454e6ce4a939cd559f4190eb9e05478291b98632,LEGACY_QUOTE_REQUIRED
28022,vmm-1360147903299c436abcc2be2720db36b4fd50839c4886e366ccf885040f4f0d,POWER_LABEL_CONFLICT
28038,vmm-ec07637c87eae8c85c5040f052fb68e5f1768422ff05e034b698189f53b8a3b1,HYBRID_COMBUSTION_FUEL_UNSPECIFIED
28039,vmm-41c3324e36eccd90dbe6e715e4a8b1ae4080a537436217125a9b6d6e5a6acc46,HYBRID_COMBUSTION_FUEL_UNSPECIFIED
28040,vmm-3e99f1e4a66a3dc40ca7418b009641497a1a4869c3f4d70ff0a964deca19a7a9,HYBRID_COMBUSTION_FUEL_UNSPECIFIED
28041,vmm-cdcba11a8f7c53abd618649444949b652644aca6507e875205f053bbb2aac1aa,MASS_UNKNOWN_OR_OUTLIER
28042,vmm-c0ca5468a8c06e534639a1539c0c1f06f1537b519dd742cde0751fc6d23ba3de,MASS_UNKNOWN_OR_OUTLIER
28043,vmm-529feb32a676f58a6d7afd5bda0deb248dca5d58159866fbb7b056690e3f14c6,MASS_UNKNOWN_OR_OUTLIER
28044,vmm-c3260c2490b0f5eaf3ed72cba2f986c271c3a89d2791c7037ba6515c849f75c7,MASS_UNKNOWN_OR_OUTLIER
28045,vmm-8f905e22a81b41a23b7ecaf1776b4439a6723e832ac46a81c539b24bac0ae15d,MASS_UNKNOWN_OR_OUTLIER
28046,vmm-453fd6f71b50f520dc9d05aa221f9099e2fd580c1592f1ac68266353179742b5,MASS_UNKNOWN_OR_OUTLIER;TRANSMISSION_LABEL_CONFLICT
28047,vmm-d56dac35fdf1466b0d73b3a0c8dbfab6211be742ce81454542f8c5264db93fe7,HYBRID_COMBUSTION_FUEL_UNSPECIFIED;MASS_UNKNOWN_OR_OUTLIER
28048,vmm-b921d3d9482b7e099ebe0f1a111f66a3ea9111f31b5a5626297fe4d87b1d742c,HYBRID_COMBUSTION_FUEL_UNSPECIFIED;MASS_UNKNOWN_OR_OUTLIER
28049,vmm-a95e3bf6d2905012a303f3c7cfca40a7def66b7885984e1e5bdd4a0d904e3799,HYBRID_COMBUSTION_FUEL_UNSPECIFIED;MASS_UNKNOWN_OR_OUTLIER
28050,vmm-8659f2b1d421f008bc726633b75d4728e288d49f92dbfcc989ef36c03b80a8f9,HYBRID_COMBUSTION_FUEL_UNSPECIFIED;MASS_UNKNOWN_OR_OUTLIER
28051,vmm-66a6139124d8daa6b51cb7054059f987d0ced45e867b07a7b2293a73c06be4a9,HYBRID_COMBUSTION_FUEL_UNSPECIFIED;MASS_UNKNOWN_OR_OUTLIER
28061,vmm-c28024abd1c4b28f50b53b9a56087fbeb0b525133161b1166b65c6df6efca9b6,DISPLACEMENT_LABEL_CONFLICT
28062,vmm-c51d1ffd3f2f01ad96497f5d1cf32b99c76ee63a6c603f20a223752586cf4657,MASS_UNKNOWN_OR_OUTLIER;DISPLACEMENT_LABEL_CONFLICT
28063,vmm-23fda6cf6ba37c48c10ef239d0b2498ac4af8e17dd83497f8e653daa0471741d,DISPLACEMENT_LABEL_CONFLICT
28118,vmm-6a75f3be8da552f4206d63a588c6e2998eecad00769ba6e99c2f7777f6d8816d,DISPLACEMENT_LABEL_CONFLICT
28132,vmm-1475c0838fe1c9b15247810d92f6ad8107b5f8af5b3a5aff1232ef96c4b5d756,POWER_LABEL_CONFLICT
28155,vmm-010215f3299f9d778a38ece5d78c04f5f75adb120843c8369af6723a661dc034,LEGACY_QUOTE_REQUIRED
28156,vmm-b187f53ac833297c4fa0e5819f60c9cf3a77ccae2c82414369d9602025c9fe4d,LEGACY_QUOTE_REQUIRED
28157,vmm-8e499378383f28a83a62653c181338e7f6671cbfd657f9bd136c84fcb9fc1d35,LEGACY_QUOTE_REQUIRED
28158,vmm-1765feca4109830ebde856109c2d3b25e00df61b03d930931f923199f5985f47,LEGACY_QUOTE_REQUIRED
28159,vmm-ed2cf5da26b10a21d03804c7ab4c0537624ae3d37cb46668e3966cdd5e01f9b9,LEGACY_QUOTE_REQUIRED
28160,vmm-35c83523da59edde46c38506ef817d089dcc43cb72e49148fcce8b04470ff003,LEGACY_QUOTE_REQUIRED
28161,vmm-1eff858cd1128e74e51b8cd3963face2d0fc8f75e2787949f8a3fd08093b163e,LEGACY_QUOTE_REQUIRED
28162,vmm-824bab9441ca706df740cc72efc635a2f49a026befbfb2d372c441ced0c2c6d6,LEGACY_QUOTE_REQUIRED
28163,vmm-a646e2bead0643e3b2fc07d97dd7b43bfb4af67b69b63ae71b4e8b470b977a29,LEGACY_QUOTE_REQUIRED
28184,vmm-0716ca2ff74e84ab9a1d8550e7e7459dae0d394e7b5bb7fd26a7ea763b72cd6e,TRANSMISSION_LABEL_CONFLICT
28185,vmm-22dfffdbbc85b23a833e743b20f707cabffe317c7b23470c45e39f8aef9de173,DISPLACEMENT_LABEL_CONFLICT
28191,vmm-15831b983e43b775d515321688457ef54e11cc0148abc5fbf88973befc5b56a6,DISPLACEMENT_LABEL_CONFLICT
28228,vmm-cfc722f02f47cb3fe0a81573c9d1f9507b4f043730d497ef53fd9843b5595030,POWER_LABEL_CONFLICT
28251,vmm-6e37e678460b543463d55d1b164b1ee1e0d6ee8a0b73ca65cb82b684d8b496c9,LEGACY_QUOTE_REQUIRED
28252,vmm-2c201abe668ebef520a49123759ea40c6915c3260bc465f4d654b194ec78894d,LEGACY_QUOTE_REQUIRED
28253,vmm-5ae2d8507d0c6b88192faa1be3a4a2c98d1e1c92a8550d7f65f82100892026cb,LEGACY_QUOTE_REQUIRED
28254,vmm-68eb947cf44ee377d15b040841c1603e6501d93b7a9a8183120c871479e66c3e,LEGACY_QUOTE_REQUIRED
28255,vmm-789df5f2b7654bf5e23b84446259127180c0d2951b7278353d1b0c84876dcb68,LEGACY_QUOTE_REQUIRED
28256,vmm-4f4a35733075da92cd4917fb706d9be554436e3b7ec8e168e5926af91c4e7796,LEGACY_QUOTE_REQUIRED
28257,vmm-1a4fe6b96f2af8916b10db998f67c197a6407d275e3225bac14c381d47076631,LEGACY_QUOTE_REQUIRED
28258,vmm-6dc093d599a032a35f8917c5f1036ac0c6be5042201071f818fc0b3853011b8b,LEGACY_QUOTE_REQUIRED
28259,vmm-475418e0d0adb3af4f04793d13bc9699f288723ecc178fbe7c909d98e3a19b3f,LEGACY_QUOTE_REQUIRED
28260,vmm-220507bd0a6b20b90a32176e1df336f2f47362f062eddaf844fbd7f1080b7da8,LEGACY_QUOTE_REQUIRED
28261,vmm-fbfb5023351ff28b9ea13864b8e5b64147e8a5a2169303a6fdc7bf280d16c36d,LEGACY_QUOTE_REQUIRED
28262,vmm-242130bd4b54655b48c3d519e2a65da2745560fc3a909d5717f15d9f8ef976d0,LEGACY_QUOTE_REQUIRED
28263,vmm-cbb153dec22ce0e3349c03ed4da9a76272005ffc80dae45be09b3d6c071fc360,HYBRID_COMBUSTION_FUEL_UNSPECIFIED;HYBRID_FUEL_UNCERTAIN;CYLINDERS_UNKNOWN_OR_INVALID;DISPLACEMENT_UNKNOWN_OR_OUTLIER;MASS_UNKNOWN_OR_OUTLIER;POWER_UNKNOWN_OR_OUTLIER
28304,vmm-7a4fce2c5a02e0fb560b3f99c6430c52c54a94f3bdeb6f559357b28dc861f282,MASS_UNKNOWN_OR_OUTLIER
28307,vmm-b9a11bb1a94e4de4847dec755a35dfd8d8d1b08d15b43b6ea10c3777de909fe3,MASS_UNKNOWN_OR_OUTLIER
28308,vmm-d9aae71096b67ba0d1b20bb1f4a08d6f25a09f010982776e3d9c6c9b496fed88,MASS_UNKNOWN_OR_OUTLIER
28309,vmm-076b88943ccd7f1cf04d6ad9f49d43405e82ab4cb710b998c97bf901285b23bd,HYBRID_COMBUSTION_FUEL_UNSPECIFIED
28310,vmm-150f30df0112f72cfbc302ef5c1943c88d51355be22a0757358af7d87958018f,DISPLACEMENT_UNKNOWN_OR_OUTLIER;MASS_UNKNOWN_OR_OUTLIER
28313,vmm-c038735c97fe5b1b618dcfb55e4fddf6cf40c7bd6d4399eb5314dd04f04644aa,MASS_UNKNOWN_OR_OUTLIER
28316,vmm-c302bd8d83cd012c22b92c5d6a91190a154f49311d7d48c0ec21a3778d2d5abe,POWER_LABEL_CONFLICT
28337,vmm-af54c6fb229a2d61fde07f0f32598acc961f51eb22efc3ec153052786528135c,MASS_UNKNOWN_OR_OUTLIER
28347,vmm-50c5c1bd46d1753cf6c8e6e1d12de3a162d08ba107f857f692d537d6857cb585,LEGACY_QUOTE_REQUIRED
28348,vmm-00fedff4166a4c05d5247193c55992ac1002bb2f945785772972a8d1b8d75993,LEGACY_QUOTE_REQUIRED
28349,vmm-f348b181104730cfc7b1d8738388cd964f3fb1de243b69b951566101c5493e25,LEGACY_QUOTE_REQUIRED
28350,vmm-9394d8453c0f6996b489c273c34ac17b26796dd21354ff8323c35c2fb253962f,LEGACY_QUOTE_REQUIRED
28351,vmm-b439e0a9336c4f515442d09062c463b5d602471f57f7e78c707c2ba4ee9776fd,LEGACY_QUOTE_REQUIRED
28352,vmm-28067fc0a57c615c9f1ab81094bd379dc41d9357f2df81c3ac1332ab4dd3d26a,LEGACY_QUOTE_REQUIRED
28353,vmm-a16b499d38cfec5991ecd4f1b6d6638a58513b88fd0b759a63204569a510d658,MASS_UNKNOWN_OR_OUTLIER;LEGACY_QUOTE_REQUIRED
28354,vmm-c321eac3e12a9b7a5d576fdb4d8765d7293cc7d36f8a2fbf0ecbd76e0ad80708,MASS_UNKNOWN_OR_OUTLIER;LEGACY_QUOTE_REQUIRED
28380,vmm-a1880d31314afdda6fbc08007da3ff4588241b31f31f303586077b75fd7e1eb0,MASS_UNKNOWN_OR_OUTLIER
28390,vmm-7772203d0fcc0c768660d60bb1f8c94d9992c347907ffd7de4af45b5b9dea976,MASS_UNKNOWN_OR_OUTLIER
28391,vmm-1a03b8c974744a73483483397cefac3359268490e252b3e82fb954b407a7a9c7,MASS_UNKNOWN_OR_OUTLIER
28394,vmm-b3d243e47b57915e439a5cd85c9bc6553a1c9deb88346267300661910eaf69c2,POWER_LABEL_CONFLICT
28395,vmm-92c1457eda9d957155b5052706e5f674b19ef5622643cc78a1f7dadc76a062f0,POWER_LABEL_CONFLICT
28430,vmm-31f1a3d073a97ca4ced2652ecb7e7b218b79a24c8729d931b3de58515cd147d4,HYBRID_COMBUSTION_FUEL_UNSPECIFIED
28431,vmm-98e66201c8b4cf67ad99f45f17ea33923cb9dd73d764d8799a6fb98a89c2ade6,HYBRID_COMBUSTION_FUEL_UNSPECIFIED
28438,vmm-9ca2c6fe620f61fac645ff31753690e053b77935a9c9b9192b87dd21c090a19c,HYBRID_COMBUSTION_FUEL_UNSPECIFIED
28439,vmm-e77aca52185f608adf341d6b4c456836c4fe90ebc71d786e7ffe121bcf8f63bf,HYBRID_COMBUSTION_FUEL_UNSPECIFIED
28448,vmm-fb2811157d60f3001ec3e436c9c759b09fdd639e43689dddaf9baf543131a48c,DISPLACEMENT_LABEL_CONFLICT;POWER_LABEL_CONFLICT
28489,vmm-f54846837ae9c6630767673099b06c6aa04b579abc17aa022340f1e25e94f2ef,POWER_LABEL_CONFLICT
28490,vmm-38f999afdf99801a4d90d9ccfbdf688f45c087c470dacc86692a6e4f3cc5c744,POWER_LABEL_CONFLICT
28517,vmm-feec668d6bed6a59755e9f8c680c91da51b03caa662eac121cb99521d7e46ac8,MASS_UNKNOWN_OR_OUTLIER
28519,vmm-a0f3fb2dc5a42c263103bddc984ade0ec25c96ab269ff5471eccf06fccf4ae16,MASS_UNKNOWN_OR_OUTLIER
28520,vmm-c93ea09fa230af8d2ccda3dc559f6bd46690520746a929813645d4effd65f45c,MASS_UNKNOWN_OR_OUTLIER
28523,vmm-ef49e382c41c1466a92a29d583f85717de21ddba51f3e25b645b8a81acee789d,POWER_UNKNOWN_OR_OUTLIER
28530,vmm-dac5f12dea4bb60836de1df2e8c15d55542c787473f70f49605f71ac10d2b423,MASS_UNKNOWN_OR_OUTLIER
28538,vmm-a20d9212d162dcf22e2af8e74c6bd819238d8e8c00a39abf6f5e383bcb8a7566,MASS_UNKNOWN_OR_OUTLIER;POWER_UNKNOWN_OR_OUTLIER
28543,vmm-227b1261568c2c9d5afddf047fe1bcc3d24443a2e0f6507bb4784e7cb975bcc6,DISPLACEMENT_UNKNOWN_OR_OUTLIER;MASS_UNKNOWN_OR_OUTLIER;ROUNDED_FOR_INTEGER_STORAGE
28567,vmm-775c07185ae51cba47e72203b872083ecb88180a1263cacc76e54fcf7aa3f8ab,TRANSMISSION_LABEL_CONFLICT
28641,vmm-814ef99cb01a4afb5e283e8bb0f8039ffeca13925abc2d8b8845e5e8310b1d79,DISPLACEMENT_UNKNOWN_OR_OUTLIER;MASS_UNKNOWN_OR_OUTLIER;POWER_LABEL_CONFLICT
28655,vmm-e42b1a441604dff4aaf36fbefe2a16eb396c6fc574a4a5fe8c959646304c0001,MASS_UNKNOWN_OR_OUTLIER
28656,vmm-2f8bbb7ca3f709d1a04bdda4e0aafd33a4d3febc7e596a6a60e22c27a8af1d5c,MASS_UNKNOWN_OR_OUTLIER
28657,vmm-90ff096bca99bec3b3ddbcddb45aeed5c675f31b81dedbe1d8b3b6987b7fcc91,MASS_UNKNOWN_OR_OUTLIER
28658,vmm-3173a45cd5135af9a1a8062de81e4387fcd5ef6237123a442767cbbd26f5cbdb,MASS_UNKNOWN_OR_OUTLIER
28661,vmm-4d533d44299ec9db64711644eb4a273723efa34c364fca6db8ffdf6a8faa45ae,MASS_UNKNOWN_OR_OUTLIER
28662,vmm-8c73a6a6e361edf5eca09e86d873ef2d861d39653e1a8131accec2226d53224d,MASS_UNKNOWN_OR_OUTLIER
28688,vmm-37d8ceaa5a392cf13134ffaeb9a3b9b81bae2962588be33c64cd507a5991bd0a,DISPLACEMENT_UNKNOWN_OR_OUTLIER;MASS_UNKNOWN_OR_OUTLIER
28689,vmm-30c4c78b3ab0966932411caa5860eb915598f9d7bbfece687fbd2389310bbe05,DISPLACEMENT_UNKNOWN_OR_OUTLIER;MASS_UNKNOWN_OR_OUTLIER
28703,vmm-0c17bc817f7a24d5661d337b5bdc20398a5d19b6bb6535311d158e617fb4a37c,DISPLACEMENT_LABEL_CONFLICT;POWER_LABEL_CONFLICT
28722,vmm-3ea52f237b6da573e9719e3838c0786509381113f0c4b8f39ab0163c3a11d4e7,TRANSMISSION_LABEL_CONFLICT
28723,vmm-6088186a44af21cd1c91d2261dd9dff83e8887421dddcda3ac7e2e18a6aa9dcd,DISPLACEMENT_LABEL_CONFLICT
28728,vmm-efa987bebb37e5112b846e8a3020632fdbc633d77997bbd15a739634f044f253,TRANSMISSION_LABEL_CONFLICT
28742,vmm-2a4fb6fdeac218007332230758768134af32b8d6bf018ea6d236f3f30e2f2195,POWER_LABEL_CONFLICT
28778,vmm-1e491b60d61e42952fa07a0bf22abaea6c47bed4967e9fe8790d0a0f578522d3,DISPLACEMENT_LABEL_CONFLICT;TRANSMISSION_LABEL_CONFLICT
28779,vmm-b516a08d6971f6c8e67b7f784337526698e061d7d943909f78803f50537e63c7,DISPLACEMENT_LABEL_CONFLICT
28797,vmm-9d105c574076e0095f969acddd85326b3db9da7122d81c7650479e5ffc34d9ea,LEGACY_QUOTE_REQUIRED
28798,vmm-b1f15d939b1ff29a0a71220f84e8e8c03a514ab9e736ef63fa1940414dd6d704,LEGACY_QUOTE_REQUIRED
28799,vmm-cef0fa0c7f394fca4c30d2183c322cb78e8feb15bc82b067207fa9310d643085,LEGACY_QUOTE_REQUIRED
28800,vmm-eda3b9fa8448a565ae2577865b2f199d7b004ca6fafbeb755ffd8706bae40406,LEGACY_QUOTE_REQUIRED
28801,vmm-e8b9e69d6064561b59bf3f1a9dadabbe6e9d167ae746989e240b460ed9017db1,POWER_LABEL_CONFLICT;LEGACY_QUOTE_REQUIRED
28802,vmm-18e3356be340adf2ad26b4d1be12b7a0ff14914106fec88854028b6e51f6abdc,LEGACY_QUOTE_REQUIRED
28803,vmm-39a4f7b68cbae440f6343008a1e0caf999431f2d4c6839d57c737738c399c8e9,LEGACY_QUOTE_REQUIRED
28804,vmm-0cc64e3395d7bc781f1e9077a545b2d24f4da0d81cd91c0084d33f71d30ed784,LEGACY_QUOTE_REQUIRED
28805,vmm-27494ffa40457e88c091a7c32f9e3ef34b6df489291f189663525e870fd85830,LEGACY_QUOTE_REQUIRED
28806,vmm-1823667ad339e901f63198339d7d166d4d9d7c17938e8e2b897c5a12607e88a6,LEGACY_QUOTE_REQUIRED
28807,vmm-f342a5baf36d2b5124decff0779b3f04961502f1314341617d84d270cf0a423d,LEGACY_QUOTE_REQUIRED
28808,vmm-4490a1dbe6fb9c8f9a9c574e50a9f18c76e3def35989cda463c894a102fb711e,DISPLACEMENT_LABEL_CONFLICT;POWER_LABEL_CONFLICT;LEGACY_QUOTE_REQUIRED
28809,vmm-105f78f541774e893674a60f6c091300e17a43d4d8c6dc54ed286c077f465431,LEGACY_QUOTE_REQUIRED
28810,vmm-100b2c1c519dfac1b5e302f3f0cebb0aaf42a5f8d7702650d78ba5428e9104f2,LEGACY_QUOTE_REQUIRED
28811,vmm-02f49beb2c400530e814b09697eb7e9f1f0a1e706205cb5a1fed8fcd25ec237f,LEGACY_QUOTE_REQUIRED
28812,vmm-7c53f23633b1642361f93cf75fd1b4490b8c45007975d2508b61554ae4698cd2,LEGACY_QUOTE_REQUIRED
28813,vmm-cd91748f317b5a576115db7d4997c844d746cbd45be83f145b25fc3692e6725f,LEGACY_QUOTE_REQUIRED
28814,vmm-ba9f5e679504d3f6b4313c39d9d943f63e83b8b1355fc51bd8f385536772dcf4,LEGACY_QUOTE_REQUIRED
28815,vmm-59efb6dbf766f9dc4e9689b821dc0ad981e1f9395c6245fe0621856867454909,LEGACY_QUOTE_REQUIRED
28816,vmm-4177e8a63b3c42ab7f0ad31498dff738533bbb9899212bfe6fbaeae45303e11f,LEGACY_QUOTE_REQUIRED
28817,vmm-770496e1ff2d37f1e033207986c2f0ae964de31e1d54c8869c6680f916670719,LEGACY_QUOTE_REQUIRED
28818,vmm-02acbee4a0faeb1a403ec1055d0911c49c6ddb821486b82f4b5a6b41af71522f,LEGACY_QUOTE_REQUIRED
28819,vmm-be22891e3e893338365ea85edf86e276deb704dd0a211d0ea053c485dcd6c5d9,LEGACY_QUOTE_REQUIRED
28820,vmm-39ec64fa5542c030529cf9c9b9f6145336aafabeb5b380f0162823e20b1e5c63,LEGACY_QUOTE_REQUIRED
28821,vmm-c57d8ab5fb40539b892779fa88dfebbc269d6221509acf5bd5330cd4a8acc7e9,LEGACY_QUOTE_REQUIRED
28822,vmm-3ee1bc226993ecb6657c9f8b6b59fca7149ad054b6829c18c643cfdf2672f684,LEGACY_QUOTE_REQUIRED
28823,vmm-b6462a9709ef9a1d65e0ca4a151700d8d0006362cb561c5cff36fb4467ca3538,LEGACY_QUOTE_REQUIRED
28824,vmm-db54d1e67833ce47ac69f704f18c487a4834a026a3bd7a863132811f19695d92,LEGACY_QUOTE_REQUIRED
28825,vmm-8f9094019fd8efc06dd1d8b7499f546e8692fab10612a8d827f9c8cbc0d28b2d,LEGACY_QUOTE_REQUIRED
28826,vmm-74e0a94723984d6d98f4710d620d661eec14d770de6defbd0e89a815c3f4d4a5,LEGACY_QUOTE_REQUIRED
28827,vmm-d74e52f35cba14c9c9229067ef0b8b477308c7148f208fbb35cdb1840f41e2f1,LEGACY_QUOTE_REQUIRED
28828,vmm-3b7ccbb5d1892c99f624030586b97584b58dad9a3d660eda19731192e86f5f18,LEGACY_QUOTE_REQUIRED
28829,vmm-0430a1efbd89af8a1431af0f37670f6dc540fd6cce85d18710dbeecd70e01ae4,LEGACY_QUOTE_REQUIRED
28830,vmm-daafe52b153ccd35cc4433bfd49d6555593d438f00f90d97576c840b915e1908,LEGACY_QUOTE_REQUIRED
28831,vmm-bddc8a74acd468772c5abe1953a1ee78bdaf7f680ad90a344d8f6a26eb8622ea,LEGACY_QUOTE_REQUIRED
28832,vmm-89d50ba017b915b2762c42e7260cf678c1abb51bed7c47bcc0c7f64c459d76e6,LEGACY_QUOTE_REQUIRED
28835,vmm-096ab84cf39288b422295f79906fcd595fd2016c80db332e974031a79d49bf3a,MASS_UNKNOWN_OR_OUTLIER
28846,vmm-829160b070a767f8444e448918fc05d48b436792c7fa514c81ea12de02986b14,HYBRID_COMBUSTION_FUEL_UNSPECIFIED
28849,vmm-5eae96421eeb067bdeb02a470ef1198ee42be1fc8865717918376ee319610aa2,DISPLACEMENT_UNKNOWN_OR_OUTLIER;MASS_UNKNOWN_OR_OUTLIER;TRANSMISSION_UNKNOWN
28850,vmm-d82e2a32107d4e31ef8da1d4b1224c11913bdd2c6277fa66a708160d86b0614a,DISPLACEMENT_UNKNOWN_OR_OUTLIER;MASS_UNKNOWN_OR_OUTLIER;TRANSMISSION_UNKNOWN
28851,vmm-f36fce15491da8e4027c19362129853bd2a7cc3de125536b715e85c1c4cdcfeb,DISPLACEMENT_UNKNOWN_OR_OUTLIER;MASS_UNKNOWN_OR_OUTLIER;TRANSMISSION_UNKNOWN
28852,vmm-d20912512c1a6c7f5abc065d5f14986a32cf5a286821a1762d95474a480d94b7,DISPLACEMENT_UNKNOWN_OR_OUTLIER;MASS_UNKNOWN_OR_OUTLIER;TRANSMISSION_UNKNOWN
28853,vmm-b414dfb87a64a4003e15cdf3e01fc03fed0398e41d8814eb80944775efcdb293,DISPLACEMENT_UNKNOWN_OR_OUTLIER;MASS_UNKNOWN_OR_OUTLIER;TRANSMISSION_UNKNOWN
28854,vmm-2bf674d824389b200b4969a1c13579d188b71560ab1a61c863c42b8274fca722,HYBRID_COMBUSTION_FUEL_UNSPECIFIED;HYBRID_FUEL_UNCERTAIN;CYLINDERS_UNKNOWN_OR_INVALID;DISPLACEMENT_UNKNOWN_OR_OUTLIER;MASS_UNKNOWN_OR_OUTLIER;TRANSMISSION_UNKNOWN
28855,vmm-7077a7490c0898496c1c4873b0337c639a09bde8f878a70a3b697fdd6bbcce45,HYBRID_COMBUSTION_FUEL_UNSPECIFIED;HYBRID_FUEL_UNCERTAIN;CYLINDERS_UNKNOWN_OR_INVALID;DISPLACEMENT_UNKNOWN_OR_OUTLIER;MASS_UNKNOWN_OR_OUTLIER;TRANSMISSION_UNKNOWN
28856,vmm-9292f81e8ead61c6b0a1829a5ad02ca437b3ad3fd72ea661cd58beac567457e2,HYBRID_COMBUSTION_FUEL_UNSPECIFIED;HYBRID_FUEL_UNCERTAIN;DISPLACEMENT_UNKNOWN_OR_OUTLIER;MASS_UNKNOWN_OR_OUTLIER;TRANSMISSION_UNKNOWN
28859,vmm-e56149af675fde33a04215ab6ecef1d1ca97c8023d916897a9b628c5318dad43,MASS_UNKNOWN_OR_OUTLIER
28860,vmm-0320f38bef8fd5531532f710986cc5126d32d5552cbca9107b05831071afc351,POWER_LABEL_CONFLICT
28861,vmm-81d709d8d636bf8c1ecb2549547010771db57ce2f6b99fe2a29e9653d34d80b1,MASS_UNKNOWN_OR_OUTLIER
28863,vmm-d0f7013001aa5fcefeeeddf4f6a00f3f6ff5fea2f24fc321c3ec01611a0b4251,MASS_UNKNOWN_OR_OUTLIER
28877,vmm-7849df5eee73dfb74520a35113e91e89bafab5468126db281844390905f9ae12,MASS_UNKNOWN_OR_OUTLIER
28931,vmm-f775f99b22dcc5949691dbc2426e6eb726fc041701d5dc37f3922ff7bb4172fa,LEGACY_QUOTE_REQUIRED
28932,vmm-544944555641cedbbbd4ebef29cae621c1cba46a9292e9afdea71a664f0b8afe,LEGACY_QUOTE_REQUIRED
28933,vmm-99bc6d730d71edb448c3f32ad3eabfb355e80f5fff6206cc5eec6f440f56c3c3,LEGACY_QUOTE_REQUIRED
28934,vmm-4326f795a3d9c2ea83685692fe7a7e8022757b7b2af6f21a90cc981daa89e191,LEGACY_QUOTE_REQUIRED
28935,vmm-9640ed3237d2ae41bfb9a0b8e1ff1ad13ec6b17e040e370b14fc5ea33ee07965,LEGACY_QUOTE_REQUIRED
28936,vmm-f16fb68e14dc66b4b46a1cb84fd9b319efcf75ea1a1537a37e0f65146daebe5a,LEGACY_QUOTE_REQUIRED
28937,vmm-202282a47b3b9c64635b9310aa6ad9a10f5fa86eb0b26b355f2329cfe4067cb2,LEGACY_QUOTE_REQUIRED
28938,vmm-a26ec70c0082aa37afbde1dfb1758cb11036b8dab58cbba6769c37fb0b44e309,LEGACY_QUOTE_REQUIRED
28939,vmm-1573ea4a5e14645679b3cb7c0f612df35688f99243c5be0ef940ab708a7283e7,LEGACY_QUOTE_REQUIRED
28940,vmm-251a4be9d257992b716858bde3014645e7df61eb8d7fbce53414ccd3714d8a9e,LEGACY_QUOTE_REQUIRED
28941,vmm-31c2032a66c470f61ac1a3863089c9fa6a237c461992d624b00cb51405ee97ab,LEGACY_QUOTE_REQUIRED
28942,vmm-f20c2d470951062b26e0f1626027f1483bed38a4ddd52752ca20f2ef29b29b6d,LEGACY_QUOTE_REQUIRED
28943,vmm-37ff33cd90b9cae5ed1545174901f3a69c13ddb76352be47641d5d5e2c86fa90,LEGACY_QUOTE_REQUIRED
28944,vmm-676a4bcb5a9bf5eccb17fe310a3be8292ba3021ca9e230fd787d01f7dc555035,LEGACY_QUOTE_REQUIRED
28945,vmm-550da88c52220018b0ac9c1e67d012ad77bfb1072a0996939dc903895e768e99,LEGACY_QUOTE_REQUIRED
28946,vmm-0e84d029870611d7e32f298b5ee5e09384a5267a4ec43383e55ffbc04b84937e,LEGACY_QUOTE_REQUIRED
28947,vmm-caab5340a16551182079a54d86801a4e2ec599c89a0b8a96bec44dceaed64f3d,LEGACY_QUOTE_REQUIRED
28948,vmm-0bc0ead263071c274ab2c9648afa4dade29e0185229aa728851ce1d23d040bd2,LEGACY_QUOTE_REQUIRED
28949,vmm-a3d982995d4aae73917c9beaec3294f20410ecd597a3a2c474de8620b176cbd3,LEGACY_QUOTE_REQUIRED
28950,vmm-74ebbe78d644eaa7846e8b9ec490b9e74696520553f42f33b4135116171d578c,LEGACY_QUOTE_REQUIRED
28951,vmm-d5c8d58eeafa4657446d1eda2d6e3ad3d20ca7c1d76c617d4edc2238a23485c6,LEGACY_QUOTE_REQUIRED
28952,vmm-4e89b4490830721124fc6859cd6530fd72fade54b0b62817ae39894883139115,LEGACY_QUOTE_REQUIRED
28953,vmm-31d7753d2d8edc1c79b3ad40868547644238f81def4dcaa7af69a81c9577e312,LEGACY_QUOTE_REQUIRED
28954,vmm-71bca174eefb90a7856d90652f4e8f2b98bb8a87a43ae26272d8bf5491a9e973,LEGACY_QUOTE_REQUIRED
28955,vmm-3e311a65e670d9153e3d68505ae2a6004f4262e6abc2d60dd7706a143788e96b,LEGACY_QUOTE_REQUIRED
28956,vmm-413105dc5bb6e25a2cf15fa189066f04f448dcfe9ad139fedb6cda03a5e196b5,HYBRID_COMBUSTION_FUEL_UNSPECIFIED;ROUNDED_FOR_INTEGER_STORAGE
28957,vmm-ee3f05366090b6a8f95777da2fc09efad550d990f26a8d744f6584bd3ae8c07c,HYBRID_COMBUSTION_FUEL_UNSPECIFIED
28966,vmm-4cfe1fda5edb5582172f8864df9c6aea5a3bf4206549b6ed0b15ad2b4076e441,DISPLACEMENT_LABEL_CONFLICT
28968,vmm-f2103956eaa16f244b586627586254f28529360a7ceb635b43ab8ccd245322f3,DISPLACEMENT_LABEL_CONFLICT
29144,vmm-ff34f0f021fe2f6bef1bbb2cf5c8a4931bf21d8e8a7dd73381acdd5b1a425a7f,LEGACY_QUOTE_REQUIRED
29145,vmm-e72caf664944d45a3a652c8121064d08e93b0c81182e5f243e4bbfd45546a677,LEGACY_QUOTE_REQUIRED
29146,vmm-a3b40072a9876bfbe107794b1c2890a8feb7e5af1d6251de112d22331eb74b45,LEGACY_QUOTE_REQUIRED
29147,vmm-7e7658c48a4911da6cbc8ae04168a386e12fb281936c38abb3f1b2a9c8f8eef0,LEGACY_QUOTE_REQUIRED
29148,vmm-085a9371887a5ed8ab2f2c76918585832ed413bd1754d0edea54a21b00321504,LEGACY_QUOTE_REQUIRED
29149,vmm-234a935d53d6e7075651bcd5bc914ba7a61e9e6ffaa8c09394104f1ec1050f24,LEGACY_QUOTE_REQUIRED
29150,vmm-0cba2be8242f4b011e4193544869a7205e8ae399fb3a4fb31de8eec141a204b1,LEGACY_QUOTE_REQUIRED
29151,vmm-80637b5718e2fb2fe0381e185fa9471b2069380a00fca4b659ae002aece8fccc,LEGACY_QUOTE_REQUIRED
29152,vmm-f70338ad9a680ae28130ece45ec22a82504d2de642e50bfc54f96d33a9cfdd76,LEGACY_QUOTE_REQUIRED
29153,vmm-62b5afc693f2ff6d3645d61b028110fd1fc77758a1ae0003ef28a46deb77f832,LEGACY_QUOTE_REQUIRED
29154,vmm-ddb5652e8facddaf2761e2e3fd32d3af1fd01176991a4c2f994e77439a69136d,LEGACY_QUOTE_REQUIRED
29155,vmm-49c672fb28e4c1ff36c5d09dd608250ea892502df8b5fad91ab7761cd1c34052,LEGACY_QUOTE_REQUIRED
29156,vmm-27219d602be1d565b8473aaa60e30bf36383fcbe6af83d3d2824e3ded986385e,DISPLACEMENT_LABEL_CONFLICT;LEGACY_QUOTE_REQUIRED
29157,vmm-6b7154967d1e424f258adb2c8bf5f6e78eb2464e704155a6d30c594ea06d0e98,LEGACY_QUOTE_REQUIRED
29158,vmm-62d7c01e9e87685f3b1d6a04e467f3a3c4d75223eef21a42f9639848951c9559,LEGACY_QUOTE_REQUIRED
29159,vmm-050bb7bcebf6fdf59fe443bb6be2fc3c92292ffede13fc9608ff55db12238195,LEGACY_QUOTE_REQUIRED
29160,vmm-a3f8635687127c5311df474f9be00415ea22d8527abc20e187660c7656ccac31,LEGACY_QUOTE_REQUIRED
29186,vmm-4ec94cca04e2a72aa0ca3f50bc18d01e84268224a9bd88980d44de59982fff2f,LEGACY_QUOTE_REQUIRED
29187,vmm-4f684a91e8f62b50502e300dfe11d086d698121e6c62de87283fd7cb2545c296,LEGACY_QUOTE_REQUIRED
29188,vmm-e1c85cfa7bcb2a233b0b68cb38b60bc7ea6b6b79b1329d2511603999737d939c,LEGACY_QUOTE_REQUIRED
29189,vmm-d4b01b62a4fa8209a5658350931cd1ea7a89ee10668935070fd8ff3a4a3b9bee,LEGACY_QUOTE_REQUIRED
29190,vmm-b3cdb0329e29d0fcbc665a78791d16eae77738ea7f4d3c3c02e5301e57eeb0a2,LEGACY_QUOTE_REQUIRED
29191,vmm-dde73fd898a1cde719b4d369a13498aa948529bf9e183a9c2c83a9df50fba073,LEGACY_QUOTE_REQUIRED
29216,vmm-8926295c3490a5b4a4bb814c9a8100cad4fc371e636dd93bcd7441828b8bbafa,LEGACY_QUOTE_REQUIRED
29217,vmm-8b79f6f15d6ccb6b16c6075aeac0f166f8b94370b6eb928898c536069cedd753,LEGACY_QUOTE_REQUIRED
29218,vmm-3587079de6728fb6f8e3ff6b365f187cc650d0565478dfd1305cf4adf0f3bd1a,LEGACY_QUOTE_REQUIRED
29219,vmm-91ac46e4cd45c8c0ee73f5842283d3ad50bc7291775e2bba81d1db4efd712b12,LEGACY_QUOTE_REQUIRED
29220,vmm-78b6fe558a6b432b69e3fd009114ca250eff91888a97452014924fed249725f0,LEGACY_QUOTE_REQUIRED
29221,vmm-f5c8a33c15b6859a23af28a1535686fdd1884e49cb5b916f5b60dee25772adad,LEGACY_QUOTE_REQUIRED
29222,vmm-5b5edf2e44837c27a1a881a192937934a658cb6f33dc75ed6dd020f52d467c0c,LEGACY_QUOTE_REQUIRED
29223,vmm-4bda919fc1e2bd99f41c893f4fe5b17e321127a390f85a8c331cd98971c79768,LEGACY_QUOTE_REQUIRED
29224,vmm-79e108f81a5c2f4d013fedfdac9e8554e21e888ccb5e0fa335f4dcbbc3f51cd2,LEGACY_QUOTE_REQUIRED
29225,vmm-2bc5e5eaca297457f6933957b246329c69495e24393e0dc9cfb620c53f09fb03,LEGACY_QUOTE_REQUIRED
29226,vmm-2ad826fc073ced4bdd6bf872447f59b30d7cc53332547039fb58de2d9711c9c5,LEGACY_QUOTE_REQUIRED
29253,vmm-dcfab0aa8d92b8ba496d8dbf906150c5752fc6d4708f12ce6da285234d2178b4,MASS_UNKNOWN_OR_OUTLIER
29256,vmm-4c3254c936be2252dff6f11b60555a7d8d87314b30c7721ce2e57a0854d0ac0e,HYBRID_COMBUSTION_FUEL_UNSPECIFIED
29257,vmm-dd29e88edabe58070c4de9a2f8fc33d3144dccd99b73e5e2fef311dcce2c4c7e,HYBRID_COMBUSTION_FUEL_UNSPECIFIED
29271,vmm-7bbe189e3de8f5f46e6b2701126f60825d871c7597e84bdd719ec1517f5a438a,MASS_UNKNOWN_OR_OUTLIER
29275,vmm-afc16e88e9fb37a56b8c1a25566b49bca5d86144c6a812fe50a29f46b02f0126,MASS_UNKNOWN_OR_OUTLIER
29276,vmm-1f1b273194b009c4ef66c91d8894b471843ccb0e416fa787744eb457bd847f0d,MASS_UNKNOWN_OR_OUTLIER
29277,vmm-b7b38f56babfaa2220cf8fa5f9c4e3d861e018d931ae62f968a6ae4dbe7c26ed,MASS_UNKNOWN_OR_OUTLIER
29278,vmm-fc089d4b3e1d76574f0007032769c4c7759a111b6ec6819166b0c778d7da5ddd,MASS_UNKNOWN_OR_OUTLIER
29279,vmm-6d5be6b649dff7137cb6e180d7cdefb6ccfd5e625ee33e39c9046312692a5cb2,MASS_UNKNOWN_OR_OUTLIER;ROUNDED_FOR_INTEGER_STORAGE
29280,vmm-cbe5857788a917917827297acfdc05b1b48ea7eeddd6c592aafca81d1c669f32,MASS_UNKNOWN_OR_OUTLIER
29281,vmm-d6493c342f30b7a7e7ff69c6a14988397fd64da75b39ceb194b077c7289eec51,MASS_UNKNOWN_OR_OUTLIER
29285,vmm-06e15816af66115281aa7f34b3a847edf99c4a1f4623d28f9f1d4e34d2a0a806,MASS_UNKNOWN_OR_OUTLIER
29286,vmm-17cc4af837f5bf77ec63436464653b4dbf52a45f326beaa4558ff7bc9fe2408e,HYBRID_COMBUSTION_FUEL_UNSPECIFIED
29287,vmm-50bc4c9ae45950176cd53a30e3f373c40599a70709cdfa10420a0ed88dc904cc,HYBRID_COMBUSTION_FUEL_UNSPECIFIED
29288,vmm-b0dd107059ce3e0d9220993986aefe31a1433044cc5d49eb0f6a0f703100cbc8,HYBRID_COMBUSTION_FUEL_UNSPECIFIED
29291,vmm-05a96d61e7306353f1d8f34a2e954ef042a69131094a8db5ac4658af01d7660d,MASS_UNKNOWN_OR_OUTLIER
29292,vmm-3c85cacabb09662431a322dee85fa66d4271990f5d29e4cd0436706c8840c425,MASS_UNKNOWN_OR_OUTLIER
29294,vmm-52b468d824b43b69a26ce1567aa853a10d2c418f80098665623401ec22c14b89,HYBRID_COMBUSTION_FUEL_UNSPECIFIED
29295,vmm-890aa87047ef6115a4dce614df9cc9c3d19457a7b9af95b983926d628b9e5be9,HYBRID_COMBUSTION_FUEL_UNSPECIFIED
29296,vmm-538e655ece140b57b1a82ec582a7763866f26e97e245b0427f7076b98225be4e,HYBRID_COMBUSTION_FUEL_UNSPECIFIED
29297,vmm-c1b9528d97ae1e635a8064bfede3e5edc5dea49fd5382cb541017bea48285762,HYBRID_COMBUSTION_FUEL_UNSPECIFIED
29298,vmm-331eb1703aa0a3239d5b347fe5506342eddea9ab7dc671b815840ee1e63be008,HYBRID_COMBUSTION_FUEL_UNSPECIFIED
29299,vmm-c2d1575344355b75fd8924a76bde017b91d5c351a50d67832f72a324370e2d8a,DISPLACEMENT_UNKNOWN_OR_OUTLIER;MASS_UNKNOWN_OR_OUTLIER
29300,vmm-6af996fdc0337a6906d5a5a54f09145ef90bb6ddd2770a33b11abe45d617b609,CYLINDERS_UNKNOWN_OR_INVALID;DISPLACEMENT_UNKNOWN_OR_OUTLIER;MASS_UNKNOWN_OR_OUTLIER
29301,vmm-bfbc5e2e6ea843fe532794aba348d18a502f9ef694215bd34f56476c7a512237,CYLINDERS_UNKNOWN_OR_INVALID;DISPLACEMENT_UNKNOWN_OR_OUTLIER;MASS_UNKNOWN_OR_OUTLIER
29355,vmm-d1110b61f0f187c73f31895a8919e2bfc58b0ba6bb34a543dbc80ef86c0ce47f,TRANSMISSION_LABEL_CONFLICT
29361,vmm-e3f005c453e18391a518d914c6ddac91a0b7807870c397890cf25bcf0b1ab62c,MASS_UNKNOWN_OR_OUTLIER
29363,vmm-cfcdac37e6f99f997706cb54522a6cd71afaebfa669202f780772d4681663089,MASS_UNKNOWN_OR_OUTLIER
29364,vmm-6b215fd77c0496cbf9996898e5a201210ec7aa2b0653cf80f26ad64ec84a3f06,HYBRID_COMBUSTION_FUEL_UNSPECIFIED
29371,vmm-01ef34d48a3f8c37b281622eed12f8fdf9c2b17ea36f2bbdf009040e800b5b31,HYBRID_COMBUSTION_FUEL_UNSPECIFIED
29377,vmm-8c7a46f5b3abf5f680d26ba6c8988be68806e544bcecf8025de1430d51b11742,HYBRID_COMBUSTION_FUEL_UNSPECIFIED
29379,vmm-54cc690c35e1281b98f4114f0336dc77b2fc35fc7eb33ff45939125ef501f3eb,DISPLACEMENT_LABEL_CONFLICT
29393,vmm-0626b78f980067a797f971fc0a1e6cd26f9e1286d827d0394fe73c2559f55c32,TRANSMISSION_LABEL_CONFLICT
29395,vmm-ae70c72ddf4a183f7525bcab7366e37e0544b4717b8c0925807b16f757880849,HYBRID_COMBUSTION_FUEL_UNSPECIFIED;MASS_UNKNOWN_OR_OUTLIER
29396,vmm-b72a6b6721550d99808f167c816efee8aebfbf64d79192020a14b0c441fc525d,HYBRID_COMBUSTION_FUEL_UNSPECIFIED;MASS_UNKNOWN_OR_OUTLIER
29446,vmm-5b2024f4cdb97a5eefc09b8f7eb5f3599ef60d7289a1658fd6a77c21332099eb,HYBRID_COMBUSTION_FUEL_UNSPECIFIED
29457,vmm-49daf0087ae6d6c0551673e6da34e3672f7e0cb5fc7eeb2936775f7b5171f38f,HYBRID_COMBUSTION_FUEL_UNSPECIFIED
29458,vmm-12385ad63af0590388c88cd753c93bcb42f42e3cc19c3ef8c2bb0f8703b0ea35,POWER_LABEL_CONFLICT
29472,vmm-0a640c8ddee2782616362974d62dd25799b44544ccad25216dfb4edfdc349688,POWER_LABEL_CONFLICT
29474,vmm-5498bce4406cec6ed1d1960df93993f03a2803ae339fb7a78b8dec5c5d8c50a4,POWER_LABEL_CONFLICT
29499,vmm-6757a848c4a9d78f993d249bf83660843aacc485ecc9a0b724bd459d7ea4e7db,HYBRID_COMBUSTION_FUEL_UNSPECIFIED;DISPLACEMENT_LABEL_CONFLICT
29500,vmm-8baa61a03ae1e62feb2e95de7aada973487fb0f6554b55ef9496d0d8a214d5bd,LEGACY_QUOTE_REQUIRED
29501,vmm-86477d75b8037fa237943ad15c0c7c4c443617fecb2cf6e4c3d4ad96f952616c,LEGACY_QUOTE_REQUIRED
29502,vmm-517ce9b9078b478a1dc1049299d5f0082776eabd2ee3e0eb2f82225d0fa3ed0d,LEGACY_QUOTE_REQUIRED
29503,vmm-6e25a1e196689f3f2fc7e269bb23b4515960c7e5fecfbd9abb476b876ba1f6ed,LEGACY_QUOTE_REQUIRED
29504,vmm-1bc199572ad9ee1f586ff2094508323d9c9ce19248ae6dc2469cbd66654a0d70,LEGACY_QUOTE_REQUIRED
29505,vmm-fa4458ae04158d995bc29e9496393f75d7c3a8cce0af1029c31e72845f4117e3,LEGACY_QUOTE_REQUIRED
29506,vmm-a50a20fb886ab81dbb8a1a92255498d5dbe0ae0b19ddfd3074184733766edbfd,LEGACY_QUOTE_REQUIRED
29507,vmm-cc112673fbae3de983c96862884486974e4e0d87d8193d6d966d74545e3fcf5e,LEGACY_QUOTE_REQUIRED
29508,vmm-9cdda4288fe3a2dc452956aa2822d7cf3123ae4af4a460540ce9555a93d95bef,LEGACY_QUOTE_REQUIRED
29509,vmm-b4ee2f5659b41584d714992384340bea2cba11295158141f937f8b51dd940e62,LEGACY_QUOTE_REQUIRED
29510,vmm-165a291d9f7980948f24065a85e03774de76a57b61b865d1cdb019fc86e46bfb,LEGACY_QUOTE_REQUIRED
29511,vmm-fafe7ceb08517950c5e9bda1ab0395247f031de58e7d5f62d53b9115576c8e03,LEGACY_QUOTE_REQUIRED
29512,vmm-7ebf8495a44cfcaa9e78a15c81f2c3f6c4587cc99c30a9d496140d6e982c090b,LEGACY_QUOTE_REQUIRED
29513,vmm-d8ebcf8f2859c6afbf637896b6e4dcf31a0a894d692dad08c33cdbfdbb866ba9,LEGACY_QUOTE_REQUIRED
29514,vmm-0ade1dd01c30d058a34724630463cb85600ecc6d76abde10632b21ac163fe6f2,LEGACY_QUOTE_REQUIRED
29515,vmm-7e853b681170820e80579de1ee878b32383dc49967b3935268c9a17b93e4163b,LEGACY_QUOTE_REQUIRED
29516,vmm-4925fb1f6fc5ccbd0006343f00da3ddc0acc5d9cdb2f5d2290283a15eff4a074,LEGACY_QUOTE_REQUIRED
29517,vmm-fb9885c062a554d465cc352f25361ecdf33994b1f15532c506e3e70c287595dd,LEGACY_QUOTE_REQUIRED
29518,vmm-837c8297eaaed2369a3f7da3619cad6345867e10585d2e85358daee54152f18c,LEGACY_QUOTE_REQUIRED
29519,vmm-af79c0b479db3881731ea7845b7319c4e50fe3e3c0a4301d7d412bd6c873754a,LEGACY_QUOTE_REQUIRED
29520,vmm-681207c43e178e5fad36466d79c52347637510579cb75a8c9bb39cb20052caa7,LEGACY_QUOTE_REQUIRED
29521,vmm-44810107c9e49489f3cb1071bf9110e009b5bfcdcd7059a404523e4884e4797d,LEGACY_QUOTE_REQUIRED
29522,vmm-6fc245960f7921783fa4564b4a6da2e5fbdc56895aedeb1e217bfd6b0f7785ab,LEGACY_QUOTE_REQUIRED
29523,vmm-ec3ffae8880a37e8ee80fcead30497bd06d3650db5adf2135f85987271f0b672,LEGACY_QUOTE_REQUIRED
29524,vmm-c0f8d38ac1a1601c6d6147baac3695e660b850ac71aeba94bd50acb02db6103e,LEGACY_QUOTE_REQUIRED
29525,vmm-a17814c06b3a77d3114b0c911f47c1cfaec303a8953460163f1a78256a955603,LEGACY_QUOTE_REQUIRED
29526,vmm-8172b0226bfecea2285a90b6cae60ab3df5d151e3fd7a8df5739021e9882c305,LEGACY_QUOTE_REQUIRED
29527,vmm-8ff1f78cafecb3a75c8e84d7fe4a079e446809a18f10d9044f90ed8698e0bae6,LEGACY_QUOTE_REQUIRED
29528,vmm-dde54a057d966f06453c027a425399ff29a45cce30b5fad1f1500141ea4bc22c,LEGACY_QUOTE_REQUIRED
29529,vmm-26f9afa70857acc7221845ac3d92fa4320996686cf164985b4d7e20b9d7aaac2,LEGACY_QUOTE_REQUIRED
29530,vmm-5a64f6540a419cdcb2fb9e363e88f2d9c3344d5364b5daea1a80426411f30f8d,LEGACY_QUOTE_REQUIRED
29531,vmm-f3a5e5847372db9a3eaf90a2582f0d77e81cc907f40787d3295e06c5283ef2bb,LEGACY_QUOTE_REQUIRED
29532,vmm-606d125beec22c3d8ddfecd289a1de40823ea9e2aeaf01bd92eafd1229bcaa79,LEGACY_QUOTE_REQUIRED
29533,vmm-69daa4940ad282952df6a2d7f8941fa2daba6b625b4944c99b409dfcaf193911,LEGACY_QUOTE_REQUIRED
29534,vmm-0ed6d472cdac3d46b70dca915cc67d5fc27bc1842d06d35675a592221b7441a2,LEGACY_QUOTE_REQUIRED
29535,vmm-7b55b6eb9e7247ecf87182b86acad3ded991ae4b9b87e8e9baaaef7d33d1eeeb,LEGACY_QUOTE_REQUIRED
29536,vmm-385dcf6e26546bd9c4052011cb086c8958c1fbb9fc7278a1f04cb5c692f05625,LEGACY_QUOTE_REQUIRED
29537,vmm-e55c9ab825e576f58c5fe2c3bab6a12341bac04c70805a4bc892d26b78d5b0e7,LEGACY_QUOTE_REQUIRED
29543,vmm-8dbbc752ad2e16511e79bb08cc2421c6e0003c8544756e01775b62270b93861a,LEGACY_QUOTE_REQUIRED
29544,vmm-8d8d316b56b5622785a6b08fb1a79c1fb570252f30f7feb57e5a24cf431cccf5,LEGACY_QUOTE_REQUIRED
29545,vmm-ffabfdc367a93e18fb6b0dbb2451debcd4abde43683ea2b3753787566d2d7419,LEGACY_QUOTE_REQUIRED
29546,vmm-9d88ed829c1a910469b7c083bbb6effb107ec489300099928413a8f4793d0c47,LEGACY_QUOTE_REQUIRED
29547,vmm-5753bc4c833c331f7f15fd5d9ede6a5a2ad2259ff2958e8bc41fc419b69e5112,LEGACY_QUOTE_REQUIRED
29548,vmm-07b5b8400b49ed054f454849b7364cfb3ca7da6e1d774463bb71b7c761074603,LEGACY_QUOTE_REQUIRED
29549,vmm-9f14762fb7c99fe6da4e3c440d0de0e29a29bf11984943797079963629084543,LEGACY_QUOTE_REQUIRED
29550,vmm-2faebbcf0620b9c5d2c3cf88c3b93d75bffd16895b394ef9e2a4f5c01307b64e,LEGACY_QUOTE_REQUIRED
29551,vmm-0c66715ba71d634c82ac5db0ed45af9af5de5bf3b6499718706a84ae0e718953,LEGACY_QUOTE_REQUIRED
29557,vmm-989cd482e5d35365ba7792bb66f3477eb89b2900515a93497c2862a1945d8d84,LEGACY_QUOTE_REQUIRED
29558,vmm-8555f7b1e498b6747f262c7fc40f062f077dfe6e24ddd9e44aebe78084b40f11,LEGACY_QUOTE_REQUIRED
29559,vmm-b7912c6eed137fc841ce93b651e9be213f9847eb5bfbc113887df70c3578f7ec,LEGACY_QUOTE_REQUIRED
29560,vmm-c0427cb8baf9cd585e9117febe33876677843e1b4a44e79c86306084ab4fc764,LEGACY_QUOTE_REQUIRED
29561,vmm-e793bcc615e41c4f3f7060a37eba52f30d246ff909784c3ebfa7d9bcea5d8e33,LEGACY_QUOTE_REQUIRED
29569,vmm-5792f0927d226226694e590ce779913640da5203eb6d524f012923bcf8515a85,LEGACY_QUOTE_REQUIRED
29570,vmm-d49e71afea29ccce43b3c6acab18bee650e2277ed8067045e399adc1ac888657,LEGACY_QUOTE_REQUIRED
29571,vmm-10358e090e8beb23ea6e9a609031630e0c4a834fa9be3c39b63ebacb47cf73c2,LEGACY_QUOTE_REQUIRED
29572,vmm-6e2e57110075481982b8da3672233608e8642a041c119cffa4a48b715954eb4f,LEGACY_QUOTE_REQUIRED
29573,vmm-5770f081102fbde11f75f334eb8facc1950d02011065cd246138387b5d80afe3,LEGACY_QUOTE_REQUIRED
29574,vmm-b505a96936cdca727a60321040970c28f1c56f3c65b0cf1cf536546bb68afda1,LEGACY_QUOTE_REQUIRED
29575,vmm-a9aa2524944504f71b8657aafad846cdf657acbb1f5feeecd8dee3cc4eb19776,LEGACY_QUOTE_REQUIRED
29576,vmm-67ab0c06b661363fe6bc26c818f5a39b67d426b1dc0fb94ff6a1239465bd31bb,LEGACY_QUOTE_REQUIRED
29577,vmm-baa8d72613e7eed2addbd7a94734c2a721ad3e4017ea21ea0c704eef9769f5e3,LEGACY_QUOTE_REQUIRED
29578,vmm-1882ae68b60d9748b8f52250b5262f77ca95c9360c5abfc8bb68b6dd07e53f68,LEGACY_QUOTE_REQUIRED
29579,vmm-ff6ccc0a15ef787f5103f05e9d1a141ecde58e2fe6efeeaf06e05703c379236c,LEGACY_QUOTE_REQUIRED
29580,vmm-92208969cff243647cbfc8a637859aa7bfbd96b498f29c44447f49618894b31f,LEGACY_QUOTE_REQUIRED
29581,vmm-0fec6a6e2410c4d1c7f21cfe2a6c09f65b8c16e5104da5869557b7e5506bc57e,LEGACY_QUOTE_REQUIRED
29582,vmm-771a88785a1ab65d4cb55745bf7d993c90626e5ce68fd8d94cce2e18dfe1a5d7,LEGACY_QUOTE_REQUIRED
29583,vmm-ddcd2d9c2df51c5b1ec72870f35f765ef007fbf8a36d088a24891b45fc67f6a7,LEGACY_QUOTE_REQUIRED
29584,vmm-8155e69d966e3e1234ab3fa6b511c5810ff9d88914f8457e1194503213dcb0e4,LEGACY_QUOTE_REQUIRED
29585,vmm-38d42964588c4003c96a8e16cfc06704f697e59ee2e3dce753ace272de4c871d,LEGACY_QUOTE_REQUIRED
29586,vmm-8a6367884e08a7c91b228d5244a772ecd1bc3af62170c033eaf92560ce74803c,LEGACY_QUOTE_REQUIRED
29587,vmm-b9eaf4885fc43fc96587b7e7951a3adbf8416e88d94e45f1818ccb05ff9cf369,LEGACY_QUOTE_REQUIRED
29588,vmm-58e29d4b731cbe9b817e68d838dfe9a34013265930718498f667b98f1e582a1a,LEGACY_QUOTE_REQUIRED
29589,vmm-360557d521b062f4605300cab45d620e8375a4c809671a16e87c49b1f583c11c,LEGACY_QUOTE_REQUIRED
29590,vmm-36954988bec464fec27db5ee52aabe3bdec76ce6ed16f481ae0f3b566147b702,TRANSMISSION_LABEL_CONFLICT
29647,vmm-e157cea98d20c5eab6d3c6f46c66a74e51b072738cb015d25d81ba36acde5a7a,LEGACY_QUOTE_REQUIRED
29648,vmm-cb7a31de9efe8065ef056575e8cc7ef66e22184c68b28940d094ec515f3aac45,LEGACY_QUOTE_REQUIRED
29655,vmm-dbe41ea9f49553a52b44c92a13751b1552af6c390246f0fe28af870e30f99d85,POWER_LABEL_CONFLICT
29684,vmm-1117ce695a0e7e2f3357bf6ecc43745da9303bef35587f6dd9497d6393fe0260,MASS_UNKNOWN_OR_OUTLIER;POWER_UNKNOWN_OR_OUTLIER
29685,vmm-bf124edeef36aba2ca14a1dc87e7a63b024354f89e145ceed8fd28af674a2d75,MASS_UNKNOWN_OR_OUTLIER
29710,vmm-f4c1cf525544f736552a6f4d9b652fc3f90e814c49fa43d61200ae3a7dff3c4d,MASS_UNKNOWN_OR_OUTLIER
29711,vmm-0912ca0854c8c8611b9dacb02ccb6b7eafce5be325c2019342b37a4460d6d68f,POWER_UNKNOWN_OR_OUTLIER
29712,vmm-5d163e7a22b0668cde3b2d042e52ed703420a3c2dcb584d3f81b8c6298f5a898,POWER_UNKNOWN_OR_OUTLIER
29713,vmm-7b6f065f66e632e94123cb9d508c9261bcd028903d719a1f56c00092213cbe87,POWER_UNKNOWN_OR_OUTLIER
29714,vmm-043d9a2073e00cfb5e44280cc7e9277a3387f2dbd3c6a79c527763a44424385b,MASS_UNKNOWN_OR_OUTLIER
29715,vmm-db6333e6f2ba9122525f498e4fd1b79d99e5d0dc649cc45092df641df13ad976,MASS_UNKNOWN_OR_OUTLIER
29721,vmm-5e6825aa30dbb1d6121acc88651b0b0da62ea2641f35c680b3f29bb36ea19f92,MASS_UNKNOWN_OR_OUTLIER;POWER_UNKNOWN_OR_OUTLIER
29725,vmm-7fbba5776b067df9f563b8e313ffcd256e694845178de27f5c4e0ab9f780c539,TRANSMISSION_UNKNOWN;LEGACY_QUOTE_REQUIRED
29752,vmm-037d4e9d30336927f8838733ffe51718cc1eea601b796a059aeaa0178a2cb733,HYBRID_COMBUSTION_FUEL_UNSPECIFIED
29760,vmm-f2e3d529d476825780676a979442dab0b2386516bc4e5aa8d2e362b6906d4877,MASS_UNKNOWN_OR_OUTLIER
29761,vmm-0f111cc762fdcc8759e378a20301cabb62873e4f0e1ccaf3f174f1c657778902,MASS_UNKNOWN_OR_OUTLIER
29762,vmm-ff961dd85b28e84cb6948a47e9ab93eb02435fb2a266de2e1058910610627b76,MASS_UNKNOWN_OR_OUTLIER
29763,vmm-a7d6e71094f24a6b86e77606097a98f4b2a2f659d1b8b50ff4d75ed711d4ad0f,MASS_UNKNOWN_OR_OUTLIER
29764,vmm-32c57832c07d10fb31f1eaeeef71fcd8ae6df41fa73092a6c444569f0ae25c48,HYBRID_COMBUSTION_FUEL_UNSPECIFIED;MASS_UNKNOWN_OR_OUTLIER
29765,vmm-54dbc7c3496ab6b9791c9190cefaef397124700db65771a63050bea8d21d1b5f,HYBRID_COMBUSTION_FUEL_UNSPECIFIED;MASS_UNKNOWN_OR_OUTLIER
29790,vmm-61ac4d86f4b039023a69e3e02f5be21cd02c9dfc90b955e1c351a89ea17a2e6a,TRANSMISSION_LABEL_CONFLICT
29942,vmm-00a2fb5c1c5c9ace96f72774deab937cb14ee9833a5c848028b6872738dc8cf6,MASS_UNKNOWN_OR_OUTLIER
29943,vmm-e6e3a7dbfe8a54fe9de6f2a1076036d8952e7237f5c7993c2a2de3f66c46637b,MASS_UNKNOWN_OR_OUTLIER
29944,vmm-ef7bd7ca725638a5d945a379be7f427b48b354a72b46a185c58d318e96655fe0,MASS_UNKNOWN_OR_OUTLIER
29945,vmm-5a8f96a9a57cc81376cd299e284de6f9c40e548c63e3c140f36a445694688c24,MASS_UNKNOWN_OR_OUTLIER
29946,vmm-4ed6a931e60b66a65efbd38905c4d032d995d56dd9793c9a50c312a6f9865016,MASS_UNKNOWN_OR_OUTLIER
29947,vmm-3d0ad1abdaba7c3b5acd3324a0f8e6846003247eb71320ac591e69cf9b5401a4,MASS_UNKNOWN_OR_OUTLIER;POWER_LABEL_CONFLICT
29948,vmm-daf0a1bfeb1c60fcb4bfbbe1fbf49a268d7f6962b508332304861bd09c973c4f,MASS_UNKNOWN_OR_OUTLIER
29949,vmm-d4f7e11d616e23177abb1e4b09317d5ffeb87ebce24fef52ee38518f477d73fa,HYBRID_COMBUSTION_FUEL_UNSPECIFIED;MASS_UNKNOWN_OR_OUTLIER
29950,vmm-cafb94df89601182b3d6337e50edbb5c83751a1c8b31a2411613d242f5b12db6,MASS_UNKNOWN_OR_OUTLIER
29951,vmm-34b0d6e16bd2352e95a3814fae81f66783a9ea09339ac3632ed627dd91c2690c,MASS_UNKNOWN_OR_OUTLIER;POWER_LABEL_CONFLICT
29952,vmm-12fe636f7a79d7bfa4842a3261c1d22284b9339768d2da9c079b9e1348975a46,MASS_UNKNOWN_OR_OUTLIER
29953,vmm-7dfc9ea3c85c9684625d96df120fd3ce5211e6d7400f5e8f5365af44523eb992,MASS_UNKNOWN_OR_OUTLIER
29954,vmm-d21b71291801ceb8f5e31d0df2378717d7da679efcb2b04a98959577178bb6d4,MASS_UNKNOWN_OR_OUTLIER
29955,vmm-ae0e325f0405b0fa477caf30ba1ef242a79123f442b05d675154be008524dfa4,MASS_UNKNOWN_OR_OUTLIER
29956,vmm-612fcc958e69579423350cfb2e11018d934676d8f3a8baaa67376d5eab1f81c3,MASS_UNKNOWN_OR_OUTLIER
29957,vmm-012c58540e8c6689ae6d9bf804103a7bd3452fe88bf10f8f135bde9d9f6414d0,MASS_UNKNOWN_OR_OUTLIER
29958,vmm-6b3708332fc935cfa803c743fd7ccca559cf3d417ddcf2d2d7f9a7f5890a0af3,MASS_UNKNOWN_OR_OUTLIER
29959,vmm-723220de62b61ba8bda4da2eaef265b446267a71be70a83029838f4416439794,MASS_UNKNOWN_OR_OUTLIER
29960,vmm-aa88b5bff488994a1e025249421201604186e980811e4b46b19fb872371c5890,HYBRID_COMBUSTION_FUEL_UNSPECIFIED;MASS_UNKNOWN_OR_OUTLIER
29962,vmm-81bb389b64553b09f677c9fd7685aa97774f9b160a5003a067f8ec9fd4da9a82,TRANSMISSION_LABEL_CONFLICT
29974,vmm-f9fef28ba046254b2e71e5fbd92ff04596c449c85c0710c43cee594d9f0647f6,TRANSMISSION_LABEL_CONFLICT
29997,vmm-27dff81c11628d4c5663c1dc860d5a7c0cb319fd98f966aad86ebfd385396c52,HYBRID_COMBUSTION_FUEL_UNSPECIFIED
30041,vmm-cef7b6237ee134adef3bbaf9cbd6299d1ab5fae0394c3a0ce12ed09b80f6874d,ROUNDED_FOR_INTEGER_STORAGE
30050,vmm-e40594de84b72f35907a71c34e515ddb77b2b0a08dbbf1df71a63534c9f400fd,POWER_LABEL_CONFLICT
30051,vmm-a6c78a3b8ec8188fe00a9449c7d4f09474a37a48b01dbb7e3945d6be616a603c,POWER_LABEL_CONFLICT;TRANSMISSION_LABEL_CONFLICT
30052,vmm-3d4b08d365c3c9691b8fd609eb468c35ce78f151b3b4e4208c9a0b67e05884aa,MASS_UNKNOWN_OR_OUTLIER
30053,vmm-45d36dcde53496b3300fb05bde854f0eefcd90d8d9fea363c61c4f6cb93cc4ec,MASS_UNKNOWN_OR_OUTLIER
30054,vmm-b30ac3be5fd8aa78c631dee7c182d23eaef25d07e86bc0407bf62d6e41b3fd41,MASS_UNKNOWN_OR_OUTLIER
30055,vmm-6bedf4f76fd3e3f16aef6c1d79ace2235358e76cff4f36e6700504a39a3e9a32,MASS_UNKNOWN_OR_OUTLIER
30056,vmm-ee1256caed39e83c91fedcbca78f8ce4fa3ce7e7147a5e6b7930753cd8cfe44d,MASS_UNKNOWN_OR_OUTLIER
30057,vmm-e35f6ba72ec4947a675b0df075269446845957273af575f2ceeb1fb42e1308fa,MASS_UNKNOWN_OR_OUTLIER
30058,vmm-1c4a2bf75ab7fd4f7a7aee149dabe18df45f67130827befb3b863c33efc670cb,MASS_UNKNOWN_OR_OUTLIER
30059,vmm-0993d44e34b7e62670d8fe08d3c5365cc80e58b6cb3e29fb63c2604e20ac0847,MASS_UNKNOWN_OR_OUTLIER
30060,vmm-41453ccb99e5f3c3776bd898efd9aba43cc78bfd944a29a0504defaeca099485,MASS_UNKNOWN_OR_OUTLIER
30061,vmm-3201ff28497d0b08d806af1721e64d8f37b03d2dda940e18534b91ff45ea660b,MASS_UNKNOWN_OR_OUTLIER
30062,vmm-c9ae07c5d529bc034f2358005b920005350a4b06a78ac8edc6a54536b1cc578e,MASS_UNKNOWN_OR_OUTLIER
30063,vmm-384a29fb03d9a37fe40caa01e56ace04655959965e644580dffbb4b019782ed5,HYBRID_COMBUSTION_FUEL_UNSPECIFIED;MASS_UNKNOWN_OR_OUTLIER
30068,vmm-dbb42bbf81f1a5235226d234ed4a712aacb50dc7f2dbda53702c9ba41ae79883,MASS_UNKNOWN_OR_OUTLIER
30069,vmm-5ef12223ea9bd3c88355ab5073d160eaec952571b140e396777ed90a749fd7c3,MASS_UNKNOWN_OR_OUTLIER
30078,vmm-44291d9e8406aeec3c27d4b5ef2ff54fd23bb9f3155624d93b8167b4ced23d19,MASS_UNKNOWN_OR_OUTLIER
30080,vmm-d4c9594812a3988216d039cae70951e21cbdbddda7dbf62d42cc79c5afd49aa0,MASS_UNKNOWN_OR_OUTLIER
30081,vmm-0e71d036f96174779ed5a1939d1aac6ba9b4e39db23b3c92324e7c3d0bdcb0d7,MASS_UNKNOWN_OR_OUTLIER
30084,vmm-c5fa3eb61e4a60a49c580ea20a3273edd4e240805bb98c29e84f98ec523bd310,MASS_UNKNOWN_OR_OUTLIER
30086,vmm-837852d85bfd7e79732aba01441633dfe82e6e2277e99c353f170e45e0932c8f,HYBRID_COMBUSTION_FUEL_UNSPECIFIED
30088,vmm-397af5d995cb307f4c9f353bb3463fca1056be040ef9ef8bbc2284c8fe096610,TRANSMISSION_LABEL_CONFLICT
30117,vmm-f616abab3b95183258c359af6d6cbb12cc39bb626b1a24a5b14b702e26a4e301,MASS_UNKNOWN_OR_OUTLIER
30118,vmm-ede1a8997af2de001dc3ccf149830878739ddfd14b3cc2cea89b271705370005,MASS_UNKNOWN_OR_OUTLIER
30119,vmm-998a9d68879d75aee6e01045989f58fec5acaa709978d80929e6937097e2eb98,MASS_UNKNOWN_OR_OUTLIER
30165,vmm-8485b3188f37c99e48193edaa16346c56546e5fdc85971301bddae8841df1a4f,MASS_UNKNOWN_OR_OUTLIER
30166,vmm-4d51e0c9dc52bbc5cf5d0147c283241214d65e78870cdab47fcf60caf08f41bb,MASS_UNKNOWN_OR_OUTLIER
30167,vmm-44fab495329712dc926db03968558f87c71c069b8ea3cadf1809ff303324f066,MASS_UNKNOWN_OR_OUTLIER
30168,vmm-69a66be65bd88d5fcd72f3ca867146fb3a71c6fa616faf52c03e8c0fc0131bff,MASS_UNKNOWN_OR_OUTLIER
30186,vmm-d032ee3e559285b5fe9b811c69728f9c2d4ce557ced669c2efbc73454e0a80ca,POWER_LABEL_CONFLICT
30194,vmm-846a41792b201d902a9a2d24011675145076351180f88409fea496830f9653aa,MASS_UNKNOWN_OR_OUTLIER
30195,vmm-e08076f08e44b88ab3396d083012f96a48c0d7605c28d5e0b4c6932cc009ac29,MASS_UNKNOWN_OR_OUTLIER
30196,vmm-e99ee8b88a34777e8b38dd9a4fa91c390fac45164e0a672506d32d06e5e4be54,MASS_UNKNOWN_OR_OUTLIER
30197,vmm-e6bd0f7cb5cbcdd8a15f9699f29d461f8ca1ffbcff2affe1bddb4d4ce1b3f40a,MASS_UNKNOWN_OR_OUTLIER
30198,vmm-8af482995c19cd2e7be775cd21c89edb558c5fec4e806e33fc65751890e0b681,MASS_UNKNOWN_OR_OUTLIER
30199,vmm-540f359a7ec2a4e32f5dae57d8f183398427101283df21c6cb6af219ca1e3781,MASS_UNKNOWN_OR_OUTLIER
30200,vmm-7dc3e352006829fd862386668a3485751090a9788deb05ba500097b37a81d8c5,MASS_UNKNOWN_OR_OUTLIER
30201,vmm-d915143ab4647a5374a7f51705591e6f71738d35bb23d0426a7460ca666d7bcf,MASS_UNKNOWN_OR_OUTLIER
30202,vmm-6d99dba2b6d29c6357a2fdcb986d8c8372731f88ce62c99981b63fa606dd2bf4,MASS_UNKNOWN_OR_OUTLIER
30203,vmm-4428200920256f03cf4765fc53e2c0376b07c75bd147722a6fe6f9c202fc53cf,MASS_UNKNOWN_OR_OUTLIER
30204,vmm-aca306e15737806770e0c6828928a54b14ede24d9c66444d3b64156cc993e4fd,HYBRID_COMBUSTION_FUEL_UNSPECIFIED;MASS_UNKNOWN_OR_OUTLIER
30209,vmm-1b968e8c20fe3f3f5de0263bb698910b5ff08fcbb5a9db3c79b6987a3c657237,MASS_UNKNOWN_OR_OUTLIER
30214,vmm-0c73bb8615988901fe46e1aab31067dfd15e9633f5b85e94ffdc683228d4a4d9,MASS_UNKNOWN_OR_OUTLIER
30217,vmm-c9b385000ba75547082d32bc0ce73e8159ca9a8fa8f1491d57f15100b8389b79,MASS_UNKNOWN_OR_OUTLIER
30218,vmm-184b53db73ceae14da77b73f717aa792cbe29770cd132a3f1b38cc10ca538d76,MASS_UNKNOWN_OR_OUTLIER
30219,vmm-a3f82614822f1acfcb909ec168a876b07f712cee4152e45fff7c046df63187c8,MASS_UNKNOWN_OR_OUTLIER
30220,vmm-974deb0d211123700f9c8ae2ee0cc65846679b54738b9ef479900848782a7176,MASS_UNKNOWN_OR_OUTLIER
30221,vmm-6a89a105511b0f6c81bcaa61bced82c97edd5db788f96aa286fa7828b6635529,MASS_UNKNOWN_OR_OUTLIER
30228,vmm-6a9006735adba90a04e686b245b033b0950cf61e904ded3d06aeaa3fa074bc52,MASS_UNKNOWN_OR_OUTLIER
30229,vmm-81a88847366bceb97d1a146ce4701d95fe2f084816b3232692e4695761e2c77d,MASS_UNKNOWN_OR_OUTLIER
30230,vmm-270ced028631998c3bd67de335cbc1e92c5d3d168ebbb0c18e1326ccbb4445ea,MASS_UNKNOWN_OR_OUTLIER
30231,vmm-b19a3d05a5e4a5c61cf0218ee2e3f31908315dd2cf8147689e486f0daa6c54d6,MASS_UNKNOWN_OR_OUTLIER
30233,vmm-a110bae3584b218c1d57df7f116093f220661a625d4bde259d3b85be5148ff12,MASS_UNKNOWN_OR_OUTLIER
30234,vmm-afacab0a27d401e2cc73189cd2d364a1674d481aaafa071c9d403dc61343c6e6,MASS_UNKNOWN_OR_OUTLIER
30235,vmm-0689b15c1b8600b501ac18e4d6e32017736dd56430e4cb3dc972f90efc4f00df,MASS_UNKNOWN_OR_OUTLIER
30236,vmm-1e6da4639a86de1e01a894baf8227ef4d8d57cfc20e72a42d4f88937a1d92c09,MASS_UNKNOWN_OR_OUTLIER
30237,vmm-1578cc86b00c0ebb7b6da722f45f6bf00d4e4a298475405e747d4c0845e299d0,HYBRID_COMBUSTION_FUEL_UNSPECIFIED
30238,vmm-75b1908c42513985f08f09c7d692669ef5b39f1c8cd584e58c6ab8bce5551c9a,HYBRID_COMBUSTION_FUEL_UNSPECIFIED
30239,vmm-bc84e08541de2f742f51ff5d811d4dd9a83a16e5b0802f78f1160fc97d3587cc,HYBRID_COMBUSTION_FUEL_UNSPECIFIED
30243,vmm-0b9cbb0adab464f7b10cd38809274787790e9fa14e2967f12902c752b5af891c,HYBRID_COMBUSTION_FUEL_UNSPECIFIED
30244,vmm-6b4081fee720a708115360e925400c4efb6e287fdb6e2c7af0b79dbe28d6702b,HYBRID_COMBUSTION_FUEL_UNSPECIFIED
30245,vmm-87c88b5ce66b08091ea41a37a978bb0963bed25742e092fbce2cb76af5d9f4ab,HYBRID_COMBUSTION_FUEL_UNSPECIFIED
30246,vmm-74b0cf2cf7732604d9c45bf7d727d399dd6bd6af7ee81a1b089fedc05dec3e75,HYBRID_COMBUSTION_FUEL_UNSPECIFIED
30247,vmm-8bd15177a7d427ef1de90a94c15e7beebc8d2bbb84ee79beab2af182f82529cd,MASS_UNKNOWN_OR_OUTLIER
30248,vmm-c1163fead8064a2395accf7993841cf9ea9461721d8947a17898739a1b66ee59,MASS_UNKNOWN_OR_OUTLIER
30249,vmm-b659abe9f87f144f584773a3359764d64c934456a264116515a638afb6956bbc,MASS_UNKNOWN_OR_OUTLIER
30251,vmm-bcbfda4dd2cadb04b92810b07526a49587245dfa5fb5c96d28b390ec5c26278e,MASS_UNKNOWN_OR_OUTLIER
30252,vmm-76af6e2584d7aded0aaee23f4dc332d940bad5f6c8b908e145800931a9ccd239,HYBRID_COMBUSTION_FUEL_UNSPECIFIED;MASS_UNKNOWN_OR_OUTLIER
30274,vmm-43522916eaaeb519cd779580e75bdc887deb6388705acbaa97b1f7e4291e88fb,TRANSMISSION_LABEL_CONFLICT
30279,vmm-b0da28f38a79c6f770e1f27bcc819ec240bcfde7dcece87cd8a62e0ae23b5919,MASS_UNKNOWN_OR_OUTLIER
30284,vmm-ab69a1c6de6b093a0e185899d17964adf660664e9e8c7ceed90601ff0176f72f,MASS_UNKNOWN_OR_OUTLIER
30287,vmm-c0bfcc6541afff635ce9967ff357962097bbbe164ab801a9454bccfa08239487,MASS_UNKNOWN_OR_OUTLIER
30291,vmm-987761bb7bca28fa4b648d3f947208019e2bae8122d66f81b92ad97bb4f0a2d2,HYBRID_COMBUSTION_FUEL_UNSPECIFIED;HYBRID_FUEL_UNCERTAIN;CYLINDERS_UNKNOWN_OR_INVALID;DISPLACEMENT_UNKNOWN_OR_OUTLIER;MASS_UNKNOWN_OR_OUTLIER;POWER_UNKNOWN_OR_OUTLIER
30294,vmm-1b509a67f58a3f40610af6a96677fc22d5fa133d96d88f6852638dfe8cdf8375,POWER_LABEL_CONFLICT
30316,vmm-d8ab1735e6020bb3ca0c4f35cbe28ec177ac151c1b23bedf66a5b3041fd31f7b,HYBRID_COMBUSTION_FUEL_UNSPECIFIED
30317,vmm-3b3df393edaf41389829735bbaac370cbe875a6369e9560fdc5ab657d5d3fbf4,HYBRID_COMBUSTION_FUEL_UNSPECIFIED
30318,vmm-1dd22fd3e166b6dc36bbb3dac6c0d3bbac04ad24ed52122dfa77be35b1fbce41,MASS_UNKNOWN_OR_OUTLIER
30319,vmm-d3d7199cd51e15aff9972051d1bdcfd5cd96acd322b4a6ff80c366b6414661f9,MASS_UNKNOWN_OR_OUTLIER
30320,vmm-376e1a8153204039b68905fd92d3594b7460ed31945a05a772e8fda10cc339f0,MASS_UNKNOWN_OR_OUTLIER
30321,vmm-7b67d2712a0635267ca8662c3282bcacff5f0950037360fcb3eca785cc4b5615,MASS_UNKNOWN_OR_OUTLIER
30322,vmm-88e0f3b75bb537cb7af746e760d9c5a5a613fb4eed81e5f2f3c8a6e0ebe09454,MASS_UNKNOWN_OR_OUTLIER
30323,vmm-296443c924b5e9bd7b9f537d89597f6ea17f8d5dcf0af09a189077aafd53a603,MASS_UNKNOWN_OR_OUTLIER
30324,vmm-b0a3bd2356c9f9f7b2573a8cb17e5dd4aed876b7a0c162b086ad2b33d0c22910,MASS_UNKNOWN_OR_OUTLIER
30326,vmm-958910df879975b9fc6529568635c0f69000f1229fc132c9730e486cc646ddbf,MASS_UNKNOWN_OR_OUTLIER
30328,vmm-3f25f0c393da1ccdc5afbc5ddc498343567c229b9d74684f63bfa29ff2896768,HYBRID_COMBUSTION_FUEL_UNSPECIFIED
30329,vmm-a465aa8992243106b9b11f54e3e65d8b16dfab17340713b43b3fa8a3fe1a5abe,HYBRID_COMBUSTION_FUEL_UNSPECIFIED
30346,vmm-b5cc0125f9d175c15055c19b5657220ace15aedb0b9a5d98744c2e1e98dce884,EXOTIC_QUOTE_REQUIRED
30347,vmm-8e57d192b9d6cb5ce5cac1c9b1ff6946f8112b944b385e49cf55920be0607f2d,EXOTIC_QUOTE_REQUIRED
30348,vmm-56390e27ca896165f7b258b009dd3a0686738d7e25a3cb4ee01db9fc3a1711fe,EXOTIC_QUOTE_REQUIRED
30349,vmm-f88b565af318dcb768cdc52bea133bc841e656ba011eeda43a398657a6ae3176,EXOTIC_QUOTE_REQUIRED
30350,vmm-03003c2db9919493d018e1ba2c4afbee3c2fd8f6e6fd6e7432c083b1c899964a,EXOTIC_QUOTE_REQUIRED
30351,vmm-4aefd403362f83d56b834468d644febda816e9cc14977c3d038e6c85fc758d95,EXOTIC_QUOTE_REQUIRED
30352,vmm-609bbd8ca8f37be52eca57d6261a0222c124d614c219161f53adf901b06dcc5a,EXOTIC_QUOTE_REQUIRED
30353,vmm-c1f23711fb540bce178d04e02067511f0369669adc5550a114bad53b0ec362c4,EXOTIC_QUOTE_REQUIRED
30354,vmm-77103974cd346cf216c2dec29f0645a9e6aa4a6443f06fe5d766b6bea9a383cb,EXOTIC_QUOTE_REQUIRED
30355,vmm-2d565e9b6e4e2dd7ba10073584633ce90619cc0026f693aab45ef55b8abd76a3,EXOTIC_QUOTE_REQUIRED
30356,vmm-39396b041627596d9ca19d8882b9293933bba86e1a2656e92fb28b61faf21201,DISPLACEMENT_LABEL_CONFLICT;EXOTIC_QUOTE_REQUIRED
30357,vmm-cdb26e36371177fee6ab478949c09bca9b7b0be81ec4ee6dd39c189424f36717,HR_PARTS_AVAILABILITY_UNCERTAIN
30358,vmm-8883034fbcfce5f722fba5293fa870c80af7dad9778b4a8ebe08fef30d2c7f8b,MASS_UNKNOWN_OR_OUTLIER;HR_PARTS_AVAILABILITY_UNCERTAIN
30359,vmm-277adca35cca23108c437e596c107284f9c03423f5e05d1ce37aba3d42fc3738,MASS_UNKNOWN_OR_OUTLIER;HR_PARTS_AVAILABILITY_UNCERTAIN
30360,vmm-bd3ced1aaba0251d2c0505b3387de1aa5d3fa2398d71a41cc0223c66ab488924,HR_PARTS_AVAILABILITY_UNCERTAIN
30361,vmm-22fbb42b51c4e33e13aac1f387ea231001b8498989698954bbf149c0498d5ead,HR_PARTS_AVAILABILITY_UNCERTAIN
30362,vmm-72f1c6bd1340ada66f9703e1bffd2db025ec701ac7857b7298a173138f07135d,HR_PARTS_AVAILABILITY_UNCERTAIN
30363,vmm-ee50c545c215cc2906e43b7b209ff40dd1fb448ee9ffbac50fa7e834230a3c81,HR_PARTS_AVAILABILITY_UNCERTAIN
30364,vmm-089ca284f561e1c845c19b86833a306404f97ea9deb889ad6a37a1386ed259ed,MASS_UNKNOWN_OR_OUTLIER;HR_PARTS_AVAILABILITY_UNCERTAIN
30365,vmm-accd33645d0af2cb7d8ed170926e4af93edde33ec7eb8c170389ddce8341302a,MASS_UNKNOWN_OR_OUTLIER;HR_PARTS_AVAILABILITY_UNCERTAIN
30366,vmm-61ffaac2a767ca8152f4d12d53f720016e252f4caf11c7d55da4fb08a2cf67c6,MASS_UNKNOWN_OR_OUTLIER;HR_PARTS_AVAILABILITY_UNCERTAIN
30367,vmm-fa074623da7af4ffb12c3e4df482639a9fbdbac12f388e217c3ce0adf56d46ac,MASS_UNKNOWN_OR_OUTLIER;HR_PARTS_AVAILABILITY_UNCERTAIN
30368,vmm-c822a0ccbbe21bb442dc19e283ffe1371955f6c16e6abdd891c920090d935bd5,MASS_UNKNOWN_OR_OUTLIER;HR_PARTS_AVAILABILITY_UNCERTAIN
30369,vmm-d1c301877fef619ef150c6833cad1e7548fd3cb94b5fe9259a1f50ea844ac59f,MASS_UNKNOWN_OR_OUTLIER;HR_PARTS_AVAILABILITY_UNCERTAIN
30370,vmm-9f6b10fc3f9c3bca9c468f21f5a6707673056a6afba964a4910bc2849d75aee8,MASS_UNKNOWN_OR_OUTLIER;HR_PARTS_AVAILABILITY_UNCERTAIN
30371,vmm-edfa4dbd037327fe4dede634d46bdac5c0eb51ec0a04712aca9edef4ecee1885,HR_PARTS_AVAILABILITY_UNCERTAIN
30372,vmm-50089ca0dcaba5880941f8c96c0b406191d1362fdf9244e9fad92836da839005,MASS_UNKNOWN_OR_OUTLIER;HR_PARTS_AVAILABILITY_UNCERTAIN
30373,vmm-f9585705c521eec477e845cc2412bd578c2195a01115fe002f8731b5ef21cbcc,HR_PARTS_AVAILABILITY_UNCERTAIN
30374,vmm-f3a49e4c80f0a5a976cca2907adcb0acfd700d60dbff2da82ed81bbe98f48b52,MASS_UNKNOWN_OR_OUTLIER;HR_PARTS_AVAILABILITY_UNCERTAIN
30375,vmm-96bf08736a8cd98ed778336b955980e93dd69679098a6ddf2684de65f6aef7ff,MASS_UNKNOWN_OR_OUTLIER;HR_PARTS_AVAILABILITY_UNCERTAIN
30376,vmm-86614ab880d1fe2d04db58cd237ca371526a00c36a360c8f2aa0568ee3326bab,HR_PARTS_AVAILABILITY_UNCERTAIN
30377,vmm-26bb424a57a4fda1ff860a380703c3a98e7dfa3ff8e4d21faab96a8dcc4792e7,HR_PARTS_AVAILABILITY_UNCERTAIN
30378,vmm-0a7328d65a0e8dcfb4d606b02f94b0701f8d4f0f245b4e911e11484b8a174de3,HR_PARTS_AVAILABILITY_UNCERTAIN
30379,vmm-99b3cb317613d76d380f9ff307408fa6e239b26278e4be2181b835699759e46b,HR_PARTS_AVAILABILITY_UNCERTAIN
30380,vmm-a6a99d8e54610c7d1d6d3590f285cd21c90c5113819772fc97e5796fda9be490,HR_PARTS_AVAILABILITY_UNCERTAIN
30381,vmm-2f7d2cf5779bafcb8d3d4b5e9288f79511b6e494c92b5b6b704bd6d9a8a4b6cb,HR_PARTS_AVAILABILITY_UNCERTAIN
30382,vmm-8d733b735d0b4684557581e6305216ff0b4f0091d76fc5feeafb2e87cc0813af,HR_PARTS_AVAILABILITY_UNCERTAIN
30383,vmm-2d9620fc0b260ac4b222956e3d6995bf3fb8be5e1c1e9a0ebfeb350c3eab4c19,HR_PARTS_AVAILABILITY_UNCERTAIN
30384,vmm-0f16e178771f001054ef24bb071a992d1d92e426266960c4a1d7f2d27a3f0d8c,HR_PARTS_AVAILABILITY_UNCERTAIN
30385,vmm-6023a02d60149cfb392a4b39f9aaead8c807f6d623679f82748ed12d1842a806,HR_PARTS_AVAILABILITY_UNCERTAIN
30386,vmm-967675bb9e13d9c9d5336ffd37d12510101036b995bdacfdd741141501bcddb4,HR_PARTS_AVAILABILITY_UNCERTAIN
30387,vmm-4b4d9e627c625f01883f8b57b4d9ad695b7337ecc515fb409ebb878d72b58224,HYBRID_FUEL_UNCERTAIN;DISPLACEMENT_UNKNOWN_OR_OUTLIER;EXOTIC_QUOTE_REQUIRED
30388,vmm-1f00622151c2ee7c7464a3c382148d420ff521e9b2d4472c4d639077713352ae,HYBRID_COMBUSTION_FUEL_UNSPECIFIED;HYBRID_FUEL_UNCERTAIN;DISPLACEMENT_UNKNOWN_OR_OUTLIER;EXOTIC_QUOTE_REQUIRED
30389,vmm-73b3cdf8e69dd1d14b740be23ee56f7a4e099cdf4be6353a85c68e00a87b57f7,EXOTIC_QUOTE_REQUIRED
30390,vmm-e5e37e347382d89e5dcc243df209f4e325bac8c74fbea49bcd1cbe6c7f07a0e8,FUEL_UNKNOWN;EXOTIC_QUOTE_REQUIRED
30391,vmm-3fcab4846b41c8f264daf4a9b982a5649f79dc5247d95b64c307151153d2aa7d,EXOTIC_QUOTE_REQUIRED;ROUNDED_FOR_INTEGER_STORAGE
