group_id,make,model,generation,year_from,year_to,representative_year,variant_count
img-1fbec9415fd992b61458,AC,Ace,Ace (1993),1993,1996,1994,1
img-2c55301950bfebe7d093,AC,Aceca,Aceca (1998),1998,2000,1999,2
img-1810229e8c79f8a7585d,AC,Frua,Frua Convertible (1966),1966,1971,1968,2
img-8dbf6f7ecc6a0d2681f6,AC,Frua,Frua Coupe (1966),1966,1973,1969,2
img-e4471c698946700a823e,Acura,ADX,ADX (2024),2024,,2025,1
img-1b626fc8afb245bfec10,Acura,CL,CL (2001),2001,2004,2002,3
img-b3a1e269e26e0b9dba6f,Acura,CL,CL (1997),1997,2001,1999,2
img-3dbea5dc2dc769a49757,Acura,CSX,CSX (2009),2009,2011,2010,2
img-92ecae963f98476e7dc7,Acura,CSX,CSX (2005),2005,2009,2007,2
img-366f9ffb9fd4f5079a56,Acura,EL,EL (1997),1997,2000,1998,1
img-9299ff3d5963f0ffdea5,Acura,ILX,ILX (2018),2018,2022,2020,1
img-678834a77dd9fd1700d5,Acura,ILX,ILX (2016),2016,2018,2017,1
img-f9067f92c7abd18f72cc,Acura,ILX,ILX (2014),2014,2016,2015,2
img-5425da9de71b6e686ef7,Acura,ILX,ILX (2012),2012,2014,2013,3
img-5a832b29c0e826d8a8c2,Acura,Integra,Integra Sedan (2023),2023,,2024,1
img-4fdface0005b0cad93fd,Acura,Integra,Integra Sedan (2022),2022,,2024,1
img-7f6b247c18defddeedb3,Acura,Integra,Integra Sedan (1994),1994,2001,1997,4
img-9f4ef591df2627490e22,Acura,Integra,Integra Sedan (1989),1989,1993,1991,1
img-607fcf795ce447560baa,Acura,Integra,Integra Sedan (1986),1986,1989,1987,1
img-7751636d3d484a4584a4,Acura,Integra,Integra Coupe (1994),1994,2001,1997,5
img-34063d883b8316d47162,Acura,Integra,Integra Coupe (1989),1989,1994,1991,1
img-344b7c385ec1491b4fe0,Acura,Integra,Integra Coupe (1986),1986,1989,1987,1
img-02810e930a0bec9e06f0,Acura,Legend,Legend (1990),1990,1996,1993,1
img-48ea234abd07d0776cf2,Acura,Legend,Legend (1986),1986,1991,1988,4
img-63eae451c7e036d60a48,Acura,Legend,Legend Coupe (1990),1990,1995,1992,1
img-3078d8aeda27ee419ac6,Acura,Legend,Legend Coupe (1987),1987,1990,1988,2
img-b90f3d86f3c948970576,Acura,MDX,MDX (2024),2024,,2025,1
img-db3c26f2c39742ffe3b7,Acura,MDX,MDX (2021),2021,2024,2022,2
img-e98b8b38c933216892df,Acura,MDX,MDX (2018),2018,2021,2019,3
img-f968a417628ee47bf804,Acura,MDX,MDX (2016),2016,2021,2018,3
img-f0380cf9ec36ccf923fb,Acura,MDX,MDX (2013),2013,2016,2014,2
img-75453036a2e7fd777a87,Acura,MDX,MDX (2010),2010,2013,2011,1
img-a61815ea6b017088e5c7,Acura,MDX,MDX (2006),2006,2009,2007,1
img-e8556270374dacf41b15,Acura,MDX,MDX (2004),2004,2006,2005,1
img-e5c994224719d5da6327,Acura,MDX,MDX (2001),2001,2004,2002,2
img-a92fc6f39078a07504b9,Acura,NSX,NSX (2016),2016,2022,2019,1
img-fcd9c332b8a6eabefaa1,Acura,NSX,NSX (2001),2001,2005,2003,4
img-cebb429e075f95522409,Acura,NSX,NSX (1991),1991,2001,1996,1
img-afc95a87aba124712b40,Acura,RDX,RDX (2021),2021,,2023,2
img-0074fbbd24fb4bbe638c,Acura,RDX,RDX (2018),2018,2021,2019,1
img-d6214fc3d555b4436ad8,Acura,RDX,RDX (2015),2015,2018,2016,2
img-47f95720a6f1793e118f,Acura,RDX,RDX (2012),2012,2015,2013,2
img-5d1d9de6b657ee81b13f,Acura,RDX,RDX (2006),2006,2011,2008,2
img-b43801cdcfe9b8046f63,Acura,RL,RL (2008),2008,2012,2010,2
img-4bb1a404cb065894e613,Acura,RL,RL (2004),2004,2008,2006,1
img-c29879395d296e67c368,Acura,RLX,RLX (2017),2017,2020,2018,2
img-8e098c1b800f8c13f582,Acura,RLX,RLX (2013),2013,2017,2015,2
img-aeed4baf0476c63518e2,Acura,RSX,RSX (2005),2005,2006,2005,1
img-2de8f7324f2831b29143,Acura,RSX,RSX (2002),2002,2005,2003,3
img-04eb2e06d6cadc9f2280,Acura,RSX TYPE-S,RSX TYPE-S (2005),2005,2006,2005,2
img-66523a98d5c681a1c060,Acura,SLX,SLX (1997),1997,1999,1998,1
img-6b5c13e75ae452c5fd1f,Acura,SLX,SLX (1996),1996,1997,1996,1
img-e091cf399631ebefeee1,Acura,TL,TL (2008),2008,2014,2011,5
img-e8a47503b340e8ca533d,Acura,TL,TL (2003),2003,2008,2005,4
img-ad69fb0a6fb810a1d6c5,Acura,TL,TL (1999),1999,2003,2001,4
img-dfdfcc64e8197cda787e,Acura,TL,TL (1995),1995,1998,1996,2
img-a26275541a07d9bd8ece,Acura,TLX,TLX (2020),2020,2024,2022,4
img-6c0dc3b000550f16af68,Acura,TLX,TLX (2015),2015,2020,2017,3
img-c715eb1aeb5b714b09dd,Acura,TSX,TSX (2010),2010,2014,2012,1
img-5dba69130922c1b85fba,Acura,TSX,TSX (2008),2008,2014,2011,3
img-f9f370b880e8e28cfcac,Acura,TSX,TSX (2003),2003,2008,2005,2
img-e8e587cd093839148d27,Acura,ZDX,ZDX (2023),2023,,2024,2
img-a707850a88027c6c88af,Acura,ZDX,ZDX (2009),2009,2013,2011,1
img-38f7a9f8e4e84d98b21d,Alfa Romeo,145,145 (1994),1994,2000,1997,11
img-2b90611df34aafb93067,Alfa Romeo,146,146 (1995),1995,2000,1997,9
img-6f2f82eb6a3f4eb31185,Alfa Romeo,147,147 3 Doors (2005),2005,2009,2007,8
img-04946bd1f7a80bd5a4e2,Alfa Romeo,147,147 3 Doors (2003),2003,2005,2004,1
img-6df514839a2f1788707a,Alfa Romeo,147,147 3 Doors (2000),2000,2005,2002,7
img-d6f3a7aedfe1ac6c666c,Alfa Romeo,147,147 5 Doors (2005),2005,2009,2007,8
img-e5492b1df4d8ecdb79eb,Alfa Romeo,147,147 5 Doors (2000),2000,2005,2002,7
img-c517ae07c1727c82b335,Alfa Romeo,155,155 (1992),1992,1998,1995,14
img-312e3782e63a844ed6ff,Alfa Romeo,156,156 (2003),2003,2005,2004,8
img-2d863b105d5fe8279335,Alfa Romeo,156,156 (2001),2001,2005,2003,2
img-6eab4b4d8613959e758b,Alfa Romeo,156,156 (1997),1997,2003,2000,15
img-62b0f3fe48a981ed14e4,Alfa Romeo,156 Sportwagon,156 Sportwagon (2003),2003,2005,2004,8
img-9e74c03a36946f3f9910,Alfa Romeo,156 Sportwagon,156 Sportwagon (2002),2002,2005,2003,2
img-0b303f8ae6ee6db73095,Alfa Romeo,156 Sportwagon,156 Sportwagon (2000),2000,2003,2001,18
img-6464e7d92bb881236042,Alfa Romeo,159,159 (2005),2005,2011,2008,12
img-629212b020312d4f70f2,Alfa Romeo,159 Sportwagon,159 Sportwagon (2006),2006,2011,2008,10
img-c3d31cc1efb96cf2926d,Alfa Romeo,164,164 (1988),1988,1998,1993,12
img-4236f86332fbf02e8ad2,Alfa Romeo,166,166 (2003),2003,2007,2005,7
img-90c9fb57615dec8a74c8,Alfa Romeo,166,166 (1996),1996,2003,1999,8
img-3665eb2896c7886cbbf4,Alfa Romeo,2000,2000 (1971),1971,1977,1974,3
img-c22e41489b5df7637c22,Alfa Romeo,33,33 (1990),1990,1994,1992,8
img-c1280a649a99c2be1548,Alfa Romeo,33,33 (1984),1984,1990,1987,2
img-ea9a281aa173d5d7dbc1,Alfa Romeo,33,33 (1983),1983,1989,1986,4
img-573e76e32353087f0d36,Alfa Romeo,33 Sport,33 Sport Wagon (1988),1988,1994,1991,3
img-645b9b1548efcfb3f1d7,Alfa Romeo,4C,4C (2013),2013,2020,2016,1
img-8f1bde4674d86717c74f,Alfa Romeo,4C,4C Spider (2015),2015,2020,2017,1
img-93a1c1173c6244e64ecb,Alfa Romeo,6,6 (1983),1983,1986,1984,1
img-d9e4663d57b28f559191,Alfa Romeo,6,6 (1979),1979,1983,1981,1
img-2b0fbbf75509c8b8cb1e,Alfa Romeo,75,75 (1985),1985,1992,1988,10
img-4e6cc721a4150d7a531a,Alfa Romeo,8C,8C (2008),2008,2010,2009,1
img-de0dfbe2ad25a48cb22b,Alfa Romeo,8C,8C (2007),2007,2009,2008,1
img-4b140171efff89e4c13e,Alfa Romeo,8C,8C (1936),1936,1939,1937,1
img-546abf843e35df4b78f3,Alfa Romeo,8C,8C (1931),1931,1935,1933,1
img-59797b414506acfffb63,Alfa Romeo,Alfasud,Alfasud (1980),1980,1983,1981,4
img-fb73703919f5fcfda2a1,Alfa Romeo,Alfasud,Alfasud (1977),1977,1980,1978,3
img-56d84603f6d06d965be1,Alfa Romeo,Alfasud,Alfasud (1972),1972,1977,1974,1
img-6f96c997ffaea17d617e,Alfa Romeo,Alfasud Giardinetta,Alfasud Giardinetta (1978),1978,1981,1979,2
img-8b08a55dd7e6ce8e665f,Alfa Romeo,Alfasud Giardinetta,Alfasud Giardinetta (1975),1975,1978,1976,1
img-379d5663ba7acad162c9,Alfa Romeo,Alfasud Sprint,Alfasud Sprint (1976),1976,1983,1979,3
img-15a9a2d2c1b322e321b3,Alfa Romeo,Alfasud Ti,Alfasud Ti (1980),1980,1983,1981,2
img-b380a1ddf62366c4cbe5,Alfa Romeo,Alfasud Ti,Alfasud Ti (1978),1978,1980,1979,2
img-b3b9528d17e6ea9808be,Alfa Romeo,Alfasud Ti,Alfasud Ti (1973),1973,1977,1975,2
img-c03a63614d8da8f15483,Alfa Romeo,Alfetta,Alfetta (1979),1979,1984,1981,4
img-04e2af91c7a163752381,Alfa Romeo,Alfetta,Alfetta (1976),1976,1982,1979,5
img-6fc879b03c9ee21606ad,Alfa Romeo,Alfetta,Alfetta (1974),1974,1980,1977,3
img-5e8990f6cd5d3db602c8,Alfa Romeo,Alfetta,Alfetta (1972),1972,1979,1975,3
img-254122b30c633988b1ab,Alfa Romeo,Arna,Arna (1983),1983,1987,1985,5
img-459949fb1b24ac031ab5,Alfa Romeo,Brera,Brera (2005),2005,2010,2007,10
img-948b58f66a651d59d172,Alfa Romeo,Crosswagon Q4,Crosswagon Q4 (2004),2004,2007,2005,1
img-af86477d1760a7552a04,Alfa Romeo,Giulia,Giulia (2022),2022,,2024,2
img-41c3f72a599847b2e351,Alfa Romeo,Giulia,Giulia (2016),2016,2022,2019,9
img-f68562c0262badf1495d,Alfa Romeo,Giulia,Giulia (1965),1965,1972,1968,1
img-3c24713aba429c071f50,Alfa Romeo,Giulia,Giulia (1962),1962,1978,1970,1
img-8308bf7e59d10b56c724,Alfa Romeo,Giulia GTA,Giulia GTA (2020),2020,,2023,1
img-f6af7eec586f21be12cf,Alfa Romeo,Giulia Quadrifoglio,Giulia Quadrifoglio (2016),2016,2022,2019,2
img-710838c45a0f48a02540,Alfa Romeo,Giulia Veloce,Giulia Veloce (2016),2016,2022,2019,2
img-d39b8059c0e1415ccfba,Alfa Romeo,Giulietta,Giulietta (2016),2016,2020,2018,8
img-533ab64210dc44fdcd0c,Alfa Romeo,Giulietta,Giulietta (2010),2010,2016,2013,9
img-5b243861c8a16a9b9e7c,Alfa Romeo,Giulietta,Giulietta (1955),1955,1964,1959,2
img-4559488adb61d8a25f5c,Alfa Romeo,Giulietta,Giulietta (1954),1954,1965,1959,1
img-2acf2ca90c00065aeda2,Alfa Romeo,Giulietta Quadrifoglio Verde,Giulietta Quadrifoglio Verde (2011),2011,2016,2013,1
img-97061c96626de8b29333,Alfa Romeo,GT,GT (2003),2003,2010,2006,6
img-2fd8289ff36b15e53645,Alfa Romeo,GTV,GTV (2003),2003,2005,2004,3
img-492a8fca0b55f87284bb,Alfa Romeo,GTV,GTV (1995),1995,2003,1999,3
img-fe077a9388b9685c3e1b,Alfa Romeo,Junior,Junior (2025),2025,,2025,4
img-68506c7904beeafe1e6f,Alfa Romeo,Junior,Junior (2024),2024,,2025,2
img-2cd1c0f76639a0b5d42f,Alfa Romeo,MiTo,MiTo (2016),2016,2018,2017,6
img-a3193567c91ce7b65191,Alfa Romeo,MiTo,MiTo (2013),2013,2016,2014,5
img-3379e4ed089c59fd77f5,Alfa Romeo,MiTo,MiTo (2008),2008,2013,2010,11
img-bf7870796b0d432f9d61,Alfa Romeo,MiTo Quadrifoglio Verde,MiTo Quadrifoglio Verde (2013),2013,2016,2014,1
img-9c9f104beefa830cbd5d,Alfa Romeo,MiTo Quadrifoglio Verde,MiTo Quadrifoglio Verde (2009),2009,2013,2011,1
img-233b5aa924ea9a81a21b,Alfa Romeo,MiTo Veloce,MiTo Veloce (2016),2016,2018,2017,1
img-1fcbb4468cf152098d0f,Alfa Romeo,Montreal,Montreal (1970),1970,1977,1973,1
img-8a82446c553a672cf361,Alfa Romeo,Spider,Spider (2006),2006,2010,2008,8
img-c99d2aac22ffe9ce970e,Alfa Romeo,Spider,Spider (2003),2003,2006,2004,3
img-f87fd9750a6eafa07977,Alfa Romeo,Spider,Spider (1995),1995,2003,1999,5
img-27beb808d84ee73ebc0b,Alfa Romeo,Spider,Spider (1990),1990,1993,1991,1
img-6c95ce1d746503d3a76b,Alfa Romeo,Spider,Spider (1983),1983,1990,1986,1
img-cb84b0f0c9b49b59ec42,Alfa Romeo,Spider,Spider (1970),1970,1983,1976,4
img-3178ec028fa3d62bf41d,Alfa Romeo,Sprint,Sprint (1983),1983,1989,1986,2
img-12572814d9cf02e76ae6,Alfa Romeo,Sprint,Sprint (1976),1976,1983,1979,1
img-6ecba56e49806b4703c7,Alfa Romeo,Stelvio,Stelvio (2022),2022,,2024,2
img-b332ecf19d8bcda8530e,Alfa Romeo,Stelvio,Stelvio (2017),2017,2022,2019,4
img-f6326596a80dd3178ffc,Alfa Romeo,Stelvio Quadrifoglio,Stelvio Quadrifoglio (2017),2017,2023,2020,1
img-21d0472ab754ae819349,Alfa Romeo,Tonale,Tonale (2025),2025,,2025,4
img-aef37718687efb508ecd,Alfa Romeo,Tonale,Tonale (2022),2022,2025,2023,3
img-b08f858ecfbc7a41a4dc,Alpine,A110,A110 (2024),2024,,2025,1
img-46c22e46831faa0798c5,Alpine,A110,A110 (2023),2023,,2024,1
img-d242f8da4a7f21307383,Alpine,A110,A110 (2021),2021,,2023,2
img-7181d68c05cc476d9ca9,Alpine,A110,A110 (2017),2017,2021,2019,2
img-e9c8f24b338f8f925f16,Alpine,A110,A110 (1962),1962,1977,1969,8
img-1d6a7ffb8422069890cd,Alpine,A110S,A110S (2021),2021,,2023,1
img-555364adfde554ded9c2,Alpine,A110S,A110S (2019),2019,2021,2020,1
img-768ad22b3f3c96c3da01,Alpine,A290,A290 (2024),2024,,2025,2
img-bab14b13f1564a2679db,Alpine,A390,A390 (2025),2025,,2025,2
img-70688a3c2da1d525dbbf,Arcfox,Alpha S,Alpha S (2024),2024,,2025,4
img-aa44615b18a5ab087a43,Arcfox,Alpha T,Alpha T (2024),2024,,2025,2
img-761a5859e2477030ecb1,Ariel,Atom,Atom (2011),2011,2012,2011,1
img-6816990701f1579acbac,Ariel,Atom,Atom (2008),2008,2013,2010,4
img-2041b1c1b5ec2bbb11b0,Ariel,Atom,Atom (2003),2003,2008,2005,2
img-edee323d339869e63f51,Ariel,Atom,Atom (1999),1999,2002,2000,1
img-124523e860779885843e,Ariel,Nomad,Nomad (2015),2015,2024,2019,1
img-a64c277596ab9776b6a3,Aro,10 Series,10 Series (1980),1980,2004,1992,5
img-50b4785389573c83534a,Aro,24 Series,24 Series (1991),1991,2006,1998,5
img-28df908b7c3e76dc8a58,Aro,24 Series,24 Series (1972),1972,1991,1981,1
img-ad1b46e1edac170e504e,Aro,M Series,M Series (1963),1963,1975,1969,1
img-e8b4b5762a8c17ed0d66,Aro,M Series,M Series (1959),1959,1963,1961,1
img-de179d144f8a25d561d7,Artega,GT,GT (2010),2010,2012,2011,1
img-c2db5bd48e1e5faa2067,Artega,Scalo,Scalo (2015),2015,2017,2016,1
img-724e097b398b67ee26d9,Aston Martin,Cygnet,Cygnet (2011),2011,2013,2012,2
img-347f731f573bf3adddfb,Aston Martin,DB AR1,DB AR1 (2003),2003,2004,2003,1
img-7e38366b2137db8a0b33,Aston Martin,DB11,DB11 (2018),2018,2021,2019,1
img-f3795bd0f82ba0e6dfe9,Aston Martin,DB11,DB11 (2016),2016,2023,2019,2
img-8eab2229b3e5483434b3,Aston Martin,DB11 Volante,DB11 Volante (2018),2018,2023,2020,1
img-52acfa2769ba8e9980b7,Aston Martin,DB12,DB12 (2023),2023,,2024,1
img-67bcfcbfb98e82e438f5,Aston Martin,DB12 Volante,DB12 Volante (2023),2023,,2024,1
img-4434d7396e9297fdcfa0,Aston Martin,DB6,DB6 (1965),1965,1970,1967,1
img-d73399d2d85ea6b23714,Aston Martin,DB6 Volante,DB6 Volante (1965),1965,1970,1967,1
img-d4fe37d86b3d8c2517b0,Aston Martin,DB7,DB7 (2003),2003,2004,2003,2
img-63f52889cff7a3b74920,Aston Martin,DB7,DB7 (1999),1999,2003,2001,2
img-09d5911ac0028a48d971,Aston Martin,DB7,DB7 (1993),1993,1999,1996,2
img-94926bac79fac88c1210,Aston Martin,DB7 Volante,DB7 Volante (1999),1999,2003,2001,2
img-573ddf0a58c29678d87b,Aston Martin,DB7 Volante,DB7 Volante (1996),1996,1999,1997,2
img-7a2325eeb8f992a181da,Aston Martin,DB9,DB9 (2014),2014,2015,2014,1
img-e0c59a89bcf32a83dff0,Aston Martin,DB9,DB9 (2013),2013,2016,2014,2
img-4081be5bfc34b8967c66,Aston Martin,DB9,DB9 (2010),2010,2012,2011,2
img-e6821cda6560eea1f326,Aston Martin,DB9,DB9 (2004),2004,2010,2007,2
img-45076c4c055daa4553b0,Aston Martin,DB9 Volante,DB9 Volante (2013),2013,2015,2014,2
img-f07de13f4c3c832e99ab,Aston Martin,DB9 Volante,DB9 Volante (2010),2010,2012,2011,2
img-145b13595df7177b8dcf,Aston Martin,DB9 Volante,DB9 Volante (2004),2004,2010,2007,2
img-4e1e812462cdf6ff4f09,Aston Martin,DBS,DBS (2023),2023,,2024,1
img-d6a2e3ddaa2a20a2f595,Aston Martin,DBS,DBS (2019),2019,2024,2021,1
img-179c306fcfdae42f3e03,Aston Martin,DBS,DBS (2018),2018,2024,2021,1
img-b85cb52c4730bf7062c1,Aston Martin,DBS,DBS (2008),2008,2012,2010,2
img-ef2cd686dadad9249194,Aston Martin,DBS,DBS (1967),1967,1972,1969,1
img-257072fc77b9a845e5d4,Aston Martin,DBS Volante,DBS Volante (2009),2009,2012,2010,2
img-02f3634dd60447e9785b,Aston Martin,DBX,DBX (2025),2025,,2025,1
img-679aa9f0d64d8b204159,Aston Martin,DBX,DBX (2022),2022,2024,2023,1
img-aa8d42c00402820ae81c,Aston Martin,DBX,DBX (2020),2020,,2023,1
img-a1fe02db91a8446e616c,Aston Martin,Lagonda,Lagonda (1986),1986,1989,1987,1
img-56a35bccf592efc1485d,Aston Martin,Lagonda,Lagonda (1976),1976,1986,1981,1
img-2dcb03f1d4cae382c582,Aston Martin,One-77,One-77 (2009),2009,2012,2010,1
img-e1241a2ac7d20d878e80,Aston Martin,Rapide,Rapide (2010),2010,2013,2011,1
img-5a8bfa89f84df3b7f47a,Aston Martin,Rapide AMR,Rapide AMR (2017),2017,2020,2018,1
img-23ad15df21a40d9a601b,Aston Martin,Rapide E,Rapide E (2019),2019,2019,2019,1
img-ef233a1a938332723fec,Aston Martin,Rapide S,Rapide S (2013),2013,2018,2015,1
img-74e5aea2f7cfa418a859,Aston Martin,V12 Speedster,V12 Speedster (2020),2020,2022,2021,1
img-e03d6e31b2064c7a8709,Aston Martin,V12 Vantage,V12 Vantage (2022),2022,,2024,2
img-4294281b0445171654b1,Aston Martin,V12 Vantage,V12 Vantage (2018),2018,2018,2018,1
img-89df51a2100d9a96249b,Aston Martin,V12 Vantage,V12 Vantage (2013),2013,2018,2015,1
img-975dc69876ab5e8afe78,Aston Martin,V12 Vantage,V12 Vantage (2009),2009,2013,2011,1
img-eea867b2262d8a94f4a2,Aston Martin,V12 Vantage AMR,V12 Vantage AMR (2017),2017,2019,2018,2
img-08fc56242326ccff5558,Aston Martin,V12 Vantage S,V12 Vantage S Roadster (2014),2014,2018,2016,1
img-d791d86cba9f0953356f,Aston Martin,V12 Zagato,V12 Zagato (2012),2012,2013,2012,1
img-b88d33c8006b2ac89207,Aston Martin,V8 Vantage,V8 Vantage (2024),2024,,2025,2
img-d0f3143ba0933fa86649,Aston Martin,V8 Vantage,V8 Vantage (2019),2019,2020,2019,1
img-d62e22edea4ca3deaa3a,Aston Martin,V8 Vantage,V8 Vantage (2018),2018,2024,2021,1
img-e0bebeb6b95c6cc329a1,Aston Martin,V8 Vantage,V8 Vantage (2014),2014,2014,2014,2
img-2d1c0c89ba97fdfcd26e,Aston Martin,V8 Vantage,V8 Vantage (2010),2010,2014,2012,2
img-c52e65ed9cbe758fd724,Aston Martin,V8 Vantage,V8 Vantage (2008),2008,2017,2012,2
img-656d9f9ef0ead32dd2a6,Aston Martin,V8 Vantage,V8 Vantage (2005),2005,2008,2006,1
img-e1bdb64a3273da713f20,Aston Martin,V8 Vantage,V8 Vantage (1999),1999,2000,1999,1
img-b3320a8812541770534b,Aston Martin,V8 Vantage,V8 Vantage (1996),1996,2000,1998,1
img-6e2b32b041b189707587,Aston Martin,V8 Vantage,V8 Vantage (1993),1993,1998,1995,1
img-cc8679c8183a3b7eac23,Aston Martin,V8 Vantage,V8 Vantage (1977),1977,1989,1983,1
img-4967f2a66f14ce203c90,Aston Martin,V8 Vantage,V8 Vantage (1973),1973,1978,1975,1
img-0a54309f93890a8e661c,Aston Martin,V8 Vantage S,V8 Vantage S (2011),2011,2017,2014,1
img-226c98e4cf09f998d9e1,Aston Martin,V8 Vantage S,V8 Vantage S Roadster (2011),2011,2017,2014,1
img-213b821536dfbb50e777,Aston Martin,V8 Volante,V8 Volante (2010),2010,2014,2012,1
img-a661c0883ee4072ae174,Aston Martin,V8 Volante,V8 Volante (2008),2008,2012,2010,2
img-d0ccc4864d5bc4af4c40,Aston Martin,V8 Volante,V8 Volante (2006),2006,2008,2007,1
img-7939f4ac63fd85187dca,Aston Martin,V8 Volante,V8 Volante (1998),1998,2000,1999,1
img-6a5d026ecad0e7147e20,Aston Martin,V8 Volante,V8 Volante (1978),1978,1989,1983,1
img-81e30ded2c0edbc9607a,Aston Martin,Valhalla,Valhalla (2022),2022,,2024,1
img-fee2fa379731475ce745,Aston Martin,Vanquish,Vanquish (2024),2024,,2025,1
img-ca6d1b3430979a2168a9,Aston Martin,Vanquish,Vanquish (2012),2012,2018,2015,1
img-84c222ad95ab655fd5f1,Aston Martin,Vanquish,Vanquish (2001),2001,2006,2003,1
img-7d32c53e353388c2af6c,Aston Martin,Vanquish S,Vanquish S (2016),2016,2018,2017,1
img-ba28855e8e88b28724aa,Aston Martin,Vanquish S,Vanquish S (2004),2004,2007,2005,1
img-eb08369c6c0eeacc1099,Aston Martin,Vanquish Volante,Vanquish Volante (2025),2025,,2025,1
img-29c30f8105216c3499e4,Aston Martin,Vanquish Volante,Vanquish Volante (2013),2013,2018,2015,1
img-2abbe648f2b152c9a2c6,Aston Martin,Vantage,Vantage Roadster (2020),2020,,2023,1
img-b0143b1981cbf00053c1,Aston Martin,Vantage GT12,Vantage GT12 (2015),2015,2016,2015,1
img-d685ca7a2324f76309da,Aston Martin,Vantage GT8,Vantage GT8 (2016),2016,2017,2016,2
img-3717735a426128394d4b,Aston Martin,Virage,Virage (2011),2011,2012,2011,1
img-ef15376e95a65a4cebf5,Aston Martin,Virage,Virage (1988),1988,1995,1991,2
img-6fed5873c9b1fc247428,Aston Martin,Virage Volante,Virage Volante (2011),2011,2012,2011,1
img-3141e4c4e938c2066b7a,Aston Martin,Virage Volante,Virage Volante (1992),1992,1996,1994,1
img-2bb4c84f831381c80d64,Aston Martin,Vulcan,Vulcan (2015),2015,2016,2015,1
img-234133a5551ff0e1a90a,Audi,100,100 Coupe (1970),1970,1976,1973,3
img-259f4d29954d4ef31a3c,Audi,100,100 Coupe (1969),1969,1976,1972,2
img-436c088a602156b10a99,Audi,100/ 200,100/ 200 (1991),1991,1994,1992,18
img-4970b1bc32e867445562,Audi,100/ 200,100/ 200 (1984),1984,1991,1987,11
img-6549617a65def2560621,Audi,100/ 200,100/ 200 (1982),1982,1991,1986,23
img-4c297aef28835642724f,Audi,100/ 200,100/ 200 (1976),1976,1982,1979,8
img-6b1f114ef322bcfe246d,Audi,100/ 200,100/ 200 (1968),1968,1976,1972,6
img-edabb8bfef3dea01476b,Audi,100/ 200 Avant,100/ 200 Avant (1991),1991,1994,1992,18
img-b902df3a007c83aef6a7,Audi,100/ 200 Avant,100/ 200 Avant (1985),1985,1991,1988,4
img-74be981864be1fd231fa,Audi,100/ 200 Avant,100/ 200 Avant (1983),1983,1991,1987,19
img-03d845fee6e58f2bb950,Audi,80 Avant RS2,80 Avant RS2 (1994),1994,1996,1995,1
img-5054e5b39e9571e53163,Audi,80 Avant S2,80 Avant S2 (1993),1993,1995,1994,1
img-d519058f34efbea99676,Audi,80 S2,80 S2 (1993),1993,1995,1994,1
img-65b124a9a3da523710f6,Audi,80/ 90,80/ 90 (1986),1986,1995,1990,13
img-e0dce6c72c035783d58d,Audi,80/ 90,80/ 90 (1984),1984,1987,1985,5
img-944501bd6592658637ff,Audi,80/ 90 Avant,80/ 90 Avant (1991),1991,1995,1993,11
img-abcbc8d4b107bf813fe0,Audi,90,90 (1987),1987,1991,1989,7
img-51ad30f6325911e1688c,Audi,A1,A1 (2019),2019,2022,2020,5
img-bad8060d4ece9df36557,Audi,A1,A1 (2018),2018,,2022,5
img-4da4f61e1c09c3be4fa2,Audi,A1,A1 (2015),2015,2018,2016,10
img-b4456bbf3e66ea762bb5,Audi,A1,A1 (2010),2010,2018,2014,11
img-abc4a80acf97ca0bdad4,Audi,A1,A1 Sportback (2012),2012,2015,2013,10
img-ec181d224799f9c3b2ac,Audi,A1 Quattro,A1 Quattro (2012),2012,2013,2012,1
img-dac8b0cada2a89efe5e8,Audi,A2,A2 (1999),1999,2005,2002,5
img-214c989192a764046635,Audi,A3,A3 Sedan (2024),2024,,2025,2
img-ca2ff4d0129faa4863b6,Audi,A3,A3 Sedan (2020),2020,2024,2022,6
img-1b0c710a03f2ebf18c3d,Audi,A3,A3 Sedan (2016),2016,2020,2018,11
img-13e816967cf628f6e624,Audi,A3,A3 Sedan (2013),2013,2016,2014,21
img-8e9b914975cc13d8ee92,Audi,A3,A3 Sportback (2024),2024,,2025,2
img-5ce2c00670766f7976e6,Audi,A3,A3 Sportback (2020),2020,2024,2022,5
img-f463002e46a4be44abd4,Audi,A3,A3 Sportback (2016),2016,2020,2018,14
img-802f775fc43e6be7163a,Audi,A3,A3 Sportback (2013),2013,2016,2014,3
img-9c2ae3496d6ded5b0760,Audi,A3,A3 Sportback (2012),2012,2016,2014,16
img-3c4343866087e22fae63,Audi,A3,A3 Sportback (2008),2008,2011,2009,18
img-ed797619128956bc2add,Audi,A3,A3 Sportback (2004),2004,2008,2006,21
img-93a7c79ae696b72a6343,Audi,A3,A3 Sportback (1999),1999,2003,2001,17
img-13bcc59471926bb397be,Audi,A3,A3 (2016),2016,2017,2016,11
img-f6db136f41d38eef3151,Audi,A3,A3 (2012),2012,2016,2014,17
img-7be3c8ab84e70a0f272e,Audi,A3,A3 (2008),2008,2012,2010,23
img-489954c04f2897eba6ca,Audi,A3,A3 (2005),2005,2008,2006,20
img-679bb503ac78a35f840c,Audi,A3,A3 (2003),2003,2005,2004,12
img-ee122cddbb82a7956bbd,Audi,A3,A3 (1996),1996,2003,1999,18
img-764fb351f880f19fa454,Audi,A3,A3 Cabriolet (2016),2016,2020,2018,9
img-a1815e84561eda5146b1,Audi,A3,A3 Cabriolet (2013),2013,2016,2014,13
img-7527f38fc4ec94f48e4b,Audi,A3,A3 Cabriolet (2008),2008,2013,2010,11
img-442e05bda7cbca40cccc,Audi,A3 allstreet,A3 allstreet (2024),2024,,2025,2
img-eb9e54a223a3254998ee,Audi,A4,A4 (2019),2019,2025,2022,10
img-bcb74386cdf126b94b05,Audi,A4,A4 (2018),2018,2019,2018,18
img-7d8158e0eea651714fd5,Audi,A4,A4 (2016),2016,2018,2017,18
img-2bb48e6980c58504483b,Audi,A4,A4 (2012),2012,2016,2014,38
img-dcdbac69de92fe9e6fc1,Audi,A4,A4 (2007),2007,2012,2009,32
img-eb58e561f7dd5832d2de,Audi,A4,A4 (2004),2004,2007,2005,27
img-bf79523c9cf0522dddae,Audi,A4,A4 (2001),2001,2004,2002,31
img-d4cdd12e2057274ba6be,Audi,A4,A4 (1994),1994,2001,1997,33
img-25d4146497b115b15991,Audi,A4,A4 Cabriolet (2005),2005,2008,2006,12
img-857c56c7607acc56f7ba,Audi,A4,A4 Cabriolet (2002),2002,2005,2003,12
img-77a150f2df18cb64c988,Audi,A4 Allroad,A4 Allroad (2019),2019,2025,2022,1
img-5775c5d9fd79b884b147,Audi,A4 Allroad,A4 Allroad (2012),2012,2016,2014,11
img-2d981ffb57dee87409fa,Audi,A4 Allroad,A4 Allroad (2009),2009,2011,2010,6
img-cb5f0d2762582e255d07,Audi,A4 Avant,A4 Avant (2019),2019,2025,2022,7
img-1079935047198fb1bed9,Audi,A4 Avant,A4 Avant (2018),2018,2019,2018,17
img-a3045916fa9c6bc1602f,Audi,A4 Avant,A4 Avant (2016),2016,2018,2017,17
img-a84b3bf37c3e7f803468,Audi,A4 Avant,A4 Avant (2012),2012,2016,2014,31
img-69f09cf7c9cc089eca7e,Audi,A4 Avant,A4 Avant (2008),2008,2012,2010,32
img-fd7f341da368c7071a0a,Audi,A4 Avant,A4 Avant (2004),2004,2007,2005,28
img-8d773bfb30c03d7da057,Audi,A4 Avant,A4 Avant (2001),2001,2004,2002,30
img-d16047bf372efc8a7a32,Audi,A4 Avant,A4 Avant (1996),1996,2001,1998,27
img-1ba72080ace342b7a6be,Audi,A4 DTM Edition,A4 DTM Edition (2005),2005,2007,2006,1
img-8c3ad6fac7920532f0d9,Audi,A5,A5 Coupe (2016),2016,2024,2020,11
img-59b82059234bf0da4b0f,Audi,A5,A5 Coupe (2011),2011,2016,2013,21
img-67f08cdd3fdf2883ba11,Audi,A5,A5 Coupe (2007),2007,2011,2009,27
img-44fe3826a41aa0dad691,Audi,A5,A5 Sportback (2019),2019,2024,2021,9
img-b9a275469ea809091cfc,Audi,A5,A5 Sportback (2016),2016,2019,2017,8
img-dacb9ab9309945d1166d,Audi,A5,A5 Sportback (2011),2011,2016,2013,20
img-e857b613c6754848b482,Audi,A5,A5 Sportback (2009),2009,2011,2010,28
img-d8e033c5f04781b5af3a,Audi,A5,A5 Sedan (2024),2024,,2025,5
img-a0853066668e5601fb6d,Audi,A5,A5 Cabriolet (2012),2012,2017,2014,17
img-9df78bf072c07a314edc,Audi,A5,A5 Cabriolet (2009),2009,2012,2010,19
img-a27b2a9b5c7953a320cf,Audi,A5 Avant,A5 Avant (2024),2024,,2025,5
img-067916aee73677da3ecd,Audi,A6,A6 (2025),2025,,2025,3
img-9bbbb05478713185ea4f,Audi,A6,A6 (2018),2018,2025,2021,9
img-09a904901df491d4cf65,Audi,A6,A6 (2014),2014,2018,2016,14
img-f5d0429a15a73c5f0ed4,Audi,A6,A6 (2011),2011,2014,2012,18
img-f01f9ebda361cebe9d43,Audi,A6,A6 (2008),2008,2011,2009,19
img-47382d4d5499e0305fb1,Audi,A6,A6 (2005),2005,2008,2006,20
img-966d3ec92d398307f105,Audi,A6,A6 (2001),2001,2004,2002,24
img-351c800a188aea1c54f3,Audi,A6,A6 (1997),1997,2001,1999,31
img-b9a6b044e4fad875b063,Audi,A6,A6 (1994),1994,1997,1995,28
img-92ca9f1bbb778eb237e7,Audi,A6,A6 Sportback (2024),2024,,2025,1
img-16b4a8e66c56ec5d568c,Audi,A6 Avant,A6 Avant (2025),2025,,2025,4
img-6bba9a7462cda6625470,Audi,A6 Avant,A6 Avant (2018),2018,2025,2021,10
img-1beb8a83a925ca37f766,Audi,A6 Avant,A6 Avant (2014),2014,2018,2016,13
img-2dc1ec143a43d97ed1a3,Audi,A6 Avant,A6 Avant (2011),2011,2014,2012,14
img-6dd4fda7a39da3c6dcec,Audi,A6 Avant,A6 Avant (2008),2008,2011,2009,19
img-bbb69c6a9e73da9ee899,Audi,A6 Avant,A6 Avant (2005),2005,2008,2006,21
img-cccab358f3feaa162748,Audi,A6 Avant,A6 Avant (2001),2001,2004,2002,26
img-081f8bf164d69f821097,Audi,A6 Avant,A6 Avant (1998),1998,2001,1999,28
img-a3efc0292c52685bb8e7,Audi,A6 Avant,A6 Avant (1994),1994,1997,1995,26
img-f6a93107843e3486bfdd,Audi,A7,A7 (2017),2017,2025,2021,8
img-b5a03194e1bccca40eb4,Audi,A7,A7 (2014),2014,2017,2015,11
img-d10c5694d33a7c45f673,Audi,A7,A7 (2010),2010,2014,2012,11
img-e0f50e9df1f452815095,Audi,A8,A8 (2021),2021,,2023,2
img-52fe053e77f59d823cdc,Audi,A8,A8 (2017),2017,2022,2019,6
img-872c3356f2f05fd9b096,Audi,A8,A8 (2013),2013,2017,2015,16
img-c3780a3a0180b1f48105,Audi,A8,A8 (2010),2010,2013,2011,16
img-09d4c64706253c43b80f,Audi,A8,A8 (2005),2005,2009,2007,5
img-31827ac5c47676c421f1,Audi,A8,A8 (2003),2003,2005,2004,11
img-09746d9b59dabc751e04,Audi,A8,A8 (1994),1994,1999,1996,14
img-f2015ae40ff06a5735a6,Audi,A8,A8 (D2) (1999),1999,2002,2000,15
img-512f9c3d0b7ef009afa7,Audi,Allroad,Allroad (2019),2019,,2022,4
img-bea2ff266181fbb640b1,Audi,Allroad,Allroad (2012),2012,2019,2015,7
img-f700dedbcf7ceeb530f5,Audi,Allroad,Allroad (2006),2006,2011,2008,9
img-c8b9168e6147cb980408,Audi,Allroad,Allroad (2000),2000,2006,2003,6
img-97eb091ea9abb93975cc,Audi,Cabriolet,Cabriolet (1991),1991,2000,1995,10
img-7c3a6f2f12ba3774b8b7,Audi,Coupe,Coupe (1991),1991,1996,1993,8
img-5f8c3479f43e377f847f,Audi,Coupe,Coupe (1981),1981,1988,1984,9
img-758b11551382604d21ae,Audi,Coupe S2,Coupe S2 (1990),1990,1996,1993,2
img-d4f89cbf7f861a055cd0,Audi,e-tron,e-tron (2024),2024,,2025,1
img-4f3c9cf92065a3c75f5e,Audi,e-tron,e-tron (2019),2019,2025,2022,2
img-5dbdd1c5d11ef820a31b,Audi,e-tron,e-tron Sportback (2019),2019,,2022,3
img-9d799b4d45489122a3c4,Audi,e-tron GT,e-tron GT (2024),2024,,2025,2
img-ec74f4650daaf43d074d,Audi,e-tron GT,e-tron GT (2021),2021,,2023,2
img-2f6a6d8d817f07bd32f8,Audi,Nuvolari,Nuvolari (2026),2026,,2026,1
img-c19a1409949d471909c8,Audi,Q2,Q2 (2020),2020,,2023,1
img-2c973812b10603765d6f,Audi,Q2,Q2 (2016),2016,2020,2018,12
img-d7a18fd6e0121031796a,Audi,Q3,Q3 (2025),2025,,2025,5
img-814d7dc3333ccbfb54bf,Audi,Q3,Q3 (2018),2018,2025,2021,8
img-d93cc2421d68f2bcc803,Audi,Q3,Q3 (2016),2016,2018,2017,13
img-211a2a5f6856ae20b856,Audi,Q3,Q3 (2015),2015,2017,2016,7
img-4081bcc8c1d48d4fc3e5,Audi,Q3,Q3 (2011),2011,2015,2013,6
img-88c71e05adbe024facf8,Audi,Q3,Q3 Sportback (2025),2025,,2025,5
img-26308a902c457f45a35a,Audi,Q3,Q3 Sportback (2019),2019,2025,2022,5
img-6abf47a4e0033b0b47cf,Audi,Q4,Q4 Sportback (2026),2026,,2026,3
img-1adbef99299201b45165,Audi,Q4,Q4 Sportback (2021),2021,2026,2023,4
img-cd13f0502dd09965a15a,Audi,Q4 e-tron,Q4 e-tron (2021),2021,2026,2023,3
img-637b8633cf690e4bb7ca,Audi,Q5,Q5 Sportback (2024),2024,,2025,2
img-e65804ec290a1beee909,Audi,Q5,Q5 Sportback (2020),2020,2024,2022,7
img-ea551049b897813ae4bc,Audi,Q5,Q5 (2024),2024,,2025,3
img-c58102811c0727354afb,Audi,Q5,Q5 (2020),2020,2024,2022,6
img-432db8790e29c3dd7c07,Audi,Q5,Q5 (2018),2018,2020,2019,3
img-26ae6a669fcc79820d2d,Audi,Q5,Q5 (2016),2016,2020,2018,5
img-fb4b767a7940bda43c8b,Audi,Q5,Q5 (2012),2012,2016,2014,14
img-82c1bd5c92f4edca28b4,Audi,Q5,Q5 (2008),2008,2012,2010,14
img-a158f05412244918474a,Audi,Q6,Q6 Sportback (2024),2024,,2025,3
img-0e8696bf5a0381d59a6c,Audi,Q6,Q6 (2024),2024,,2025,2
img-a68ea0de1f52df3f6fd2,Audi,Q7,Q7 (2024),2024,,2025,9
img-f6185edee84254ed2994,Audi,Q7,Q7 (2019),2019,2024,2021,6
img-d17fd140739839a4650d,Audi,Q7,Q7 (2015),2015,2019,2017,4
img-e0e0fde9b2f9759cb487,Audi,Q7,Q7 (2009),2009,2015,2012,8
img-cf9ef86dd61046e0ebb1,Audi,Q7,Q7 (2006),2006,2009,2007,5
img-df05ab627712097db541,Audi,Q8,Q8 (2023),2023,,2024,2
img-9b37bf18ad309ae0d714,Audi,Q8,Q8 (2018),2018,2023,2020,5
img-ed8a5fa751e7304a9486,Audi,Q8,Q8 Sportback (2023),2023,,2024,2
img-4eadafc816dd4d9ece56,Audi,Q8 e-tron,Q8 e-tron (2022),2022,,2024,2
img-0bd743e2cf030ab1dff6,Audi,Quattro,Quattro (1980),1980,1991,1985,3
img-c07946af791d1ff6b727,Audi,R8,R8 (2021),2021,,2023,1
img-2a44e0411304598bdc91,Audi,R8,R8 (2018),2018,2024,2021,3
img-71d42a7626be0b56c9c9,Audi,R8,R8 (2017),2017,2021,2019,1
img-747309f0c5a7158ed0b7,Audi,R8,R8 (2015),2015,2018,2016,3
img-df996df22c08f291ea4c,Audi,R8,R8 (2012),2012,2015,2013,4
img-e69a60a1dbc7740e819a,Audi,R8,R8 (2008),2008,2012,2010,2
img-fd5e55a5fff745ed3e99,Audi,R8,R8 (2007),2007,2012,2009,2
img-8a7e30e6a8d53916ddce,Audi,R8,R8 Spyder (2021),2021,2024,2022,1
img-34d8d54238fb9ec4cf29,Audi,R8,R8 Spyder (2018),2018,2024,2021,2
img-10eaf3b2ee3ef678ffc6,Audi,R8,R8 Spyder (2017),2017,2024,2020,2
img-25e2a9a602300bb4978d,Audi,R8,R8 Spyder (2016),2016,2018,2017,1
img-7b46913dc902684b024b,Audi,R8,R8 Spyder (2011),2011,2013,2012,2
img-e095ae9adf59e4893d2b,Audi,R8,R8 Spyder (2010),2010,2016,2013,2
img-434840f6d357e950fb1d,Audi,R8 GT,R8 GT (2022),2022,2024,2023,1
img-0e842a012c4f438523cd,Audi,R8 GT,R8 GT (2010),2010,2013,2011,1
img-4e86a693e2929e54048f,Audi,R8 GT,R8 GT Spyder (2011),2011,2013,2012,1
img-18a9fc5dabfe4370729d,Audi,RS 3,RS 3 Sedan (2024),2024,,2025,1
img-54a47515ad6c08fb0e0f,Audi,RS 3,RS 3 Sedan (2021),2021,2024,2022,1
img-8345cf1be23c206a70c4,Audi,RS 3,RS 3 Sedan (2016),2016,2020,2018,1
img-ee2eaea6969e9d5ad0f9,Audi,RS 3,RS 3 Sportback (2024),2024,,2025,1
img-8322f4f745ce048b4858,Audi,RS 3,RS 3 Sportback (2021),2021,2024,2022,1
img-6c006cc09796a5dd66f4,Audi,RS 3,RS 3 Sportback (2017),2017,2021,2019,1
img-6e739d4353398ea6f0a9,Audi,RS 3,RS 3 Sportback (2015),2015,2017,2016,1
img-9a20ccd9f528e51f782d,Audi,RS 3,RS 3 Sportback (2010),2010,2012,2011,1
img-7f629172c61e1eea603b,Audi,RS 4,RS 4 (2005),2005,2008,2006,1
img-ba3c10da17ebb37b2f14,Audi,RS 4,RS 4 Cabriolet (2006),2006,2009,2007,1
img-0d2754949c36e9ab9abf,Audi,RS 4 Avant,RS 4 Avant (2019),2019,2025,2022,1
img-44c9ac5bcb6e9673a566,Audi,RS 4 Avant,RS 4 Avant (2017),2017,2019,2018,1
img-e2e73c38004d3791fe17,Audi,RS 4 Avant,RS 4 Avant (2012),2012,2015,2013,1
img-904a830d8247c9b9507a,Audi,RS 4 Avant,RS 4 Avant (2006),2006,2008,2007,1
img-cd448cdd7d89f5254f09,Audi,RS 4 Avant,RS 4 Avant (2000),2000,2001,2000,1
img-8a3d0272ec09db3a91c2,Audi,RS 5,RS5 Sedan (2026),2026,,2026,1
img-6f02eae5f5c1d5fef5ec,Audi,RS 5,RS5 Sportback (2019),2019,,2022,1
img-c24ecba49c3088cc9144,Audi,RS 5,RS5 Sportback (2018),2018,2019,2018,1
img-72be28317c138d7119f4,Audi,RS 5,RS 5 (2019),2019,2024,2021,1
img-c4277fd6d2a74bc044cb,Audi,RS 5,RS 5 (2017),2017,2019,2018,1
img-1c07e02b58c96134e36b,Audi,RS 5,RS 5 (2010),2010,2017,2013,1
img-6a3711f4b339f8f6992a,Audi,RS 5,RS5 Cabriolet (2013),2013,2015,2014,1
img-74d7caa40a961d566042,Audi,RS Q3,RS Q3 (2013),2013,2015,2014,1
img-c984c22a9408fab0385e,Audi,RS Q8,RS Q8 (2019),2019,,2022,1
img-860ca6ca0c60877ce0af,Audi,RS5 Avant,RS5 Avant (2026),2026,,2026,1
img-f23453fcf1494d070283,Audi,RS6,RS6 (2008),2008,2010,2009,1
img-74bb77e89a1f181dc068,Audi,RS6,RS6 (2002),2002,2004,2003,1
img-af50cb4270da3e0464c6,Audi,RS6 Avant,RS6 Avant (2022),2022,,2024,1
img-557ea92ebf2917dd9b55,Audi,RS6 Avant,RS6 Avant (2019),2019,2025,2022,1
img-a08e6bec4fc7384c24bf,Audi,RS6 Avant,RS6 Avant (2013),2013,2019,2016,1
img-4e3aee13f00241bd224b,Audi,RS6 Avant,RS6 Avant (2008),2008,2012,2010,1
img-9509bdf6be15c2636756,Audi,RS6 Avant,RS6 Avant (2004),2004,2008,2006,1
img-d089d0ce1c3354b4b894,Audi,RS6 Avant,RS6 Avant (2002),2002,2004,2003,1
img-8ac344fccda4a279e50c,Audi,RS7,RS7 Sportback (2022),2022,,2024,2
img-9291cece00571e786f28,Audi,RS7,RS7 Sportback (2019),2019,,2022,1
img-05013baed3ec56a348fe,Audi,RS7,RS7 Sportback (2013),2013,2019,2016,1
img-2de623a0d1821010bc00,Audi,S1,S1 (2014),2014,2018,2016,1
img-64f56b105ed3c7da4cf2,Audi,S1,S1 Sportback (2014),2014,2018,2016,1
img-e67a67a98d7b994ef1d4,Audi,S3,S3 Sedan (2024),2024,,2025,1
img-f94b539e00ad45a6a66d,Audi,S3,S3 Sedan (2020),2020,2024,2022,1
img-61d8d19a33f5b36d6bf7,Audi,S3,S3 Sedan (2016),2016,2020,2018,3
img-c3191e8b3affa2d11193,Audi,S3,S3 Sedan (2013),2013,2016,2014,2
img-4d2aff05f7375460cd1a,Audi,S3,S3 Sportback (2024),2024,,2025,1
img-99b9705d0ee2ace2186c,Audi,S3,S3 Sportback (2020),2020,2024,2022,1
img-db57bbaaae15239067e7,Audi,S3,S3 Sportback (2016),2016,2020,2018,1
img-b1f7b7ba466368273617,Audi,S3,S3 Sportback (2013),2013,2016,2014,2
img-633b7ba76db1d88b0671,Audi,S3,S3 Sportback (2008),2008,2012,2010,2
img-b7b26826b0736f5f2189,Audi,S3,S3 (2016),2016,2020,2018,1
img-862e251d11d3152ee3e2,Audi,S3,S3 (2013),2013,2016,2014,2
img-32a744e7ba12f60fe800,Audi,S3,S3 (2008),2008,2012,2010,2
img-094cbc06ad5ced03f967,Audi,S3,S3 (2006),2006,2008,2007,1
img-30b0964e8238083488ac,Audi,S3,S3 (2001),2001,2003,2002,1
img-7684e9ee935e98b9ab41,Audi,S3,S3 (1999),1999,2001,2000,1
img-3ab311c96dd4b46950bb,Audi,S3,S3 Cabriolet (2016),2016,2020,2018,1
img-6b0855dfa163dc65432c,Audi,S3,S3 Cabriolet (2014),2014,2016,2015,1
img-9297f569662482a944eb,Audi,S4,S4 (2019),2019,2023,2021,1
img-5f7f07a002081421aaf7,Audi,S4,S4 (2016),2016,2019,2017,1
img-5f67c934fd67443a496a,Audi,S4,S4 (2012),2012,2016,2014,2
img-625c3d8e0d1631fb4a70,Audi,S4,S4 (2008),2008,2012,2010,2
img-0c64a018d54bf3823f3e,Audi,S4,S4 (2005),2005,2007,2006,2
img-04b063de21613d05d20e,Audi,S4,S4 (2003),2003,2004,2003,1
img-a5f1a649d02ade62419f,Audi,S4,S4 (1997),1997,2001,1999,1
img-4af36e4993d100b9965c,Audi,S4,S4 Cabriolet (2006),2006,2008,2007,2
img-e08261f986b2cd2e3ff1,Audi,S4,S4 Cabriolet (2003),2003,2005,2004,2
img-9a792732e7759749f837,Audi,S4 Avant,S4 Avant (2019),2019,2023,2021,1
img-aca510ebd4acd1a8161c,Audi,S4 Avant,S4 Avant (2016),2016,2019,2017,1
img-f9bceeef1699275161e1,Audi,S4 Avant,S4 Avant (2012),2012,2016,2014,2
img-5df94f34a2b193adb989,Audi,S4 Avant,S4 Avant (2008),2008,2012,2010,2
img-4ce3f3be22d3c3c9a790,Audi,S4 Avant,S4 Avant (2006),2006,2007,2006,1
img-3b7c188b8f837c26d23a,Audi,S4 Avant,S4 Avant (2003),2003,2004,2003,2
img-8ea28a6bee3782fb0cea,Audi,S4 Avant,S4 Avant (1997),1997,2001,1999,1
img-220210f77037d823bcea,Audi,S5,S5 Cabriolet (2020),2020,2024,2022,1
img-c62302e188828cdad078,Audi,S5,S5 Cabriolet (2017),2017,2020,2018,1
img-e49f7421544fadac9410,Audi,S5,S5 Cabriolet (2012),2012,2016,2014,1
img-70d58b85601b9eb53911,Audi,S5,S5 Cabriolet (2009),2009,2012,2010,1
img-7212694d4b07acf815eb,Audi,S5,S5 Sportback (2020),2020,2024,2022,1
img-d6d75cab1f3a8a5c807a,Audi,S5,S5 Sportback (2016),2016,2020,2018,2
img-95ab499483233ffed80b,Audi,S5,S5 Sportback (2011),2011,2016,2013,1
img-ff1eb78dd671042bf18a,Audi,S5,S5 Sportback (2010),2010,2011,2010,1
img-5c727c211f4db1b33ec2,Audi,S5,S5 (2024),2024,,2025,1
img-f5d4ccd6f9acfba52a9a,Audi,S5,S5 (2016),2016,2024,2020,1
img-941c3a4a16bdf9b2ca07,Audi,S5,S5 (2012),2012,2016,2014,1
img-d22d7a0f323a60c85fcf,Audi,S5,S5 (2007),2007,2012,2009,2
img-cfe9a77394b5daf51cc5,Audi,S5 Avant,S5 Avant (2024),2024,,2025,1
img-cefd43ee4f9ddab7c210,Audi,S6,S6 (2019),2019,2025,2022,1
img-830712d47d5058ab829d,Audi,S6,S6 (2014),2014,2019,2016,1
img-4bb830ae32e0160e19e9,Audi,S6,S6 (2012),2012,2014,2013,1
img-a312a11a37d1138b24a4,Audi,S6,S6 (2008),2008,2011,2009,1
img-a55fcd97dacccb2e93f0,Audi,S6,S6 (2006),2006,2008,2007,1
img-9c188859dceb3086ff33,Audi,S6,S6 (1999),1999,2004,2001,2
img-1cc4f14cb51629346777,Audi,S6,S6 (1994),1994,1997,1995,4
img-6cf9e23420b5da19eff5,Audi,S6 Avant,S6 Avant (2024),2024,,2025,1
img-a7765cc1b09fdddf76a2,Audi,S6 Avant,S6 Avant (2019),2019,2025,2022,1
img-1463fedc7a257ac399cb,Audi,S6 Avant,S6 Avant (2014),2014,2019,2016,1
img-373c1b9c7c44f77a5dac,Audi,S6 Avant,S6 Avant (2012),2012,2014,2013,1
img-bb390a29f4d931e6d3db,Audi,S6 Avant,S6 Avant (2008),2008,2011,2009,1
img-630e52d61fe1c11e213d,Audi,S6 Avant,S6 Avant (2006),2006,2008,2007,1
img-c94139d5baf4d37c1ae2,Audi,S6 Avant,S6 Avant (1999),1999,2004,2001,2
img-0d95ef8b5bef53abc198,Audi,S6 Avant,S6 Avant (1994),1994,1997,1995,4
img-e484a342127a0caa290b,Audi,S7,S7 Sportback (2019),2019,2025,2022,1
img-ef9c6412d4ac7997e031,Audi,S7,S7 Sportback (2014),2014,2017,2015,1
img-12ca06cca8f61d226815,Audi,S7,S7 Sportback (2011),2011,2014,2012,1
img-0626af7e864a4345079b,Audi,S8,S8 (2021),2021,,2023,1
img-ab806baf1d7515884258,Audi,S8,S8 (2019),2019,2021,2020,1
img-cefb750d2f9b3268b200,Audi,S8,S8 (2013),2013,2019,2016,1
img-ae2de81c30b63c5b1348,Audi,S8,S8 (2012),2012,2013,2012,1
img-c36d468ca661c717b09d,Audi,S8,S8 (2006),2006,2011,2008,1
img-1bfe8497c1e1706660d2,Audi,S8,S8 (1999),1999,2003,2001,1
img-36068dd25f06319af4ea,Audi,S8,S8 (1996),1996,1999,1997,2
img-a2858fb2f57991c02d78,Audi,S8 Plus,S8 Plus (2015),2015,2019,2017,1
img-15cf953992f18b4a4ea4,Audi,SQ2,SQ2 (2020),2020,,2023,1
img-c1571895f3e7f34b5c19,Audi,SQ2,SQ2 (2018),2018,2020,2019,1
img-73c32a24d4860cb4d57e,Audi,SQ5,SQ5 Sportback (2024),2024,,2025,1
img-da20473e98d8f8324392,Audi,SQ5,SQ5 Sportback (2020),2020,2024,2022,1
img-0c08c459141cdccf528d,Audi,SQ5,SQ5 (2024),2024,,2025,1
img-3f0531f4cd8c5d714ea0,Audi,SQ5,SQ5 (2020),2020,2024,2022,1
img-ac3247034f07cf9ea060,Audi,SQ5,SQ5 (2017),2017,2020,2018,2
img-cd8254df491ac87217b6,Audi,SQ5,SQ5 (2013),2013,2017,2015,2
img-1801e9cf4b59f8fa1a65,Audi,SQ6,SQ6 (2024),2024,,2025,1
img-48fa1889b60dd9790092,Audi,SQ6,SQ6 Sportback (2024),2024,,2025,1
img-882842d55754780d18aa,Audi,SQ7,SQ7 (2024),2024,,2025,2
img-ef94f612c62500d2c88c,Audi,SQ7,SQ7 (2019),2019,2024,2021,2
img-de655f1d7888a632d1b8,Audi,SQ7,SQ7 (2016),2016,2019,2017,2
img-ff8e98e4220e59f57630,Audi,SQ8,SQ8 (2023),2023,,2024,1
img-b8147810daeb38f574ca,Audi,SQ8,SQ8 (2019),2019,2023,2021,2
img-ca0f090ad1bfd2b4d987,Audi,SQ8 e-tron,SQ8 e-tron (2023),2023,,2024,1
img-5cf14ee3e52c9fe8f3cc,Audi,TT,TT Roadster (2020),2020,,2023,1
img-2bf06920bdad08920dc9,Audi,TT,TT Roadster (2018),2018,2023,2020,4
img-a602f1e434830b85ea4d,Audi,TT,TT Roadster (2014),2014,2018,2016,8
img-35bfe7aa2283125a6a9e,Audi,TT,TT Roadster (2008),2008,2014,2011,2
img-61464681a7c439a00551,Audi,TT,TT Roadster (2007),2007,2014,2010,10
img-ec4594b80ca2fc8b689a,Audi,TT,TT Roadster (1999),1999,2006,2002,7
img-c40e4ed4e51a1adce37d,Audi,TT,TT Coupe (2020),2020,,2023,1
img-0d98313e9ca76dba6eee,Audi,TT,TT Coupe (2018),2018,2023,2020,4
img-ef0e6a464d44f25888ba,Audi,TT,TT Coupe (2014),2014,2018,2016,7
img-a7540b97d226c759045c,Audi,TT,TT Coupe (2008),2008,2014,2011,2
img-78fd0b07a60d0a7e1d5a,Audi,TT,TT Coupe (2006),2006,2014,2010,10
img-6730c54b8ed0ae545218,Audi,TT,TT Coupe (2005),2005,2006,2005,1
img-e5eb7a7ba410875de4d2,Audi,TT,TT Coupe (1998),1998,2006,2002,8
img-e25a423177b261e2938a,Audi,TT RS,TT RS Coupe (2019),2019,2023,2021,1
img-9382fbe9e0bb9d297389,Audi,TT RS,TT RS Coupe (2016),2016,2019,2017,1
img-ad5658e52dbf52d40dd3,Audi,TT RS,TT RS Coupe (2012),2012,2016,2014,2
img-691e96c1482dddb3afb8,Audi,TT RS,TT RS Coupe (2009),2009,2014,2011,2
img-5c16d5ae171690269e6e,Audi,TT RS,TT RS Roadster (2019),2019,2023,2021,1
img-85a70b96b6a013ee247a,Audi,TT RS,TT RS Roadster (2016),2016,2019,2017,1
img-82ba2e0f39cbe7af7fac,Audi,TT RS,TT RS Roadster (2013),2013,2014,2013,2
img-f2e338ecfac9fe3b7d88,Audi,TT RS,TT RS Roadster (2009),2009,2014,2011,2
img-0c3b1357fc6497734447,Audi,V8,V8 (1988),1988,1994,1991,3
img-35e1bff289f40eebccc2,Aurus,Senat,Senat (2018),2018,,2022,2
img-e26dd96e9395f8acde71,BAIC,MOTOR BJ60,MOTOR BJ60 (2023),2023,,2024,1
img-fa8a0a3cee954cc25f57,Bentley,Arnage,Arnage (2005),2005,2009,2007,3
img-4681b59ee654c06368cc,Bentley,Arnage,Arnage (2002),2002,2005,2003,1
img-2dac3829bb41051825b1,Bentley,Arnage,Arnage (1999),1999,2002,2000,1
img-1581a011abdc9ba51557,Bentley,Azure,Azure (2008),2008,2011,2009,1
img-8ac6e9419a9648acd183,Bentley,Azure,Azure (2006),2006,2009,2007,2
img-2e90c90e1107dfdfc948,Bentley,Azure,Azure (1995),1995,2002,1998,3
img-2839ef55a50412da0903,Bentley,Batur,Batur Convertible (2024),2024,,2025,1
img-c4d2e28cfb60cd1c11e2,Bentley,Bentayga,Bentayga (2021),2021,,2023,1
img-63e92fa8fb85c964be1a,Bentley,Bentayga,Bentayga (2020),2020,,2023,1
img-35486c2975aab22e250f,Bentley,Bentayga,Bentayga (2018),2018,2020,2019,1
img-b34aab9a881bd2b817fc,Bentley,Bentayga,Bentayga (2015),2015,2020,2017,3
img-83cbf42dd0303da4eeb0,Bentley,Bentayga Speed,Bentayga Speed (2025),2025,,2025,1
img-c5e1b6a42efc916ec03b,Bentley,Bentayga Speed,Bentayga Speed (2020),2020,2025,2022,1
img-6d59e3b01ab58a27e65f,Bentley,Bentayga Speed,Bentayga Speed (2019),2019,2020,2019,1
img-1d712ec946139596b91d,Bentley,Brooklands,Brooklands (2007),2007,2011,2009,1
img-cb6e7a5c188053b81576,Bentley,Brooklands,Brooklands (1992),1992,1997,1994,1
img-3c523415001ff1220c77,Bentley,Continental,Continental (2007),2007,2013,2010,2
img-278d159838e2c9976de8,Bentley,Continental,Continental (2003),2003,2010,2006,2
img-1e7af41aa7e6f11fc6fe,Bentley,Continental,Continental (1996),1996,2002,1999,2
img-e134325c4bfe0a1af8ed,Bentley,Continental,Continental (1991),1991,2003,1997,3
img-456136dbc722c1a65819,Bentley,Continental,Continental (1952),1952,1955,1953,1
img-2af021d9029e768da2e1,Bentley,Continental Flying Spur,Continental Flying Spur (2009),2009,2013,2011,1
img-c1c76587bf7e011b6409,Bentley,Continental Flying Spur,Continental Flying Spur (2005),2005,2013,2009,2
img-4f03537877a1f7fd913b,Bentley,Continental GT,Continental GT (2026),2026,,2026,1
img-6a9ad95a34546bfa623a,Bentley,Continental GT,Continental GT (2024),2024,,2025,1
img-251b6dfa176069bd196a,Bentley,Continental GT,Continental GT (2021),2021,2024,2022,3
img-643704be5971689d9e21,Bentley,Continental GT,Continental GT (2019),2019,2024,2021,2
img-c57eeb29b94b06d9934d,Bentley,Continental GT,Continental GT (2017),2017,2024,2020,2
img-59cfe918eab5a2060ddd,Bentley,Continental GT,Continental GT (2015),2015,2017,2016,4
img-41a3bf0c0cf9ae1977d2,Bentley,Continental GT,Continental GT (2013),2013,2015,2014,4
img-058d8c3edd3d406e2fad,Bentley,Continental GT,Continental GT (2011),2011,2013,2012,3
img-0656863eed492cfe82ef,Bentley,Continental GTC,Continental GTC (2026),2026,,2026,1
img-94fad3cfe9e24297fb6d,Bentley,Continental GTC,Continental GTC (2024),2024,,2025,1
img-1be4de37aa0ba26f39eb,Bentley,Continental GTC,Continental GTC (2018),2018,2024,2021,1
img-64a2324e320afef94c37,Bentley,Continental GTC,Continental GTC (2017),2017,2018,2017,1
img-db1f389a08b87c3c568d,Bentley,Continental GTC,Continental GTC (2015),2015,2018,2016,4
img-7fe32ed4b7920fdffc61,Bentley,Continental GTC,Continental GTC (2012),2012,2015,2013,4
img-dac112f8d99636e07e53,Bentley,Continental GTC,Continental GTC (2011),2011,2013,2012,4
img-dfd9e8d646624c3bbbc1,Bentley,Continental GTC,Continental GTC (2009),2009,2013,2011,1
img-6a54c8887588114b77e9,Bentley,Continental GTC,Continental GTC (2006),2006,2009,2007,1
img-0662644f108b6e6520f4,Bentley,Flying Spur,Flying Spur (2026),2026,,2026,1
img-3e60b891cabeec8fc93d,Bentley,Flying Spur,Flying Spur (2024),2024,,2025,1
img-e075011ae876fa918d8d,Bentley,Flying Spur,Flying Spur (2019),2019,2024,2021,2
img-d5b01fe2df4353ed9f1c,Bentley,Flying Spur,Flying Spur (2014),2014,2019,2016,4
img-05f403226b81d174f9c1,Bentley,Mulliner,Mulliner (2022),2022,,2024,1
img-a113494cd54a7c776f15,Bentley,Mulliner,Mulliner (2020),2020,,2023,1
img-ab68e3278c74654b8a41,Bentley,Mulsanne,Mulsanne (2016),2016,2020,2018,3
img-06141f67788c8f1df225,Bentley,Mulsanne,Mulsanne (2009),2009,2016,2012,2
img-07b0ef3b37a6331201ea,Bentley,T1,T1 (1965),1965,1976,1970,1
img-08304decd1b1b365d362,Bentley,T2,T2 (1977),1977,1980,1978,1
img-951d5c0dbd37e4a0923e,BMW,1 Series,1 Series (2024),2024,,2025,2
img-321c7eca90b2d7f28316,BMW,1 Series,1 Series (2019),2019,2024,2021,9
img-6545617031ec12eb36c4,BMW,1 Series,1 Series (2017),2017,2019,2018,18
img-fcaf79e87f0e1f609b1f,BMW,1 Series,1 Series (2015),2015,2017,2016,23
img-582cd028fe8cc4d697f7,BMW,1 Series,1 Series (2011),2011,2015,2013,22
img-50fcaf5dafd10156cc5a,BMW,1 Series,1 Series (2007),2007,2011,2009,15
img-b00212bd6c2d5c3b0264,BMW,1 Series,1 Series (2004),2004,2007,2005,10
img-b1c2d485e7b684516256,BMW,1 Series,1 Series 3 doors (2017),2017,2019,2018,18
img-9098cca86dc203ece940,BMW,1 Series,1 Series 3 doors (2015),2015,2017,2016,23
img-4dcd3cb0a18d28670cd5,BMW,1 Series,1 Series 3 doors (2012),2012,2015,2013,21
img-b269f65cc2ed0160d917,BMW,1 Series,1 Series 3 doors (2007),2007,2011,2009,15
img-3bc4dc96d5b9430716a3,BMW,1 Series,1 Series Cabriolet (2010),2010,2013,2011,16
img-98d80d26468bd5a4cad6,BMW,1 Series,1 Series Cabriolet (2008),2008,2010,2009,14
img-fde9e0c49983a623ee75,BMW,1 Series,1 Series Coupe (2010),2010,2013,2011,16
img-e8443cc7d46f2ad15565,BMW,1 Series,1 Series Coupe (2007),2007,2010,2008,12
img-a3f493f875637f83db98,BMW,1 Series,1 Series Sedan (2017),2017,2023,2020,3
img-aa6401cebd26d2173e31,BMW,1 Series M,1 Series M Coupe (2010),2010,2012,2011,1
img-4ac024dd9ba7b9112c3b,BMW,1500/1600,1500/1600 (1966),1966,1975,1970,1
img-f2b4edbcddc5ec153d34,BMW,1500/1600,1500/1600 (1962),1962,1966,1964,1
img-14ecdf4b47bd7b510674,BMW,2 Series,2 Series Coupe (2021),2021,,2023,3
img-4c5b37b41f2e562f161e,BMW,2 Series,2 Series Coupe (2017),2017,2021,2019,13
img-ee497f8f45966ac0becb,BMW,2 Series,2 Series Coupe (2013),2013,2017,2015,18
img-e6cd04c501e71f89e535,BMW,2 Series,2 Series Convertible (2017),2017,2021,2019,12
img-98d608d578a95c4f9f1e,BMW,2 Series,2 Series Convertible (2014),2014,2017,2015,13
img-bd2af7daff1710f403d8,BMW,2 Series Active Tourer,2 Series Active Tourer (2021),2021,,2023,4
img-a6f7e9c2842ff100ca1f,BMW,2 Series Active Tourer,2 Series Active Tourer (2018),2018,2021,2019,15
img-8bb82c1d1b9eeac80dcd,BMW,2 Series Active Tourer,2 Series Active Tourer (2014),2014,2018,2016,14
img-b6e86d713e527026e86c,BMW,2 Series Gran,2 Series Gran Coupe (2024),2024,,2025,5
img-98d4ffdffb0690b9809e,BMW,2 Series Gran,2 Series Gran Coupe (2019),2019,2024,2021,8
img-e1d04223d68e57270b77,BMW,2 Series Gran Tourer,2 Series Gran Tourer (2018),2018,2021,2019,12
img-bad554782084620edf95,BMW,2 Series Gran Tourer,2 Series Gran Tourer (2015),2015,2018,2016,10
img-186e08b3238bcd573b0f,BMW,2002,2002 (1973),1973,1975,1974,2
img-fcfb17daf0edd2b77885,BMW,2002,2002 (1968),1968,1975,1971,4
img-a2f145e8f612ac640cbf,BMW,2800 CS,2800 CS (1968),1968,1971,1969,2
img-9db2f501ec408a5f8371,BMW,3 Series,3 Series Sedan (2024),2024,,2025,12
img-d02882005590eaaf9f56,BMW,3 Series,3 Series Sedan (2022),2022,2024,2023,15
img-c17a9d5a69080c96874f,BMW,3 Series,3 Series Sedan (2018),2018,2022,2020,14
img-d0b047ab1925252cd47e,BMW,3 Series,3 Series Sedan (2016),2016,2018,2017,30
img-9c61d56fff85a283e59a,BMW,3 Series,3 Series Sedan (2012),2012,2016,2014,34
img-e029f14e50c34cea51e8,BMW,3 Series,3 Series Sedan (2008),2008,2011,2009,38
img-b47b944d9f7fc0684f47,BMW,3 Series,3 Series Sedan (2005),2005,2008,2006,39
img-ec00f55f40341ce78601,BMW,3 Series,3 Series Sedan (2002),2002,2005,2003,27
img-be90efbd69a4f8418e55,BMW,3 Series,3 Series Sedan (1998),1998,2002,2000,21
img-21b38df441615b7d6d4f,BMW,3 Series,3 Series Sedan (1991),1991,1998,1994,21
img-ab1325b7f363ff327733,BMW,3 Series,3 Series Sedan (1982),1982,1992,1987,26
img-3632db2959bd9e2e54fd,BMW,3 Series,3 Series Touring (2024),2024,,2025,11
img-687bffd9a71aa0ca8e35,BMW,3 Series,3 Series Touring (2022),2022,2024,2023,15
img-bf5f003af7116f6805ab,BMW,3 Series,3 Series Touring (2019),2019,2022,2020,11
img-1ac1e234339e022a2403,BMW,3 Series,3 Series Touring (2016),2016,2019,2017,27
img-65f829e138e512ea0e6a,BMW,3 Series,3 Series Touring (2012),2012,2016,2014,29
img-afb097ac29f2003baabd,BMW,3 Series,3 Series Touring (2008),2008,2012,2010,37
img-5b85eb6bb902c957f188,BMW,3 Series,3 Series Touring (2005),2005,2008,2006,35
img-0284e54887f07ad56ed4,BMW,3 Series,3 Series Touring (2001),2001,2005,2003,28
img-e3b50cca8b3ee437abd7,BMW,3 Series,3 Series Touring (1999),1999,2001,2000,22
img-505e14863d403bbdb5ad,BMW,3 Series,3 Series Touring (1988),1988,1993,1990,12
img-c57c47a9b17b13f59eee,BMW,3 Series,3 Series Cabriolet (2010),2010,2013,2011,16
img-e76785f33a31768ecd17,BMW,3 Series,3 Series Cabriolet (2007),2007,2010,2008,15
img-63279a439ddfb1538b87,BMW,3 Series,3 Series Cabriolet (2003),2003,2007,2005,10
img-a955be1744ceb820131f,BMW,3 Series,3 Series Cabriolet (2000),2000,2003,2001,10
img-6e4a204e462e0bc4f1a9,BMW,3 Series,3 Series Cabriolet (1993),1993,1999,1996,8
img-b6a7500cadb227fc6130,BMW,3 Series,3 Series Cabriolet (1986),1986,1993,1989,6
img-1046fbc7af03fc482311,BMW,3 Series,3 Series Coupe (2010),2010,2013,2011,22
img-83190e20fa3cf51f6dab,BMW,3 Series,3 Series Coupe (2006),2006,2010,2008,28
img-d48c83ba3317012e3eb7,BMW,3 Series,3 Series Coupe (2003),2003,2006,2004,12
img-1c4d54391a98744c62bc,BMW,3 Series,3 Series Coupe (1999),1999,2003,2001,16
img-bd17245879a0d235e241,BMW,3 Series,3 Series Coupe (1992),1992,1998,1995,10
img-f34e3487fe6909c23bcd,BMW,3 Series,3 Series Coupe (1982),1982,1992,1987,21
img-b4c399d2870d85be7bda,BMW,3 Series,3 Series Coupe (1975),1975,1983,1979,12
img-16d63fd6defd4a40d601,BMW,3 Series Compact,3 Series Compact (2001),2001,2005,2003,9
img-7043d4a9aa7792313b61,BMW,3 Series Compact,3 Series Compact (1994),1994,2000,1997,9
img-c0c508728749fdab5351,BMW,3 Series Gran Turismo,3 Series Gran Turismo (2016),2016,2020,2018,18
img-9bdc1df98d80eec284f9,BMW,3 Series Gran Turismo,3 Series Gran Turismo (2013),2013,2016,2014,19
img-5d019410abe8cca9a1e4,BMW,3.0 CSi,3.0 CSi (1971),1971,1975,1973,1
img-695796fd73eafacb6ad7,BMW,3.0 CSL,3.0 CSL (1971),1971,1975,1973,3
img-b9672e7fb9225a1f4405,BMW,4 Series,4 Series Coupe (2024),2024,,2025,7
img-496036d042e51c6c66b0,BMW,4 Series,4 Series Coupe (2020),2020,2024,2022,5
img-d7aa43c771220af55af2,BMW,4 Series,4 Series Coupe (2018),2018,2020,2019,12
img-0a9a442fd945f35929d6,BMW,4 Series,4 Series Coupe (2013),2013,2018,2015,18
img-5812d53091f3a6e0b7cd,BMW,4 Series,4 Series Convertible (2024),2024,,2025,5
img-ecaa0279596f3860d458,BMW,4 Series,4 Series Convertible (2020),2020,2024,2022,4
img-db9867562182393145b2,BMW,4 Series,4 Series Convertible (2018),2018,2020,2019,10
img-9d914bfec6b24b4d2275,BMW,4 Series,4 Series Convertible (2014),2014,2018,2016,15
img-3f88998574b69f345105,BMW,4 Series Gran,4 Series Gran Coupe (2024),2024,,2025,5
img-eb14bca138a594c32ece,BMW,4 Series Gran,4 Series Gran Coupe (2021),2021,2024,2022,5
img-6935fa8512fcf6d114f4,BMW,4 Series Gran,4 Series Gran Coupe (2018),2018,2021,2019,13
img-a2d225ff1f51d7a9700f,BMW,4 Series Gran,4 Series Gran Coupe (2014),2014,2018,2016,21
img-62128d85c4df061bc28c,BMW,5 Series,5 Series Touring (2024),2024,,2025,2
img-b80a385cc6fd5bd08067,BMW,5 Series,5 Series Touring (2020),2020,2024,2022,9
img-af8fa26f6b44d5fd400e,BMW,5 Series,5 Series Touring (2017),2017,2020,2018,6
img-d297d8a963169ec4fd40,BMW,5 Series,5 Series Touring (2013),2013,2017,2015,28
img-a237d12b8a6a489ae609,BMW,5 Series,5 Series Touring (2010),2010,2013,2011,26
img-90af56a2d93335437e6a,BMW,5 Series,5 Series Touring (2007),2007,2010,2008,29
img-bbf60f14187f914eb128,BMW,5 Series,5 Series Touring (2004),2004,2007,2005,27
img-5e4dc890e63e1fdefcda,BMW,5 Series,5 Series Touring (1997),1997,2000,1998,14
img-06188e1174b43cd32b7c,BMW,5 Series,5 Series Touring (1992),1992,1997,1994,12
img-a0d0c4834707b3af226e,BMW,5 Series,5 Series Sedan (2023),2023,,2024,5
img-97f9701ab6341ae54667,BMW,5 Series,5 Series Sedan (2020),2020,,2023,14
img-bdd593f9a4aea367065e,BMW,5 Series,5 Series Sedan (2016),2016,2020,2018,13
img-953be28bf1f6195460dc,BMW,5 Series,5 Series Sedan (2013),2013,2017,2015,30
img-904f3199c065833018e8,BMW,5 Series,5 Series Sedan (2009),2009,2013,2011,34
img-358d90864f4e3ef1da95,BMW,5 Series,5 Series Sedan (2007),2007,2009,2008,33
img-90b2cc13c3dc4a6f5889,BMW,5 Series,5 Series Sedan (2003),2003,2007,2005,33
img-563d85e39e088e375e10,BMW,5 Series,5 Series Sedan (2000),2000,2003,2001,13
img-804677b6476e1328d25a,BMW,5 Series,5 Series Sedan (1995),1995,2000,1997,16
img-29582148e465208cab5b,BMW,5 Series,5 Series Sedan (1988),1988,1995,1991,26
img-cee23659fe01cb18b017,BMW,5 Series,5 Series Sedan (1981),1981,1988,1984,21
img-87647e19a451c211f4e8,BMW,5 Series,5 Series Sedan (1972),1972,1981,1976,14
img-06384d02d912addedd1c,BMW,5 Series Gran Turismo,5 Series Gran Turismo (2013),2013,2017,2015,9
img-359f021a05675fbca50b,BMW,5 Series Gran Turismo,5 Series Gran Turismo (2009),2009,2013,2011,17
img-11a545405972a32bdc17,BMW,6 Series,6 Series Convertible (2015),2015,2018,2016,6
img-20f1c84a3df0bf6a9f28,BMW,6 Series,6 Series Convertible (2012),2012,2015,2013,8
img-d0cf1ba8037161d8641e,BMW,6 Series,6 Series Convertible (2007),2007,2010,2008,5
img-31d04240cc2dc9b16187,BMW,6 Series,6 Series Convertible (2004),2004,2007,2005,3
img-5bf68227577dec488671,BMW,6 Series,6 Series Coupe (2015),2015,2018,2016,6
img-8ff2357b4a433d46866a,BMW,6 Series,6 Series Coupe (2011),2011,2015,2013,8
img-3a4b85782f2f049f4c58,BMW,6 Series,6 Series Coupe (2007),2007,2011,2009,5
img-689bb5eb599d88e130e6,BMW,6 Series,6 Series Coupe (2003),2003,2007,2005,3
img-7c5cd167bc61982d9b2e,BMW,6 Series,6 Series Coupe (1978),1978,1989,1983,1
img-d5ae0251786d7fd7a6e1,BMW,6 Series,6 Series Coupe (1976),1976,1979,1977,1
img-9f9c3c331f9670b5f4cf,BMW,6 Series Gran,6 Series Gran Coupe (2015),2015,2018,2016,6
img-57422f58524676207df7,BMW,6 Series Gran,6 Series Gran Coupe (2012),2012,2015,2013,6
img-b89539bd0571bc6b81be,BMW,6 Series Gran Turismo,6 Series Gran Turismo (2020),2020,,2023,7
img-e99caf2053180764dfdc,BMW,6 Series Gran Turismo,6 Series Gran Turismo (2017),2017,2020,2018,7
img-f6e9ed60d3a420c2d03a,BMW,7 Series,7 Series (2026),2026,,2026,4
img-b20bc997f061d3d0bc39,BMW,7 Series,7 Series (2022),2022,,2024,4
img-751312373b07fbef8909,BMW,7 Series,7 Series (2019),2019,2022,2020,15
img-29c270ab97513a21280c,BMW,7 Series,7 Series (2016),2016,2019,2017,16
img-6cc27e16245bfcec5c54,BMW,7 Series,7 Series (2012),2012,2016,2014,19
img-220b6e0031079c20cd7a,BMW,7 Series,7 Series (2008),2008,2012,2010,15
img-416d0d2d30d5e415bee9,BMW,7 Series,7 Series (2005),2005,2007,2006,11
img-dafbf8fe1d1f3491c6ec,BMW,7 Series,7 Series (2001),2001,2005,2003,10
img-eb9d6426d6bfe55c48e1,BMW,7 Series,7 Series (1998),1998,2001,1999,14
img-b4530594b28925ce9ca2,BMW,7 Series,7 Series (1997),1997,2001,1999,1
img-8425cf785b37201bf885,BMW,7 Series,7 Series (1994),1994,1998,1996,18
img-5e1487143c94ed3e4c28,BMW,7 Series,7 Series (1986),1986,1994,1990,12
img-62ea63e20e1a0d412674,BMW,7 Series,7 Series (1977),1977,1986,1981,16
img-4063d292f7a1cf21be15,BMW,8 Series,8 Series Convertible (2022),2022,,2024,2
img-8653676a046e798c43cc,BMW,8 Series,8 Series Convertible (2018),2018,2022,2020,4
img-a2def1024126e93b473c,BMW,8 Series,8 Series Coupe (2022),2022,,2024,1
img-b0b0697c807f59b26881,BMW,8 Series,8 Series Coupe (2018),2018,2022,2020,4
img-3c99c1ee85c885bdef31,BMW,8 Series,8 Series (1989),1989,1999,1994,7
img-539c984cac4c530adc8f,BMW,8 Series Gran,8 Series Gran Coupe (2019),2019,2022,2020,4
img-483a01fce983ba2a6dc1,BMW,i3,i3 Sedan (2026),2026,,2026,1
img-d8fa3922b3cc1f62c9a2,BMW,i3,i3 (2017),2017,2022,2019,5
img-00d74d7e7f099df8e23b,BMW,i3,i3 (2013),2013,2017,2015,3
img-323402b4ad0930c33d1e,BMW,i4,i4 (2024),2024,,2025,4
img-1abac8f17ab15bf26b60,BMW,i4,i4 (2021),2021,2024,2022,2
img-7ad1fd1d2a8a5c78329e,BMW,i5,i5 Touring (2024),2024,,2025,2
img-09076acbd66a9107bb60,BMW,i5,i5 (2023),2023,,2024,2
img-b14a6131bc459dfbf1ca,BMW,i7,i7 (2026),2026,,2026,3
img-27d66bf8679189247888,BMW,i7,i7 (2022),2022,,2024,1
img-2607f1039c71de0f6797,BMW,i8,i8 (2018),2018,2020,2019,1
img-912d9cf4f613b3b645f1,BMW,i8,i8 (2014),2014,2018,2016,1
img-82045901416a40040070,BMW,i8,i8 Roadster (2018),2018,2020,2019,1
img-bb6ca450dbee7a260f8d,BMW,iX,iX (2025),2025,,2025,3
img-4f1ac9152b3fa73cb0e8,BMW,iX,iX (2021),2021,2025,2023,3
img-f2c117f1d5925711012f,BMW,iX M,iX M (2022),2022,2025,2023,1
img-1f38ada207f6e468042c,BMW,iX1,iX1 (2022),2022,,2024,2
img-a689655721b9677ee8a3,BMW,iX2,iX2 (2023),2023,,2024,2
img-0fe53a849c94f28f88b8,BMW,iX3,iX3 (2025),2025,,2025,1
img-e88be8d7b3d0f9e9398a,BMW,iX3,iX3 (2020),2020,2025,2022,1
img-7d1419f804153e6a5a96,BMW,M1,M1 (1978),1978,1981,1979,1
img-240ee455936b9a264691,BMW,M2,M2 (2024),2024,,2025,3
img-1b1aaa6a4a4cb19675aa,BMW,M2,M2 (2022),2022,2024,2023,2
img-26cdb6585565896b0bcc,BMW,M2,M2 (2018),2018,2021,2019,2
img-383b4ab012e68547439f,BMW,M2,M2 (2015),2015,2018,2016,2
img-c65097644ed2761e278e,BMW,M2 CS,M2 CS (2025),2025,,2025,1
img-5b75c974ef4c5c0be273,BMW,M2 CS,M2 CS (2019),2019,2020,2019,2
img-147816a7d82c3d9f0bd9,BMW,M3,M3 Touring (2024),2024,,2025,1
img-0267fd38b8e3d9b6ae3d,BMW,M3,M3 Touring (2022),2022,2024,2023,1
img-82e1464b90dfcbab1fb5,BMW,M3,M3 Sedan (2024),2024,,2025,1
img-9e65f5940f30a49f51a7,BMW,M3,M3 Sedan (2023),2023,,2024,1
img-80c95824267ff2d562fc,BMW,M3,M3 Sedan (2020),2020,2024,2022,2
img-f49091bfd3f311542b66,BMW,M3,M3 Sedan (2017),2017,2018,2017,1
img-21979f8f737c9ee53556,BMW,M3,M3 Sedan (2014),2014,2018,2016,2
img-3c76b71cf57a3c078a05,BMW,M3,M3 Sedan (2008),2008,2011,2009,2
img-fa3750da328b3880bd6f,BMW,M3,M3 Sedan (1994),1994,1998,1996,2
img-f8e40fc2dcab5f42830c,BMW,M3,M3 Cabriolet (2008),2008,2013,2010,2
img-0b71246acbbc1434f814,BMW,M3,M3 Cabriolet (2001),2001,2007,2004,1
img-33fed13a900135fd806b,BMW,M3,M3 Cabriolet (1994),1994,1999,1996,2
img-af30990dbe6dc58bc387,BMW,M3,M3 Coupe (2010),2010,2013,2011,3
img-9dfa5821a8679e14bdbd,BMW,M3,M3 Coupe (2007),2007,2011,2009,3
img-63601449bfb3d2491e17,BMW,M3,M3 Coupe (2000),2000,2006,2003,2
img-8f4313fe77869d8d4c90,BMW,M3,M3 Coupe (1992),1992,1998,1995,2
img-f2cf004f9b0f264f10ec,BMW,M3,M3 Coupe (1986),1986,1992,1989,5
img-54b0cf899033b4a46b6d,BMW,M3 CS,M3 CS Touring (2025),2025,,2025,1
img-2ec0c75b7858a6c2b399,BMW,M4,M4 Convertible (2024),2024,,2025,1
img-642fe47295e2d48d963a,BMW,M4,M4 Convertible (2021),2021,2024,2022,1
img-5d7531c8723564eedc3d,BMW,M4,M4 Convertible (2014),2014,2020,2017,4
img-fde4f41da050b0944aea,BMW,M4,M4 (2024),2024,,2025,3
img-a66375cd367a9cdafc43,BMW,M4,M4 (2022),2022,,2024,1
img-40bc02577b6bb1f74719,BMW,M4,M4 (2020),2020,2024,2022,2
img-0397ccebaeeb586aa4d6,BMW,M4,M4 (2014),2014,2020,2017,4
img-d064b83ef2be89c9ef25,BMW,M4 CS,M4 CS (2024),2024,,2025,1
img-13550cdbf9fd529fa1c4,BMW,M4 CS,M4 CS (2017),2017,2024,2020,1
img-d60f8199578ce25b8e26,BMW,M4 GTS,M4 GTS (2015),2015,2016,2015,1
img-b67a983df6c077f19f10,BMW,M5,M5 (2024),2024,,2025,1
img-c3e60281a0afc2f0d8af,BMW,M5,M5 (2021),2021,,2023,1
img-c4375fac0665d3d74349,BMW,M5,M5 (2020),2020,2023,2021,1
img-d7009894eb67ec680a00,BMW,M5,M5 (2018),2018,2020,2019,1
img-d6945ac4bddbbf48eba3,BMW,M5,M5 (2017),2017,2020,2018,1
img-60b53fab555db557d0e7,BMW,M5,M5 (2013),2013,2017,2015,1
img-d4ba00534508c9d00726,BMW,M5,M5 (2011),2011,2013,2012,1
img-00987810f9cb097e78fe,BMW,M5,M5 (2005),2005,2010,2007,1
img-6dfc3824348d2d21c90b,BMW,M5,M5 (1998),1998,2004,2001,1
img-63a0c716181732d0b588,BMW,M5,M5 (1988),1988,1995,1991,2
img-39841bb25e7fd1dfbff9,BMW,M5,M5 (1985),1985,1988,1986,1
img-1dfe315b20793daa5a29,BMW,M5,M5 (1979),1979,1981,1980,1
img-47a2122e0a5d8dd6b2e6,BMW,M5,M5 Touring (2024),2024,,2025,1
img-8ba88315f1438315e95c,BMW,M5,M5 Touring (2007),2007,2010,2008,1
img-82e7db83b180c9902c9f,BMW,M5,M5 Touring (1992),1992,1996,1994,1
img-cf9e5eb73e1dbdb884d6,BMW,M6,M6 Coupe (2014),2014,2018,2016,2
img-d256c18e0466dab03ad7,BMW,M6,M6 Coupe (2012),2012,2014,2013,1
img-47129426e2cd100b4200,BMW,M6,M6 Coupe (2005),2005,2010,2007,2
img-1a58a459b11c188e8c19,BMW,M6,M6 Coupe (1984),1984,1989,1986,1
img-e51655d8dddb0f69f18f,BMW,M6 Cabrio,M6 Cabrio (2014),2014,2018,2016,1
img-daa8998459258555391e,BMW,M6 Cabrio,M6 Cabrio (2012),2012,2014,2013,1
img-760862bf4590cc5bcb11,BMW,M6 Cabrio,M6 Cabrio (2006),2006,2010,2008,2
img-b4278bed9e6d2c304a2c,BMW,M6 Gran,M6 Gran Coupe (2013),2013,2018,2015,1
img-d7bf8f676753b44c7e10,BMW,M8,M8 Convertible (2022),2022,,2024,1
img-110d3b59dcd1a56415c0,BMW,M8,M8 Convertible (2019),2019,2022,2020,2
img-0283319d30dedcc7130e,BMW,M8,M8 Coupe (2022),2022,,2024,1
img-b9851e3d59e4ae40c441,BMW,M8,M8 Coupe (2019),2019,2022,2020,2
img-ce929fadba71d6db16c7,BMW,M8 Gran,M8 Gran Coupe (2022),2022,,2024,1
img-9ef051d3801475495f87,BMW,X1,X1 (2022),2022,,2024,5
img-f63dbc43530c435f7962,BMW,X1,X1 (2019),2019,2022,2020,10
img-a041833be9846f4dd569,BMW,X1,X1 (2016),2016,2019,2017,8
img-10bd0140f6e766135b9a,BMW,X1,X1 (2012),2012,2015,2013,21
img-3e94d74f4d9a2ce9555a,BMW,X1,X1 (2009),2009,2012,2010,15
img-a4ed56e9aaec79782f05,BMW,X2,X2 (2023),2023,,2024,3
img-effa9a0d5e03db017023,BMW,X2,X2 (2018),2018,2023,2020,9
img-e28f16fcc7fd926b521a,BMW,X3,X3 (2024),2024,,2025,4
img-708d03c1f3a58f035714,BMW,X3,X3 (2021),2021,2024,2022,7
img-f503caa041f278ba8864,BMW,X3,X3 (2017),2017,2021,2019,7
img-e1e8384b4e75d8d8f220,BMW,X3,X3 (2014),2014,2017,2015,11
img-d8ec187db432c72401d7,BMW,X3,X3 (2010),2010,2013,2011,8
img-37e4842d82116aa41919,BMW,X3,X3 (2007),2007,2010,2008,8
img-5f40f09a3fec6622c14f,BMW,X3,X3 (2004),2004,2007,2005,10
img-a88ba678136db34708cf,BMW,X3 M,X3 M (2021),2021,,2023,1
img-0f0217b3a7c5c176eb67,BMW,X3 M,X3 M (2019),2019,2024,2021,3
img-5763e0166e6a277d0e21,BMW,X4,X4 (2021),2021,,2023,6
img-5738731a6c7c6829af2a,BMW,X4,X4 (2018),2018,2021,2019,12
img-c991c888fe6c29dc267e,BMW,X4,X4 (2014),2014,2018,2016,8
img-2dcc20c4d43d43007a2d,BMW,X4 M,X4 M (2021),2021,,2023,1
img-88b36f5a05f75ce4b341,BMW,X4 M,X4 M (2019),2019,2025,2022,2
img-736207a0466404ac732e,BMW,X5,X5 (2023),2023,,2024,5
img-15228dfae02f3ee5198e,BMW,X5,X5 (2018),2018,2023,2020,12
img-4da68f36c69ee0827c7e,BMW,X5,X5 (2014),2014,2018,2016,10
img-bf765649e260a5394298,BMW,X5,X5 (2010),2010,2014,2012,6
img-2fe3b1ec7f7f33d797b6,BMW,X5,X5 (2007),2007,2009,2008,4
img-b6b157d3dde525b11f6e,BMW,X5,X5 (2003),2003,2007,2005,6
img-89c8f023ce043d27bff1,BMW,X5,X5 (2000),2000,2003,2001,4
img-6ba8f264182709c19fa0,BMW,X5 M,X5 M (2023),2023,,2024,1
img-bbf17487df736d7c0885,BMW,X5 M,X5 M (2019),2019,2023,2021,2
img-e413e7a0b31cb2255f09,BMW,X5 M,X5 M (2014),2014,2018,2016,1
img-4584915a6e50f0f7435e,BMW,X5 M,X5 M (2009),2009,2014,2011,1
img-d7722333233cd4102b66,BMW,X6,X6 (2023),2023,,2024,3
img-b10ae191d2245de09c0c,BMW,X6,X6 (2019),2019,2023,2021,5
img-25bdccff66c1425401bb,BMW,X6,X6 (2014),2014,2019,2016,5
img-489da928f81637eeaab0,BMW,X6,X6 (2010),2010,2014,2012,6
img-a9cb7cdaff00dfe49afc,BMW,X6,X6 (2008),2008,2009,2008,5
img-f087c2d0a5c29e896fd2,BMW,X6 M,X6 M (2023),2023,,2024,1
img-89513618dbbe58c0f577,BMW,X6 M,X6 M (2019),2019,2023,2021,2
img-9749a6ff17d085b09c88,BMW,X6 M,X6 M (2014),2014,2018,2016,1
img-3e546fe823491d255c94,BMW,X6 M,X6 M (2009),2009,2014,2011,1
img-ffef65b95c2ede675b58,BMW,X7,X7 (2022),2022,,2024,3
img-9c71d882b8fc0d7b65e7,BMW,X7,X7 (2018),2018,2022,2020,7
img-83f7de39dd1a8c1181cd,BMW,XM,XM (2022),2022,,2024,1
img-9cee3e5690b229355ed7,BMW,Z1,Z1 (1988),1988,1991,1989,1
img-bcb814799fdbeb4aad62,BMW,Z3,Z3 Coupe (1998),1998,2002,2000,3
img-63c86fab2546f971323f,BMW,Z3,Z3 Roadster (1997),1997,2002,1999,1
img-096a84e4f4c2947f3de7,BMW,Z3,Z3 Roadster (1996),1996,2003,1999,10
img-c4e7843a5c95fa73cd28,BMW,Z4,Z4 Roadster (2024),2024,,2025,5
img-573a6350977c8e65bbd6,BMW,Z4,Z4 Roadster (2013),2013,2016,2014,9
img-a936daec123f141e3fb1,BMW,Z4,Z4 Roadster (2009),2009,2013,2011,9
img-131e97ea0ad3b5e92dd5,BMW,Z4,Z4 Roadster (2006),2006,2009,2007,6
img-82cd7c55c1ae599a540e,BMW,Z4,Z4 Roadster (2002),2002,2006,2004,5
img-e5b71c37b3bb506cdf65,BMW,Z4,Z4 Coupe (2006),2006,2009,2007,3
img-b16cd169b6a7fc1e4565,BMW,Z8,Z8 (2000),2000,2003,2001,1
img-da9857165ce9cb2477fd,Borgward,BX7,BX7 (2016),2016,2021,2018,1
img-20f1b32dbcfb60c6dffd,Bristol,411,411 (1972),1972,1974,1973,1
img-7610dcfa5cd6cbc474fa,Bristol,412,412 (1975),1975,1978,1976,1
img-17c82e6151660c92cbf9,Bristol,603,603 (1982),1982,1994,1988,1
img-a42ca16c3e3ced1094ed,Bristol,603,603 (1976),1976,1982,1979,1
img-24e5b8e2b1d729a24470,Bristol,Blenheim,Blenheim (2004),2004,2011,2007,3
img-9d3bdd1f85ab6f4f2763,Bristol,Blenheim,Blenheim (2002),2002,2011,2006,1
img-1ac7ac2f756cca97d413,Bristol,Blenheim,Blenheim (1999),1999,2011,2005,2
img-bdb006e260963d9140d8,Bristol,Blenheim,Blenheim (1998),1998,1999,1998,1
img-c4a322b6da60c081fd5a,Bristol,Blenheim,Blenheim (1994),1994,1998,1996,1
img-d41363a26ff5f8e224ff,Bristol,Bullet,Bullet (2017),2017,2017,2017,2
img-3b15d929828c9338573a,Bristol,Fighter,Fighter (2006),2006,2011,2008,1
img-642e2c8bd00c6d7827ff,Bristol,Fighter,Fighter (2002),2002,2011,2006,2
img-c5ae37dc7ee855e09f92,Bristol,Series 6,Series 6 (2010),2010,2011,2010,1
img-bdca90525f3dbf79603b,Bufori,CS8,CS8 (2025),2025,,2025,3
img-4d140a7efe82a08f96ed,Bufori,Geneva,Geneva (2010),2010,,2018,1
img-b66411b8c85a48fe669c,Bufori,La Joya,La Joya (2004),2004,,2015,1
img-57b9b528660ecfa0fab6,Bugatti,Bolide,Bolide (2022),2022,,2024,1
img-36f20801cbe6c1baae4e,Bugatti,Centodieci,Centodieci (2019),2019,2022,2020,1
img-d51fc77942baecc0170c,Bugatti,Chiron,Chiron (2020),2020,,2023,2
img-b49fd73fea45fb6e641e,Bugatti,Chiron,Chiron (2018),2018,2024,2021,1
img-c10489b5f5db33d28885,Bugatti,Chiron,Chiron (2016),2016,2022,2019,1
img-dec198d3c58a93f1b51e,Bugatti,Divo,Divo (2018),2018,2021,2019,1
img-9899dfdc6d0c40c55e79,Bugatti,EB 110,EB 110 (1992),1992,1995,1993,1
img-68b4902c2817cd0e4cba,Bugatti,EB 110,EB 110 (1991),1991,1995,1993,1
img-fd0eb710d174622c36c0,Bugatti,La Voiture Noire,La Voiture Noire (2019),2019,2019,2019,1
img-4d2faa87b7f390e85f59,Bugatti,Mistral,Mistral (2022),2022,,2024,1
img-60aa35412f191d3a0467,Bugatti,Tourbillon,Tourbillon (2024),2024,,2025,1
img-758551b016b56a7967f1,Bugatti,Veyron,Veyron (2012),2012,2015,2013,1
img-7c72c656cb24b3900ae0,Bugatti,Veyron,Veyron (2010),2010,2011,2010,1
img-87840a2cf6f1d300d432,Bugatti,Veyron,Veyron (2009),2009,2015,2012,1
img-f1a16ba27177241d59cc,Bugatti,Veyron,Veyron (2005),2005,2011,2008,1
img-0add484dd63ab239a673,Buick,Cascada,Cascada (2016),2016,2019,2017,1
img-ff8a47b5319263b8b326,Buick,Century,Century (1996),1996,2005,2000,2
img-ae0ad24cca1f915a035d,Buick,Century,Century (1989),1989,1996,1992,3
img-ef831eef5da56562ebcc,Buick,Century,Century (1939),1939,1942,1940,1
img-8dc3f5ee6198b0d5accf,Buick,Enclave,Enclave (2024),2024,,2025,2
img-6381ea6ce9eda816883c,Buick,Enclave,Enclave (2021),2021,2024,2022,1
img-0ce9903560db6a53956d,Buick,Enclave,Enclave (2017),2017,2021,2019,2
img-dfe22b60e92dd5386070,Buick,Enclave,Enclave (2012),2012,2017,2014,2
img-921072deccd30f517aad,Buick,Enclave,Enclave (2007),2007,2012,2009,4
img-8dc5b41a5ed42226d1e6,Buick,Encore,Encore (2023),2023,,2024,3
img-a15768d7eb591fe69152,Buick,Encore,Encore (2019),2019,2023,2021,3
img-4b828461523765982449,Buick,Encore,Encore (2016),2016,2019,2017,4
img-dc88fa3186cf75fdd9af,Buick,Encore,Encore (2013),2013,2016,2014,2
img-e4dcc336881a9bb05ef5,Buick,Envision,Envision (2023),2023,,2024,1
img-3c3b587125184bb211c7,Buick,Envision,Envision (2020),2020,2023,2021,5
img-ebba9decba8477695f12,Buick,Envision,Envision (2018),2018,2020,2019,6
img-4ee15d7934a1592e3792,Buick,Envision,Envision (2014),2014,2018,2016,3
img-74abcd9a4bde216e9c74,Buick,Envista,Envista (2023),2023,,2024,1
img-29abc822020e574fb40c,Buick,Gran Sport,Gran Sport (1970),1970,1971,1970,1
img-27d96f8302b78dde9e0e,Buick,LaCrosse,LaCrosse (2017),2017,2019,2018,1
img-b4b69dca21f1f0a7e531,Buick,LaCrosse,LaCrosse (2016),2016,2019,2017,1
img-4a666f70357988dcb7fe,Buick,LaCrosse,LaCrosse (2009),2009,2016,2012,6
img-401f0ffb227b37ae9a33,Buick,LaCrosse,LaCrosse (2004),2004,2009,2006,3
img-a52da0d47631692a69ff,Buick,LeSabre,LeSabre (1999),1999,2005,2002,1
img-27d3434300c88371792d,Buick,LeSabre,LeSabre (1991),1991,1999,1995,1
img-2a653e716e14707010a3,Buick,Lucerne,Lucerne (2005),2005,2011,2008,3
img-64cd7e1e917014ad0fb3,Buick,Park Avenue,Park Avenue (1997),1997,2005,2001,2
img-78e469016b5c5cf25937,Buick,Park Avenue,Park Avenue (1991),1991,1996,1993,1
img-98af7638efbc32faa79a,Buick,Rainier,Rainier (2003),2003,2007,2005,3
img-b9aa5887bc29234e3e57,Buick,Reatta,Reatta (1988),1988,1991,1989,1
img-5b236031919c3f242af5,Buick,Regal,Regal (2017),2017,2019,2018,1
img-7bf3488728b43195b7c4,Buick,Regal,Regal (2013),2013,2017,2015,1
img-f5a411d2a6af38390d22,Buick,Regal,Regal (2012),2012,2013,2012,1
img-1490d55bc7d98df8cdc1,Buick,Regal,Regal (2010),2010,2013,2011,6
img-1f7b02c624b0b374d4da,Buick,Regal,Regal (1997),1997,2004,2000,2
img-3979b012e0bf123ffe29,Buick,Regal,Regal (1988),1988,1996,1992,2
img-dc69d0eb2b69b875987d,Buick,Regal,Regal Sportback (2017),2017,2020,2018,3
img-7c5281620381ca3480ae,Buick,Rendezvous,Rendezvous (2002),2002,2007,2004,3
img-b0db4bd86d49ba907641,Buick,Riviera,Riviera (1986),1986,1993,1989,1
img-2385a4f6ed8e1b3897b4,Buick,Riviera,Riviera (1963),1963,1965,1964,1
img-018a75615f576a307cad,Buick,Skylark,Skylark (1991),1991,1997,1994,1
img-91c966813596959415fa,Buick,Skylark,Skylark (1953),1953,1954,1953,1
img-d5c22afabca72e4cf64f,Buick,Terraza,Terraza (2005),2005,2007,2006,3
img-391b36fa48ce10dcb9d2,Buick,Verano,Verano (2012),2012,2017,2014,3
img-b8d6446870277e582585,BYD,ATTO 2,ATTO 2 (2025),2025,,2025,5
img-bddef32c525e6cd3ef37,BYD,ATTO 3,ATTO 3 (2025),2025,,2025,2
img-b8da01144ae865e1c024,BYD,ATTO 3,ATTO 3 (2022),2022,2025,2023,2
img-2b323d31727c0a7ac4ca,BYD,DOLPHIN,DOLPHIN (2025),2025,,2025,3
img-788e7db89be567134d04,BYD,Sealion 7,Sealion 7 (2024),2024,,2025,3
img-0446d34a02bb2fbab3db,Cadillac,Allante,Allante (1987),1987,1993,1990,3
img-7003f5242f80e7e3efdb,Cadillac,ATS,ATS (2012),2012,2019,2015,6
img-c37b799f737bc91c457c,Cadillac,ATS,ATS Coupe (2014),2014,2019,2016,4
img-96f2014eb1be10715b36,Cadillac,ATS-V,ATS-V (2015),2015,2019,2017,2
img-e1d6f08fc43f37efb2ea,Cadillac,ATS-V,ATS-V Coupe (2015),2015,2019,2017,2
img-9f59c0ce64a245f8f4ac,Cadillac,BLS,BLS (2006),2006,2010,2008,13
img-7481fcf1a2e7a49c5e9f,Cadillac,BLS,BLS Wagon (2007),2007,2010,2008,15
img-271ca41df22a75fc466c,Cadillac,Brougham,Brougham (1992),1992,1996,1994,1
img-ef5cfb465c39a3c0c302,Cadillac,Catera,Catera (1997),1997,2001,1999,1
img-fc6b2f378a0f9ae6336b,Cadillac,Celestiq,Celestiq (2023),2023,,2024,1
img-906a04d93c76aa2313b5,Cadillac,CT4,CT4 (2019),2019,,2022,4
img-e0df723fbb9008949716,Cadillac,CT4-V,CT4-V (2021),2021,,2023,1
img-b0401e796b12daaa27db,Cadillac,CT4-V,CT4-V (2019),2019,,2022,1
img-c477fd44e5d780699f9f,Cadillac,CT5,CT5 (2023),2023,,2024,4
img-9a2d0747e79a23a52e75,Cadillac,CT5,CT5 (2019),2019,2023,2021,2
img-f2d8e44d66a730acd6e5,Cadillac,CT5-V,CT5-V (2024),2024,,2025,4
img-68a8f604726f953666ac,Cadillac,CT5-V,CT5-V (2021),2021,2024,2022,1
img-b3b2470c2d25a716c9eb,Cadillac,CT5-V,CT5-V (2019),2019,2024,2021,1
img-1715bec540374ae40b03,Cadillac,CT6,CT6 (2018),2018,2020,2019,1
img-820ac862095be6e4f51c,Cadillac,CT6,CT6 (2016),2016,2023,2019,4
img-21fd292b403a27f1ddbf,Cadillac,CTS,CTS (2013),2013,2019,2016,5
img-aeea6d3858b645b198d6,Cadillac,CTS,CTS (2007),2007,2013,2010,8
img-63bdd58af606f1d773f8,Cadillac,CTS,CTS (2002),2002,2007,2004,8
img-543ce3a1093e984d549e,Cadillac,CTS,CTS Coupe (2011),2011,2014,2012,2
img-75c7efa343a120097108,Cadillac,CTS Sport,CTS Sport Wagon (2009),2009,2014,2011,3
img-3fcde772a5cf8fc3a13c,Cadillac,CTS V-Series,CTS V-Series (2015),2015,2019,2017,1
img-cc3f794fef8262dd11a9,Cadillac,CTS V-Series,CTS V-Series (2008),2008,2015,2011,2
img-73ef6ddc6d262f49cd50,Cadillac,CTS V-Series,CTS V-Series (2003),2003,2007,2005,1
img-16acc66ed10ad0a61679,Cadillac,CTS-V,CTS-V Coupe (2012),2012,2015,2013,2
img-ee3fa2c08353f992bdc2,Cadillac,CTS-V Sport,CTS-V Sport Wagon (2010),2010,2014,2012,2
img-4e09b441985f735315ed,Cadillac,DeVille,DeVille (1999),1999,2005,2002,2
img-22958e4375147b6b66fb,Cadillac,DeVille,DeVille (1994),1994,1999,1996,1
img-b106d521d538dd092498,Cadillac,DTS,DTS (2008),2008,2011,2009,2
img-0566352847c3fa78888a,Cadillac,DTS,DTS (2005),2005,2007,2006,2
img-48ae6e66216d1b312f72,Cadillac,Eldorado,Eldorado (1991),1991,2003,1997,3
img-f570b928b9105e836041,Cadillac,Eldorado,Eldorado (1971),1971,1978,1974,1
img-fdb3e97bf6476608f896,Cadillac,Eldorado,Eldorado (1967),1967,1970,1968,1
img-7db9f43aed6f20122827,Cadillac,Eldorado,Eldorado (1959),1959,1966,1962,1
img-841c80701b2ea64aae96,Cadillac,Eldorado,Eldorado (1957),1957,1959,1958,1
img-7dce8400b36afedcefb0,Cadillac,ELR,ELR (2014),2014,2016,2015,1
img-b14e5f280e5c03679ae5,Cadillac,Escalade,Escalade (2024),2024,,2025,3
img-2ee047fd5dfc01c5aaa3,Cadillac,Escalade,Escalade (2023),2023,,2024,1
img-80c378cbffd91cf33a1d,Cadillac,Escalade,Escalade (2022),2022,2024,2023,1
img-b6f0ae22e65488494e23,Cadillac,Escalade,Escalade (2020),2020,2024,2022,4
img-e69071dfca553eda643f,Cadillac,Escalade,Escalade (2014),2014,2020,2017,4
img-95c538c6f20756e85f0e,Cadillac,Escalade,Escalade (2006),2006,2013,2009,1
img-71c6fa87e38646d71791,Cadillac,Escalade,Escalade (2000),2000,2006,2003,2
img-9b287bdd41af6c746424,Cadillac,Escalade ESV,Escalade ESV (2020),2020,2024,2022,4
img-17b5a0682726c831a90f,Cadillac,Escalade ESV,Escalade ESV (2014),2014,2020,2017,2
img-19fe33d4a4bcfd3eed1e,Cadillac,Escalade ESV,Escalade ESV (2006),2006,2013,2009,1
img-57569bff4bed3bb449ed,Cadillac,Escalade ESV,Escalade ESV (2002),2002,2006,2004,1
img-b7ff0628283f0f843c7b,Cadillac,Escalade EXT,Escalade EXT (2006),2006,2013,2009,1
img-5c05f002b7743ae48e90,Cadillac,Escalade EXT,Escalade EXT (2001),2001,2006,2003,1
img-c10b1f386e0e73d6806b,Cadillac,Escalade IQL,Escalade IQL (2025),2025,,2025,1
img-008eea95af6d4a334825,Cadillac,Lyriq,Lyriq (2022),2022,,2024,2
img-da6863a8bf45fb55ba82,Cadillac,Lyriq-V,Lyriq-V (2025),2025,,2025,1
img-0904144bcf3d00b3dc3f,Cadillac,Optiq,Optiq (2023),2023,,2024,1
img-d17edbde5eb8d4ab94b4,Cadillac,Optiq-V,Optiq-V (2025),2025,,2025,1
img-644dc59bfa49ff53db34,Cadillac,Seville,Seville (1998),1998,2004,2001,2
img-01eb3f26af1246bcaee2,Cadillac,Seville,Seville (1992),1992,1997,1994,1
img-5c7ea267d392584ebfce,Cadillac,SRX,SRX (2009),2009,2016,2012,5
img-d731db3c03f1e9e03dcf,Cadillac,SRX,SRX (2005),2005,2009,2007,2
img-f59894b485bc14eb1a1f,Cadillac,SRX,SRX (2004),2004,2009,2006,4
img-d63ade552d32e68147a4,Cadillac,STS,STS (2007),2007,2010,2008,2
img-a7ace575a2767655bf85,Cadillac,STS,STS (2006),2006,2007,2006,3
img-ba95ebc8c2b13980d61a,Cadillac,STS,STS (2004),2004,2007,2005,4
img-743f8db446644fffc4bf,Cadillac,Vistiq,Vistiq (2023),2023,,2024,1
img-40766481488898f3fadb,Cadillac,XLR,XLR (2008),2008,2009,2008,1
img-10642161dfb23389c42d,Cadillac,XLR,XLR (2005),2005,2007,2006,1
img-0f745f5e7024f30280b7,Cadillac,XLR,XLR (2003),2003,2007,2005,1
img-0fdb55449b55ac51d5d4,Cadillac,XLR V-Series,XLR V-Series (2008),2008,2009,2008,1
img-329998982923c182f0d7,Cadillac,XT4,XT4 (2023),2023,2025,2024,1
img-2e525bbcc8168115fb1e,Cadillac,XT4,XT4 (2018),2018,2023,2020,2
img-7191d4fa405b50a3eaf4,Cadillac,XT5,XT5 (2019),2019,2024,2021,2
img-09b423dba40810734035,Cadillac,XT5,XT5 (2016),2016,2019,2017,4
img-8d142e6a97cbb7f17446,Cadillac,XTS,XTS (2017),2017,2019,2018,3
img-478ae5ead6383c4a3534,Cadillac,XTS,XTS (2013),2013,2017,2015,3
img-402cef3ce07020dbf705,Caterham,Classic,Classic (2000),2000,2005,2002,1
img-c65c73a1d12db6aa38c6,Caterham,CSR,CSR (2005),2005,2024,2014,2
img-c9e961519b2a9acb722e,Caterham,Roadsport,Roadsport (2007),2007,2009,2008,3
img-15ec9d44193d0d0c0532,Caterham,Seven 160,Seven 160 (2013),2013,,2019,1
img-a38e85d5485b77859d63,Caterham,Seven 620,Seven 620 (2013),2013,,2019,1
img-c59da958b59458fc9aa8,Caterham,Superlight,Superlight (2013),2013,,2019,2
img-fc09e51f68472847a745,Caterham,Supersport,Supersport (2012),2012,,2019,2
img-4ba4017e8c6da1d953a3,Caterham,The Super Seven 1600,The Super Seven 1600 (2020),2020,,2023,1
img-42c1a9f55ba2e5a4c0bf,Chery,TIGGO 7,TIGGO 7 (2024),2024,,2025,3
img-5c23249f9fd8e3adb82a,Chery,TIGGO 8,TIGGO 8 (2025),2025,,2025,2
img-364fe62257b203e757e1,Chery,TIGGO 8,TIGGO 8 (2022),2022,2025,2023,6
img-3479d3fbd0c36b4fea05,Chery,TIGGO 9,TIGGO 9 (2025),2025,,2025,7
img-42682f7e3438d2f4cc3c,Chevrolet,Agile,Agile (2013),2013,2016,2014,4
img-6bb90e7a51e080bc8341,Chevrolet,Agile,Agile (2009),2009,2013,2011,3
img-eddeae4b526b88a069ac,Chevrolet,Astro,Astro (1994),1994,2005,1999,2
img-02e43f29c2cba838c96b,Chevrolet,Avalanche,Avalanche (2006),2006,2013,2009,4
img-b499d9d8def8dc848643,Chevrolet,Avalanche,Avalanche (2001),2001,2006,2003,4
img-359cee659c57f74c9213,Chevrolet,Aveo / Kalos,Aveo / Kalos 3 Doors (2008),2008,2011,2009,3
img-79d9ee2083c1bf576e56,Chevrolet,Aveo / Kalos,Aveo / Kalos 3 Doors (2004),2004,2007,2005,3
img-fdb02a8215c572eaa0aa,Chevrolet,Aveo / Kalos,Aveo / Kalos 5 Doors (2008),2008,2011,2009,3
img-8318d5985bb281a570b9,Chevrolet,Aveo / Kalos,Aveo / Kalos 5 Doors (2005),2005,2007,2006,4
img-98424f09f7783f6e59bf,Chevrolet,Aveo / Kalos,Aveo / Kalos 5 Doors (2002),2002,2007,2004,9
img-824a1dde2ab3df22758c,Chevrolet,Aveo / Kalos,Aveo / Kalos Sedan (2011),2011,2016,2013,8
img-8c5c86aad4fa1dd7507d,Chevrolet,Aveo / Kalos,Aveo / Kalos Sedan (2005),2005,2011,2008,8
img-88b2ac107b775a696c11,Chevrolet,Aveo / Kalos,Aveo / Kalos Sedan (2004),2004,2006,2005,6
img-dc077f447f47615884bf,Chevrolet,Blazer,Blazer (2022),2022,,2024,11
img-740932ee065e6100e4e7,Chevrolet,Blazer,Blazer (2019),2019,2022,2020,4
img-cb941698a61655807ffa,Chevrolet,Blazer,Blazer (1995),1995,2005,2000,6
img-b4f439852176dbc6f1f7,Chevrolet,Bolt,Bolt (2025),2025,,2025,1
img-ade8834a7560186b708e,Chevrolet,Bolt,Bolt (2021),2021,2025,2023,2
img-6b6210df15245e0f1c63,Chevrolet,Bolt,Bolt (2016),2016,2021,2018,1
img-42c0e70a9cba5abf860c,Chevrolet,Camaro,Camaro (2018),2018,2023,2020,10
img-81472f1a9d3312d71099,Chevrolet,Camaro,Camaro (2016),2016,2018,2017,8
img-3ff09cd41a5381373f5e,Chevrolet,Camaro,Camaro (2013),2013,2015,2014,6
img-1864f8211b5d2f067ed5,Chevrolet,Camaro,Camaro (2012),2012,2015,2013,2
img-31dd2351d6295ec84c5d,Chevrolet,Camaro,Camaro (2010),2010,2013,2011,3
img-4215dfcc5818bca0f23f,Chevrolet,Camaro,Camaro (2009),2009,2013,2011,6
img-400cd5de4d796d07cd0e,Chevrolet,Camaro,Camaro (1997),1997,2002,1999,8
img-b32ad300de4de1ab1688,Chevrolet,Camaro,Camaro (1993),1993,2002,1997,4
img-f156dee3b8e10749b5b9,Chevrolet,Camaro,Camaro (1982),1982,1992,1987,9
img-05b1f3d3cbfbb3af02ad,Chevrolet,Camaro,Camaro (1977),1977,1981,1979,4
img-aa578d2e3d7bd719a4af,Chevrolet,Camaro,Camaro (1974),1974,1974,1974,2
img-639ffdea3e446a7412d7,Chevrolet,Camaro,Camaro (1971),1971,1972,1971,2
img-87667d91f72c935d5b5d,Chevrolet,Camaro,Camaro (1970),1970,1981,1975,25
img-6ebedc456d3ecd10d2ba,Chevrolet,Camaro,Camaro (1967),1967,1968,1967,3
img-0931b4765c1d0a974124,Chevrolet,Camaro,Camaro Convertible (2018),2018,2023,2020,4
img-33430204604dcda6f928,Chevrolet,Camaro,Camaro Convertible (2016),2016,2018,2017,7
img-e86bdf70b6adc54a83e7,Chevrolet,Camaro,Camaro Convertible (2013),2013,2015,2014,4
img-bfa8f4224bcf3bee434b,Chevrolet,Camaro,Camaro Convertible (2012),2012,2016,2014,2
img-f78d19636426aa57ee44,Chevrolet,Camaro,Camaro Convertible (2011),2011,2013,2012,4
img-0fd5536174aa8f295340,Chevrolet,Camaro,Camaro Convertible (1984),1984,1990,1987,9
img-5f3c136e1315b11aabad,Chevrolet,Captiva,Captiva (2011),2011,2016,2013,13
img-3cd4a50aa47d0ae80d3a,Chevrolet,Captiva,Captiva (2006),2006,2011,2008,6
img-718abd11359764f213d3,Chevrolet,Cavalier,Cavalier (2003),2003,2005,2004,3
img-84e4e6feceb3e33feeca,Chevrolet,Cavalier,Cavalier (1995),1995,2000,1997,2
img-dfd1f2f7923046e35bbb,Chevrolet,Cavalier,Cavalier (1994),1994,2003,1998,7
img-27f9920f00e4fcce12af,Chevrolet,Celta,Celta (2000),2000,2015,2007,2
img-e194449f97b06d50a8fa,Chevrolet,Chevelle,Chevelle (1969),1969,1977,1973,1
img-224de34e1af172dc11f5,Chevrolet,Chevelle,Chevelle (1963),1963,1967,1965,1
img-4d438af33c272c7c98ac,Chevrolet,Classic,Classic (2002),2002,2016,2009,5
img-f159663441f96092ee5c,Chevrolet,Cobalt,Cobalt Coupe (2005),2005,2007,2006,1
img-1d039356dfba6a2ad936,Chevrolet,Cobalt,Cobalt Coupe (2004),2004,2007,2005,4
img-efccdf34e089654b3de7,Chevrolet,Cobalt,Cobalt Sedan (2011),2011,2020,2015,4
img-5d948ee664ec09fca178,Chevrolet,Cobalt,Cobalt Sedan (2008),2008,2010,2009,5
img-ed31455c1c54cb2a3f2a,Chevrolet,Cobalt,Cobalt Sedan (2004),2004,2007,2005,3
img-1b591ad1d1b79aeb45c3,Chevrolet,Colorado,Colorado Double Cab (2023),2023,,2024,1
img-81114b02639dc743ab83,Chevrolet,Colorado,Colorado Double Cab (2015),2015,2022,2018,7
img-8df499532ca5bd650ecb,Chevrolet,Colorado,Colorado Double Cab (2009),2009,2012,2010,3
img-ac8c025009a7181deac3,Chevrolet,Colorado,Colorado Double Cab (2003),2003,2008,2005,5
img-1d0f78b9d7f419b8b488,Chevrolet,Colorado,Colorado Extended Cab (2015),2015,2022,2018,4
img-ba2d1857d3cd51befb92,Chevrolet,Colorado,Colorado Extended Cab (2009),2009,2012,2010,3
img-51a0934c01fc598f06d6,Chevrolet,Colorado,Colorado Extended Cab (2003),2003,2008,2005,7
img-2ca0b48ac57ab6cd8972,Chevrolet,Colorado Regular Cab,Colorado Regular Cab (2009),2009,2012,2010,2
img-c4192bf6c24217aae348,Chevrolet,Colorado Regular Cab,Colorado Regular Cab (2003),2003,2008,2005,4
img-a25cf74b955c67739f0f,Chevrolet,Corvette,Corvette Convertible (2023),2023,,2024,1
img-7dd547d4a073871d7f01,Chevrolet,Corvette,Corvette Convertible (2013),2013,2019,2016,2
img-32f35bceb81b05709e7c,Chevrolet,Corvette,Corvette Convertible (2012),2012,2013,2012,1
img-8e42b78aa0f9925325b3,Chevrolet,Corvette,Corvette Convertible (2009),2009,2013,2011,2
img-1cddb4e44ddb0bbdc535,Chevrolet,Corvette,Corvette Convertible (2008),2008,2013,2010,2
img-9afd124c495818288f65,Chevrolet,Corvette,Corvette Convertible (2004),2004,2008,2006,4
img-cbe37e11c7ba13e1ae96,Chevrolet,Corvette,Corvette Convertible (1998),1998,2004,2001,4
img-5cb1f11dfe2c19295c11,Chevrolet,Corvette,Corvette Convertible (1984),1984,1996,1990,3
img-e0a3cfa4e47cb426efce,Chevrolet,Corvette,Corvette Convertible (1958),1958,1962,1960,1
img-f093c0ed8571dfdeaab5,Chevrolet,Corvette,Corvette Convertible (1955),1955,1956,1955,1
img-006448961a70e746ebcc,Chevrolet,Corvette,Corvette Convertible (1953),1953,1955,1954,1
img-1d9e4dbecbcaff84f661,Chevrolet,Corvette,Corvette Coupe (2023),2023,,2024,1
img-ff222cad2663e068ec38,Chevrolet,Corvette,Corvette Coupe (2019),2019,,2022,1
img-6f3966d10fb7952d27b8,Chevrolet,Corvette,Corvette Coupe (2013),2013,2019,2016,2
img-6647a852642a6405c95c,Chevrolet,Corvette,Corvette Coupe (2008),2008,2013,2010,2
img-5e0c249d6b6ec3a7b61f,Chevrolet,Corvette,Corvette Coupe (2004),2004,2008,2006,4
img-2e6710b9cfa3db64d2b9,Chevrolet,Corvette,Corvette Coupe (2002),2002,2004,2003,1
img-07de572c6c2a246c6dc6,Chevrolet,Corvette,Corvette Coupe (1997),1997,2004,2000,4
img-8bf8cd5e1c20c820d4f1,Chevrolet,Corvette,Corvette Coupe (1983),1983,1996,1989,5
img-378e0fb5d46f2e69d28c,Chevrolet,Corvette,Corvette Coupe (1969),1969,1982,1975,1
img-f6db7a4e6d5a2f94ad88,Chevrolet,Corvette,Corvette Coupe (1967),1967,1982,1974,2
img-572350c0d991581451be,Chevrolet,Corvette,Corvette Coupe (1962),1962,1967,1964,1
img-79c47891a0acb780726c,Chevrolet,Corvette,Corvette Coupe (1956),1956,1968,1962,2
img-0b37b53cf98f80d03306,Chevrolet,Corvette Grand Sport,Corvette Grand Sport (2026),2026,,2026,1
img-a72f0b876d733f1b955d,Chevrolet,Corvette Z06,Corvette Z06 (2021),2021,,2023,1
img-8d2b71f8452ee15492e6,Chevrolet,Corvette Z06,Corvette Z06 (2014),2014,2019,2016,2
img-fa5ea03395edb0c2f005,Chevrolet,Corvette Z06,Corvette Z06 (2008),2008,2013,2010,1
img-b0810f0025cf44ce82ba,Chevrolet,Corvette Z06,Corvette Z06 Convertible (2014),2014,2019,2016,2
img-49e415f3e48b51330746,Chevrolet,Corvette ZR1,Corvette ZR1 (2024),2024,,2025,2
img-32527e3c81d36ecadebf,Chevrolet,Corvette ZR1,Corvette ZR1 (2018),2018,2024,2021,2
img-783d860143b8e31b14d5,Chevrolet,Corvette ZR1,Corvette ZR1 (2008),2008,2013,2010,1
img-e120d3a037bf0eef6867,Chevrolet,Corvette ZR1,Corvette ZR1 Convertible (2026),2026,,2026,1
img-0d695a6226b05d9e6e69,Chevrolet,Corvette ZR1,Corvette ZR1 Convertible (2024),2024,,2025,1
img-1a86b9a35843afef5845,Chevrolet,Cruze,Cruze (2018),2018,2019,2018,2
img-8890a013be65872bfa36,Chevrolet,Cruze,Cruze (2016),2016,2018,2017,4
img-4e7a0d4163320f5152c3,Chevrolet,Cruze,Cruze (2009),2009,2016,2012,15
img-f97df906a43c5e8b5095,Chevrolet,Cruze,Cruze - 5 doors (2018),2018,2019,2018,2
img-9e21610beda793daaf30,Chevrolet,Cruze,Cruze - 5 doors (2017),2017,2018,2017,2
img-b2a7ef298587f36c3004,Chevrolet,Cruze,Cruze - 5 doors (2011),2011,2014,2012,7
img-85cf7e96432fbbd4617f,Chevrolet,Cruze,Cruze Wagon (2012),2012,2014,2013,8
img-79571e5258ac9d5a7ee1,Chevrolet,Epica,Epica (2006),2006,2011,2008,3
img-639d3bcf8042f649ba91,Chevrolet,Equinox,Equinox (2024),2024,,2025,2
img-aba68abdce7663c6e514,Chevrolet,Equinox,Equinox (2022),2022,,2024,2
img-4e696ee9e247b5bbdd49,Chevrolet,Equinox,Equinox (2020),2020,2024,2022,3
img-9d23c12d95516e3040aa,Chevrolet,Equinox,Equinox (2017),2017,2020,2018,6
img-5acb3724d3cbd8371c4e,Chevrolet,Equinox,Equinox (2009),2009,2017,2013,4
img-59bf5cd05c66be36250a,Chevrolet,Equinox,Equinox (2004),2004,2009,2006,4
img-2b7a9f2ffa10e9f19564,Chevrolet,Evanda,Evanda (2004),2004,2006,2005,4
img-8ea7644dc1ccbb5449a0,Chevrolet,Express,Express (2008),2008,,2017,5
img-e2812e38d6f3826d892a,Chevrolet,Express,Express (2002),2002,2007,2004,7
img-8cb8002d07de3ead4823,Chevrolet,Express,Express (1995),1995,2002,1998,10
img-de0de8f9508b91a7b0c6,Chevrolet,HHR,HHR (2007),2007,2011,2009,2
img-0622de123467f712d34a,Chevrolet,HHR,HHR (2006),2006,2011,2008,3
img-f1d57915b3ccf674ce05,Chevrolet,HHR,HHR (2005),2005,2011,2008,6
img-f90165f69ae5970c60aa,Chevrolet,Impala,Impala (2013),2013,2020,2016,4
img-849a53823cb01084dc2d,Chevrolet,Impala,Impala (2005),2005,2012,2008,3
img-499118d4f7dd71d24883,Chevrolet,Impala,Impala (2003),2003,2005,2004,1
img-2d667305560487b6553c,Chevrolet,Impala,Impala (1999),1999,2005,2002,2
img-de2c1b9271f31d00dafd,Chevrolet,Impala,Impala (1966),1966,1970,1968,1
img-3a91c1e6e74deb81dcf4,Chevrolet,Impala,Impala Convertible (1958),1958,1959,1958,2
img-a2f38fbac9711a817b19,Chevrolet,Impala,Impala Coupe (1965),1965,1970,1967,1
img-4c0e5790bab9cd6c6c7d,Chevrolet,Malibu,Malibu (2018),2018,2024,2021,3
img-db3a2c236071905fe078,Chevrolet,Malibu,Malibu (2016),2016,2018,2017,3
img-62953b97e0d06c32ea79,Chevrolet,Malibu,Malibu (2013),2013,2016,2014,1
img-2aec76752833bf6114fe,Chevrolet,Malibu,Malibu (2012),2012,2016,2014,2
img-662b7e1827c3353fb9e4,Chevrolet,Malibu,Malibu (2008),2008,2012,2010,5
img-3aa6a67974494c75b331,Chevrolet,Malibu,Malibu (2005),2005,2008,2006,1
img-eee81618c269deb37960,Chevrolet,Malibu,Malibu (2003),2003,2007,2005,3
img-2167cdaa0487a8b348f0,Chevrolet,Malibu,Malibu (1996),1996,2003,1999,2
img-c70811c454fb2458f614,Chevrolet,Malibu Maxx,Malibu Maxx (2005),2005,2008,2006,2
img-b77f759a72ca9ef40070,Chevrolet,Malibu Maxx,Malibu Maxx (2003),2003,2008,2005,2
img-63f284d8b60f51ab419c,Chevrolet,Matiz / Spark,Matiz / Spark (2018),2018,2022,2020,2
img-13edd835fec43cba49a6,Chevrolet,Matiz / Spark,Matiz / Spark (2016),2016,2018,2017,2
img-cbfbf848c72ea6820a20,Chevrolet,Matiz / Spark,Matiz / Spark (2009),2009,2016,2012,4
img-8131ab53ae149decefce,Chevrolet,Matiz / Spark,Matiz / Spark (2005),2005,2009,2007,2
img-ebe39cf5f93a52acfb98,Chevrolet,Matiz / Spark,Matiz / Spark (2000),2000,2005,2002,2
img-2db3934fcb78281510b9,Chevrolet,Monte Carlo,Monte Carlo (2005),2005,2007,2006,3
img-0c9d281384c3ac7e61f6,Chevrolet,Nubira / Lacetti,Nubira / Lacetti (2004),2004,2009,2006,12
img-04ddd54a7de12b9c3105,Chevrolet,Nubira / Lacetti,Nubira / Lacetti (2002),2002,2004,2003,6
img-9f2c285b719bb54b8db6,Chevrolet,Onix,Onix (2012),2012,2019,2015,4
img-4a8cd2fda6cc69a81e6c,Chevrolet,Orlando,Orlando (2010),2010,2018,2014,6
img-e8186fe54e5832898024,Chevrolet,Prisma,Prisma (2013),2013,2016,2014,1
img-bf8699809dc02e0ff65e,Chevrolet,S-10,S-10 (2000),2000,2004,2002,1
img-99d4c1e389b0e469aa7d,Chevrolet,S-10,S-10 (1997),1997,2003,2000,4
img-306dcbaabcab99672c84,Chevrolet,Silverado,Silverado (2023),2023,,2024,2
img-4e38a9ab6478fb5594fd,Chevrolet,Silverado,Silverado (2021),2021,2023,2022,8
img-621734e7d96fbc633b69,Chevrolet,Silverado,Silverado (2018),2018,2022,2020,4
img-4be429155537ee64af3e,Chevrolet,Silverado,Silverado (2013),2013,2018,2015,43
img-c9c772a2aa73c9c1c6bc,Chevrolet,Silverado,Silverado (2008),2008,2012,2010,13
img-63add2c8e1a19b63b022,Chevrolet,Silverado 2500HD,Silverado 2500HD (2023),2023,,2024,4
img-86c97be5372e43e67157,Chevrolet,Silverado 2500HD,Silverado 2500HD (2008),2008,2013,2010,4
img-d15b28571324243bd17c,Chevrolet,Silverado 2500HD,Silverado 2500HD (2007),2007,2013,2010,2
img-e3947c934ede14c1a3a4,Chevrolet,Silverado 3500HD,Silverado 3500HD (2008),2008,2013,2010,6
img-fa7b6df551a2ce5c3789,Chevrolet,Silverado Hybrid,Silverado Hybrid (2008),2008,2013,2010,1
img-c730c3d4185d20df333e,Chevrolet,Sonic,Sonic Hatchback (2011),2011,2016,2013,4
img-d99af2169222a25d1bb8,Chevrolet,Sonic,Sonic Sedan (2016),2016,2020,2018,4
img-e1d27138e35b7c3f61ba,Chevrolet,Sonic,Sonic Sedan (2011),2011,2016,2013,2
img-c424ac38859cb293bc81,Chevrolet,Sonic RS,Sonic RS (2012),2012,2020,2016,1
img-986bfaa730892cbe1aac,Chevrolet,Spark EV,Spark EV (2013),2013,2016,2014,2
img-f7792c523ca4bd92f957,Chevrolet,Spin,Spin (2012),2012,2018,2015,6
img-0a8a913be6dda4dfc152,Chevrolet,SS,SS (2016),2016,2017,2016,2
img-6de2e266d905cf9e6d5a,Chevrolet,SS,SS (2013),2013,2016,2014,2
img-785502e9277bee87b75c,Chevrolet,SSR,SSR (2003),2003,2006,2004,2
img-a3b33909db0c3aa55bbe,Chevrolet,Suburban,Suburban (2023),2023,,2024,4
img-f78cb101677a1bbb63a7,Chevrolet,Suburban,Suburban (2020),2020,2023,2021,4
img-bb8fd8d3f54b393d5422,Chevrolet,Suburban,Suburban (2018),2018,2020,2019,1
img-c5da5ed7b1a96bb91644,Chevrolet,Suburban,Suburban (2014),2014,2020,2017,4
img-9cd69516c52d844f4745,Chevrolet,Suburban,Suburban (2006),2006,2013,2009,4
img-9945e12003626a90d5fb,Chevrolet,Suburban,Suburban (1999),1999,2006,2002,3
img-40852e41f110449b244b,Chevrolet,Tacuma,Tacuma (2004),2004,2008,2006,3
img-a598be42a55c9e297fa6,Chevrolet,Tahoe,Tahoe (2023),2023,,2024,3
img-e037181437b39996f972,Chevrolet,Tahoe,Tahoe (2020),2020,2023,2021,3
img-6ef730fbd85100085b21,Chevrolet,Tahoe,Tahoe (2014),2014,2020,2017,4
img-a84bc9c82fd53c599c83,Chevrolet,Tahoe,Tahoe (2008),2008,2014,2011,7
img-dfeae930857aebb36c38,Chevrolet,Tahoe,Tahoe (2006),2006,2013,2009,5
img-47679091556e254ef438,Chevrolet,Tahoe,Tahoe (1991),1991,1999,1995,7
img-21de5f14763a2a67c922,Chevrolet,Tracker,Tracker (2013),2013,2017,2015,2
img-746463d907d6e4b85ce0,Chevrolet,Tracker,Tracker (1999),1999,2004,2001,12
img-0b4fdd72583c41e7531b,Chevrolet,TrailBlazer,TrailBlazer (2023),2023,,2024,3
img-a877329e2214fe07fdeb,Chevrolet,TrailBlazer,TrailBlazer (2012),2012,2016,2014,3
img-9aacec738790665ff0b4,Chevrolet,TrailBlazer,TrailBlazer (2008),2008,2012,2010,6
img-612b86e4ff006c54464e,Chevrolet,TrailBlazer,TrailBlazer (2005),2005,2008,2006,2
img-e59f86019e000c545174,Chevrolet,TrailBlazer,TrailBlazer (2002),2002,2006,2004,5
img-d8fd50981f5c122f7b76,Chevrolet,TrailBlazer,TrailBlazer (2000),2000,2008,2004,3
img-39903d2aed92d61749ab,Chevrolet,Traverse,Traverse (2023),2023,,2024,2
img-a16ae52b3d5c7d9ff29a,Chevrolet,Traverse,Traverse (2020),2020,2024,2022,2
img-591a4d7715214e1ca21c,Chevrolet,Traverse,Traverse (2017),2017,2020,2018,3
img-bd8e715dd02a6a9f550b,Chevrolet,Traverse,Traverse (2012),2012,2017,2014,4
img-e75bb4530da61327ff7f,Chevrolet,Traverse,Traverse (2008),2008,2012,2010,4
img-24827e57c4d87b304b0f,Chevrolet,Trax,Trax (2022),2022,,2024,1
img-0b99bbae6a5209223285,Chevrolet,Trax,Trax (2017),2017,2019,2018,2
img-1875c78d9e98f1b99b83,Chevrolet,Trax,Trax (2013),2013,2017,2015,5
img-a712ce5c76a7e5be6724,Chevrolet,Uplander,Uplander (2004),2004,2009,2006,3
img-c793b0783adc2b56a9e4,Chevrolet,Venture,Venture (1996),1996,2005,2000,2
img-0d5402411b282b5735aa,Chevrolet,Volt,Volt (2016),2016,2019,2017,1
img-8d7e213b52531bae1907,Chevrolet,Volt,Volt (2011),2011,2016,2013,1
img-48d8a70ed49174f4d87e,Chrysler,200,200 (2014),2014,2016,2015,3
img-54c89edb396dc10a4a88,Chrysler,200,200 (2011),2011,2014,2012,2
img-dd8a5f0686d81bf675b9,Chrysler,200,200 Convertible (2011),2011,2014,2012,2
img-7374838adff69ff1d820,Chrysler,300,300 (2015),2015,2022,2018,3
img-8591d068668edcc68bc6,Chrysler,300,300 (2011),2011,2015,2013,8
img-a7851621c7ff407314a6,Chrysler,300C,300C (2022),2022,,2024,1
img-46f8710d2c49cfa617ff,Chrysler,300C,300C (2005),2005,2010,2007,1
img-cec6a1b010a102f68ac8,Chrysler,300C,300C (2004),2004,2010,2007,6
img-1af6cdf6b8f449b79e31,Chrysler,300C,300C (1957),1957,1959,1958,4
img-41060759fe82b0a6c4c8,Chrysler,300C,300C Touring (2006),2006,2010,2008,1
img-ee8d999255ed0ac9d5ba,Chrysler,300C,300C Touring (2004),2004,2010,2007,6
img-2ad95d1fad05a4184745,Chrysler,300M,300M (1998),1998,2004,2001,2
img-aae08f4217cbfdd81380,Chrysler,Aspen,Aspen (2006),2006,2009,2007,8
img-20f36b3e2230d22e6619,Chrysler,Concorde,Concorde (1998),1998,2004,2001,4
img-e2a4954a4336a871c0ff,Chrysler,Concorde,Concorde (1993),1993,1997,1995,2
img-7e8f65ad29b69b138666,Chrysler,Crossfire,Crossfire (2007),2007,2008,2007,2
img-f9a0bbf9006f587ecb37,Chrysler,Crossfire,Crossfire (2004),2004,2006,2005,1
img-aa4a2260aff23470f1af,Chrysler,Crossfire,Crossfire (2003),2003,2006,2004,2
img-211e3b4285ab460ce3ce,Chrysler,Crossfire,Crossfire Roadster (2007),2007,2008,2007,2
img-fbeff9b6865dbcf02690,Chrysler,Crossfire,Crossfire Roadster (2004),2004,2007,2005,3
img-bcf02644363b6db5954f,Chrysler,Daytona,Daytona (1992),1992,1993,1992,4
img-ff143a7ec5d8b9866bdf,Chrysler,Grand Voyager,Grand Voyager (AS) (2008),2008,2015,2011,3
img-7dcc04eba8d871d3bb1d,Chrysler,LeBaron,LeBaron (1982),1982,1988,1985,4
img-dbe61466280071ceb790,Chrysler,New Yorker,New Yorker (1995),1995,1997,1996,1
img-87de11a2a95d4219be7f,Chrysler,New Yorker,New Yorker (1955),1955,1961,1958,1
img-5d6a2ea6e6240e1803c9,Chrysler,Pacifica,Pacifica (2026),2026,,2026,1
img-b9f5329538f4dc33d9bf,Chrysler,Pacifica,Pacifica (2020),2020,2025,2022,1
img-fe758955b9568856a426,Chrysler,Pacifica,Pacifica (2016),2016,2020,2018,2
img-ff6646ba01b9aa024094,Chrysler,Pacifica,Pacifica (2003),2003,2006,2004,4
img-56bfe789bd81d6b99559,Chrysler,PT Cruiser,PT Cruiser (2006),2006,2010,2008,8
img-ded9163c12d2c2a03449,Chrysler,PT Cruiser,PT Cruiser (2000),2000,2006,2003,6
img-e2bb513e4c927387ad0f,Chrysler,PT Cruiser,PT Cruiser Convertible (2006),2006,2008,2007,5
img-88e8d4f1e138171b9165,Chrysler,PT Cruiser,PT Cruiser Convertible (2004),2004,2006,2005,3
img-fea7548aaff7206ea5ba,Chrysler,Saratoga,Saratoga (1989),1989,1995,1992,3
img-fd26fd27d2c3f8a89274,Chrysler,Sebring,Sebring Convertible (2007),2007,2010,2008,4
img-0b7be9230c66a0a6d18c,Chrysler,Sebring,Sebring Convertible (2003),2003,2007,2005,3
img-595407034faf98e940ef,Chrysler,Sebring,Sebring Convertible (2001),2001,2003,2002,4
img-a1745a376ab14d9bcad0,Chrysler,Sebring,Sebring Coupe (2003),2003,2006,2004,2
img-8bcb167440e6e64d981b,Chrysler,Sebring,Sebring Coupe (2000),2000,2003,2001,3
img-60b4a3983df2187312c5,Chrysler,Sebring,Sebring Sedan (2006),2006,2010,2008,5
img-d0127e9d744245b1b460,Chrysler,Sebring,Sebring Sedan (2003),2003,2006,2004,3
img-671835c8ec29b16854a8,Chrysler,Sebring,Sebring Sedan (2001),2001,2003,2002,4
img-74b87f814dbb7c00426e,Chrysler,Town & Country,Town & Country (2007),2007,2016,2011,4
img-da2cba3ef5b698bd8ab2,Chrysler,Town & Country,Town & Country (2004),2004,2007,2005,2
img-306d506d2939d21d0c95,Chrysler,Town & Country,Town & Country (2000),2000,2003,2001,4
img-0cd64b7bd3a4bb22501a,Chrysler,Voyager,Voyager (2000),2000,2003,2001,8
img-03ba2204db2812dd5cb3,Citroën,CITROEN 2CV,CITROEN 2CV (1949),1949,1990,1969,4
img-269735fc30a3d0a6fc23,Citroën,CITROEN AMI,CITROEN AMI (2020),2020,,2023,1
img-613b26e9eea84a40b9c7,Citroën,CITROEN AX,CITROEN AX 3 Doors (1991),1991,1998,1994,5
img-e7ec33be1aba328b42a2,Citroën,CITROEN AX,CITROEN AX 3 Doors (1986),1986,1991,1988,9
img-9c80c2db9302115bf74e,Citroën,CITROEN AX,CITROEN AX 5 Doors (1991),1991,1998,1994,4
img-dc4671b14534ca944de5,Citroën,CITROEN AX,CITROEN AX 5 Doors (1988),1988,1991,1989,6
img-9ad332731229fbc9c27e,Citroën,CITROEN Axel,CITROEN Axel (1985),1985,1989,1987,2
img-5a77754763b865f2be28,Citroën,CITROEN Berlingo,CITROEN Berlingo (2023),2023,,2024,6
img-2e6ba972e0075a5a24ad,Citroën,CITROEN Berlingo,CITROEN Berlingo (2018),2018,2023,2020,6
img-58bc84a7c7e25ee2b685,Citroën,CITROEN Berlingo,CITROEN Berlingo (2015),2015,2018,2016,7
img-ba57c18aee1c1c22d1a3,Citroën,CITROEN Berlingo,CITROEN Berlingo (2012),2012,2015,2013,6
img-6b5c5756b88cf3dc6911,Citroën,CITROEN Berlingo,CITROEN Berlingo (2008),2008,2012,2010,9
img-ae782054f4b30376da7b,Citroën,CITROEN Berlingo,CITROEN Berlingo (2006),2006,2008,2007,2
img-32721a2022fd7b07af7c,Citroën,CITROEN Berlingo,CITROEN Berlingo (2002),2002,2008,2005,7
img-e905ba72d921ac5480c3,Citroën,CITROEN Berlingo,CITROEN Berlingo (1996),1996,2002,1999,6
img-572b0a3a051a85e0bb46,Citroën,CITROEN BX,CITROEN BX (1989),1989,1993,1991,6
img-27c66673db2d0732d1cd,Citroën,CITROEN BX,CITROEN BX (1986),1986,1989,1987,19
img-71e00abeaf6f822412bd,Citroën,CITROEN BX,CITROEN BX (1983),1983,1986,1984,8
img-c4657f213bd4fb8c7c32,Citroën,CITROEN BX Break,CITROEN BX Break (1989),1989,1994,1991,8
img-190cf3c4cfc551810e86,Citroën,CITROEN BX Break,CITROEN BX Break (1985),1985,1989,1987,7
img-9c5eb87f37d50aa9a1e2,Citroën,CITROEN C-Crosser,CITROEN C-Crosser (2007),2007,2012,2009,4
img-d7e74313a9bc03f805fc,Citroën,CITROEN C-Elysee,CITROEN C-Elysee (2013),2013,2016,2014,5
img-86060fbf2afb89802781,Citroën,CITROEN C-Zero,CITROEN C-Zero (2010),2010,2020,2015,1
img-783b67c88e0543508498,Citroën,CITROEN C1,CITROEN C1 3 Doors (2014),2014,2022,2018,3
img-03c9c1277e6672ccac00,Citroën,CITROEN C1,CITROEN C1 3 Doors (2012),2012,2014,2013,2
img-50291b15fec73eddcc35,Citroën,CITROEN C1,CITROEN C1 3 Doors (2009),2009,2012,2010,3
img-e783a784255fe50fe5a8,Citroën,CITROEN C1,CITROEN C1 3 Doors (2005),2005,2009,2007,3
img-230028deeace3055de22,Citroën,CITROEN C1,CITROEN C1 5 Doors (2014),2014,2022,2018,4
img-80e573080538483de291,Citroën,CITROEN C1,CITROEN C1 5 Doors (2012),2012,2014,2013,2
img-4d64759b629ee6ab7bc0,Citroën,CITROEN C1,CITROEN C1 5 Doors (2009),2009,2012,2010,3
img-40d68b3ac968bd88aef3,Citroën,CITROEN C1,CITROEN C1 5 Doors (2005),2005,2009,2007,3
img-aef5167099b3120f3490,Citroën,CITROEN C2,CITROEN C2 (2008),2008,2010,2009,7
img-7e3ecde8f13a6a59d628,Citroën,CITROEN C2,CITROEN C2 (2003),2003,2009,2006,7
img-482b32a02107d57b8710,Citroën,CITROEN C3,CITROEN C3 (2023),2023,,2024,1
img-eea4b45ec58ab7ab506e,Citroën,CITROEN C3,CITROEN C3 (2019),2019,2023,2021,4
img-6173b63fe58c4629a31d,Citroën,CITROEN C3,CITROEN C3 (2016),2016,2019,2017,7
img-35357c81aa02e6218d9d,Citroën,CITROEN C3,CITROEN C3 (2013),2013,2016,2014,11
img-01291a8634651564c8ba,Citroën,CITROEN C3,CITROEN C3 (2009),2009,2013,2011,11
img-6df21849ecc480584a61,Citroën,CITROEN C3,CITROEN C3 (2005),2005,2009,2007,12
img-afff7054396d85544fb4,Citroën,CITROEN C3,CITROEN C3 (2002),2002,2005,2003,8
img-783c20494e0d296e14e3,Citroën,CITROEN C3 Aircross,CITROEN C3 Aircross (2024),2024,,2025,6
img-95d4b9221939b66199ec,Citroën,CITROEN C3 Aircross,CITROEN C3 Aircross (2021),2021,2024,2022,4
img-5c8de43474890bcc4ecb,Citroën,CITROEN C3 Aircross,CITROEN C3 Aircross (2017),2017,2021,2019,6
img-c66c99b9841dd54f650f,Citroën,CITROEN C3 Picasso,CITROEN C3 Picasso (2013),2013,2017,2015,6
img-44f77fa6d7a5e71e7924,Citroën,CITROEN C3 Picasso,CITROEN C3 Picasso (2008),2008,2013,2010,6
img-fbaed3428d413a31b6bd,Citroën,CITROEN C3 Pluriel,CITROEN C3 Pluriel (2003),2003,2010,2006,3
img-bcef8cad6e4a6e34c3f8,Citroën,CITROEN C4,CITROEN C4 (2024),2024,,2025,10
img-fbfb9ca83a15370346b6,Citroën,CITROEN C4,CITROEN C4 (2022),2022,2024,2023,4
img-25d99ab5d7c0b8ee7265,Citroën,CITROEN C4,CITROEN C4 (2020),2020,2024,2022,7
img-f96c7963591bdf5ffcb7,Citroën,CITROEN C4,CITROEN C4 Coupe (2008),2008,2010,2009,9
img-0664a96fb4c72e4818af,Citroën,CITROEN C4,CITROEN C4 Coupe (2004),2004,2008,2006,9
img-77f4ae0d0ca27d346db4,Citroën,CITROEN C4,CITROEN C4 Hatchback (2010),2010,2013,2011,7
img-552a6614a0c4d1762f31,Citroën,CITROEN C4,CITROEN C4 Hatchback (2008),2008,2010,2009,10
img-81b5d3f373420fc465e3,Citroën,CITROEN C4,CITROEN C4 Hatchback (2004),2004,2008,2006,10
img-f2ae75ba2ec3e221f0eb,Citroën,CITROEN C4,CITROEN C4 Sedan (2007),2007,2012,2009,3
img-c6e56a10ce75cae4c732,Citroën,CITROEN C4 Aircross,CITROEN C4 Aircross (2012),2012,2017,2014,5
img-f0fa062d1ab653a5e695,Citroën,CITROEN C4 Cactus,CITROEN C4 Cactus (2018),2018,2020,2019,5
img-3f21d79f2fe48ba241b8,Citroën,CITROEN C4 Cactus,CITROEN C4 Cactus (2014),2014,2018,2016,6
img-d44394a94444331075a5,Citroën,CITROEN C4 Picasso,CITROEN C4 Picasso (2016),2016,2018,2017,9
img-e543058354ba9ddf1d2b,Citroën,CITROEN C4 Picasso,CITROEN C4 Picasso (2013),2013,2016,2014,12
img-c083320554e90479a3de,Citroën,CITROEN C4 Picasso,CITROEN C4 Picasso (2010),2010,2013,2011,7
img-bbeb5858379e9f218095,Citroën,CITROEN C4 Picasso,CITROEN C4 Picasso (2007),2007,2010,2008,8
img-2d666bb276fcaea71709,Citroën,CITROEN C5,CITROEN C5 Estate (2010),2010,2019,2014,11
img-1821071f8ca4d79e564a,Citroën,CITROEN C5,CITROEN C5 Estate (2008),2008,2010,2009,14
img-0ab1cdd52c1d9553005f,Citroën,CITROEN C5,CITROEN C5 Estate (2004),2004,2008,2006,9
img-6784e1480d403e055c24,Citroën,CITROEN C5,CITROEN C5 Estate (2001),2001,2004,2002,11
img-5811838684d6e5acb1ad,Citroën,CITROEN C5,CITROEN C5 Liftback (2004),2004,2008,2006,12
img-93287897a144f50d9c03,Citroën,CITROEN C5,CITROEN C5 Liftback (2001),2001,2004,2002,12
img-f5a90b33563b8e3c9830,Citroën,CITROEN C5,CITROEN C5 Sedan (2010),2010,2017,2013,11
img-c27d0289862d7416ad00,Citroën,CITROEN C5,CITROEN C5 Sedan (2008),2008,2011,2009,16
img-432cdd606b5d1d56c87c,Citroën,CITROEN C5 Aircross,CITROEN C5 Aircross (2025),2025,,2025,4
img-d7f0dc8ce504ad0ffee4,Citroën,CITROEN C5 Aircross,CITROEN C5 Aircross (2022),2022,2025,2023,7
img-2e7cdc21cf65051d5797,Citroën,CITROEN C5 Aircross,CITROEN C5 Aircross (2018),2018,2021,2019,8
img-f5d5b16220689ab6d952,Citroën,CITROEN C5 Crosstourer,CITROEN C5 Crosstourer (2014),2014,2019,2016,6
img-56b40dcc0c107aaa0330,Citroën,CITROEN C5 X,CITROEN C5 X (2021),2021,,2023,3
img-92cd2606606379fb9595,Citroën,CITROEN C6,CITROEN C6 (2005),2005,2012,2008,4
img-2c3a9b5dad5bf95680e9,Citroën,CITROEN C8,CITROEN C8 (2008),2008,2014,2011,8
img-dade68a71dd54bfb6f17,Citroën,CITROEN C8,CITROEN C8 (2002),2002,2008,2005,10
img-8eb533547399d565e0a0,Citroën,CITROEN CX,CITROEN CX (1985),1985,1989,1987,7
img-f7295098e5318913d8ae,Citroën,CITROEN CX,CITROEN CX (1982),1982,1985,1983,6
img-9f15ce264dd916b05924,Citroën,CITROEN CX,CITROEN CX (1974),1974,1982,1978,4
img-34dfd1b79b41b5c106ba,Citroën,CITROEN CX Break,CITROEN CX Break (1985),1985,1991,1988,7
img-7dce81402e1d2f8d2892,Citroën,CITROEN CX Break,CITROEN CX Break (1982),1982,1985,1983,5
img-115b408ae9c0c036ee06,Citroën,CITROEN CX Break,CITROEN CX Break (1976),1976,1982,1979,4
img-9c9b58fdf4b1b4693ecf,Citroën,CITROEN DS,CITROEN DS (1974),1974,1976,1975,2
img-c38a6b6eef7a49706727,Citroën,CITROEN DS,CITROEN DS (1973),1973,1975,1974,2
img-b73bae4c910fddbb5fb0,Citroën,CITROEN DS,CITROEN DS (1968),1968,1971,1969,5
img-a0d5681ab36782f80d23,Citroën,CITROEN DS,CITROEN DS (1958),1958,1973,1965,1
img-f4a30c2eb15de4af1188,Citroën,CITROEN DS,CITROEN DS (1955),1955,1975,1965,1
img-45f84650e7aa9c601a2f,Citroën,CITROEN DS3,CITROEN DS3 (2009),2009,2014,2011,8
img-d605cf3ff60a54e17b7f,Citroën,CITROEN DS4,CITROEN DS4 (2010),2010,2014,2012,11
img-523ec8a9cf78bec09d60,Citroën,CITROEN DS5,CITROEN DS5 (2011),2011,2018,2014,7
img-adb1597fb651defe9c76,Citroën,CITROEN Dyane,CITROEN Dyane (1969),1969,1983,1976,1
img-e7b038485e3818f6a29f,Citroën,CITROEN E-Mehari,CITROEN E-Mehari (2018),2018,2019,2018,1
img-7b6b1c04489b1c513137,Citroën,CITROEN E-Mehari,CITROEN E-Mehari (2016),2016,2018,2017,1
img-cdfae3f5620a83ef108b,Citroën,CITROEN Evasion,CITROEN Evasion (1998),1998,2002,2000,6
img-8ce7c5038fffb4d5c117,Citroën,CITROEN Evasion,CITROEN Evasion (1994),1994,1998,1996,6
img-3dde4c23feed06fb5a09,Citroën,CITROEN Grand C4 Picasso,CITROEN Grand C4 Picasso (2016),2016,2018,2017,8
img-83eb747f6e622c7f32f9,Citroën,CITROEN Grand C4 Picasso,CITROEN Grand C4 Picasso (2013),2013,2016,2014,10
img-5a57414148a90d171d73,Citroën,CITROEN Grand C4 Picasso,CITROEN Grand C4 Picasso (2006),2006,2013,2009,4
img-4db6573c791d827a0f8e,Citroën,CITROEN GSA,CITROEN GSA (1979),1979,1986,1982,2
img-a0acce8e37b194f2177e,Citroën,CITROEN LNA,CITROEN LNA (1978),1978,1984,1981,2
img-55efca02cbf5c4ff2525,Citroën,CITROEN Nemo,CITROEN Nemo (2008),2008,2015,2011,2
img-f109d3843d11fdff0538,Citroën,CITROEN Saxo,CITROEN Saxo 3 doors (1998),1998,2003,2000,7
img-14c289e63e6c249589e2,Citroën,CITROEN Saxo,CITROEN Saxo 3 doors (1996),1996,1999,1997,6
img-6777c09401b873a65f84,Citroën,CITROEN Saxo,CITROEN Saxo 5 doors (1998),1998,2002,2000,3
img-59e38136f1f5e9ae6cec,Citroën,CITROEN Saxo,CITROEN Saxo 5 doors (1996),1996,1998,1997,4
img-4c7fbdc5e7bc48adabae,Citroën,CITROEN SM,CITROEN SM (1970),1970,1975,1972,4
img-3f6c405d442b0f778215,Citroën,CITROEN Visa,CITROEN Visa (1981),1981,1988,1984,7
img-3f5ac915935512f9720b,Citroën,CITROEN Visa,CITROEN Visa (1978),1978,1981,1979,2
img-ded6dbb9a65cae5b8f1d,Citroën,CITROEN Visa Decouvrable,CITROEN Visa Decouvrable (1984),1984,1985,1984,1
img-52373099c2c353379515,Citroën,CITROEN Xantia,CITROEN Xantia (1998),1998,2001,1999,11
img-9aa0639e4316b9e47cc4,Citroën,CITROEN Xantia,CITROEN Xantia (1993),1993,1998,1995,12
img-33f50a1b5f6b8715512d,Citroën,CITROEN Xantia Break,CITROEN Xantia Break (1998),1998,2001,1999,10
img-c926cd82916c056209a1,Citroën,CITROEN Xantia Break,CITROEN Xantia Break (1995),1995,1998,1996,7
img-a0153dfe15df27594f9a,Citroën,CITROEN XM,CITROEN XM (1997),1997,2000,1998,5
img-3afecc3b47d3ea80b7ba,Citroën,CITROEN XM,CITROEN XM (1994),1994,1997,1995,8
img-069e75f8307f750b7086,Citroën,CITROEN XM,CITROEN XM (1989),1989,1994,1991,7
img-670de620bcb197074f72,Citroën,CITROEN XM Break,CITROEN XM Break (1997),1997,2000,1998,5
img-04c5b0a9b41f5479962e,Citroën,CITROEN XM Break,CITROEN XM Break (1994),1994,1997,1995,6
img-e0b4795607fea666b7f6,Citroën,CITROEN XM Break,CITROEN XM Break (1992),1992,1994,1993,5
img-7cdf6351b909f429b14c,Citroën,CITROEN Xsara,CITROEN Xsara (2000),2000,2004,2002,8
img-80f2b15c2f26e0c07775,Citroën,CITROEN Xsara,CITROEN Xsara (1997),1997,2000,1998,8
img-8893ec6ec46b2e5e4e1c,Citroën,CITROEN Xsara,CITROEN Xsara Coupe (2000),2000,2003,2001,3
img-0020ede5e8ae789aac6e,Citroën,CITROEN Xsara,CITROEN Xsara Coupe (1998),1998,2000,1999,11
img-3a1de8a31fb4fd27bfa0,Citroën,CITROEN Xsara Break,CITROEN Xsara Break (2000),2000,2005,2002,6
img-de9533229520e726f92a,Citroën,CITROEN Xsara Picasso,CITROEN Xsara Picasso (2004),2004,2012,2008,6
img-fa06f367119074348e07,Citroën,CITROEN Xsara Picasso,CITROEN Xsara Picasso (1999),1999,2004,2001,4
img-cf0c9c7870ccfaf14bbf,Citroën,CITROEN ZX,CITROEN ZX 3 Doors (1996),1996,1997,1996,7
img-906221bbeb529974908a,Citroën,CITROEN ZX,CITROEN ZX 3 Doors (1994),1994,1996,1995,4
img-b9aee3009fc2c404bee9,Citroën,CITROEN ZX,CITROEN ZX 3 Doors (1992),1992,1994,1993,6
img-17a1226f8c9cd5e7b480,Citroën,CITROEN ZX,CITROEN ZX 5 Doors (1996),1996,1997,1996,7
img-ad0b885ea63de178c522,Citroën,CITROEN ZX,CITROEN ZX 5 Doors (1994),1994,1996,1995,4
img-a77e805a05a9fa49854a,Citroën,CITROEN ZX,CITROEN ZX 5 Doors (1991),1991,1994,1992,7
img-ac7acbca43dc3d77283e,Citroën,CITROEN ZX Break,CITROEN ZX Break (1996),1996,1998,1997,5
img-3e4e3a3a2f1cbae1f1e2,Citroën,CITROEN ZX Break,CITROEN ZX Break (1994),1994,1996,1995,6
img-de0337acf886c455627d,Cupra,Ateca,Ateca (2018),2018,2020,2019,1
img-3b8122bfa91c662e8fad,Cupra,Born,Born (2021),2021,2026,2023,4
img-fbd7f5881a23395b2b80,Cupra,Formentor,Formentor (2024),2024,,2025,7
img-e19a393176f78835d899,Cupra,Formentor,Formentor (2020),2020,2024,2022,10
img-c4408982d04e18ca4056,Cupra,Leon,Leon (2024),2024,,2025,6
img-85a6399af087607e5fd5,Cupra,Leon,Leon (2020),2020,2024,2022,3
img-c497c49a1ec7d4ead2e7,Cupra,Leon Sportstourer,Leon Sportstourer (2024),2024,,2025,4
img-97db2f7e0a6f1e69ed4d,Cupra,Leon Sportstourer,Leon Sportstourer (2020),2020,2024,2022,7
img-99b98a5fe2ff4d279d86,Cupra,Raval,Raval (2026),2026,,2026,4
img-ea8d30c55f7962a41f17,Cupra,Tavascan,Tavascan (2023),2023,,2024,2
img-89216d3c9e26b1fec300,Cupra,Terramar,Terramar (2024),2024,,2025,3
img-c98e311593c5a200fe24,Dacia,1100,1100 (1968),1968,1971,1969,2
img-417dec8458e5e634993c,Dacia,1300,1300 (1969),1969,1979,1974,1
img-9651d809d751ab41fb8d,Dacia,1300 Break,1300 Break (1972),1972,1980,1976,1
img-98f26cfcc3e07387f79d,Dacia,1310,1310 (1999),1999,2005,2002,2
img-80b368926d4c2dc25692,Dacia,1310,1310 (1994),1994,1999,1996,3
img-fea8276fcf39ac99a640,Dacia,1310,1310 (1984),1984,1990,1987,1
img-edb18ad015cd39dfa9c1,Dacia,1310,1310 (1979),1979,1984,1981,1
img-2c55ca5c55e062b7debe,Dacia,1310 Break,1310 Break (1999),1999,2004,2001,3
img-6be877b9c7b9ee40e2dc,Dacia,1310 Break,1310 Break (1994),1994,1999,1996,3
img-a36e7f9cc4c7b522638f,Dacia,1310 Break,1310 Break (1984),1984,1990,1987,2
img-487177f772e78ef34d5f,Dacia,1310 Break,1310 Break (1980),1980,1984,1982,1
img-1a06199738cf3193773a,Dacia,1310/1410 Sport,1310/1410 Sport (1981),1981,1992,1986,2
img-d52b9b869d3e1b78d574,Dacia,1320,1320 (1988),1988,1991,1989,2
img-b409c0154bae187f2794,Dacia,1325,1325 (1990),1990,1996,1993,2
img-09e3078daddbd5313b6b,Dacia,500,500 (1985),1985,1992,1988,1
img-901608757bfbfb1e1179,Dacia,Bigster,Bigster (2024),2024,,2025,4
img-b268f321a25341263672,Dacia,Dokker,Dokker (2012),2012,2021,2016,5
img-4dee637f36c0a9e51ee5,Dacia,Dokker Van,Dokker Van (2012),2012,2021,2016,5
img-7178f05b564aaeec9226,Dacia,Duster,Duster (2023),2023,,2024,4
img-25158451ca14e08af685,Dacia,Duster,Duster (2021),2021,2023,2022,7
img-66f405cb3f91fc57ae55,Dacia,Duster,Duster (2017),2017,2021,2019,11
img-b7461b9fc068fba82949,Dacia,Duster,Duster (2013),2013,2017,2015,7
img-d7b3756f13999f2f905b,Dacia,Duster,Duster (2010),2010,2013,2011,8
img-0d09d80102b57dc86b9d,Dacia,Duster Pick-Up,Duster Pick-Up (2020),2020,,2023,1
img-666081f2dd6d7aa900ff,Dacia,JOGGER,JOGGER (2026),2026,,2026,2
img-45fffc3612d91082d3d7,Dacia,JOGGER,JOGGER (2022),2022,2026,2024,4
img-2efc5ba2505c219dcf91,Dacia,JOGGER,JOGGER (2020),2020,2022,2021,4
img-1e3da031ffe5547837a6,Dacia,Lodgy,Lodgy (2012),2012,2022,2017,4
img-481beadae89c8a52ebc8,Dacia,Logan,Logan (2020),2020,,2023,4
img-bdc9ce4a414a1babfe12,Dacia,Logan,Logan (2016),2016,2020,2018,7
img-2d3ca1018ecdd4b01f4f,Dacia,Logan,Logan (2012),2012,2016,2014,5
img-04b9f80cf219a677ebf2,Dacia,Logan,Logan (2008),2008,2012,2010,5
img-d9a5999cdac1504f004e,Dacia,Logan,Logan (2004),2004,2008,2006,4
img-9e5ac952e3be7018fa3e,Dacia,Logan MCV,Logan MCV (2016),2016,2020,2018,7
img-31481b9c75b7ec4f3af7,Dacia,Logan MCV,Logan MCV (2013),2013,2016,2014,4
img-0c04c2631b2d164ed0af,Dacia,Logan MCV,Logan MCV (2008),2008,2012,2010,8
img-18c2538cc89793ca3845,Dacia,Logan MCV,Logan MCV (2006),2006,2008,2007,5
img-919c37b3a9e5952cafbf,Dacia,Logan MCV Stepway,Logan MCV Stepway (2017),2017,2020,2018,6
img-b4dcfaa863a4efae359c,Dacia,Logan Pick-Up,Logan Pick-Up (2007),2007,2012,2009,3
img-a611614c65ac4cfe50b3,Dacia,Logan Van,Logan Van (2007),2007,2012,2009,6
img-3a7c37cf07d8b98d192d,Dacia,Nova,Nova (1995),1995,1999,1997,3
img-6378b1e1dc144e19a103,Dacia,Sandero,Sandero (2020),2020,,2023,4
img-b3bffb42102fac567772,Dacia,Sandero,Sandero (2016),2016,2020,2018,7
img-afc80e6c4a9004fee575,Dacia,Sandero,Sandero (2012),2012,2016,2014,5
img-eb3e78151c48e2936c9f,Dacia,Sandero,Sandero (2008),2008,2012,2010,10
img-876d699de152db5cfcc0,Dacia,Sandero Stepway,Sandero Stepway (2026),2026,,2026,3
img-34da2ec0e0d3bb754746,Dacia,Sandero Stepway,Sandero Stepway (2020),2020,2026,2023,3
img-7669770c623b910a0013,Dacia,Sandero Stepway,Sandero Stepway (2016),2016,2020,2018,5
img-90371862405079ae290f,Dacia,Sandero Stepway,Sandero Stepway (2012),2012,2016,2014,2
img-27ac9722b9685f1daf7e,Dacia,Sandero Stepway,Sandero Stepway (2009),2009,2012,2010,4
img-dfcc0f4d50bb21d3a18b,Dacia,Solenza,Solenza (2003),2003,2005,2004,2
img-9015eaf2cf983cd424ba,Dacia,Spring,Spring (2024),2024,,2025,2
img-169d28474c05f034b9ce,Dacia,Spring,Spring (2021),2021,2024,2022,2
img-e12440020986ad024579,Dacia,SuperNova,SuperNova (1999),1999,2003,2001,1
img-e8c7d94222cf8759f130,Daewoo,Cielo,Cielo (1994),1994,1997,1995,4
img-c0839b808386de12986b,Daewoo,Cielo,Cielo Hatchback 3 Doors (1994),1994,1997,1995,3
img-7115bb222c00d97dc5a4,Daewoo,Cielo,Cielo Hatchback 5 Doors (1994),1994,1997,1995,3
img-21abb9faf22b583c36bb,Daewoo,Damas II,Damas II (2003),2003,2011,2007,1
img-decc5850bef0d0f293b2,Daewoo,Espero,Espero (1990),1990,1997,1993,3
img-8722219cccbd3f3ee3b5,Daewoo,G2X,G2X (2006),2006,2009,2007,1
img-4eb486b4eaf40fd5b23e,Daewoo,Gentra,Gentra (2005),2005,2011,2008,3
img-916aaf3ac8c804818b26,Daewoo,Lacetti,Lacetti (2002),2002,2009,2005,6
img-cf2df128a5348b7fb3d3,Daewoo,Lacetti,Lacetti 5 doors (2003),2003,2011,2007,8
img-94d3aa2aa72928b86ad7,Daewoo,Lacetti,Lacetti Wagon (2003),2003,2006,2004,3
img-9cb524aec004587513e7,Daewoo,Lanos,Lanos (1996),1996,2002,1999,3
img-9c65f9ce5a23fe70da3f,Daewoo,Lanos,Lanos Hatchback 3 Doors (1996),1996,2002,1999,3
img-b651cf8097d9089e0fea,Daewoo,Lanos,Lanos Hatchback 5 Doors (1996),1996,2002,1999,3
img-182a5d580cc7de670496,Daewoo,Leganza,Leganza (1997),1997,2002,1999,6
img-876502a244fdad502df0,Daewoo,Magnus,Magnus (2002),2002,2006,2004,7
img-6b2617cc50daf06fc262,Daewoo,Matiz,Matiz (2005),2005,2009,2007,2
img-bb6c46596b024dabdfdc,Daewoo,Matiz,Matiz (2001),2001,2005,2003,2
img-1979425cfee4af0af62d,Daewoo,Matiz,Matiz (1998),1998,2007,2002,2
img-516650c0193a2cd0aff7,Daewoo,Nubira,Nubira (2000),2000,2003,2001,2
img-e1452f0d3010fcd987a3,Daewoo,Nubira,Nubira (1997),1997,1999,1998,3
img-8531a6c3e53d64a210a8,Daewoo,Nubira,Nubira Estate (2000),2000,2003,2001,2
img-e351410f640e6ee36b4c,Daewoo,Nubira,Nubira Estate (1997),1997,2000,1998,2
img-3e037f90f6f4a77f21aa,Daewoo,Nubira,Nubira Hatchback (2000),2000,2004,2002,2
img-0c68cf43b6254ddc2f89,Daewoo,Nubira,Nubira Hatchback (1997),1997,1999,1998,2
img-5dc42a4e12051923126b,Daewoo,Statesman,Statesman (2003),2003,2006,2004,5
img-a63db80de9e6ce31f3dc,Daewoo,Tacuma,Tacuma (2004),2004,2008,2006,5
img-447d973ac9a47f97f60e,Daewoo,Tacuma,Tacuma (2000),2000,2004,2002,3
img-91be8da50c268213cac5,Daewoo,Tico,Tico (1991),1991,2001,1996,1
img-54b8272df0daa4b9ed35,Daewoo,Tosca,Tosca (2006),2006,2015,2010,3
img-61842ee0df31543fb974,Daewoo,Winstorm,Winstorm (2006),2006,2011,2008,4
img-cc7e6798fd23a8071f29,Daihatsu,Altis,Altis (2012),2012,2017,2014,1
img-8c7a8b59258fdbbac2e0,Daihatsu,Altis,Altis (2006),2006,2010,2008,2
img-2cf54cb972c94fc1652a,Daihatsu,Altis,Altis (2001),2001,2006,2003,2
img-8dd7eed16f843c755b5e,Daihatsu,Altis,Altis (2000),2000,2001,2000,1
img-a89513ade460f60eb4d8,Daihatsu,Applause,Applause (1997),1997,2000,1998,2
img-03f006591b880ad7011b,Daihatsu,Applause,Applause (1989),1989,1992,1990,3
img-55161e6d13dbe32cfb97,Daihatsu,Ayla,Ayla (2013),2013,2017,2015,4
img-3fe35e99d67691037ee5,Daihatsu,Copen,Copen (2004),2004,2012,2008,4
img-49d02f84e1b58f3e7582,Daihatsu,Cuore,Cuore (2007),2007,2009,2008,2
img-0a838be79ce2cdd598b3,Daihatsu,Feroza Hardtop,Feroza Hardtop (1994),1994,1998,1996,1
img-13b3475f8e149391f18d,Daihatsu,Feroza Hardtop,Feroza Hardtop (1991),1991,1994,1992,1
img-068faffb3a3304850678,Daihatsu,Feroza Softtop,Feroza Softtop (1995),1995,1998,1996,1
img-d8cc3b42288e81a28c17,Daihatsu,Gran Move,Gran Move (1999),1999,2002,2000,1
img-b5387fe7d522f2b323c3,Daihatsu,Gran Move,Gran Move (1996),1996,1999,1997,1
img-a966b695078d4d1328b7,Daihatsu,Materia,Materia (2007),2007,2010,2008,2
img-1d6252ca05fb7037b7ba,Daihatsu,Move,Move (1999),1999,2002,2000,2
img-43f5d806cdcbd51c740d,Daihatsu,Move,Move (1997),1997,1999,1998,3
img-e0e324f948b737be9946,Daihatsu,Rocky,Rocky Wagon (1988),1988,1994,1991,4
img-f1696264a12e9d1ee6e3,Daihatsu,Rocky Hardtop,Rocky Hardtop (1988),1988,1994,1991,3
img-3b7cc705d656ae879cca,Daihatsu,Sirion,Sirion (2010),2010,2018,2014,1
img-62b97bc6a6ee7ba0f2dc,Daihatsu,Sirion,Sirion (2001),2001,2004,2002,2
img-2f0597a2a8cbd866cde3,Daihatsu,Sirion,Sirion (1998),1998,2002,2000,2
img-b72fe0369419be7ed55b,Daihatsu,Sirion 2,Sirion 2 (2005),2005,2008,2006,2
img-987eeacc33821e01d9d6,Daihatsu,Terios,Terios (2006),2006,2017,2011,3
img-2d77c5c84d1216b60e64,Daihatsu,Terios,Terios (2000),2000,2005,2002,2
img-61771fc075558326c3d3,Daihatsu,Terios,Terios (1997),1997,2000,1998,2
img-984b99fc92058ff9ce13,Daihatsu,Trevis,Trevis (2004),2004,2009,2006,2
img-b2b5993285ea71f0a4b1,Daihatsu,Valera,Valera (1996),1996,2001,1998,3
img-c4453d8f129bde937ecb,Datsun,GO,GO (2018),2018,2022,2020,1
img-d5ce4fc6f0d8481a5229,Datsun,GO,GO (2013),2013,2018,2015,1
img-d874f355c6beee8a9a41,Datsun,GO+,GO+ (2013),2013,2018,2015,1
img-fbea9d4400727c3684c5,Datsun,Mi-Do,Mi-Do (2014),2014,2020,2017,3
img-19c42b9c560ed1090a71,Datsun,on-Do,on-Do (2014),2014,2020,2017,4
img-7539c8f3f703cc5b4ced,DMC,DeLorean DMC-12,DeLorean DMC-12 (1981),1981,1983,1982,3
img-74e36aa69853b19428e4,Dodge,Aries,Aries Coupe (1981),1981,1989,1985,4
img-98896653a1b5f1804716,Dodge,Avenger,Avenger (2010),2010,2014,2012,3
img-e5d73fa310f118784870,Dodge,Avenger,Avenger (2007),2007,2010,2008,7
img-eb5fbaca2bce21f9e800,Dodge,Caliber,Caliber (2006),2006,2011,2008,6
img-02925902f7f60d926771,Dodge,Caliber SRT4,Caliber SRT4 (2007),2007,2009,2008,3
img-a59ed63e139ebb618d7f,Dodge,Caravan,Caravan (2007),2007,2014,2010,4
img-e38154c8bb976f0e05f9,Dodge,Caravan,Caravan (2001),2001,2007,2004,3
img-ea05dd5c79b9abad4bf2,Dodge,Caravan,Caravan (1995),1995,2001,1998,4
img-47247cd480a0c022a0aa,Dodge,Caravan,Caravan (1987),1987,1990,1988,2
img-3667f9eb0e830fb9bc01,Dodge,Caravan,Caravan (1983),1983,1990,1986,5
img-3f3631ebe81da372f376,Dodge,Challenger,Challenger (2014),2014,2023,2018,5
img-93fe69c353a47d52b17d,Dodge,Challenger,Challenger (2010),2010,2015,2012,4
img-0f900638fab0512f59a5,Dodge,Challenger,Challenger (2008),2008,2010,2009,5
img-84f2c0896b404ab6d8f3,Dodge,Challenger,Challenger (1969),1969,1974,1971,19
img-c2237857123693849b46,Dodge,Challenger SRT,Challenger SRT (2023),2023,,2024,1
img-d86f27b1d35f90f554d5,Dodge,Challenger SRT,Challenger SRT (2017),2017,2019,2018,1
img-ae4139c0ddeffb0b8ef1,Dodge,Challenger SRT,Challenger SRT (2015),2015,2023,2019,4
img-bb6a35437a053e9790ed,Dodge,Challenger SRT,Challenger SRT (2009),2009,2013,2011,3
img-4a3fc88b81a602977176,Dodge,Charger,Charger (2024),2024,,2025,2
img-d0428882f1451c32ae65,Dodge,Charger,Charger (2015),2015,2023,2019,3
img-a6727e2fa3db40b52db4,Dodge,Charger,Charger (2010),2010,2015,2012,5
img-687004502a932f3c039d,Dodge,Charger,Charger (2005),2005,2010,2007,6
img-e832e97a8a7207a21188,Dodge,Charger,Charger (1981),1981,1987,1984,8
img-89b8de59030c04944f8d,Dodge,Charger,Charger (1974),1974,1978,1976,9
img-2bd623be04106fb4067b,Dodge,Charger,Charger (1971),1971,1972,1971,17
img-87b425b872d7d26335fd,Dodge,Charger,Charger (1969),1969,1970,1969,7
img-f3ad3ee03253230e263d,Dodge,Charger,Charger (1968),1968,1970,1969,9
img-d0ba4137e9eefdfe626d,Dodge,Charger,Charger (1966),1966,1968,1967,9
img-e2978c46241db413ca3a,Dodge,Charger SRT,Charger SRT (2019),2019,2023,2021,1
img-5aa051c78fde247566df,Dodge,Charger SRT,Charger SRT (2015),2015,2019,2017,2
img-7d6760876fee3bac4c7b,Dodge,Charger SRT,Charger SRT (2012),2012,2015,2013,1
img-8ae10bc1cf5470d07c40,Dodge,Charger SRT,Charger SRT (2006),2006,2010,2008,4
img-929b7a5cb64a7ac13a2a,Dodge,Dakota,Dakota (1996),1996,2004,2000,4
img-9b5a7ef4551479a29500,Dodge,Dakota Club Cab,Dakota Club Cab (2004),2004,2011,2007,2
img-ecf79f09b83653967a3b,Dodge,Dakota Quad Cab,Dakota Quad Cab (2004),2004,2011,2007,2
img-18cfd446cb41a694c1d0,Dodge,Dart,Dart (2012),2012,2014,2013,6
img-f065041270e786197a94,Dodge,Durango,Durango (2020),2020,,2023,3
img-c17aca3d56d9aa15a86a,Dodge,Durango,Durango (2013),2013,2020,2016,6
img-7489b62307f559703f76,Dodge,Durango,Durango (2004),2004,2009,2006,3
img-157a1b219966f01a4062,Dodge,Durango,Durango (1997),1997,2003,2000,2
img-04ce9f1df0c50722f6f6,Dodge,Durango SRT,Durango SRT (2020),2020,,2023,2
img-c9f0b5e0b436efdffede,Dodge,Durango SRT,Durango SRT (2017),2017,2020,2018,1
img-7d7442d2d89c26ce2494,Dodge,Hornet,Hornet (2022),2022,,2024,2
img-4d8be8e094ef69e981ca,Dodge,Journey,Journey (2014),2014,2020,2017,3
img-d185019589e596adc057,Dodge,Journey,Journey (2011),2011,2014,2012,3
img-eb68dfb5cc62f85b9093,Dodge,Journey,Journey (2008),2008,2011,2009,5
img-0ef37feb91ff45558808,Dodge,Magnum,Magnum (2007),2007,2008,2007,3
img-b0e7004cdd53aba8f992,Dodge,Magnum,Magnum (2004),2004,2007,2005,6
img-1cb8f08c560970679f74,Dodge,Magnum SRT8,Magnum SRT8 (2007),2007,2008,2007,1
img-e06674116b57dfcfab99,Dodge,Magnum SRT8,Magnum SRT8 (2005),2005,2007,2006,1
img-87758b0bab5ed47e3783,Dodge,Neon,Neon (2003),2003,2005,2004,5
img-22e25648b9289dd6c993,Dodge,Neon,Neon (1999),1999,2002,2000,5
img-cbfdb89cf5d15f77151a,Dodge,Neon,Neon (1994),1994,1998,1996,2
img-942fdb122625a1606737,Dodge,Nitro,Nitro (2006),2006,2012,2009,6
img-419798cc2e232246fb7a,Dodge,Ram,Ram (2009),2009,2013,2011,5
img-742cebf5602c85c1711f,Dodge,Ram,Ram (1993),1993,2002,1997,5
img-8058899fc42f885492e6,Dodge,Stratus,Stratus (2001),2001,2005,2003,2
img-484aa36d2994cf928db5,Dodge,Stratus,Stratus (1994),1994,2000,1997,3
img-68ef70036abe6006f637,Dodge,Stratus,Stratus Coupe (2001),2001,2005,2003,4
img-5a8dde77c5456486b80f,Dodge,Viper,Viper (2012),2012,2017,2014,1
img-6f14bf1f11138d4eba9f,Dodge,Viper,Viper (2007),2007,2010,2008,2
img-424ba1d94edbf0a9c413,Dodge,Viper,Viper (2005),2005,2007,2006,1
img-7e08e94411b0c6b7aadb,Dodge,Viper,Viper (2003),2003,2007,2005,2
img-cb731343cc0027fe5d9a,Dodge,Viper,Viper (1996),1996,2002,1999,1
img-3bf49bd83bfd7b893df8,Dodge,Viper,Viper (1991),1991,2002,1996,1
img-f8cafcca18be08aa6b11,Donkervoort,D8,D8 (1993),1993,2012,2002,6
img-b8f5e5b286f7ffadaab9,Donkervoort,P24,P24 (2026),2026,,2026,1
img-25f94cc24ffd1fe9d7c6,DR,MOTOR dr cityCROSS,MOTOR dr cityCROSS (2013),2013,2016,2014,1
img-fcbafee61b27f97ffffb,DR,MOTOR dr1,MOTOR dr1 (2009),2009,2014,2011,1
img-ba5d933150f47edd1173,DR,MOTOR dr2,MOTOR dr2 (2010),2010,2014,2012,1
img-caaa37b40bcf6c980cba,DR,MOTOR dr5,MOTOR dr5 (2007),2007,2020,2013,4
img-5dd2b93ea8e155a4a24b,DS,AUTOMOBILES DS 3,AUTOMOBILES DS 3 (2023),2023,,2024,4
img-a6763c0eeb5a2743779d,DS,AUTOMOBILES DS 3,AUTOMOBILES DS 3 (2016),2016,2018,2017,8
img-b3af5386112032161434,DS,AUTOMOBILES DS 3,AUTOMOBILES DS 3 (2014),2014,2016,2015,8
img-fd83a9a8fb9b865da4cd,DS,AUTOMOBILES DS 3 Cabrio,AUTOMOBILES DS 3 Cabrio (2016),2016,2018,2017,8
img-b994b01200bcaeea4473,DS,AUTOMOBILES DS 3 Cabrio,AUTOMOBILES DS 3 Cabrio (2013),2013,2016,2014,6
img-4c715b2752faf2b7e3ff,DS,AUTOMOBILES DS 3 Crossback,AUTOMOBILES DS 3 Crossback (2018),2018,2022,2020,7
img-9c084939d47377fa2fff,DS,AUTOMOBILES DS 4,AUTOMOBILES DS 4 (2025),2025,,2025,2
img-86c4c999b00c6cf9ead9,DS,AUTOMOBILES DS 4,AUTOMOBILES DS 4 (2021),2021,2025,2023,5
img-893439803ac68486999e,DS,AUTOMOBILES DS 5,AUTOMOBILES DS 5 (2016),2016,2018,2017,7
img-eec315f3e93653f1a670,DS,AUTOMOBILES DS 5LS,AUTOMOBILES DS 5LS (2014),2014,2018,2016,7
img-978cf8c82f211251d278,DS,AUTOMOBILES DS 7,AUTOMOBILES DS 7 (2026),2026,,2026,1
img-d66ee6f026803e98cbf9,DS,AUTOMOBILES DS 7,AUTOMOBILES DS 7 (2022),2022,2026,2024,2
img-fcc20640f416744ad3cc,DS,AUTOMOBILES DS 7,AUTOMOBILES DS 7 (2017),2017,2022,2019,9
img-b5bbbf92ba814cee5f62,DS,AUTOMOBILES DS 9,AUTOMOBILES DS 9 (2020),2020,,2023,4
img-0896e2306b4466a024c9,DS,AUTOMOBILES DS N8,AUTOMOBILES DS N8 (2024),2024,,2025,3
img-7099db56b37a0eed48a5,Eagle,Premier,Premier (1987),1987,1993,1990,1
img-0d4ada7ad55171e1ee06,Eagle,Summit,Summit (1993),1993,1996,1994,3
img-985ed43a01de10e7f40c,Eagle,Summit,Summit Wagon (1992),1992,1996,1994,6
img-92aa6eb7e33107e1ce17,Eagle,Talon,Talon (1995),1995,1998,1996,4
img-f40899d1f424be620176,Ferrari,12Cilindri,12Cilindri Spider (2024),2024,,2025,1
img-49ef35aa792640dc715a,Ferrari,12Cilindri,12Cilindri (2024),2024,,2025,1
img-5338434a17547c68f954,Ferrari,288 GTO/F40/F50/Enzo/LaFerrari,288 GTO/F40/F50/Enzo/LaFerrari (2013),2013,2015,2014,1
img-31ab6127579ff7db6098,Ferrari,288 GTO/F40/F50/Enzo/LaFerrari,288 GTO/F40/F50/Enzo/LaFerrari (2002),2002,2004,2003,1
img-8fe824cc514e3b384c82,Ferrari,288 GTO/F40/F50/Enzo/LaFerrari,288 GTO/F40/F50/Enzo/LaFerrari (1995),1995,1997,1996,1
img-1285a102effa7023a0f8,Ferrari,288 GTO/F40/F50/Enzo/LaFerrari,288 GTO/F40/F50/Enzo/LaFerrari (1987),1987,1992,1989,1
img-94e28d87dac403e654e2,Ferrari,288 GTO/F40/F50/Enzo/LaFerrari,288 GTO/F40/F50/Enzo/LaFerrari (1984),1984,1986,1985,1
img-a1a16603c48be604314a,Ferrari,296 GTB,296 GTB (2022),2022,,2024,1
img-6c22edc7a91b9921b10c,Ferrari,296 GTS,296 GTS (2022),2022,,2024,1
img-23021ec2c6c72e847c3b,Ferrari,296 Speciale,296 Speciale (2025),2025,,2025,2
img-533656778d8b03fa6303,Ferrari,308 GTB/GTS,308 GTB/GTS (1982),1982,1985,1983,4
img-8a18d5e46967160179ca,Ferrari,308 GTB/GTS,308 GTB/GTS (1980),1980,1982,1981,4
img-d085be2a546032d66b98,Ferrari,308 GTB/GTS,308 GTB/GTS (1977),1977,1980,1978,2
img-19c3a1f575c1e73196b6,Ferrari,308 GTB/GTS,308 GTB/GTS (1975),1975,1980,1977,3
img-3fda81d7cd540aeaefbf,Ferrari,328 GTB/GTS,328 GTB/GTS (1985),1985,1989,1987,4
img-42fc7737946d66cba90b,Ferrari,348,348 (1993),1993,1994,1993,2
img-7bea5e637c9a3152a2f0,Ferrari,348,348 (1989),1989,1993,1991,2
img-c37f487e695a1460782e,Ferrari,348,348 Spider (1993),1993,1995,1994,1
img-da9d25ac00e4a6cb4093,Ferrari,360,360 Spider (2000),2000,2005,2002,2
img-905ee03524985d349af6,Ferrari,360 Challenge Stradale,360 Challenge Stradale (2003),2003,2005,2004,1
img-39aa5b765aa38c2bde89,Ferrari,360 Modena,360 Modena (1999),1999,2004,2001,2
img-449f66935b146cd4d55f,Ferrari,365,365 (1969),1969,1974,1971,1
img-b6de835aea9f83a1f6e5,Ferrari,365,365 (1968),1968,1974,1971,1
img-a7aa18c58d57874e2023,Ferrari,365GT4 BB/ 512BB/ 512 BBi,365GT4 BB/ 512BB/ 512 BBi (1973),1973,1984,1978,3
img-b21347c80fa81bbc0148,Ferrari,400,400 (1985),1985,1989,1987,2
img-c2e178785d09d69c78bf,Ferrari,400,400 (1979),1979,1985,1982,4
img-8a35e343c68cec4e34ac,Ferrari,400,400 (1976),1976,1979,1977,2
img-ea0880ee1248aadb0900,Ferrari,456 GT,456 GT (1998),1998,2003,2000,1
img-bc92fdebbd6ffc5b968e,Ferrari,456 GT,456 GT (1992),1992,1997,1994,2
img-159cd92773eef8f01735,Ferrari,458,458 Spider (2011),2011,2015,2013,1
img-6b8be6525425c0922c7c,Ferrari,458 Italia,458 Italia (2009),2009,2015,2012,1
img-941119b603960ebf01e8,Ferrari,458 Speciale,458 Speciale (2013),2013,2015,2014,1
img-cf38e18600962933f049,Ferrari,458 Speciale A,458 Speciale A (2014),2014,2015,2014,1
img-634e579b8e782a49d54e,Ferrari,488,488 Spider (2016),2016,2019,2017,1
img-ddf0925bb6ebab970ad8,Ferrari,488 GTB,488 GTB (2015),2015,2019,2017,1
img-4466eb2eafda97943e85,Ferrari,488 Pista,488 Pista (2018),2018,2020,2019,1
img-0a132ae180ad39c7284c,Ferrari,550 Barchetta/575M Superamerica,550 Barchetta/575M Superamerica (2005),2005,2006,2005,2
img-6215044d12d196a623fc,Ferrari,550 Barchetta/575M Superamerica,550 Barchetta/575M Superamerica (2000),2000,2002,2001,1
img-1585e5bd9b5d61f57570,Ferrari,550/575M Maranello,550/575M Maranello (2002),2002,2006,2004,2
img-d8c123b9c70fda7bf418,Ferrari,550/575M Maranello,550/575M Maranello (1996),1996,2002,1999,1
img-549f1d4d4371405b1bba,Ferrari,599,599 (2010),2010,2012,2011,1
img-e133cca472ed591511f1,Ferrari,599,599 (2006),2006,2012,2009,2
img-d45022c2e8d7fbd48fb0,Ferrari,612 Scaglietti,612 Scaglietti (2004),2004,2011,2007,2
img-6ad93d4452d023806f21,Ferrari,812,812 (2019),2019,2024,2021,1
img-c7bc6be480c8024c8f84,Ferrari,812,812 (2017),2017,2024,2020,1
img-b0065982aebf2020b34c,Ferrari,Amalfi,Amalfi Spider (2026),2026,,2026,1
img-8a78b19dc622d6cc5bd1,Ferrari,Amalfi,Amalfi (2025),2025,,2025,1
img-cc8b7deaa7b8dedd6e41,Ferrari,California T,California T (2014),2014,2017,2015,1
img-109059db19057b9f5e38,Ferrari,Daytona,Daytona (2021),2021,,2023,1
img-0deb93345ca23811eb43,Ferrari,Dino,Dino (1975),1975,1980,1977,1
img-6f8c2e0038f89c2dc59e,Ferrari,Dino,Dino (1973),1973,1980,1976,2
img-6bd8a6a37b5258619328,Ferrari,Dino,Dino (1969),1969,1974,1971,1
img-2aaec47925ec02f50330,Ferrari,Dino,Dino (1968),1968,1969,1968,1
img-1b190c680dcaa27e771a,Ferrari,F12 Berlinetta,F12 Berlinetta (2012),2012,2015,2013,1
img-7d37ebdf3cb3513f2104,Ferrari,F12 TRS,F12 TRS (2014),2014,2014,2014,1
img-fcb1866718ab7cda7725,Ferrari,F12tdf,F12tdf (2015),2015,2017,2016,1
img-ba461f42cb4ba3de9e7d,Ferrari,F149 California,F149 California (2012),2012,2017,2014,1
img-d2364726dedc5c66c285,Ferrari,F149 California,F149 California (2008),2008,2011,2009,3
img-8dbd073db536c841728f,Ferrari,F355,F355 (1995),1995,1999,1997,2
img-39589f67721a9abcbcfa,Ferrari,F355,F355 (1994),1994,1999,1996,2
img-8f1643ff66f80caa30f7,Ferrari,F355,F355 Spider (1995),1995,1999,1997,2
img-dd696118f27f25c595cc,Ferrari,F430,F430 (2007),2007,2009,2008,1
img-64bdf2b3ccc03046d3b2,Ferrari,F430,F430 (2004),2004,2009,2006,2
img-4f3d04f2b0cc3cc30273,Ferrari,F430,F430 Spider (2005),2005,2009,2007,2
img-1b3365f28c3b5ab29ead,Ferrari,F60 America,F60 America (2014),2014,2016,2015,1
img-cab7e87f5e9d91bf7dc4,Ferrari,F8,F8 (2019),2019,2023,2021,2
img-647c6e63cfbb966d803a,Ferrari,F80,F80 (2024),2024,,2025,1
img-03978dfc4af59c193feb,Ferrari,FF,FF (2011),2011,2016,2013,1
img-bf9e902efc58a932c502,Ferrari,FXX,FXX (2005),2005,2007,2006,1
img-f5286a953c3ed2000f2d,Ferrari,GTC4Lusso,GTC4Lusso (2016),2016,2020,2018,1
img-e92b4d793116aaa233ef,Ferrari,GTC4Lusso T,GTC4Lusso T (2016),2016,2020,2018,1
img-5a9c30a0b28ded0af2a2,Ferrari,LaFerrari,LaFerrari (2016),2016,2018,2017,1
img-8da0ba60229e88aa7d59,Ferrari,Luce,Luce (2026),2026,,2026,1
img-da7e36e42aeeca109239,Ferrari,Mondial,Mondial (1989),1989,1993,1991,1
img-e859ea11af68cce0479f,Ferrari,Mondial,Mondial (1985),1985,1989,1987,2
img-96a8d7ea2d060c8d8f1d,Ferrari,Mondial,Mondial (1982),1982,1985,1983,2
img-5e0c774f49259c4dc1b6,Ferrari,Mondial,Mondial (1980),1980,1982,1981,2
img-55deb3fcc444be953cee,Ferrari,Mondial,Mondial Cabriolet (1989),1989,1993,1991,1
img-6feea6c48c45700fd8e4,Ferrari,Mondial,Mondial Cabriolet (1985),1985,1988,1986,2
img-e7b55d6d9eee00dac5f4,Ferrari,Mondial,Mondial Cabriolet (1983),1983,1985,1984,1
img-086818f52b66d504a138,Ferrari,Monza,Monza (2018),2018,2022,2020,2
img-ce8943ac03b6387ba443,Ferrari,Portofino,Portofino (2020),2020,,2023,1
img-26632553247b22b857c4,Ferrari,Portofino,Portofino (2017),2017,2020,2018,1
img-78cce569ad0ea60ad99f,Ferrari,Purosangue,Purosangue (2022),2022,,2024,1
img-e3440717cd2861b8307b,Ferrari,Roma,Roma Convertible (2023),2023,,2024,1
img-cd5df4a4859852aa7600,Ferrari,Roma,Roma (2019),2019,2024,2021,1
img-2585daa8448b2b907fd8,Ferrari,Scuderia,Scuderia Spider (2008),2008,2009,2008,1
img-d61e752d0f2b7410a726,Ferrari,SF90,SF90 (2023),2023,,2024,2
img-ec81bab69b0ae0770e62,Ferrari,SF90,SF90 (2020),2020,,2023,1
img-4974c02cd65206b311c0,Ferrari,SF90,SF90 (2019),2019,2022,2020,1
img-1bb5461be118449aa214,Ferrari,Testarossa,Testarossa Spider (2025),2025,,2025,1
img-97094e77954da9b436b8,Ferrari,Testarossa/512 TR/512M,Testarossa/512 TR/512M (2025),2025,,2025,1
img-3e29074bcfe5922456ce,Ferrari,Testarossa/512 TR/512M,Testarossa/512 TR/512M (1994),1994,1996,1995,1
img-3727219ba14cc2038251,Ferrari,Testarossa/512 TR/512M,Testarossa/512 TR/512M (1992),1992,1994,1993,1
img-24084409f816f944bfa6,Ferrari,Testarossa/512 TR/512M,Testarossa/512 TR/512M (1984),1984,1991,1987,1
img-b8101732aaf727557b3f,Fiat,124,124 Coupe (1972),1972,1976,1974,5
img-55292b1172da3d6ef485,Fiat,124,124 Coupe (1969),1969,1972,1970,4
img-210c15c93a02de55a10a,Fiat,124,124 Coupe (1967),1967,1969,1968,2
img-ebcb2fa6b664003be960,Fiat,124,124 Spider (2018),2018,2020,2019,1
img-c2a2d197276c274736c7,Fiat,124,124 Spider (2017),2017,2021,2019,2
img-7f546cc3388588b0a619,Fiat,124,124 Spider (2016),2016,2019,2017,2
img-25756aa7b3fc5761043a,Fiat,124,124 Spider (1972),1972,1983,1977,8
img-120c19a3f089acaa6a4b,Fiat,124,124 Spider (1969),1969,1972,1970,3
img-c81b1bf46a8e43387a61,Fiat,124,124 Spider (1966),1966,1969,1967,1
img-8c63a3e74d301043696b,Fiat,124 Familiale,124 Familiale (1966),1966,1970,1968,4
img-c98264992ed94300f420,Fiat,124 Saloon,124 Saloon (1968),1968,1974,1971,4
img-30961ff4384187d92dde,Fiat,124 Saloon,124 Saloon (1966),1966,1974,1970,4
img-08248225b7208782b9dd,Fiat,125,125 (1970),1970,1972,1971,2
img-ff2bdfa5e5fee6ebcf4b,Fiat,125,125 (1967),1967,1972,1969,2
img-a2ee516274bd531048d7,Fiat,126,126 (1972),1972,2000,1986,3
img-908fff4a775aa00c6c03,Fiat,127,127 (1977),1977,1981,1979,3
img-61c5996f53f5b631a366,Fiat,127,127 (1971),1971,1977,1974,3
img-1b189a4ff992726f94d6,Fiat,127 Panorama,127 Panorama (1980),1980,1983,1981,3
img-6bfa2925df12963e94a3,Fiat,128,128 Coupe (1972),1972,1974,1973,1
img-8c2ec342aa7cddcf1197,Fiat,128 Saloon,128 Saloon (1969),1969,1976,1972,1
img-266bb163bf718d0d421a,Fiat,130,130 Coupe (1971),1971,1972,1971,2
img-1a9ef6547b1b3833f85a,Fiat,130 Limousine,130 Limousine (1969),1969,1976,1972,6
img-f8b638834e92818ff2e5,Fiat,131,131 4 doors (1978),1978,1981,1979,7
img-c6782c395369c531e913,Fiat,131,131 4 doors (1974),1974,1978,1976,9
img-ed9a56b327be81d4d83d,Fiat,132,132 (1972),1972,1981,1976,11
img-e9b8717984d3b94772d3,Fiat,500,500 (2020),2020,,2023,1
img-5d29810a4173d8f7b2ed,Fiat,500,500 (2015),2015,2024,2019,8
img-8a64d4d32e89049d11d6,Fiat,500,500 (2009),2009,2015,2012,10
img-4f63032c5f132aa3c4e6,Fiat,500,500 (2007),2007,2015,2011,9
img-8165800ae74b2f0635cd,Fiat,500,500 (1972),1972,1975,1973,1
img-43b8ea7f0d58e6a07c63,Fiat,500,500 (1968),1968,1972,1970,1
img-4fc7d4d631d2301f568d,Fiat,500,500 (1965),1965,1972,1968,1
img-88faf4a7fb9a512bae6d,Fiat,500,500 (1960),1960,1969,1964,1
img-cfab2d1d7e9f1a8b11ad,Fiat,500,500 (1957),1957,1960,1958,2
img-62c31e8d7861b3a15ae9,Fiat,500 3+1,500 3+1 (2020),2020,,2023,2
img-ad8a5f54311c0ceb9020,Fiat,500 Abarth,500 Abarth (2021),2021,,2023,1
img-942d285a6577ede6f4c1,Fiat,500 Abarth,500 Abarth (2016),2016,2021,2018,12
img-52ff51ee3aaf208d31a2,Fiat,500 Abarth,500 Abarth (2014),2014,2020,2017,1
img-416ece87f01435698846,Fiat,500 Abarth,500 Abarth (2012),2012,2015,2013,10
img-140fecdb8337410e0c5f,Fiat,500 Abarth,500 Abarth (2010),2010,2016,2013,1
img-7f62035ec708086dd9da,Fiat,500 Abarth,500 Abarth (2009),2009,2016,2012,2
img-177001b83959c0875516,Fiat,500 Abarth,500 Abarth (2008),2008,2024,2016,3
img-de455e2c12cda1b8d165,Fiat,500 K / Giardiniera,500 K / Giardiniera (1960),1960,1977,1968,1
img-966a4872dc80d91aa6f1,Fiat,500e,500e (2013),2013,2020,2016,1
img-1812a57e9059a619e70f,Fiat,500L,500L (2012),2012,2017,2014,9
img-f7afafc3736bdc9c67c9,Fiat,500L Living,500L Living (2013),2013,2022,2017,6
img-e8ea505c62d4600c3869,Fiat,500L Trekking,500L Trekking (2013),2013,2017,2015,9
img-b18b5478da467ca2d586,Fiat,500L Urban,500L Urban (2017),2017,2022,2019,5
img-0e02fe0119988912db6a,Fiat,500X,500X (2018),2018,2024,2021,7
img-41c32a7afd015f4a659b,Fiat,500X,500X (2015),2015,2018,2016,8
img-c1c483cd57b774208966,Fiat,600,600 (2023),2023,,2024,1
img-f0bb067c85292a50245d,Fiat,600,600 (2005),2005,2007,2006,1
img-c25312c3765ab76703e9,Fiat,600,600 (1955),1955,1969,1962,1
img-d25809392294213abcce,Fiat,850,850 (1964),1964,1971,1967,1
img-ec834cf4e80ce4eb584c,Fiat,850,850 Coupe (1968),1968,1971,1969,1
img-4f4215fc79e2eb14c7d6,Fiat,850,850 Coupe (1965),1965,1968,1966,1
img-bf834af55685120baea6,Fiat,850,850 Spider (1965),1965,1968,1966,1
img-01784588cbf2af3d73b3,Fiat,Albea / Siena,Albea / Siena (2005),2005,2012,2008,4
img-98cb83564d3ead1ca93b,Fiat,Albea / Siena,Albea / Siena (2002),2002,2005,2003,3
img-b6a15ad5a5e5b69f313b,Fiat,Argenta,Argenta (1983),1983,1985,1984,7
img-7b3fb2afe0c6c62e7adb,Fiat,Argenta,Argenta (1981),1981,1983,1982,7
img-ec7c90307e4383d30470,Fiat,Barchetta,Barchetta (2003),2003,2005,2004,1
img-d3c4384a36b180bf1a1b,Fiat,Barchetta,Barchetta (1995),1995,2003,1999,1
img-16a9ed495fa0fd8d8a3b,Fiat,Brava,Brava (1995),1995,2001,1998,9
img-801c9ed5bb550b1ec78c,Fiat,Bravo,Bravo (2007),2007,2010,2008,11
img-d3684580b9d900553d3f,Fiat,Bravo,Bravo (1995),1995,2001,1998,11
img-0edbdbaa0760c1b885ef,Fiat,Campagnola,Campagnola (1974),1974,1979,1976,1
img-3797b1059ecd0dda9240,Fiat,Campagnola,Campagnola (1955),1955,1968,1961,1
img-69794b6e3b57ff40f0ac,Fiat,Cinquecento,Cinquecento (1991),1991,1998,1994,3
img-c6abf4a1e14536d16be6,Fiat,Coupe,Coupe (1994),1994,2000,1997,5
img-1f72d21272c8695ce362,Fiat,Croma,Croma (2005),2005,2011,2008,5
img-fa1e9ef9e6ffcdc962f8,Fiat,Croma,Croma (1991),1991,1996,1993,6
img-443ba75a93d60ae167b4,Fiat,Croma,Croma (1986),1986,1991,1988,8
img-03e4de8fe896dd474b25,Fiat,Dino,Dino Coupe (1967),1967,1972,1969,2
img-f01437b837512c774d79,Fiat,Dino,Dino Spider (1969),1969,1972,1970,1
img-95bdae7fd2859dfb6a9e,Fiat,Dino,Dino Spider (1967),1967,1969,1968,1
img-e1207bada1933606b711,Fiat,Doblo,Doblo (2015),2015,2022,2018,7
img-b9d1776dda0da911a751,Fiat,Doblo,Doblo (2010),2010,2015,2012,5
img-d56807aacf6aca8b1f6a,Fiat,Doblo,Doblo (2005),2005,2010,2007,5
img-df995d53105ea953f4a8,Fiat,Doblo,Doblo (2001),2001,2004,2002,7
img-9e6917e16d084cdb3e80,Fiat,Freemont,Freemont (2015),2015,2018,2016,5
img-00f0bcd7995b4cec9748,Fiat,Freemont,Freemont (2011),2011,2015,2013,4
img-61f32755609742f0c432,Fiat,Fullback,Fullback (2016),2016,2019,2017,10
img-7aa0470119cae1c3893a,Fiat,Grande Panda,Grande Panda (2024),2024,,2025,2
img-820b5289ded718575938,Fiat,Grande Punto / Punto Evo,Grande Punto / Punto Evo 3 Doors (2009),2009,2012,2010,12
img-8c8cc81471a163de11d7,Fiat,Grande Punto / Punto Evo,Grande Punto / Punto Evo 3 Doors (2007),2007,2010,2008,1
img-98e04bbc3aaefe0fb0e1,Fiat,Grande Punto / Punto Evo,Grande Punto / Punto Evo 3 Doors (2005),2005,2009,2007,8
img-64278b30f06348fc770b,Fiat,Grande Punto / Punto Evo,Grande Punto / Punto Evo 5 Doors (2009),2009,2012,2010,12
img-fccc7522557aa3d962a9,Fiat,Grande Punto / Punto Evo,Grande Punto / Punto Evo 5 Doors (2005),2005,2009,2007,8
img-dc1ef2f78f323bed9468,Fiat,Idea,Idea (2010),2010,2016,2013,5
img-b708d2ee4846a42f2215,Fiat,Idea,Idea (2003),2003,2010,2006,6
img-962d63c8ffdd886e0cc9,Fiat,Linea,Linea (2006),2006,2015,2010,3
img-678154d4ae366e698137,Fiat,Marea,Marea (1996),1996,2002,1999,11
img-135aecdfb2d79251d769,Fiat,Marea Weekend,Marea Weekend (1996),1996,2002,1999,11
img-cec329c1a82a1f6a4ad1,Fiat,Mille,Mille (1983),1983,2013,1998,1
img-f546e81d541c66fd2ed3,Fiat,Multipla,Multipla (2004),2004,2010,2007,2
img-de8aa661e72f79efee99,Fiat,Multipla,Multipla (1998),1998,2004,2001,2
img-46fb5e6166d747ee1ea4,Fiat,Palio,Palio (2011),2011,2016,2013,3
img-77ae2c12623edda049c6,Fiat,Palio Weekend,Palio Weekend (2012),2012,2019,2015,4
img-bf3b6699e033c9df2551,Fiat,Panda,Panda (2011),2011,2024,2017,4
img-8b0cbb7cb42d8e05ef95,Fiat,Panda,Panda (2006),2006,2011,2008,1
img-9d2e5aa0e7c26de867d1,Fiat,Panda,Panda (2003),2003,2011,2007,4
img-0a3dda019fed6a59a519,Fiat,Panda,Panda (1986),1986,2002,1994,6
img-a01630587320dbd855f0,Fiat,Panda,Panda (1981),1981,1986,1983,2
img-4452399241b8891e5ec9,Fiat,Panda 4X4,Panda 4X4 (2012),2012,2023,2017,2
img-9fc3a56f140242989563,Fiat,Panda 4X4,Panda 4X4 (2003),2003,2012,2007,3
img-c93477659306792cf834,Fiat,Panda 4X4,Panda 4X4 (1986),1986,1992,1989,1
img-4ca5d6982794b1778e7a,Fiat,Panda City Cross,Panda City Cross (2017),2017,2020,2018,1
img-e59407c87ab0b24e78aa,Fiat,Panda Cross,Panda Cross (2014),2014,2017,2015,2
img-f6ef0a1dcf188e5e048f,Fiat,Punto,Punto 3 Doors (2012),2012,2018,2015,10
img-47e89eed05916d2c42a1,Fiat,Punto,Punto 3 Doors (2003),2003,2005,2004,7
img-f78845af37d80d89e609,Fiat,Punto,Punto 3 Doors (1999),1999,2003,2001,5
img-b2ea0366607bcdcb4c43,Fiat,Punto,Punto 3 Doors (1994),1994,1999,1996,8
img-56d86d9ff2ba1ca55b86,Fiat,Punto,Punto 5 Doors (2012),2012,2018,2015,10
img-812004403841cd2cbb3f,Fiat,Punto,Punto 5 Doors (2003),2003,2005,2004,6
img-06215b42f408c3ef2bd7,Fiat,Punto,Punto 5 Doors (1999),1999,2003,2001,5
img-399ee3ece4f711ff88cf,Fiat,Punto,Punto 5 Doors (1994),1994,1999,1996,6
img-ce6d81925e30a4cea366,Fiat,Punto Cabrio,Punto Cabrio (1994),1994,1999,1996,3
img-14581700b8c13cd0b677,Fiat,Qubo,Qubo (2008),2008,2019,2013,5
img-be3a82c6fd43fa824b72,Fiat,Regata,Regata (1984),1984,1989,1986,8
img-f2f18c7b4b8f01e84e76,Fiat,Regata Weekend,Regata Weekend (1986),1986,1989,1987,4
img-97d0898f2da3a5f43a8e,Fiat,Ritmo,Ritmo (1978),1978,1982,1980,3
img-f309d396f676920e56a8,Fiat,Sedici,Sedici (2009),2009,2014,2011,4
img-361fceb1a95f003f0e67,Fiat,Sedici,Sedici (2006),2006,2009,2007,3
img-2d189b0f02a062d32b4c,Fiat,Seicento,Seicento (2004),2004,2006,2005,1
img-0e691765694d88742589,Fiat,Seicento,Seicento (1998),1998,2001,1999,2
img-27228af4b72839eff946,Fiat,Stilo,Stilo 3 Doors (2004),2004,2007,2005,5
img-2d94d226c832e29968d3,Fiat,Stilo,Stilo 3 Doors (2001),2001,2004,2002,12
img-f1db5eba738ce05c5ede,Fiat,Stilo,Stilo 5 Doors (2004),2004,2007,2005,4
img-c98fc697fada3f197d78,Fiat,Stilo,Stilo 5 Doors (2001),2001,2006,2003,9
img-bf91ed1935dddecab3a1,Fiat,Stilo Multi,Stilo Multi Wagon (2006),2006,2010,2008,2
img-fb8d15e1acc97e788ff4,Fiat,Stilo Multi,Stilo Multi Wagon (2003),2003,2006,2004,9
img-b1c4eeb12c8ef3bc4be9,Fiat,Tempra,Tempra (1990),1990,1998,1994,6
img-7514b94525015845df3a,Fiat,Tempra SW,Tempra SW (1990),1990,1998,1994,5
img-bda99e7da30b4fcc303a,Fiat,Tipo,Tipo (2015),2015,,2020,4
img-48b84666a2041d365db1,Fiat,Tipo,Tipo 3 Doors (1993),1993,1995,1994,6
img-db3c2924be2ac0f8b3a8,Fiat,Tipo,Tipo 5 Doors (2016),2016,2021,2018,5
img-46470dbcd9e71ea06140,Fiat,Tipo,Tipo 5 Doors (1993),1993,1995,1994,5
img-491ae49d90973a97e359,Fiat,Tipo,Tipo 5 Doors (1988),1988,1993,1990,9
img-5ec82e97efc787abc470,Fiat,Tipo Cross,Tipo Cross (2020),2020,,2023,3
img-483b24889c5b1839b729,Fiat,Tipo Station,Tipo Station Wagon (2016),2016,2021,2018,6
img-f4bc0db55bf81c0e0ac9,Fiat,Topolino,Topolino (2023),2023,,2024,1
img-5a58b3249473ef4fbfe9,Fiat,Topolino,Topolino (1936),1936,1948,1942,1
img-3d16f6d2e27ec8067437,Fiat,Ulysse,Ulysse (2002),2002,2007,2004,5
img-4a6b7f19b75200980c0b,Fiat,Ulysse,Ulysse (1999),1999,2002,2000,7
img-18777384d023a603315d,Fiat,Ulysse,Ulysse (1994),1994,1999,1996,6
img-9720d97d8cbdab03a652,Fiat,Uno,Uno (2010),2010,2021,2015,3
img-42f799d351db666d990d,Fiat,Uno,Uno 3 Doors (1989),1989,1994,1991,7
img-501c8f24567ca0108917,Fiat,Uno,Uno 3 Doors (1983),1983,1989,1986,8
img-bd2ae2f12be71c8215f1,Fiat,Uno,Uno 5 Doors (1989),1989,1994,1991,5
img-d8e276593aa110a5d971,Fiat,Uno,Uno 5 Doors (1983),1983,1989,1986,7
img-8ca96010f258a3eb142b,Fiat,Viaggio,Viaggio (2013),2013,2017,2015,3
img-2fe10f0fb0ac18ead3cc,Fiat,X1/9,X1/9 (1972),1972,1989,1980,2
img-7e72a7cd95924e24323c,Fisker,Karma,Karma (2011),2011,2012,2011,1
img-f89433a3558c92557257,Fisker,Ocean,Ocean (2021),2021,,2023,3
img-fba3154e282497e7e6a6,Ford,B-Max,B-Max (2012),2012,2017,2014,6
img-82252c38fe19c39d9de9,Ford,Bronco,Bronco (2022),2022,,2024,1
img-90163e14c563ea4c7606,Ford,Bronco,Bronco (2020),2020,,2023,8
img-904ae6853c606f99dfaf,Ford,Bronco,Bronco (1992),1992,1996,1994,5
img-2e68a1249e7e4c6d9911,Ford,Bronco,Bronco (1987),1987,1991,1989,5
img-b1318600ca2c973f74c5,Ford,Bronco,Bronco (1980),1980,1986,1983,6
img-efc4ff038487b5be9ee5,Ford,Bronco,Bronco (1978),1978,1979,1978,4
img-7d8a01d74b31eefddc7b,Ford,Bronco,Bronco (1966),1966,1977,1971,8
img-42dc43fa99b82e915cf3,Ford,C-Max,C-Max (2014),2014,2019,2016,15
img-1485a96a3e5e6e2baa32,Ford,C-Max,C-Max (2010),2010,2014,2012,14
img-d7507859c15ddaff8e45,Ford,C-Max,C-Max (2007),2007,2010,2008,7
img-f8233a7a6cdcfc0ad10a,Ford,C-Max,C-Max (2003),2003,2007,2005,10
img-05f123e9d8028cd117c7,Ford,Capri,Capri (1978),1978,1986,1982,25
img-ae34a191d4c9a73c5902,Ford,Capri,Capri (1969),1969,1974,1971,17
img-015cd1bfeef38f77a5e7,Ford,Capri SUV,Capri SUV (2024),2024,,2025,3
img-ce67252111e707294d2a,Ford,Contour/Mondeo,Contour/Mondeo (1997),1997,2000,1998,7
img-8a24282cf750430835b7,Ford,Corsair,Corsair (1964),1964,1970,1967,1
img-f0df4679d0e9ee72c746,Ford,Cortina,Cortina (1976),1976,1979,1977,3
img-df8cc323afd1db142c9d,Ford,Cortina,Cortina (1970),1970,1976,1973,3
img-5cb7bdde09745526e20e,Ford,Cortina,Cortina (1966),1966,1970,1968,2
img-dd1380663cfe1b6188ee,Ford,Cortina,Cortina (1962),1962,1966,1964,2
img-1c409040c695ef12f3d4,Ford,Cougar,Cougar (1998),1998,2001,1999,2
img-3b6b2ba23f2d30ee7741,Ford,Crown Victoria,Crown Victoria (1998),1998,2007,2002,4
img-7c10a5133bc157258410,Ford,E-Tourneo,E-Tourneo (2023),2023,,2024,3
img-c817e6c7fb735f360463,Ford,Econovan,Econovan (1999),1999,2005,2002,2
img-f783f5c50b9d59f98aa6,Ford,EcoSport,EcoSport (2017),2017,2022,2019,7
img-b1c90c65f84da4dd9127,Ford,EcoSport,EcoSport (2013),2013,2017,2015,7
img-832816ccee2ed749d9f3,Ford,EcoSport,EcoSport (2004),2004,2012,2008,7
img-78bcbee6272ed70c0f4c,Ford,Edge,Edge (2018),2018,2023,2020,4
img-fa022aefbec8f0d5076f,Ford,Edge,Edge (2015),2015,2018,2016,8
img-bdf7197aac4044c98b84,Ford,Edge,Edge (2010),2010,2014,2012,5
img-b7498ea1937a2ee7a788,Ford,Edge,Edge (2006),2006,2009,2007,2
img-d08b3785f4e24243db34,Ford,Edge ST,Edge ST (2018),2018,2024,2021,1
img-7ab5c4ec70eab4c58f7d,Ford,Escape,Escape (2022),2022,,2024,5
img-90c113885b48a1a17b8e,Ford,Escape,Escape (2019),2019,2022,2020,5
img-94102c2b71bb15f11923,Ford,Escape,Escape (2016),2016,2019,2017,5
img-1c6de762e47c9f0ae81f,Ford,Escape,Escape (2012),2012,2016,2014,5
img-b5aa0201425d791473ec,Ford,Escape,Escape (2008),2008,2011,2009,6
img-cb99498c61edb3986431,Ford,Escape,Escape (2007),2007,2008,2007,3
img-55bc3a79aeeefda35812,Ford,Escape,Escape (2000),2000,2006,2003,6
img-28d556e4d1e8ca253014,Ford,Escort,Escort 3 Doors (1995),1995,2000,1997,9
img-a2e609c155ee920e94bd,Ford,Escort,Escort 3 Doors (1990),1990,1992,1991,9
img-634ecce847fd0e9e49b5,Ford,Escort,Escort 3 Doors (1980),1980,1986,1983,6
img-749bd8d9d2aac63f19e8,Ford,Escort,Escort 4 Doors (1995),1995,2000,1997,7
img-042139a969e7ec2bf03d,Ford,Escort,Escort 4 Doors (1993),1993,1995,1994,5
img-bf83053be3ae40f3a760,Ford,Escort,Escort 5 Doors (1995),1995,2000,1997,7
img-b74771d49d658a2f4a40,Ford,Escort,Escort 5 Doors (1992),1992,1995,1993,6
img-d340bc55b665fa597ad1,Ford,Escort,Escort 5 Doors (1990),1990,1992,1991,5
img-89be69c52a9bcc33f570,Ford,Escort,Escort Wagon (1995),1995,2000,1997,7
img-2730c37c9a37d8b3a49f,Ford,Escort Cabrio,Escort Cabrio (1995),1995,1998,1996,4
img-8d8e27bfdec3f07c1929,Ford,Escort Cabrio,Escort Cabrio (1993),1993,1995,1994,2
img-d7235f0c32edd72285d5,Ford,Escort Clipper,Escort Clipper (1991),1991,1992,1991,5
img-71a662ed38bd531e56de,Ford,Everest,Everest (2022),2022,,2024,4
img-5c12477d50c9b2afee7d,Ford,Everest,Everest (2018),2018,2022,2020,5
img-6233d1c0b0d072239b99,Ford,Everest,Everest (2015),2015,2018,2016,1
img-60f55503b83bf293d11e,Ford,Everest,Everest (2007),2007,2015,2011,2
img-9b360a7b7dfd98f77e4c,Ford,Everest,Everest (2003),2003,2007,2005,4
img-20704af84ebeb6599d9f,Ford,Excursion,Excursion (2000),2000,2005,2002,5
img-aea674421b65838ffeda,Ford,Expedition,Expedition (2024),2024,,2025,1
img-e7d1e4b674570ae7faaa,Ford,Expedition,Expedition (2021),2021,2024,2022,3
img-b6ff56721905b07c6be1,Ford,Expedition,Expedition (2017),2017,2021,2019,8
img-21dd168784710b8f0a24,Ford,Expedition,Expedition (2014),2014,2017,2015,4
img-3efe0185ffadac1b18f9,Ford,Expedition,Expedition (2006),2006,2013,2009,2
img-69480628fa5110fd5a96,Ford,Expedition,Expedition (2002),2002,2006,2004,2
img-173dfa4dada48b519435,Ford,Expedition,Expedition (1996),1996,2002,1999,2
img-1d8f06490a658400fc60,Ford,Explorer,Explorer (2024),2024,,2025,2
img-1bb2e6e2091e7db59ea7,Ford,Explorer,Explorer (2019),2019,2024,2021,5
img-15f29479e54fd7917f59,Ford,Explorer,Explorer (2015),2015,2019,2017,5
img-88e4a83e59b7eb62f4a2,Ford,Explorer,Explorer (2010),2010,2015,2012,3
img-f10d02a8d7bdbc1cd759,Ford,Explorer,Explorer (2005),2005,2009,2007,3
img-c93c0abeb48d38116b7f,Ford,Explorer,Explorer (2000),2000,2005,2002,5
img-6d7cc2d2f1845c794a45,Ford,Explorer Electric,Explorer Electric (2023),2023,,2024,3
img-0ec5204de98cfa74ffa4,Ford,Explorer Sport,Explorer Sport (2001),2001,2005,2003,1
img-a1aaa3f8b2ded5d0db2a,Ford,Explorer Sport Trac,Explorer Sport Trac (2006),2006,2010,2008,2
img-f7a39ea066783e73e35b,Ford,Explorer Sport Trac,Explorer Sport Trac (2002),2002,2005,2003,2
img-213d71dd8bee2f293e7a,Ford,F-150 Raptor,F-150 Raptor (2021),2021,,2023,1
img-45fc9bcc345f4972c785,Ford,F-150 Raptor,F-150 Raptor (2017),2017,2021,2019,1
img-5feecd0df8185b402f96,Ford,F-150 Raptor,F-150 Raptor (2009),2009,2013,2011,2
img-4fad5d765c692c9eabd7,Ford,F-150 Regular Cab,F-150 Regular Cab (2012),2012,2014,2013,6
img-295dfb14480600f97405,Ford,F-150 Regular Cab,F-150 Regular Cab (2009),2009,2012,2010,6
img-9d173b62d72da59512a6,Ford,F-150 Regular Cab,F-150 Regular Cab (2004),2004,2008,2006,6
img-05ce7b366e3892c54bea,Ford,F-150 Regular Cab,F-150 Regular Cab (1996),1996,2004,2000,3
img-de54df41dfb273175793,Ford,F-150 Super Cab,F-150 Super Cab (2022),2022,,2024,2
img-8bf65f26406a655c9dc5,Ford,F-150 Super Cab,F-150 Super Cab (2012),2012,2014,2013,2
img-076c20fbf6ec186f699f,Ford,F-150 Super Cab,F-150 Super Cab (2009),2009,2012,2010,7
img-87bb96237e9c9e6f79e0,Ford,F-150 Super Cab,F-150 Super Cab (2004),2004,2008,2006,2
img-5811d307a2252e2c431d,Ford,F-150 Super Cab,F-150 Super Cab (2001),2001,2004,2002,2
img-0e54dca3effee733507a,Ford,F-150 Super Crew,F-150 Super Crew (2020),2020,,2023,7
img-228041e1333c7bdb66df,Ford,F-150 Super Crew,F-150 Super Crew (2018),2018,2020,2019,5
img-32e5682234a0fe168158,Ford,F-150 Super Crew,F-150 Super Crew (2014),2014,2018,2016,5
img-46f4f95d74c8f0d6a5e3,Ford,F-150 Super Crew,F-150 Super Crew (2009),2009,2013,2011,6
img-2e04cfb418caf20d95b5,Ford,F-150 Super Crew,F-150 Super Crew (2004),2004,2008,2006,2
img-c5e35ad3d0093ee70161,Ford,F-150 Super Crew,F-150 Super Crew (2001),2001,2004,2002,2
img-ce8f3031d6fcecb72486,Ford,Fiesta,Fiesta 5 Doors (2021),2021,,2023,5
img-afdcff76cb5cb2ec5278,Ford,Fiesta,Fiesta 5 Doors (2018),2018,2023,2020,1
img-b69e788b429eeba980cc,Ford,Fiesta,Fiesta 5 Doors (2017),2017,2021,2019,18
img-9dbf93e390c939bae9d2,Ford,Fiesta,Fiesta 5 Doors (2013),2013,2017,2015,14
img-d529a72037afdbae4eaa,Ford,Fiesta,Fiesta 5 Doors (2008),2008,2012,2010,10
img-a9ab0804429d0fb00327,Ford,Fiesta,Fiesta 5 Doors (2005),2005,2008,2006,6
img-7e3d8ff95c167bf4d2ca,Ford,Fiesta,Fiesta 5 Doors (2002),2002,2005,2003,9
img-1e5b18b3fd47ee932f30,Ford,Fiesta,Fiesta 5 Doors (1999),1999,2002,2000,5
img-059cb9cb284482f6661e,Ford,Fiesta,Fiesta 5 Doors (1995),1995,1999,1997,3
img-b35df27aa9ba61fc9ce5,Ford,Fiesta,Fiesta 5 Doors (1989),1989,1995,1992,4
img-d16b0fe37bc0f4f579dd,Ford,Fiesta,Fiesta 3 Doors (2017),2017,2022,2019,11
img-735a9ee75797ae64c189,Ford,Fiesta,Fiesta 3 Doors (2013),2013,2017,2015,12
img-9ed779bc1fd57e8fab48,Ford,Fiesta,Fiesta 3 Doors (2008),2008,2012,2010,10
img-ce111f93048ec93fdf51,Ford,Fiesta,Fiesta 3 Doors (2005),2005,2008,2006,7
img-894d48ae822203f2d889,Ford,Fiesta,Fiesta 3 Doors (2003),2003,2005,2004,7
img-0b1c743c3665b0664fd3,Ford,Fiesta,Fiesta 3 Doors (1999),1999,2002,2000,4
img-224b70367bc2f098488b,Ford,Fiesta,Fiesta 3 Doors (1993),1993,1995,1994,6
img-05863f2688ea4662de0c,Ford,Fiesta,Fiesta 3 Doors (1989),1989,1994,1991,9
img-ce5b02a7bec3c82f4a71,Ford,Fiesta,Fiesta 3 Doors (1986),1986,1989,1987,5
img-4e8c78d56104870d1722,Ford,Fiesta,Fiesta 3 Doors (1983),1983,1986,1984,5
img-09d4c790bc969303aa3a,Ford,Fiesta,Fiesta 3 Doors (1976),1976,1983,1979,4
img-6fb100e8c1daa1996782,Ford,Fiesta,Fiesta Sedan (2011),2011,2017,2014,5
img-ac09a75016b10abdb44e,Ford,Fiesta ST,Fiesta ST (2018),2018,2021,2019,1
img-5e3e6c88a26d59fdb304,Ford,Fiesta ST,Fiesta ST (2016),2016,2018,2017,1
img-0172ff7c544b52a5ac14,Ford,Fiesta ST,Fiesta ST (2012),2012,2016,2014,1
img-38d0bd610dc9c5b211cd,Ford,Figo,Figo (2018),2018,,2022,2
img-c545099e0290c484d60c,Ford,Figo,Figo (2015),2015,2018,2016,4
img-6b17a1a2fb12492d7006,Ford,Figo,Figo (2012),2012,2015,2013,4
img-55e4379c152e19b3bdad,Ford,Figo,Figo (2010),2010,2012,2011,3
img-4b619afc262dc12e393b,Ford,Five Hundred,Five Hundred (2004),2004,2007,2005,2
img-997ee98b7b09d059d43f,Ford,Flex,Flex (2012),2012,2019,2015,3
img-a056d68429f76a452894,Ford,Flex,Flex (2009),2009,2012,2010,3
img-580d280dd3ad30bc83e4,Ford,Focus CC,Focus CC (2008),2008,2011,2009,3
img-a26de53b379df4ccba3b,Ford,Focus CC,Focus CC (2006),2006,2008,2007,3
img-96ff6086609058af411e,Ford,Focus RS,Focus RS (2016),2016,2018,2017,1
img-6c6d68dc3c6544fd2d95,Ford,Focus RS,Focus RS (2008),2008,2011,2009,1
img-727841cfa5e9ab30ad4a,Ford,Focus RS,Focus RS (2002),2002,2003,2002,1
img-b04c8757acc10c76518e,Ford,Focus ST,Focus ST 5 doors (2021),2021,,2023,2
img-dde50d82b031f68e8ff7,Ford,Focus ST,Focus ST 5 doors (2019),2019,2021,2020,2
img-45534849d1d9dfbe0d12,Ford,Focus ST,Focus ST 5 doors (2014),2014,2018,2016,2
img-12c564d682954ff7fae8,Ford,Focus ST,Focus ST 5 doors (2012),2012,2014,2013,1
img-954870d4d0049cbc4d0e,Ford,Focus ST,Focus ST Wagon (2012),2012,2014,2013,1
img-3e316248274db0680bc8,Ford,Focus US,Focus Wagon (2021),2021,,2023,4
img-01a34cf32489341b19f7,Ford,Focus US,Focus Wagon (2018),2018,2021,2019,14
img-737534145cbb3dee1e04,Ford,Focus US,Focus Wagon (2014),2014,2018,2016,21
img-d57d17f99c4be31c1830,Ford,Focus US,Focus Wagon (2011),2011,2014,2012,9
img-d0184e35edd0761c4b10,Ford,Focus US,Focus Wagon (2008),2008,2010,2009,7
img-558806e90655344fae22,Ford,Focus US,Focus Wagon (2005),2005,2008,2006,9
img-6fb34a5b66bc3c4a965c,Ford,Focus US,Focus Wagon (2001),2001,2005,2003,8
img-f8cb158e150e21ea67b1,Ford,Focus US,Focus Wagon (1999),1999,2001,2000,7
img-218b2ceb136a56e6c194,Ford,Focus US,Focus 5 Doors (2021),2021,,2023,2
img-71fa5148e9f701db6ce3,Ford,Focus US,Focus 5 Doors (2018),2018,2021,2019,11
img-22c29d0533dcb277994f,Ford,Focus US,Focus 5 Doors (2014),2014,2018,2016,21
img-8104f219ef3a9ef0936a,Ford,Focus US,Focus 5 Doors (2011),2011,2014,2012,10
img-60c0da39f54fbb92b4c6,Ford,Focus US,Focus 5 Doors (2008),2008,2010,2009,8
img-b8c48d7ce20a313fee43,Ford,Focus US,Focus 5 Doors (2005),2005,2007,2006,1
img-121f07a25d6648a6dc52,Ford,Focus US,Focus 5 Doors (2004),2004,2008,2006,9
img-04410e3e1e446d9675e2,Ford,Focus US,Focus 5 Doors (2001),2001,2005,2003,8
img-de41782a2074952b6388,Ford,Focus US,Focus 5 Doors (1998),1998,2001,1999,7
img-d6e13889f002010a84eb,Ford,Focus US,Focus 3 Doors (2008),2008,2011,2009,6
img-f8d218a6dcdde9ed3f65,Ford,Focus US,Focus 3 Doors (2004),2004,2007,2005,10
img-b6db4c80805a4c946226,Ford,Focus US,Focus 3 Doors (2001),2001,2005,2003,10
img-fc8dbaaea9b9fb6cfebd,Ford,Focus US,Focus 3 Doors (1998),1998,2001,1999,6
img-c9a829d9096105d9ca8b,Ford,Focus US,Focus Sedan (2014),2014,2018,2016,21
img-c00eb033715d229ca45f,Ford,Focus US,Focus Sedan (2011),2011,2014,2012,10
img-a10a23297734448222f8,Ford,Focus US,Focus Sedan (2008),2008,2010,2009,6
img-019bfca1567c1173ecab,Ford,Focus US,Focus Sedan (2005),2005,2007,2006,9
img-18f0f12fcda343d962aa,Ford,Focus US,Focus Sedan (2001),2001,2005,2003,9
img-2a0477e2fe1f5d4db4f2,Ford,Focus US,Focus Sedan (1999),1999,2001,2000,6
img-d73a5b16c4e31f9cae7f,Ford,Focus US,Focus US (2007),2007,2010,2008,4
img-2635d17a49175446b62b,Ford,Freestar,Freestar (2003),2003,2007,2005,2
img-ff038e8e4772b5a57863,Ford,Freestyle,Freestyle (2004),2004,2007,2005,2
img-68fed8a6bd8256a028cd,Ford,Fusion European,Fusion European (2005),2005,2012,2008,4
img-66e04f1c351b77927d4e,Ford,Fusion European,Fusion European (2002),2002,2005,2003,4
img-9fd92dbe11bd40158863,Ford,Fusion North American,Fusion North American (2018),2018,2020,2019,6
img-913234c9ab2277140f20,Ford,Fusion North American,Fusion North American (2016),2016,2018,2017,9
img-03f84fc7e55365a0f6b0,Ford,Fusion North American,Fusion North American (2012),2012,2016,2014,8
img-931ea0218e7f0181f04d,Ford,Fusion North American,Fusion North American (2008),2008,2012,2010,9
img-b5d49a6032a7068a6529,Ford,Fusion North American,Fusion North American (2005),2005,2008,2006,2
img-e419d7cbbec2c32f715a,Ford,Galaxy,Galaxy (2019),2019,2022,2020,9
img-806af24704c8ebf3fc91,Ford,Galaxy,Galaxy (2016),2016,2019,2017,10
img-6d93a4c5d85060bc46c0,Ford,Galaxy,Galaxy (2006),2006,2016,2011,13
img-bd70fce747a3b34ecac4,Ford,Galaxy,Galaxy (2000),2000,2006,2003,8
img-95379ae33e72aee93ac0,Ford,Galaxy,Galaxy (1995),1995,2000,1997,5
img-cb87dfd1793dc96c9b64,Ford,Grand C-MAX,Grand C-MAX (2011),2011,2015,2013,13
img-82972ada0d08fa446630,Ford,GT,GT (2019),2019,2022,2020,1
img-84009dab4fe88920a5d2,Ford,GT,GT (2017),2017,2019,2018,1
img-28143f5ad3ac83568487,Ford,GT,GT (2004),2004,2006,2005,1
img-7d0a88d1f23c8129d0d7,Ford,Ka,Ka (2008),2008,2015,2011,2
img-5c162c2a2d67686c6758,Ford,Ka,Ka (1997),1997,2008,2002,3
img-6646acd22b22fa0a4cb7,Ford,Ka+,Ka+ (2018),2018,2019,2018,3
img-6ece4de1b0df97b0ffd9,Ford,Ka+,Ka+ (2016),2016,2018,2017,3
img-0e67ef02e8febec6b7e9,Ford,Ka+ Active,Ka+ Active (2018),2018,2019,2018,2
img-377040ec11fa7a46828a,Ford,Kuga,Kuga (2024),2024,,2025,5
img-71105f62977d611dab70,Ford,Kuga,Kuga (2019),2019,2024,2021,10
img-fe4440b0cb3cc47e5c00,Ford,Kuga,Kuga (2016),2016,2019,2017,9
img-cd1d27198bfa97d90b53,Ford,Kuga,Kuga (2012),2012,2016,2014,11
img-aac0da359e20fb4ab902,Ford,Kuga,Kuga (2008),2008,2012,2010,7
img-04c2887e80156c9df0a9,Ford,Maverick,Maverick (2021),2021,,2023,2
img-f87e936ce376927505f7,Ford,Maverick LWB,Maverick LWB (1996),1996,1998,1997,2
img-f7a8a2affe2336747050,Ford,Maverick LWB,Maverick LWB (1993),1993,1996,1994,2
img-7b071f5833d994ed361a,Ford,Maverick SWB,Maverick SWB (1996),1996,1998,1997,2
img-d7e96d0c3a4af2bac6f8,Ford,Maverick SWB,Maverick SWB (1993),1993,1996,1994,2
img-eb96fd5bd1b2c04104e0,Ford,Mondeo,Mondeo Hatchback (2014),2014,2018,2016,14
img-d9d43ceb7e1a75d87a54,Ford,Mondeo,Mondeo Hatchback (2010),2010,2014,2012,15
img-18de7c455393aa1e807c,Ford,Mondeo,Mondeo Hatchback (2007),2007,2010,2008,17
img-e50ae535f09a4bdcab64,Ford,Mondeo,Mondeo Hatchback (2005),2005,2007,2006,9
img-aa3aecd5450d423b4cf4,Ford,Mondeo,Mondeo Hatchback (2003),2003,2005,2004,9
img-65b27729e1a4faa688a2,Ford,Mondeo,Mondeo Hatchback (2000),2000,2003,2001,9
img-60331bede40f16bf35da,Ford,Mondeo,Mondeo Hatchback (1996),1996,2000,1998,7
img-4a8de7b2830f72d12a5c,Ford,Mondeo,Mondeo Hatchback (1993),1993,1996,1994,5
img-5ba231f812c158897afb,Ford,Mondeo,Mondeo Sedan (2015),2015,2018,2016,13
img-92cee33644c7e465361c,Ford,Mondeo,Mondeo Sedan (2007),2007,2015,2011,17
img-8e219e81e6b262975e76,Ford,Mondeo,Mondeo Sedan (2005),2005,2007,2006,9
img-64b3eb396b9cab1d2fa5,Ford,Mondeo,Mondeo Sedan (2003),2003,2005,2004,10
img-d84c9d19a10547a06a39,Ford,Mondeo,Mondeo Sedan (2000),2000,2003,2001,8
img-e8687eaa4a1a459abb34,Ford,Mondeo,Mondeo Sedan (1993),1993,1996,1994,7
img-3f418799f0fcc0fd4ded,Ford,Mondeo,Mondeo Wagon (2019),2019,2022,2020,8
img-c2d12213f09871b0d4cb,Ford,Mondeo,Mondeo Wagon (2015),2015,2018,2016,12
img-7d955a5e8793df48e807,Ford,Mondeo,Mondeo Wagon (2007),2007,2014,2010,17
img-bdc611cafaf101df065f,Ford,Mondeo,Mondeo Wagon (2005),2005,2007,2006,10
img-a4e9c099b886203e1a69,Ford,Mondeo,Mondeo Wagon (2003),2003,2005,2004,9
img-45bc19ab5693ec840aec,Ford,Mondeo,Mondeo Wagon (2000),2000,2003,2001,9
img-d2ceafd27269a033ca40,Ford,Mondeo,Mondeo Wagon (1996),1996,2000,1998,6
img-d70bd507024724b5766a,Ford,Mondeo,Mondeo Wagon (1993),1993,1996,1994,5
img-d3c08f1cc354ed79b21b,Ford,Mustang,Mustang Convertible (2023),2023,,2024,2
img-d5f6001ac82a5a49b1cc,Ford,Mustang,Mustang Convertible (2017),2017,2023,2020,4
img-80c8cfdf12f55fab35c3,Ford,Mustang,Mustang Convertible (2014),2014,2017,2015,10
img-384ff0c390e7355e1081,Ford,Mustang,Mustang Convertible (2012),2012,2014,2013,1
img-875d8d94ce4d663f1831,Ford,Mustang,Mustang Convertible (2009),2009,2013,2011,6
img-0c6826633816a5d053e9,Ford,Mustang,Mustang Convertible (2004),2004,2008,2006,2
img-553786228259cf690244,Ford,Mustang,Mustang Convertible (1998),1998,2004,2001,3
img-0f1343fe8f43eb06a865,Ford,Mustang,Mustang Convertible (1964),1964,1973,1968,4
img-a4fcb7a581a5da65dee7,Ford,Mustang,Mustang (2023),2023,,2024,5
img-984ef2a7f18b79147b03,Ford,Mustang,Mustang (2019),2019,2022,2020,2
img-1c1f5d7d11f7ce707dc2,Ford,Mustang,Mustang (2017),2017,2023,2020,4
img-9db185eca67e1fcf308c,Ford,Mustang,Mustang (2015),2015,2020,2017,2
img-bcd99512180150fae3f1,Ford,Mustang,Mustang (2014),2014,2017,2015,10
img-051aa7852522aaffb761,Ford,Mustang,Mustang (2012),2012,2015,2013,1
img-6988ee49201c3f00bfeb,Ford,Mustang,Mustang (2009),2009,2013,2011,6
img-dd8fb048656dd649bbf3,Ford,Mustang,Mustang (2004),2004,2008,2006,3
img-5a66863130cf03519212,Ford,Mustang,Mustang (1998),1998,2004,2001,6
img-cd2b0a725f6da70bc2b8,Ford,Mustang,Mustang (1978),1978,1993,1985,1
img-b9df5683a7cc9cc09cbc,Ford,Mustang,Mustang (1972),1972,1973,1972,4
img-77e65659050b06406ddc,Ford,Mustang,Mustang (1969),1969,1973,1971,4
img-6f824453a7687240df98,Ford,Mustang,Mustang (1965),1965,1966,1965,3
img-cabeafc22b4a4f82ddc8,Ford,Mustang,Mustang (1964),1964,1966,1965,3
img-3df8eff732f25b391fad,Ford,Mustang Mach 1,Mustang Mach 1 (2020),2020,,2023,2
img-a6cc4cfa9885d4b00f33,Ford,Mustang MACH-E,Mustang MACH-E (2021),2021,,2023,2
img-1faa9c260b7abe4b72a4,Ford,Mustang MACH-E,Mustang MACH-E (2020),2020,,2023,3
img-17e9eb6f49b1622326dc,Ford,Orion,Orion (1990),1990,1993,1991,6
img-ba06478f8593538d5b3c,Ford,Pinto,Pinto (1971),1971,1980,1975,3
img-91127abc3f0e3f69704a,Ford,Probe,Probe (1994),1994,1998,1996,2
img-6b03122ef16ed96490e2,Ford,Puma,Puma (2019),2019,2024,2021,5
img-9e16baee1495c6f26661,Ford,Puma,Puma (1998),1998,2002,2000,3
img-2a15101a1e1128a2a1ab,Ford,Puma ST,Puma ST (2020),2020,,2023,2
img-799758bcc826791e0064,Ford,Ranger,Ranger Double Cab (2023),2023,,2024,3
img-d494faf1d963a260b721,Ford,Ranger,Ranger Double Cab (2022),2022,,2024,2
img-03457a5bf146b42e4c83,Ford,Ranger,Ranger Double Cab (2021),2021,,2023,2
img-ff76e2a0ad974e0f3824,Ford,Ranger,Ranger Double Cab (2018),2018,2021,2019,4
img-8489b7ca4dee9ea90fc9,Ford,Ranger,Ranger Double Cab (2015),2015,2018,2016,7
img-614c0f09dc6822ed8429,Ford,Ranger,Ranger Double Cab (2011),2011,2015,2013,5
img-c452f16ec1b3a6a07d9e,Ford,Ranger Regular Cab,Ranger Regular Cab (2015),2015,2017,2016,1
img-d361664fca7803743ad8,Ford,Ranger Regular Cab,Ranger Regular Cab (2011),2011,2015,2013,3
img-1d3c29de8dcf3543312c,Ford,Ranger Regular Cab,Ranger Regular Cab (2008),2008,2011,2009,10
img-be69e763cc16a9816bd1,Ford,Ranger Regular Cab,Ranger Regular Cab (2000),2000,2005,2002,2
img-664112fe1d1511e60829,Ford,Ranger Super Cab,Ranger Super Cab (2015),2015,2017,2016,5
img-4573fbdd9098a81cc074,Ford,Ranger Super Cab,Ranger Super Cab (2011),2011,2015,2013,2
img-9ccd59cc5e4a19eac24b,Ford,Ranger Super Cab,Ranger Super Cab (2008),2008,2011,2009,10
img-abdae9dd98e7bd4aa7fc,Ford,Ranger Super Cab,Ranger Super Cab (2000),2000,2005,2002,2
img-c4dd5fff6af4dd303347,Ford,Ranger Wildtrak,Ranger Wildtrak (2023),2023,,2024,1
img-54e6a1378b337956bbde,Ford,Raptor Ranger,Raptor Ranger (2018),2018,2022,2020,2
img-8fc7feec078407fc6695,Ford,S-Max,S-Max (2019),2019,2023,2021,5
img-54a3db2d446685735598,Ford,S-Max,S-Max (2015),2015,2019,2017,10
img-0f2e62cc5b7eba4e7f5a,Ford,S-Max,S-Max (2006),2006,2014,2010,7
img-8d1a42bbe1fff594a6ea,Ford,Scorpio,Scorpio Sedan (1994),1994,1997,1995,6
img-28ec0c6dfd111d22d568,Ford,Scorpio,Scorpio Sedan (1992),1992,1994,1993,5
img-7b9553ddaaff6c8a6391,Ford,Scorpio,Scorpio Sedan (1990),1990,1992,1991,7
img-db81be00d3a77e83f1f2,Ford,Scorpio,Scorpio Wagon (1994),1994,1997,1995,6
img-985d3b3a139c8fce5bea,Ford,Scorpio,Scorpio Wagon (1992),1992,1994,1993,4
img-e881b72f25a3ee1a7daf,Ford,Sierra,Sierra 3 Doors (1990),1990,1993,1991,5
img-5cfd756781d55568bb07,Ford,Sierra,Sierra 5 Doors (1990),1990,1993,1991,6
img-363b6eb967b9f5455159,Ford,Sierra,Sierra Sedan (1990),1990,1993,1991,5
img-5e61361b39c46ee1e9ec,Ford,SportKa,SportKa (2003),2003,2008,2005,1
img-7a2c5f3560c67c84ce61,Ford,StreetKa,StreetKa (2003),2003,2006,2004,1
img-97171c79cadc8a416d58,Ford,Super Duty,Super Duty (2021),2021,,2023,2
img-f08738e4dd1a88fa236b,Ford,Taurus,Taurus (2012),2012,2019,2015,3
img-91e1bf9a09cc970037a0,Ford,Taurus,Taurus (2009),2009,2013,2011,2
img-6a084a8dd51e88638281,Ford,Taurus,Taurus (2007),2007,2009,2008,2
img-fc07d465fc40dc86fbee,Ford,Taurus,Taurus (1999),1999,2007,2003,2
img-5da3b26b573248ed8ac2,Ford,Taurus,Taurus (1995),1995,1999,1997,3
img-e9800dee336c62eeb0e5,Ford,Taurus,Taurus Wagon (1999),1999,2007,2003,2
img-10795aa7bc6460bbb9e1,Ford,Taurus,Taurus Wagon (1995),1995,1999,1997,2
img-56a1b4440c40c9f814ed,Ford,Taurus SHO,Taurus SHO (2009),2009,2019,2014,1
img-5a390744d7b78faa2ec0,Ford,Taurus X,Taurus X (2007),2007,2009,2008,2
img-dc50992f617200cc9292,Ford,Territory,Territory (2018),2018,2022,2020,2
img-c746e17d3c79af97e12f,Ford,Thunderbird,Thunderbird (2001),2001,2005,2003,2
img-292e71670ec80252f241,Ford,Thunderbird,Thunderbird (1989),1989,1997,1993,4
img-0fb449d57fb4cda68c01,Ford,Thunderbird,Thunderbird (1983),1983,1988,1985,3
img-71be6f5a6f8d1c865918,Ford,Thunderbird,Thunderbird (1980),1980,1982,1981,4
img-b84fce336f1797868036,Ford,Thunderbird,Thunderbird (1977),1977,1979,1978,3
img-766a33d5db94404bc42f,Ford,Thunderbird,Thunderbird (1972),1972,1976,1974,2
img-3be7c0e7e2e2dd29e0dd,Ford,Thunderbird,Thunderbird (1955),1955,1977,1966,1
img-ec1e5e4029273f797896,Ford,Tourneo,Tourneo (2018),2018,2023,2020,3
img-82b37e558ceab36804fa,Ford,Tourneo,Tourneo (2017),2017,2024,2020,5
img-df7377218318cd048b1b,Ford,Tourneo,Tourneo (2013),2013,2018,2015,5
img-a07f901fd701becf00be,Ford,Tourneo,Tourneo (2009),2009,2013,2011,3
img-2dce60f6feb376fed8e5,Ford,Tourneo,Tourneo (2007),2007,2009,2008,3
img-745ab400e7ec68807320,Ford,Tourneo,Tourneo (2003),2003,2007,2005,3
img-34f9ee9639884fee7642,Ford,Transit Connect,Transit Connect Wagon (2018),2018,2023,2020,1
img-deb61ecf663d8e7e1e91,Ford,Transit Custom,Transit Custom (2019),2019,2023,2021,1
img-4e26a527be4f2d3dfcf3,Ford,Wildtrak,Wildtrak (2021),2021,,2023,2
img-1f7a9342de0d19000286,Ford,Wildtrak,Wildtrak (2019),2019,2021,2020,2
img-990dbcd29a36ba9245d5,Ford,Windstar,Windstar (1998),1998,2004,2001,3
img-45e650781a8715ba73c0,Ford,Zodiac,Zodiac (1966),1966,1972,1969,1
img-311b67d8adbe410d9486,Ford,Zodiac,Zodiac (1962),1962,1966,1964,1
img-5f18f1535c1ab2358d61,FSO,125,125 (1968),1968,1978,1973,2
img-8daa3f2b12c29b33dff2,FSO,Polonez,Polonez (1978),1978,1985,1981,4
img-8b8d6ed489e039d5e063,FSO,Polonez Atu,Polonez Atu (1993),1993,2003,1998,1
img-5e57bb42762f5465beed,FSO,Polonez Caro,Polonez Caro (1991),1991,2002,1996,4
img-dfb8fa843884694419d3,FSO,Polonez Kombi,Polonez Kombi (1999),1999,2002,2000,1
img-c0b219459d8c9e45af4b,FSO,Prima,Prima (1988),1988,1996,1992,4
img-2137b0808c4b7b44be39,Geely,CK,CK (2005),2005,2016,2010,2
img-705d88895f8065ca7885,Geely,Emgrand EC7,Emgrand EC7 (2009),2009,2014,2011,1
img-6907f352614dc8cd05ac,Geely,LC,LC (2011),2011,2016,2013,2
img-6affa14e7f204ef65029,Geely,LC,LC (2009),2009,2017,2013,1
img-940d2ca1d4c06606307b,Geely,MK,MK (2010),2010,2014,2012,1
img-44c569004e25d4e6716b,Geely,MK,MK (2006),2006,2014,2010,2
img-f979a51db05ea023c8ad,Genesis,G70,G70 (2021),2021,,2023,9
img-9cb7e64dfb2d72d0f4a4,Genesis,G70,G70 (2017),2017,2021,2019,8
img-ff9546fe3004d565d162,Genesis,G70 Shooting Brake,G70 Shooting Brake (2021),2021,,2023,5
img-0217e86848010fbea909,Genesis,G80,G80 (2020),2020,,2023,4
img-17f4f99bb0aff190c905,Genesis,G80,G80 (2016),2016,2019,2017,5
img-2d1491e216c1a91f55ab,Genesis,G90,G90 (2022),2022,,2024,3
img-519774a7f699f2a85c5a,Genesis,G90,G90 (2019),2019,2022,2020,4
img-c8327f81d93377debc04,Genesis,G90,G90 (2016),2016,2019,2017,4
img-fa164eab13d03b17e1e2,Genesis,GV60,GV60 (2022),2022,,2024,4
img-19d7c0711a7b35b6071e,Genesis,GV70,GV70 (2024),2024,,2025,3
img-03dc34c81371ca1d175a,Genesis,GV70,GV70 (2020),2020,2024,2022,6
img-8346c2f7e61e278c8ae8,Genesis,GV80,GV80 (2023),2023,,2024,2
img-8f1d22d31f157e308245,GMC,Acadia,Acadia (2019),2019,2023,2021,5
img-d17b35df5462e2855ab5,GMC,Acadia,Acadia (2016),2016,2019,2017,4
img-19ddb8a7c90295ce7451,GMC,Acadia,Acadia (2012),2012,2016,2014,4
img-25a23b786fdc43c82d69,GMC,Acadia,Acadia (2007),2007,2012,2009,4
img-e3602a8b7fd0bf74b941,GMC,Canyon,Canyon Crew Cab (2014),2014,2021,2017,5
img-06425363087227aadfe0,GMC,Canyon,Canyon Crew Cab (2004),2004,2013,2008,5
img-ff7055b738254b8c7c6e,GMC,Canyon,Canyon Double Cab (2004),2004,2013,2008,4
img-5c61362a7929127d3c58,GMC,Canyon Regular Cab,Canyon Regular Cab (2004),2004,2013,2008,4
img-258c6a10a9a4f8909ec2,GMC,Envoy,Envoy (2008),2008,2009,2008,6
img-a1709290c274f1831a4e,GMC,Envoy,Envoy (2001),2001,2007,2004,2
img-10bf2d4c07c20d83292d,GMC,Envoy XL,Envoy XL (2001),2001,2006,2003,2
img-d6e4170278e3e5ff3219,GMC,Envoy XUV,Envoy XUV (2003),2003,2005,2004,2
img-55225a08d926fc4b088e,GMC,Hummer EV,Hummer EV (2021),2021,,2023,1
img-557fc64fea6bf0dc6414,GMC,Hummer EV SUV,Hummer EV SUV (2023),2023,,2024,3
img-29984b3a65f48ce45189,GMC,Jimmy,Jimmy 3 Doors (1997),1997,2001,1999,1
img-4d256dad31dc2ab17cb0,GMC,Jimmy,Jimmy 5 Doors (1997),1997,2001,1999,1
img-e376c5f3c31ef82bf943,GMC,Safari,Safari (1994),1994,2005,1999,1
img-fee99de92951fbd701a7,GMC,Savana,Savana (2013),2013,2015,2014,11
img-de661a593e4f66eaaf33,GMC,Savana,Savana (2003),2003,2007,2005,1
img-3f8585f6c839ed558437,GMC,Savana,Savana (1995),1995,2002,1998,1
img-d9b0bb050877f298651b,GMC,Sierra,Sierra (2023),2023,,2024,4
img-be2e86e610c1bda5acba,GMC,Sierra,Sierra (2022),2022,,2024,6
img-4040d4d57fc2f6586332,GMC,Sierra,Sierra (2018),2018,2022,2020,9
img-8907861584a6be2b537a,GMC,Sierra,Sierra (2013),2013,2018,2015,14
img-1b6e570564c7bc70891d,GMC,Sierra,Sierra (2008),2008,2013,2010,10
img-79becb71094155ebfecb,GMC,Sierra,Sierra (2007),2007,2013,2010,4
img-57780c9c102151241514,GMC,Sierra 2500HD,Sierra 2500HD (2019),2019,2022,2020,1
img-139da52ab818aceb9ff6,GMC,Sierra 2500HD,Sierra 2500HD (2014),2014,2019,2016,8
img-42bda77cdbb3e4393d87,GMC,Sierra 2500HD,Sierra 2500HD (2008),2008,2013,2010,7
img-7880f077611020e1a688,GMC,Sierra 3500HD,Sierra 3500HD (2013),2013,2019,2016,14
img-93ae8efa4f503e363ef7,GMC,Sierra 3500HD,Sierra 3500HD (2008),2008,2013,2010,6
img-bc36865a3a58e78d4373,GMC,Terrain,Terrain (2024),2024,,2025,1
img-e7d7fed5036d41847d16,GMC,Terrain,Terrain (2021),2021,2024,2022,1
img-302c65b35ceb384dbd51,GMC,Terrain,Terrain (2017),2017,2021,2019,6
img-8c15cccc3e6a4fc830a3,GMC,Terrain,Terrain (2016),2016,2017,2016,4
img-34d11a72dcdee0cfc60d,GMC,Terrain,Terrain (2009),2009,2016,2012,6
img-78956f9aad1fb361ad02,GMC,Typhoon,Typhoon (1992),1992,1993,1992,1
img-0cee6d9a0dd91890069a,GMC,Yukon,Yukon (2024),2024,,2025,4
img-50af6e5cff69b2e95496,GMC,Yukon,Yukon (2020),2020,,2023,4
img-95e146288c9689229d0e,GMC,Yukon,Yukon (2014),2014,2020,2017,4
img-31a391e3258f73b52b20,GMC,Yukon,Yukon (2008),2008,2014,2011,7
img-efc3116c128bd0fe0f1c,GMC,Yukon,Yukon (1999),1999,2006,2002,3
img-9a361f17ba43e4ebc633,GMC,Yukon XL,Yukon XL (2020),2020,,2023,4
img-3d1c1d5e327cd3f5f14b,GMC,Yukon XL,Yukon XL (2014),2014,2020,2017,4
img-2951e2bfdaa3b8000b5c,GMC,Yukon XL,Yukon XL (2008),2008,2013,2010,3
img-3a42db4a38ae20ca725b,GMC,Yukon XL,Yukon XL (1999),1999,2006,2002,4
img-d4003fc384d6ca8589fd,Gordon Murray Automotive,T.33,T.33 (2022),2022,,2024,1
img-4f31c8a03544da71449b,Gordon Murray Automotive,T.50,T.50 (2022),2022,,2024,1
img-277119d0412b17fc65ea,GTA,Motor Spano,Motor Spano (2012),2012,2015,2013,1
img-ffcfbe53c81ba1f09008,Hindustan,Ambassador,Ambassador (1959),1959,2014,1986,5
img-85277ddf304aa61ca569,Hindustan,Pushpak/Trekker,Pushpak/Trekker (1999),1999,2014,2006,2
img-7de6cb0c4f9a3983d824,Hindustan,RTV/Ranger,RTV/Ranger (1998),1998,2014,2006,2
img-f8155130fa69e088a309,Holden,Adventra,Adventra (2003),2003,2007,2005,3
img-2a978bd4ec0438cd7bc9,Holden,Astra,Astra 3 Doors (2004),2004,2009,2006,15
img-cf3c1635f2b2a05f94e7,Holden,Astra,Astra 5 Doors (2005),2005,2009,2007,15
img-66b050fe239779e63ef3,Holden,Astra Caravan,Astra Caravan (2003),2003,2009,2006,12
img-6a7fbbb9db325aca1eeb,Holden,Astra TwinTop,Astra TwinTop (2007),2007,2009,2008,6
img-cabe0699c65b7bb9d3b7,Holden,Barina,Barina 3 Doors (2005),2005,2011,2008,3
img-cabb3aab8f828baed98f,Holden,Barina,Barina 3 Doors (2000),2000,2005,2002,8
img-686b62d7de4ca45397ce,Holden,Barina,Barina 5 Doors (2016),2016,2018,2017,2
img-9503f8a0ea71f4f0508a,Holden,Barina,Barina 5 Doors (2011),2011,2016,2013,2
img-a7b56d62ece9c9b25349,Holden,Barina,Barina 5 Doors (2005),2005,2011,2008,6
img-88ec10767eb91685ef7c,Holden,Barina,Barina 5 Doors (2001),2001,2005,2003,8
img-000265ee67b00e2bbbb2,Holden,Barina,Barina Sedan (2012),2012,2018,2015,2
img-82127d6d48df16539d7a,Holden,Barina,Barina Sedan (2006),2006,2011,2008,3
img-2d1395a86129a6c41043,Holden,Barina RS,Barina RS (2013),2013,2016,2014,2
img-695f57a0fd17345e7e97,Holden,Barina Spark,Barina Spark (2010),2010,2016,2013,1
img-ea53ad0d57829fd3d8a6,Holden,Caprice/Statesman,Caprice/Statesman (2010),2010,2017,2013,3
img-b71b180f0d9412716199,Holden,Caprice/Statesman,Caprice/Statesman (2006),2006,2010,2008,2
img-a0bcfd72d4236fa6e46c,Holden,Caprice/Statesman,Caprice/Statesman (2003),2003,2006,2004,5
img-f13e503afabaf46a36a4,Holden,Caprice/Statesman,Caprice/Statesman (1999),1999,2003,2001,3
img-abc2b1b2ef99f038760c,Holden,Captiva,Captiva (2016),2016,2018,2017,5
img-df2a208f8261c572ffc4,Holden,Captiva,Captiva (2011),2011,2016,2013,4
img-e3c67c73621f565a0465,Holden,Captiva,Captiva (2006),2006,2011,2008,3
img-35c76037c397c8ea8df2,Holden,Captiva MaXX,Captiva MaXX (2006),2006,2011,2008,4
img-03b2615ef3f0aa6bc9dc,Holden,Combo,Combo (2002),2002,2012,2007,1
img-092b4698402bb297b2bd,Holden,Commodore,Commodore Sedan (2018),2018,2020,2019,3
img-3b67887fa3dd574c2ee8,Holden,Commodore,Commodore Sedan (2015),2015,2017,2016,6
img-fbe9d0b21b7c7f5369b8,Holden,Commodore,Commodore Sedan (2013),2013,2015,2014,6
img-61f937e1eecf14cbf4c5,Holden,Commodore,Commodore Sedan (2006),2006,2013,2009,6
img-51bf5a7fb4517bb2620d,Holden,Commodore,Commodore Sedan (2004),2004,2006,2005,7
img-c4fd307ead85bd48342c,Holden,Commodore,Commodore Sedan (1997),1997,2002,1999,3
img-eba0dbdc95a159908fd2,Holden,Commodore,Commodore Wagon (2015),2015,2017,2016,6
img-cd61224844aeb5df1edb,Holden,Commodore,Commodore Wagon (2013),2013,2015,2014,6
img-ad5c0de42a3c70ec148a,Holden,Commodore,Commodore Wagon (2003),2003,2006,2004,5
img-023504630f2b7158a44f,Holden,Commodore,Commodore Wagon (1997),1997,2002,1999,2
img-002ee2f856307a1ae251,Holden,Crewman,Crewman (2003),2003,2007,2005,6
img-07c7efc256826acc3ec9,Holden,Cruze Mk I,Cruze Mk I (2002),2002,2005,2003,2
img-92485f394d3eea00ed0d,Holden,Cruze Mk II,Cruze Mk II (2008),2008,2016,2012,6
img-63737ce10192b48b61cd,Holden,Drover,Drover (1985),1985,1987,1986,1
img-190cbd3e620fac79223e,Holden,Drover Deluxe,Drover Deluxe (1985),1985,1987,1986,1
img-5ee3ef2b8554e1d241f4,Holden,Epica,Epica (2007),2007,2011,2009,2
img-70c52e94021b07dc5d54,Holden,Frontera MX,Frontera MX (1997),1997,2003,2000,5
img-9830a2a5c068736e23d3,Holden,HJ,HJ (1974),1974,1976,1975,4
img-4595e5870aad408c6373,Holden,HZ,HZ (1977),1977,1980,1978,3
img-af2b809a44be520585e2,Holden,Jackaroo,Jackaroo (1998),1998,2002,2000,6
img-79be88646ac3987a6fe1,Holden,Malibu,Malibu (2013),2013,2016,2014,2
img-28f75ba0e923f4ccd0cb,Holden,Monaro,Monaro (2001),2001,2006,2003,6
img-74c17fa2765ec5390364,Holden,Rodeo,Rodeo (2003),2003,2007,2005,11
img-237499ca9a7a9ce778c4,Holden,Rodeo,Rodeo (1996),1996,2002,1999,7
img-eb441775162aad9f55ec,Holden,Statesman,Statesman (2006),2006,2010,2008,2
img-dc0850a4e9522777dfbb,Holden,Statesman,Statesman (1999),1999,2006,2002,2
img-9c0b791a4518887ecb7e,Holden,Tigra,Tigra (2005),2005,2009,2007,1
img-d17f6a6bf599e6e66be6,Holden,Trax,Trax (2016),2016,2020,2018,2
img-ed8b3a3235bb24565603,Holden,Trax,Trax (2013),2013,2016,2014,2
img-38e954638dff87ff144d,Holden,Ute,Ute (2015),2015,2017,2016,4
img-8333599b0954453cbc14,Holden,Ute,Ute (2013),2013,2015,2014,4
img-c7caccb5cac5c10b72ee,Holden,Ute,Ute (2007),2007,2013,2010,8
img-0a7e026238195aec5693,Holden,Ute,Ute (2003),2003,2007,2005,2
img-85809c070c0f448bf4fe,Holden,Vectra,Vectra Liftback (2002),2002,2005,2003,8
img-0307735d9b351dcf9361,Holden,Vectra,Vectra Liftback (1995),1995,2002,1998,6
img-b41670d782064a8a21a2,Holden,Vectra,Vectra Sedan (2002),2002,2005,2003,9
img-fe360a34cb6f7a38958e,Holden,Vectra,Vectra Sedan (1995),1995,2002,1998,7
img-8dff97ae5077817b185e,Holden,Zafira,Zafira (1999),1999,2005,2002,6
img-c72cce3429128e4adfd5,Honda,1300,1300 Coupe (1970),1970,1973,1971,3
img-77e22d07834850a5b2f6,Honda,1300,1300 Sedan (1969),1969,1973,1971,2
img-ce9623a15ac275773468,Honda,Accord,Accord (2022),2022,,2024,2
img-afaaf6d6ed722bd9f2f4,Honda,Accord,Accord (2020),2020,2022,2021,3
img-b79c8cc199edcab8a9ef,Honda,Accord,Accord (2017),2017,2020,2018,5
img-efce5bb011e7e0dd38a1,Honda,Accord,Accord (2015),2015,2017,2016,6
img-22b0a24041888f6452c9,Honda,Accord,Accord (2012),2012,2015,2013,5
img-86b2aa3a9b8b6b4e549e,Honda,Accord,Accord (2008),2008,2012,2010,5
img-bf5bc827455b5975d80f,Honda,Accord,Accord (2005),2005,2007,2006,3
img-bc3be737784f4a80028e,Honda,Accord,Accord (2002),2002,2005,2003,2
img-8796530d242f28be0c71,Honda,Accord,Accord (1997),1997,2002,1999,3
img-d8ce0668c6b40a61e576,Honda,Accord,Accord (1996),1996,1998,1997,7
img-842284f890b8050e3627,Honda,Accord,Accord (1993),1993,1996,1994,6
img-3219f0bf8afdebc52e8f,Honda,Accord,Accord (1989),1989,1993,1991,9
img-1226acdca960502569fd,Honda,Accord,Accord (1981),1981,1985,1983,6
img-8219b7867c03771a450e,Honda,Accord,Accord 3 Doors (1981),1981,1985,1983,6
img-3c1bdc94d4d7564faea5,Honda,Accord,Accord 3 Doors (1976),1976,1981,1978,2
img-4b3a3e4b8fad7ff5e4a1,Honda,Accord,Accord Coupe (2015),2015,2016,2015,4
img-2ada47caef3a4d72fb50,Honda,Accord,Accord Coupe (2012),2012,2015,2013,4
img-628a198bee1acfd47722,Honda,Accord,Accord Coupe (2007),2007,2012,2009,4
img-db17e25699ca52206779,Honda,Accord,Accord Coupe (2006),2006,2007,2006,2
img-961cf16fa360d4b043e9,Honda,Accord,Accord Coupe (2003),2003,2005,2004,2
img-dccebf411db5b6d97539,Honda,Accord,Accord Coupe (1998),1998,2002,2000,4
img-e30ec7ae0418217c2558,Honda,Accord,Accord Coupe (1994),1994,1998,1996,5
img-bd555d4c8636c5b141b1,Honda,Accord Crosstour,Accord Crosstour (2013),2013,2016,2014,3
img-494d57fd32760bd7e72c,Honda,Accord Crosstour,Accord Crosstour (2009),2009,2013,2011,3
img-9956df71d26fbb9b5075,Honda,Accord Euro,Accord Euro (2008),2008,2010,2009,7
img-7d2687601e17e2274bf1,Honda,Accord Euro,Accord Euro (2006),2006,2008,2007,8
img-2a9637247a98908717f7,Honda,Accord Euro,Accord Euro (2003),2003,2006,2004,8
img-c6d6f595e459be3352d9,Honda,Accord Euro,Accord Euro (2001),2001,2003,2002,6
img-dbfd0ad70f959614b58d,Honda,Accord Euro,Accord Euro (1999),1999,2001,2000,4
img-92828eec62c66353eeef,Honda,Accord Euro,Accord Euro (1998),1998,2005,2001,6
img-1796356497df3d1a9588,Honda,Accord Tourer,Accord Tourer (2011),2011,2012,2011,5
img-38d250b979655a7b7982,Honda,Accord Tourer,Accord Tourer (2008),2008,2011,2009,7
img-fa866cdc8600601514ad,Honda,Accord Tourer,Accord Tourer (2005),2005,2008,2006,8
img-34cd2a32cdb385df0902,Honda,Accord Tourer,Accord Tourer (2003),2003,2005,2004,9
img-53232c693a89ee3863ac,Honda,Accord Tourer,Accord Tourer (1993),1993,1994,1993,5
img-34db3af0b019e59e8a41,Honda,Accord Type R,Accord Type R (1998),1998,2005,2001,1
img-dc1cb304543d66c0f7cf,Honda,Airwave,Airwave (2005),2005,2010,2007,2
img-5f6ea416aa463c9f64ec,Honda,Avancier,Avancier (1999),1999,2003,2001,4
img-c9aa4866850e94c94eff,Honda,Beat,Beat (1991),1991,1996,1993,1
img-09799a7b4eb355ed55b5,Honda,Civic,Civic Sedan (2022),2022,,2024,1
img-2552f388e51dc09fbd02,Honda,Civic,Civic Sedan (2021),2021,2024,2022,3
img-dcbed3fb3f94c9983e9c,Honda,Civic,Civic Sedan (2018),2018,2021,2019,4
img-a8bfb834f65150adc061,Honda,Civic,Civic Sedan (2016),2016,2018,2017,3
img-bc7b89b10d68f3654510,Honda,Civic,Civic Sedan (2012),2012,2016,2014,6
img-4138babee1e27fb787b7,Honda,Civic,Civic Sedan (2006),2006,2008,2007,3
img-9244947c8cbbebe82343,Honda,Civic,Civic Sedan (2003),2003,2005,2004,4
img-7d31c28747c2ba2f1436,Honda,Civic,Civic Sedan (2000),2000,2003,2001,7
img-c3eb8d21eb383f9975ad,Honda,Civic,Civic Sedan (1995),1995,2000,1997,3
img-081cfc6e139b1a2f6052,Honda,Civic,Civic Sedan (1991),1991,1996,1993,3
img-023544e3b941a1c75934,Honda,Civic,Civic Sedan (1987),1987,1991,1989,3
img-39cb9b5c69d16ba44c6e,Honda,Civic,Civic 5 Doors (2021),2021,,2023,4
img-f70ebf01d618443431ee,Honda,Civic,Civic 5 Doors (2019),2019,2021,2020,4
img-ada5ca1e8d369fa86eb0,Honda,Civic,Civic 5 Doors (2016),2016,2019,2017,7
img-4799a7b8cdcf8550031a,Honda,Civic,Civic 5 Doors (2015),2015,2016,2015,4
img-30e0f7429af1988a4873,Honda,Civic,Civic 5 Doors (2012),2012,2015,2013,5
img-4d7b6878173000ab9ed2,Honda,Civic,Civic 5 Doors (2008),2008,2011,2009,5
img-e192a0737792c5be0239,Honda,Civic,Civic 5 Doors (2005),2005,2008,2006,5
img-fffd86c72d928f76fecb,Honda,Civic,Civic 5 Doors (2003),2003,2005,2004,4
img-98296dad86186a60cca1,Honda,Civic,Civic 5 Doors (2001),2001,2003,2002,3
img-dac5d48bcbae9ed9f44b,Honda,Civic,Civic 5 Doors (1997),1997,2001,1999,4
img-6d0da9404c907b0764d3,Honda,Civic,Civic 5 Doors (1995),1995,1997,1996,4
img-1cb91d411397206eef74,Honda,Civic,Civic 3 Doors (2008),2008,2011,2009,5
img-95fc30dd05048fd56749,Honda,Civic,Civic 3 Doors (2005),2005,2008,2006,3
img-c841ce04ed186565346d,Honda,Civic,Civic 3 Doors (2003),2003,2005,2004,3
img-de14cfbb0d8b43e33ab5,Honda,Civic,Civic 3 Doors (2001),2001,2003,2002,5
img-4a089be91870a4a9ded6,Honda,Civic,Civic 3 Doors (1995),1995,2000,1997,5
img-d71f41dc83713cc6bb8f,Honda,Civic,Civic 3 Doors (1991),1991,1995,1993,4
img-7a58c13350ab8d8ff849,Honda,Civic,Civic 3 Doors (1987),1987,1991,1989,5
img-03b9ae264ba8867b5ff3,Honda,Civic,Civic 3 Doors (1983),1983,1987,1985,5
img-53cebb64924765bf5146,Honda,Civic,Civic 3 Doors (1982),1982,1983,1982,2
img-fbd2ac6ffbd64e7f0a45,Honda,Civic,Civic 3 Doors (1979),1979,1982,1980,4
img-7bd0ef418d6b14e4f005,Honda,Civic,Civic 3 Doors (1972),1972,1979,1975,3
img-2898a73c6166822fc932,Honda,Civic,Civic Coupe (2018),2018,2020,2019,4
img-694e0cb047e622e4ed6c,Honda,Civic,Civic Coupe (2016),2016,2018,2017,4
img-bf264d49188d88d4efda,Honda,Civic,Civic Coupe (2015),2015,2016,2015,3
img-2147201ef9b99e313f02,Honda,Civic,Civic Coupe (2012),2012,2015,2013,2
img-dc5753386d84fef081c4,Honda,Civic,Civic Coupe (2008),2008,2011,2009,2
img-d062c00efa5a7da602de,Honda,Civic,Civic Coupe (2006),2006,2008,2007,1
img-ca8f698ba59a25318ede,Honda,Civic,Civic Coupe (2005),2005,2008,2006,1
img-13bf6a4e5dc7a8b91717,Honda,Civic,Civic Coupe (2001),2001,2005,2003,2
img-06e669befed0314bc7e6,Honda,Civic,Civic Coupe (1996),1996,2001,1998,3
img-ad0bc4c9706d7ee36761,Honda,Civic,Civic Coupe (1994),1994,1996,1995,4
img-32de73ef3a9d4acf6d1d,Honda,Civic,Civic Sedan US (2008),2008,2012,2010,4
img-92b6bdccd8fb71af6254,Honda,Civic,Civic Sedan US (2007),2007,2008,2007,1
img-3e52d5f1e00b86b9b292,Honda,Civic,Civic Sedan US (2005),2005,2008,2006,3
img-909f34cc4f9792c0aefb,Honda,Civic Aero Deck,Civic Aero Deck (1998),1998,2001,1999,4
img-f83e25411784efe04dfc,Honda,Civic CRX,Civic CRX (1988),1988,1993,1990,3
img-988b55b024d45da24c71,Honda,Civic Shuttle,Civic Shuttle (1987),1987,1993,1990,3
img-e8f0079e5f67b2ab452f,Honda,Civic Si Sedan US,Civic Si Sedan US (2024),2024,,2025,1
img-ecd446a9c2ced9156931,Honda,Civic Tourer,Civic Tourer (2013),2013,2017,2015,3
img-60db0371e6cf8d28207b,Honda,Civic Type-R,Civic Type-R (2022),2022,,2024,1
img-40819fb365cabda2a84e,Honda,Civic Type-R,Civic Type-R (2016),2016,2020,2018,1
img-13c67f62740a9792efc7,Honda,Civic Type-R,Civic Type-R (2015),2015,2016,2015,1
img-2baeefac64ef64ad136c,Honda,Civic Type-R,Civic Type-R (2009),2009,2010,2009,1
img-f42b07de69ad3eff4ed4,Honda,Civic Type-R,Civic Type-R (2008),2008,2010,2009,1
img-55e405817c8e13ae4a49,Honda,Civic Type-R,Civic Type-R (2006),2006,2007,2006,1
img-ea0f834522ba10e3f5eb,Honda,Civic Type-R,Civic Type-R (2001),2001,2005,2003,1
img-d32332b28aadf59d2847,Honda,Clarity,Clarity (2007),2007,2014,2010,1
img-ba1684adeec3d10dab0d,Honda,Concerto,Concerto (1990),1990,1994,1992,2
img-417183e2c55d1aace723,Honda,CR-V,CR-V (2023),2023,,2024,4
img-38e375585b730f1103f8,Honda,CR-V,CR-V (2022),2022,,2024,2
img-ea48174d19a82d567f28,Honda,CR-V,CR-V (2019),2019,2022,2020,4
img-c20f6199dc547b5d2ec1,Honda,CR-V,CR-V (2016),2016,2019,2017,9
img-d3fd80fa2205d9087b84,Honda,CR-V,CR-V (2014),2014,2016,2015,8
img-047635731fa59491268e,Honda,CR-V,CR-V (2011),2011,2014,2012,7
img-ec2e704c08b17b8e64f5,Honda,CR-V,CR-V (2010),2010,2011,2010,7
img-288ae5b054f31f2fbfa0,Honda,CR-V,CR-V (2007),2007,2009,2008,4
img-25b990d2b8887537dd4a,Honda,CR-V,CR-V (2004),2004,2007,2005,4
img-60ceba6d7dc798bd2ee3,Honda,CR-V,CR-V (2002),2002,2004,2003,2
img-38b5c65c579faeb2642a,Honda,CR-V,CR-V (1996),1996,2001,1998,5
img-84bc7f572d22b44284d3,Honda,CR-Z,CR-Z (2010),2010,2016,2013,2
img-1047d32e8a92d2991b5a,Honda,CRX Del Sol,CRX Del Sol (1992),1992,1997,1994,2
img-e64fde05c1f2027bb176,Honda,e,e (2020),2020,,2023,1
img-9290549bb70d8fbaeb28,Honda,e:Ny1,e:Ny1 (2023),2023,,2024,1
img-92bd6c4fe54a230a7103,Honda,Element,Element (2003),2003,2011,2007,2
img-601129a50c15c59bce73,Honda,Fit EV,Fit EV (2012),2012,2014,2013,1
img-56ed914127552628a386,Honda,FR-V / Edix,FR-V / Edix (2007),2007,2011,2009,3
img-bf3f4ef36308d7975daf,Honda,FR-V / Edix,FR-V / Edix (2004),2004,2007,2005,3
img-fb9028aa82c110295847,Honda,HR-V,HR-V 5 Doors (2025),2025,,2025,1
img-916d7662f0cbc860bff2,Honda,HR-V,HR-V 5 Doors (2022),2022,2025,2023,7
img-15dcd3913565fa1721db,Honda,HR-V,HR-V 5 Doors (2021),2021,2022,2021,1
img-1ec4643f22f0127a7464,Honda,HR-V,HR-V 5 Doors (2018),2018,2021,2019,8
img-e7ffd664dafb11ea975f,Honda,HR-V,HR-V 5 Doors (2014),2014,2018,2016,6
img-18111e915148e6d1541d,Honda,HR-V,HR-V 5 Doors (2001),2001,2006,2003,2
img-139742d01d3497cd1e0f,Honda,HR-V,HR-V 5 Doors (1999),1999,2001,2000,1
img-b0579515ec32061b3c8c,Honda,HR-V,HR-V 3 Doors (2001),2001,2006,2003,2
img-9152f38ac8d9227754c4,Honda,HR-V,HR-V 3 Doors (1999),1999,2001,2000,1
img-7634ce8300f25efa6aec,Honda,Insight,Insight (2018),2018,2022,2020,1
img-e7cdf946678e15cd0135,Honda,Insight,Insight (2012),2012,2014,2013,2
img-9c2acbe43fb1af8d2bd5,Honda,Insight,Insight (2008),2008,2012,2010,1
img-d2c554f655947acb065f,Honda,Insight,Insight (1999),1999,2006,2002,1
img-7e8036350a3152dae1db,Honda,Jazz / City,Jazz / City (1983),1983,1986,1984,2
img-fc9b00ebe0baf8276167,Honda,Jazz / Fit,Jazz / Fit (2020),2020,,2023,4
img-1f2534612258deeb3163,Honda,Jazz / Fit,Jazz / Fit (2017),2017,2020,2018,5
img-21e8b57e264d3b58c15d,Honda,Jazz / Fit,Jazz / Fit (2013),2013,2017,2015,5
img-a60aac0fd80d43929231,Honda,Jazz / Fit,Jazz / Fit (2008),2008,2013,2010,3
img-1ee9bade30eb2b8a4228,Honda,Jazz / Fit,Jazz / Fit (2004),2004,2008,2006,2
img-89ba7cc10afdfe5f46d4,Honda,Jazz / Fit,Jazz / Fit (2002),2002,2004,2003,3
img-e8014d8cdb9aa86c0577,Honda,Legend,Legend Coupe (1991),1991,1996,1993,1
img-655145f5372c0a327e18,Honda,Legend,Legend Coupe (1988),1988,1991,1989,1
img-6ce8a3641342565ed5c0,Honda,Legend,Legend Sedan (2014),2014,2017,2015,1
img-26874e30bbf625d24bfc,Honda,Legend,Legend Sedan (2009),2009,2012,2010,1
img-aefc34983a954bab4a66,Honda,Legend,Legend Sedan (2004),2004,2008,2006,1
img-92466725b57fcae467b9,Honda,Legend,Legend Sedan (1996),1996,2005,2000,1
img-f105e09e9c2e4d58988c,Honda,Legend,Legend Sedan (1991),1991,1996,1993,2
img-5c57c8ceb3c7c4dd3f33,Honda,Legend,Legend Sedan (1987),1987,1991,1989,4
img-b8f02e9a52e6fa25d810,Honda,Logo / Fit,Logo / Fit (1996),1996,2001,1998,3
img-96ffd5f3a3548dcc6c01,Honda,MDX,MDX (2003),2003,2006,2004,1
img-d8a2823d98e013de7d12,Honda,Mobilio,Mobilio (2004),2004,2008,2006,5
img-eb1123786c27faa28c7a,Honda,Mobilio,Mobilio (2001),2001,2004,2002,4
img-60af1fc861774ecdcef2,Honda,N360,N360 (1967),1967,1972,1969,1
img-0bf9c2a704573eebdb2a,Honda,N600,N600 (1969),1969,1972,1970,1
img-22358e781fe909e5135e,Honda,NSX,NSX (2016),2016,2021,2018,1
img-28d0d4fc56b5b184c1dd,Honda,NSX,NSX (2002),2002,2005,2003,2
img-1428ea97f43337974a31,Honda,NSX,NSX (1997),1997,2002,1999,3
img-8efd478f749f72ca6c92,Honda,NSX,NSX (1991),1991,1997,1994,2
img-a597af6c2401e1b53121,Honda,Odyssey,Odyssey (2024),2024,,2025,1
img-bacd77cdc65d146f50a0,Honda,Odyssey,Odyssey (2020),2020,2024,2022,1
img-9f09ac918d3c514133bf,Honda,Odyssey,Odyssey (2017),2017,2020,2018,2
img-6ae9b91789d20e7ef282,Honda,Odyssey,Odyssey (2011),2011,2017,2014,2
img-67cb01794ebe93d88b34,Honda,Odyssey,Odyssey (2008),2008,2011,2009,1
img-da105d651b5087363f10,Honda,Odyssey,Odyssey (2005),2005,2008,2006,1
img-fcce7d874a3775f41944,Honda,Passport,Passport (2024),2024,,2025,1
img-1d019cbe7380efd530bd,Honda,Passport,Passport (2023),2023,,2024,1
img-1e11d6895353db9ca13e,Honda,Passport,Passport (2018),2018,2023,2020,1
img-4609f85d0fec29168d8e,Honda,Pilot,Pilot (2025),2025,,2025,1
img-85cb6ba9196cffe50274,Honda,Pilot,Pilot (2022),2022,2025,2023,1
img-bfd0d696d95bb45a1444,Honda,Pilot,Pilot (2018),2018,2022,2020,4
img-32eb77248092bf0db493,Honda,Pilot,Pilot (2015),2015,2018,2016,4
img-934b67498f99fcc7b76b,Honda,Pilot,Pilot (2009),2009,2016,2012,2
img-fcdb184501c9aa35cb22,Honda,Prelude,Prelude (2025),2025,,2025,1
img-32f22088f924ec4ac8ab,Honda,Prelude,Prelude (1996),1996,2000,1998,3
img-954b09634ba84e292d38,Honda,Prelude,Prelude (1992),1992,1996,1994,3
img-1f8246714f66acfd725a,Honda,Prelude,Prelude (1987),1987,1992,1989,3
img-f06e241768567bc7eb66,Honda,Prelude,Prelude (1983),1983,1987,1985,4
img-ff9ae1e09f061561151e,Honda,Prelude,Prelude (1979),1979,1982,1980,2
img-fac19808927f780825d6,Honda,Prologue,Prologue (2023),2023,,2024,2
img-60dddda88b205efcbc1e,Honda,Ridgeline,Ridgeline (2016),2016,2020,2018,2
img-fa82e50d1675024cd749,Honda,Ridgeline,Ridgeline (2009),2009,2014,2011,1
img-e281955255206952cdce,Honda,Ridgeline,Ridgeline (2005),2005,2009,2007,1
img-0714673bc188122e27ee,Honda,S2000,S2000 (1999),1999,2009,2004,2
img-80ccc79904d7cdd1e2b0,Honda,S660,S660 (2015),2015,2022,2018,2
img-28911c2621cface06ca7,Honda,S800,S800 (1966),1966,1970,1968,1
img-0311bdf61d4e9113273e,Honda,S800C,S800C (1966),1966,1970,1968,1
img-fca3f9dfbe26c53d0ecc,Honda,Shuttle,Shuttle (1998),1998,2001,1999,2
img-c1338be646bd1ab3a991,Honda,Shuttle,Shuttle (1995),1995,1998,1996,4
img-5980e53314c1e80f529f,Honda,Stream,Stream (2006),2006,2009,2007,4
img-a9b8667f7aa7e7335789,Honda,Stream,Stream (2003),2003,2006,2004,3
img-9fa5f7fc00069d2fdcd5,Honda,Stream,Stream (2000),2000,2003,2001,2
img-4449d120251f10ce3947,Honda,That's,That's (2002),2002,2007,2004,2
img-d245079606e270778a55,Honda,ZR-V,ZR-V (2023),2023,,2024,5
img-a9e2fc8b9e30b83f53e1,Hummer,H1 2 Door Hardtop,H1 2 Door Hardtop (1992),1992,2006,1999,1
img-6c7bb36fdecd4fbbc757,Hummer,H1 4 Door,H1 4 Door Wagon (1992),1992,2006,1999,2
img-97ba7c52be018f25ee40,Hummer,H1 4 Door Hardtop,H1 4 Door Hardtop (1992),1992,2006,1999,1
img-aafd0b93b8d0b7f8f6a4,Hummer,H1 4 Door Opentop,H1 4 Door Opentop (1992),1992,2006,1999,2
img-b9903899d20696fb0d7c,Hummer,H2,H2 (2002),2002,2009,2005,2
img-4dc23e0a26a1783b3f7d,Hummer,H2 SUT,H2 SUT (2004),2004,2009,2006,1
img-174e04644349f97a16c6,Hummer,H3,H3 (2005),2005,2010,2007,2
img-d94763d05903be92bcb0,Hummer,H3 Alpha,H3 Alpha (2007),2007,2010,2008,1
img-c02f19ced6a6b6b07e7f,Hyundai,Accent,Accent 3 Doors (2006),2006,2011,2008,4
img-4b237b1828b849306d74,Hyundai,Accent,Accent 3 Doors (2003),2003,2006,2004,4
img-38a618211391055e5279,Hyundai,Accent,Accent 3 Doors (1999),1999,2003,2001,3
img-9ea5b9205b84fa43e814,Hyundai,Accent,Accent 5 Doors (2011),2011,2017,2014,6
img-094fea051b0f105156fd,Hyundai,Accent,Accent 5 Doors (1999),1999,2003,2001,3
img-84ce9290872625e340f7,Hyundai,Accent,Accent Sedan (2017),2017,2023,2020,3
img-261030b42722514a5766,Hyundai,Accent,Accent Sedan (2011),2011,2017,2014,8
img-c3bb6f949ca8e129c4c9,Hyundai,Accent,Accent Sedan (2006),2006,2011,2008,5
img-def6f4d75aeee37ffd10,Hyundai,Accent,Accent Sedan (2003),2003,2006,2004,13
img-12f420ad43192d428f8d,Hyundai,Accent,Accent Sedan (1999),1999,2003,2001,2
img-e15425d774ed31fd105b,Hyundai,Atos,Atos (2005),2005,2008,2006,2
img-8b8586671e7462d11dce,Hyundai,Atos,Atos (2003),2003,2005,2004,2
img-e288b44fffabe24479b8,Hyundai,Atos Multi,Atos Multi (1998),1998,2003,2000,2
img-d0387943e9a91a73dcab,Hyundai,Atos Spirit,Atos Spirit (1999),1999,2003,2001,4
img-1613a4dd37be549c75d5,Hyundai,Bayon,Bayon (2021),2021,2024,2022,7
img-2a2b1628651c855d1193,Hyundai,Coupe / Tiburon,Coupe / Tiburon (2007),2007,2009,2008,3
img-a53f84a69a11b66f0b26,Hyundai,Coupe / Tiburon,Coupe / Tiburon (2004),2004,2007,2005,3
img-16f2e7df3aeae460c4bb,Hyundai,Coupe / Tiburon,Coupe / Tiburon (2001),2001,2004,2002,4
img-c9e4ce1c3f5b0ecaec4f,Hyundai,Coupe / Tiburon,Coupe / Tiburon (1999),1999,2001,2000,2
img-fb2d30c8792bc7f523ab,Hyundai,Coupe / Tiburon,Coupe / Tiburon (1996),1996,1999,1997,3
img-c8d63d0bd45977653d00,Hyundai,Elantra,Elantra Sedan (2023),2023,,2024,3
img-b780a37eca5a91124cf2,Hyundai,Elantra,Elantra Sedan (2020),2020,2023,2021,5
img-d8682ca1b72b81d4df34,Hyundai,Elantra,Elantra Sedan (2016),2016,2018,2017,3
img-86e8ae14d1970aeab21e,Hyundai,Elantra,Elantra Sedan (2014),2014,2016,2015,6
img-4d5e40b7ada56eaf1402,Hyundai,Elantra,Elantra Sedan (2010),2010,2014,2012,4
img-4cf357a3eb3b1b7a2004,Hyundai,Elantra,Elantra Sedan (2006),2006,2010,2008,5
img-b240481037394a597b28,Hyundai,Elantra,Elantra Sedan (2003),2003,2006,2004,5
img-ad24642b82b682faf565,Hyundai,Elantra,Elantra Sedan (2000),2000,2003,2001,3
img-349b506c1867ddc8507e,Hyundai,Elantra,Elantra 5 Doors (2012),2012,2015,2013,2
img-9d719a0dbdfe247ffd06,Hyundai,Elantra,Elantra 5 Doors (2003),2003,2006,2004,5
img-568bad8e21e56a751db3,Hyundai,Elantra,Elantra 5 Doors (2000),2000,2003,2001,5
img-af203f2001152c36d3c8,Hyundai,Elantra,Elantra Coupe (2012),2012,2014,2013,2
img-3ab09e85e734c7d53618,Hyundai,Elantra,Elantra Touring (2009),2009,2012,2010,2
img-e3dca4387833bfe27019,Hyundai,Elantra GT,Elantra GT (2017),2017,2020,2018,4
img-d8124a8c70d340153722,Hyundai,Elantra GT,Elantra GT (2015),2015,2017,2016,2
img-9e406544f14e0b445afb,Hyundai,Elantra GT,Elantra GT (2012),2012,2015,2013,6
img-ff17448f1a6f555309dd,Hyundai,Elantra N,Elantra N (2023),2023,,2024,2
img-7893b1e25b48b42552ca,Hyundai,Equus,Equus (2013),2013,2016,2014,3
img-4772da7f3ef8c85499d8,Hyundai,Equus,Equus (2010),2010,2013,2011,5
img-60e9d477466eda51370a,Hyundai,Excel,Excel 3 Doors (1998),1998,2000,1999,2
img-06376a275f17af8c8a94,Hyundai,Excel,Excel 3 Doors (1994),1994,1998,1996,4
img-2eb443adc7abbe85a371,Hyundai,Excel,Excel 5 Doors (1998),1998,2000,1999,2
img-b3b12af57fb3be500a71,Hyundai,Excel,Excel 5 Doors (1994),1994,1998,1996,2
img-05a74ef7a95e8d9b7215,Hyundai,Excel,Excel Sedan (1998),1998,2000,1999,2
img-03e286595a31aa6ff032,Hyundai,Excel,Excel Sedan (1994),1994,1998,1996,2
img-3d4f4b1a73e259004260,Hyundai,Excel,Excel Sedan (1989),1989,1994,1991,2
img-e5166c2d620ecefb147c,Hyundai,Genesis,Genesis (2014),2014,2016,2015,3
img-a5690c794e0b89bdc104,Hyundai,Genesis,Genesis (2008),2008,2014,2011,5
img-9254b5f1965a6cf79f47,Hyundai,Genesis,Genesis Coupe (2013),2013,2016,2014,4
img-7ffb69d6f8a740480387,Hyundai,Genesis,Genesis Coupe (2008),2008,2013,2010,8
img-5f4708b12bf2eb9d731c,Hyundai,Getz,Getz 3 Doors (2005),2005,2011,2008,4
img-11d3eb628af1e4a22a37,Hyundai,Getz,Getz 3 Doors (2002),2002,2005,2003,4
img-fbc715df20d0ce35e0f2,Hyundai,Getz,Getz 5 Doors (2005),2005,2011,2008,4
img-3c1cfb8d892aa32bff98,Hyundai,Getz,Getz 5 Doors (2002),2002,2005,2003,4
img-5d2a755111a413f45802,Hyundai,Grandeur / Azera,Grandeur / Azera (2012),2012,2016,2014,6
img-79de07d3a83d3a7b9fe1,Hyundai,Grandeur / Azera,Grandeur / Azera (2005),2005,2011,2008,3
img-1bd94395a8cce12fa32d,Hyundai,i10,i10 (2023),2023,,2024,9
img-ef18bdae8046a75acc7c,Hyundai,i10,i10 (2019),2019,2023,2021,5
img-b5d13e75967fd241942c,Hyundai,i10,i10 (2016),2016,2019,2017,5
img-401d2be14bf5f6ba9ce2,Hyundai,i10,i10 (2014),2014,2016,2015,4
img-f073951800f9cd1516bc,Hyundai,i10,i10 (2013),2013,2014,2013,2
img-8a5187e7773ef6091bbb,Hyundai,i10,i10 (2008),2008,2013,2010,4
img-8e3ee341ca55c53d9a9b,Hyundai,i20,i20 (2023),2023,,2024,6
img-4064c0ad40eefc752e66,Hyundai,i20,i20 (2020),2020,2023,2021,7
img-fd5a12c7617ce364ea98,Hyundai,i20,i20 (2018),2018,2020,2019,4
img-4cff5fe4cdd0cfc75586,Hyundai,i20,i20 (2014),2014,2018,2016,8
img-d5f3778edae75e3a35d7,Hyundai,i20,i20 (2009),2009,2014,2011,12
img-2f8cc91d3a07ac899a74,Hyundai,i20,i20 Coupe (2015),2015,2018,2016,7
img-1cf71d941304c20b00d9,Hyundai,i20 Active,i20 Active (2018),2018,2020,2019,4
img-f86dc6b29a331c275253,Hyundai,i20 Active,i20 Active (2015),2015,2018,2016,4
img-5e2bfe9d6fffed928472,Hyundai,i20 N,i20 N (2020),2020,,2023,1
img-1125672e6e2deadb2b8c,Hyundai,i30,i30 (2024),2024,,2025,3
img-0c1b025d6072a899beda,Hyundai,i30,i30 (2020),2020,2024,2022,11
img-0fdd7462024f3c576de9,Hyundai,i30,i30 (2018),2018,2020,2019,9
img-9e6acc3bde32975ba90d,Hyundai,i30,i30 (2016),2016,2018,2017,12
img-645ca470b5dd4701ddc6,Hyundai,i30,i30 (2012),2012,2015,2013,11
img-9510165d0588eaa58807,Hyundai,i30,i30 (2007),2007,2011,2009,6
img-dfdd15c1adcba4650715,Hyundai,i30,i30 Estate (2024),2024,,2025,4
img-6922cf980f031cd66db3,Hyundai,i30,i30 Estate (2020),2020,2024,2022,11
img-27bda759fc8376938e1d,Hyundai,i30,i30 Estate (2018),2018,2020,2019,5
img-d09888482634c8589e13,Hyundai,i30,i30 Estate (2017),2017,2019,2018,8
img-32f2fb150fd472997028,Hyundai,i30,i30 Estate (2012),2012,2017,2014,11
img-a5c7f2d2759c2877c229,Hyundai,i30,i30 Estate (2008),2008,2012,2010,5
img-a0be99e9c7002386ee90,Hyundai,i30,i30 Fastback (2019),2019,2024,2021,9
img-7dee2dca61706cbea0a8,Hyundai,i30,i30 Fastback (2017),2017,2019,2018,5
img-351a6e54eb7f9a1e422d,Hyundai,i30,i30 Coupe (2012),2012,2015,2013,8
img-a165af1e3bf0cf6bfca1,Hyundai,i30 N,i30 N (2020),2020,,2023,3
img-02e1e9ed02c0e8c2bb11,Hyundai,i30 N,i30 N (2017),2017,2020,2018,2
img-b2b7dab55dca0e41c47d,Hyundai,i40,i40 (2011),2011,2018,2014,8
img-c2fb4451a29a5d249fdf,Hyundai,i40,i40 wagon (2018),2018,2020,2019,4
img-fe3eb00a14db6223c41d,Hyundai,i40,i40 wagon (2012),2012,2018,2015,9
img-180f004f2fc518c5b406,Hyundai,i800 / H-1,i800 / H-1 (2008),2008,2018,2013,3
img-710c2cf9e5199665c218,Hyundai,Ioniq,Ioniq (2021),2021,,2023,4
img-32108207d3d3719bc80e,Hyundai,Ioniq,Ioniq (2019),2019,2022,2020,3
img-4cb21060cd7c7d9b22c2,Hyundai,Ioniq,Ioniq (2016),2016,2019,2017,3
img-b0ec0337645d643327c1,Hyundai,Ioniq 3,Ioniq 3 (2026),2026,,2026,1
img-e9f39f6904f7d1f3ba25,Hyundai,Ioniq 5,Ioniq 5 (2023),2023,,2024,1
img-4680a04cbaef63b1d966,Hyundai,Ioniq 6,Ioniq 6 (2022),2022,,2024,3
img-c78e2e8dd516841859f9,Hyundai,Ioniq 9,Ioniq 9 (2024),2024,,2025,3
img-c6baa3d5a9d9facee34b,Hyundai,ix20,ix20 (2015),2015,2019,2017,7
img-8b877281d9d88669a743,Hyundai,ix20,ix20 (2010),2010,2015,2012,4
img-dd0381d4a5a752e00d35,Hyundai,ix35 / Tucson,ix35 / Tucson (2023),2023,,2024,5
img-a864bc41f8f1fa5d22ba,Hyundai,ix35 / Tucson,ix35 / Tucson (2021),2021,2023,2022,3
img-9bb24251751303dd54e8,Hyundai,ix35 / Tucson,ix35 / Tucson (2020),2020,2023,2021,6
img-89c1c1a2d215d9f67975,Hyundai,ix35 / Tucson,ix35 / Tucson (2018),2018,2020,2019,15
img-bb6720747585a1b14df2,Hyundai,ix35 / Tucson,ix35 / Tucson (2016),2016,2018,2017,10
img-238d863ad9ec5ab0d1fd,Hyundai,ix35 / Tucson,ix35 / Tucson (2013),2013,2015,2014,4
img-b2797a318039a0f074ea,Hyundai,ix35 / Tucson,ix35 / Tucson (2009),2009,2013,2011,10
img-14e9754c06aff31913de,Hyundai,ix35 / Tucson,ix35 / Tucson (2004),2004,2009,2006,8
img-d45afb072d225c7c8cba,Hyundai,ix55 / Veracruz,ix55 / Veracruz (2009),2009,2012,2010,3
img-a7f9429f2772b6af6bb7,Hyundai,Kona,Kona (2023),2023,,2024,2
img-9c024e56f794dcbe4d21,Hyundai,Kona,Kona (2021),2021,2022,2021,2
img-a5911991c576614bc4a4,Hyundai,Kona,Kona (2017),2017,2020,2018,6
img-2f9fd8b5cd9274d4e0eb,Hyundai,Kona Electric,Kona Electric (2023),2023,,2024,4
img-e91d2b0e27a29663b3cb,Hyundai,Kona Electric,Kona Electric (2021),2021,2023,2022,1
img-fe1bf4ba86e4b75dfee0,Hyundai,Kona Electric,Kona Electric (2020),2020,2021,2020,2
img-f73a3ef69c06bdf014f4,Hyundai,Kona Electric,Kona Electric (2018),2018,2020,2019,2
img-e601c1e164ed386c6310,Hyundai,Kona N,Kona N (2021),2021,2023,2022,1
img-b954624ed6ae28a31467,Hyundai,Lantra,Lantra (1998),1998,2000,1999,4
img-fbb3b06c8b1626fb1923,Hyundai,Lantra,Lantra (1995),1995,1998,1996,5
img-cff5c5aa6f024f662ef6,Hyundai,Lantra,Lantra (1993),1993,1995,1994,3
img-afc41e873795e5e42f6b,Hyundai,Lantra,Lantra (1991),1991,1993,1992,3
img-e4801e6fe50e64be8041,Hyundai,Lantra,Lantra Wagon (1999),1999,2001,2000,4
img-36bc081b5c2b846cfde3,Hyundai,Lantra,Lantra Wagon (1995),1995,1998,1996,5
img-3f44521259376ae58fd3,Hyundai,Matrix,Matrix (2001),2001,2010,2005,6
img-4cbbf08b536d49bafeb1,Hyundai,Mistra,Mistra (2014),2014,2017,2015,2
img-86e0037fa0d252a45750,Hyundai,NEXO,NEXO (2025),2025,,2025,1
img-cb0b090ddab31e449e30,Hyundai,NEXO,NEXO (2018),2018,2025,2021,1
img-45bd95600c116f8f5a7c,Hyundai,Palisade,Palisade (2025),2025,,2025,5
img-c2e304197186a89ab6b1,Hyundai,Palisade,Palisade (2022),2022,2025,2023,1
img-089d1ac2ad5e6afd105f,Hyundai,Palisade,Palisade (2019),2019,2022,2020,8
img-5e4dc16dce569cb9c410,Hyundai,Pony,Pony 3 Doors (1989),1989,1994,1991,2
img-528ed10ebde787244cc0,Hyundai,Pony,Pony 5 Doors (1989),1989,1994,1991,2
img-749a1c24704045855756,Hyundai,Santa Cruz,Santa Cruz (2024),2024,,2025,2
img-a278cfbfeb3b94016ea5,Hyundai,Santa Cruz,Santa Cruz (2021),2021,2024,2022,2
img-1f1bb17168c159faf270,Hyundai,Santa Fe,Santa Fe (2023),2023,,2024,7
img-3c807682562c4e7d84ed,Hyundai,Santa Fe,Santa Fe (2020),2020,2023,2021,3
img-dcf7b387047cad4a83f5,Hyundai,Santa Fe,Santa Fe (2018),2018,2020,2019,13
img-d0ab4764bdffba8cf4d0,Hyundai,Santa Fe,Santa Fe (2016),2016,2018,2017,14
img-f17ceaaf9c6158826f19,Hyundai,Santa Fe,Santa Fe (2012),2012,2016,2014,13
img-6620f5e90705850e5d09,Hyundai,Santa Fe,Santa Fe (2009),2009,2012,2010,6
img-bf84e3ccf0fca33454f6,Hyundai,Santa Fe,Santa Fe (2006),2006,2009,2007,3
img-84a874fcd3555322cf7f,Hyundai,Santa Fe,Santa Fe (2004),2004,2006,2005,5
img-895f64bf4b226ff8cf19,Hyundai,Santa Fe,Santa Fe (2000),2000,2004,2002,5
img-2c9024d6edee040a2dec,Hyundai,Satellite,Satellite (1997),1997,2000,1998,2
img-acc95e2fd22f9e77b7b1,Hyundai,Scoupe,Scoupe (1992),1992,1996,1994,3
img-3d28f7df8860a67471ad,Hyundai,Scoupe,Scoupe (1990),1990,1992,1991,1
img-368cda659c7ce9434353,Hyundai,Sonata,Sonata (2023),2023,,2024,7
img-3afd82480793ad31c627,Hyundai,Sonata,Sonata (2019),2019,2023,2021,3
img-03c0f6324f5e0cc2cf59,Hyundai,Sonata,Sonata (2017),2017,2019,2018,3
img-6f948858f3c67bfc98d4,Hyundai,Sonata,Sonata (2014),2014,2017,2015,3
img-8c07be66731de5fd9e11,Hyundai,Sonata,Sonata (2009),2009,2014,2011,6
img-92281a29775f758d43ad,Hyundai,Sonata,Sonata (2008),2008,2009,2008,8
img-22b216735c9285766b69,Hyundai,Sonata,Sonata (2004),2004,2008,2006,8
img-7ddf706fa82950e25286,Hyundai,Sonata,Sonata (2001),2001,2004,2002,7
img-de13e20173418bd00628,Hyundai,Sonata,Sonata (1998),1998,2001,1999,4
img-4397b6ad78783100686e,Hyundai,Sonata,Sonata (1996),1996,1998,1997,3
img-e08b4a0a0e8606392fe0,Hyundai,Sonata,Sonata (1993),1993,1996,1994,4
img-56fa9a7cfa8a7fb0b916,Hyundai,Sonata,Sonata (1989),1989,1993,1991,6
img-9cdde0f014f375e89793,Hyundai,Sonata Hybrid,Sonata Hybrid (2017),2017,2019,2018,1
img-42e3c25712828503eee2,Hyundai,Sonata Hybrid,Sonata Hybrid (2015),2015,2017,2016,2
img-78d3677e4b61dc85effd,Hyundai,Sonata Hybrid,Sonata Hybrid (2010),2010,2014,2012,1
img-a422c2b45513da808719,Hyundai,Terracan,Terracan (2004),2004,2007,2005,2
img-efb718b21710b3d66e98,Hyundai,Terracan,Terracan (2001),2001,2004,2002,4
img-370da4b9a71af6b19385,Hyundai,Trajet,Trajet (2004),2004,2008,2006,5
img-862c4949ff03a12e82c9,Hyundai,Trajet,Trajet (2000),2000,2004,2002,5
img-24cf4c07266807206d13,Hyundai,Veloster,Veloster (2018),2018,2020,2019,6
img-995a34fb0601904e4578,Hyundai,Veloster,Veloster (2011),2011,2018,2014,5
img-e923de8b5e992be4bcf2,Hyundai,Venue,Venue (2019),2019,,2022,6
img-f6d5a64bdd2d69052cb4,Hyundai,XG,XG (2003),2003,2005,2004,3
img-5dfb551d16c0a1953c41,Hyundai,XG,XG (1999),1999,2003,2001,2
img-495487b60bd38dce0e9f,Ineos,Grenadier,Grenadier (2022),2022,,2024,2
img-bf3b6064662e9b392124,Infiniti,EX,EX (2013),2013,2014,2013,2
img-96a9a3e66b1aee4d0b22,Infiniti,EX,EX (2007),2007,2013,2010,6
img-d7f574909b5ca0dfbcf7,Infiniti,FX,FX (2008),2008,2013,2010,6
img-6c89bf6396d737681638,Infiniti,FX,FX (2002),2002,2008,2005,2
img-30e1b7501a29825136d1,Infiniti,G,G Convertible (2012),2012,2013,2012,1
img-429b28397c500675a465,Infiniti,G,G Convertible (2009),2009,2013,2011,2
img-bf69c7e69c3e7ccf17d2,Infiniti,G,G Coupe (2011),2011,2013,2012,2
img-82a239eea6c46329a4a0,Infiniti,G,G Coupe (2008),2008,2013,2010,2
img-75f3f5b94e504050a334,Infiniti,G,G Sedan (2013),2013,2014,2013,2
img-06ca0e2928b5108718be,Infiniti,G,G Sedan (2011),2011,2013,2012,2
img-9106907a624fd598c337,Infiniti,G,G Sedan (2008),2008,2011,2009,3
img-fd8d36a77d46dd5a2f87,Infiniti,G20,G20 (1999),1999,2002,2000,2
img-2ae2b0dcf949c2bf64fd,Infiniti,G20,G20 (1991),1991,1996,1993,2
img-d43239a68f337a425265,Infiniti,G35,G35 (2006),2006,2008,2007,4
img-ad30e79845be7c015de1,Infiniti,G35,G35 (2001),2001,2006,2003,2
img-f93035f2ede4037ca58d,Infiniti,G35,G35 Coupe (2002),2002,2007,2004,2
img-dfb791d7a8e24ed3a7f7,Infiniti,I,I (1999),1999,2004,2001,3
img-526e7b57e0bf00d6c1a8,Infiniti,I,I (1995),1995,1999,1997,2
img-a1b2038ce91659adf755,Infiniti,J,J (1993),1993,1997,1995,1
img-dedd839615f63dc277a1,Infiniti,JX,JX (2012),2012,2014,2013,1
img-0f97ec262a46476ffbef,Infiniti,M,M Convertible (1990),1990,1992,1991,1
img-07ccce64a1a60a5de8ef,Infiniti,M,M Sedan (2010),2010,2013,2011,6
img-eb04981f290987a9eacd,Infiniti,M,M Sedan (2005),2005,2010,2007,3
img-f4ff8aa19af85f8ce174,Infiniti,M,M Sedan (2003),2003,2005,2004,1
img-c45099b1c1402e01e72a,Infiniti,M,M Coupe (1990),1990,1992,1991,1
img-896ff8424598b4e36fd9,Infiniti,Q,Q (2001),2001,2006,2003,2
img-250e0c6c50f6e9586019,Infiniti,Q,Q (1996),1996,2000,1998,1
img-eac93104b32f2dd89331,Infiniti,Q,Q (1989),1989,1996,1992,1
img-ad8c359937938717e15a,Infiniti,Q40,Q40 (2014),2014,2015,2014,2
img-1d4e1406d5d8ae2b95f5,Infiniti,Q50,Q50 (2018),2018,2024,2021,10
img-34532127a7ccc6b128d9,Infiniti,Q50,Q50 (2016),2016,2018,2017,8
img-87fe855ab356a9f732ca,Infiniti,Q50,Q50 (2013),2013,2016,2014,7
img-c4bfa8ef8b16706da200,Infiniti,Q60,Q60 (2018),2018,2022,2020,6
img-ea947bf55d575e4603aa,Infiniti,Q60,Q60 (2016),2016,2018,2017,6
img-429a394a89eec836d22a,Infiniti,Q60,Q60 (2014),2014,2016,2015,3
img-f9691b6935ab1c538d4a,Infiniti,Q60,Q60 (2013),2013,2015,2014,2
img-a6675eedf6e292da6d2b,Infiniti,Q60,Q60 Convertible (2013),2013,2015,2014,3
img-a9f03b4a8c6a9c6879c6,Infiniti,Q70,Q70 (2018),2018,2019,2018,4
img-2cb015a7ccb4e458da5e,Infiniti,Q70,Q70 (2013),2013,2018,2015,7
img-5d8a0dab53dcf978d513,Infiniti,QX,QX (2010),2010,2014,2012,2
img-18f35d5fd0f011bd0ee9,Infiniti,QX,QX (2004),2004,2010,2007,2
img-dfc6dd2d859f61f31c01,Infiniti,QX,QX (2001),2001,2003,2002,1
img-c3e9eb771bb8d4454590,Infiniti,QX,QX (1997),1997,2001,1999,2
img-b31a12c712aba12ef405,Infiniti,QX30,QX30 (2017),2017,2019,2018,2
img-60bc9adfe56ae0775329,Infiniti,QX30,QX30 (2015),2015,2017,2016,7
img-27a8bc3f08334dcd394a,Infiniti,QX50,QX50 (2020),2020,,2023,2
img-807c4a26286a49fd421e,Infiniti,QX50,QX50 (2018),2018,2020,2019,2
img-12a7c3c58576f7d51901,Infiniti,QX50,QX50 (2016),2016,2017,2016,2
img-acf9e80048e3c586e91c,Infiniti,QX50,QX50 (2013),2013,2016,2014,2
img-db3645e5e24c1190651c,Infiniti,QX55,QX55 (2021),2021,,2023,1
img-36dbbfc362ea2f1ffd05,Infiniti,QX60,QX60 (2025),2025,,2025,2
img-788252e1fd736b0f0f81,Infiniti,QX60,QX60 (2021),2021,2025,2023,4
img-e0a7c54b69d966290222,Infiniti,QX60,QX60 (2016),2016,2021,2018,4
img-442962710d159a48be83,Infiniti,QX60,QX60 (2013),2013,2016,2014,4
img-e2333212f34fda4c8d67,Infiniti,QX70,QX70 (2017),2017,2019,2018,2
img-3cfb19295377eb2adc6b,Infiniti,QX70,QX70 (2013),2013,2017,2015,3
img-185e3b042d4c40701fc3,Infiniti,QX80,QX80 (2024),2024,,2025,2
img-70d268cee7b80147f1d6,Infiniti,QX80,QX80 (2021),2021,2024,2022,2
img-112515df72f2122af864,Infiniti,QX80,QX80 (2018),2018,2021,2019,2
img-4117c2b02685f55a27b7,Infiniti,QX80,QX80 (2014),2014,2017,2015,2
img-12a8bbabd1601d998de7,Isuzu,117,117 Coupe (1968),1968,1981,1974,13
img-3af9fd42119a6b51e735,Isuzu,Amigo,Amigo 3 Doors (1997),1997,2003,2000,3
img-d65c289bf83a3bd1bc55,Isuzu,Amigo Cabrio,Amigo Cabrio (1998),1998,2003,2000,5
img-3c23302267e0f3b9b42e,Isuzu,Ascender,Ascender (2001),2001,2008,2004,4
img-290ef7a7469efc21bb26,Isuzu,Axiom,Axiom (2001),2001,2004,2002,4
img-8cf553b2f26cb3dea990,Isuzu,Hombre,Hombre Crew Cab (1995),1995,2000,1997,4
img-3f72aff8e3264cf23ddf,Isuzu,i-Series,i-Series (2005),2005,2009,2007,8
img-f4722d1c3e373aca5606,Isuzu,MU-7,MU-7 (2004),2004,2013,2008,3
img-2fa57daf6b6e2413fc03,Isuzu,Rodeo / D-Max,Rodeo / D-Max (2016),2016,2019,2017,2
img-7499d70f04e121875d83,Isuzu,Rodeo / D-Max,Rodeo / D-Max (2015),2015,2019,2017,2
img-0781323f868e856cbcf5,Isuzu,Rodeo / D-Max,Rodeo / D-Max (2012),2012,2015,2013,3
img-2bbda4436730328d6131,Isuzu,Rodeo / D-Max,Rodeo / D-Max (2002),2002,2011,2006,5
img-7793db3c460d529966a2,Isuzu,Trooper,Trooper 3 Doors (1998),1998,2002,2000,5
img-77e312eb9dab8fd4f766,Isuzu,Trooper,Trooper 5 Doors (1998),1998,2002,2000,7
img-c7f888d58627eabd380f,Jaguar,E-Pace,E-Pace (2017),2017,2024,2020,9
img-3b8f710eef0c8973a5ff,Jaguar,F-Pace,F-Pace (2020),2020,,2023,8
img-d6cc0aa9746c86a5a995,Jaguar,F-Pace,F-Pace (2015),2015,2020,2017,9
img-2dad8ae548f6a24ae6b7,Jaguar,F-Pace SVR,F-Pace SVR (2020),2020,,2023,1
img-a92a0dafc5309d2db9e7,Jaguar,F-Pace SVR,F-Pace SVR (2018),2018,2020,2019,1
img-6e0c0a68c75f572b4005,Jaguar,F-Type,F-Type Coupe (2020),2020,,2023,6
img-f45cfa26c96dbc415a0a,Jaguar,F-Type,F-Type Coupe (2017),2017,2020,2018,9
img-21ec3f7a382e14f23e3e,Jaguar,F-Type,F-Type Coupe (2014),2014,2017,2015,6
img-94d8a1e87fdb685518a3,Jaguar,F-Type,F-Type Convertible (2020),2020,,2023,6
img-8928f22b2846a0c37bf9,Jaguar,F-Type,F-Type Convertible (2017),2017,2020,2018,7
img-fdd87d1413fa2380e304,Jaguar,F-Type,F-Type Convertible (2013),2013,2017,2015,7
img-131cb8dc99bd4c593047,Jaguar,F-Type SVR,F-Type SVR (2016),2016,2017,2016,2
img-f4712e4511fc683a339a,Jaguar,F-Type SVR,F-Type SVR Coupe (2017),2017,2020,2018,1
img-b76be2b2fb1573c57ece,Jaguar,F-Type SVR,F-Type SVR Coupe (2016),2016,2020,2018,1
img-c05e78e448ad80a8cad6,Jaguar,I-Pace,I-Pace (2018),2018,2024,2021,1
img-96be6c75002b35cd4f82,Jaguar,S-Type,S-Type (2004),2004,2007,2005,5
img-08ab427b546073f495fb,Jaguar,S-Type,S-Type (1999),1999,2002,2000,2
img-7ed1338d400ff95f9101,Jaguar,S-Type R,S-Type R (2004),2004,2007,2005,1
img-2be6a1e3d324778e4b59,Jaguar,S-Type R,S-Type R (2002),2002,2004,2003,1
img-827eda2bd988019e1789,Jaguar,X-Type,X-Type (2001),2001,2009,2005,5
img-fd688bcb3ee41915b0f3,Jaguar,X-Type,X-Type Estate (2004),2004,2009,2006,5
img-fe6a8f4e1f6464fab6f9,Jaguar,XE,XE (2019),2019,2024,2021,6
img-76fec4e400f0300a83e3,Jaguar,XE,XE (2018),2018,2024,2021,1
img-55cc457f41bdab2d9a9e,Jaguar,XE,XE (2015),2015,2019,2017,11
img-69215056f589bc7e0d54,Jaguar,XE SV,XE SV (2017),2017,2019,2018,1
img-b1305d89727c776e3343,Jaguar,XF,XF (2020),2020,,2023,5
img-7b66438fed1d38113c00,Jaguar,XF,XF (2015),2015,2020,2017,12
img-cdf97ff85f381f84acf8,Jaguar,XF,XF (2012),2012,2015,2013,8
img-04407f753ac55359e990,Jaguar,XF,XF (2011),2011,2015,2013,1
img-c37933984cb83101549c,Jaguar,XF,XF (2008),2008,2012,2010,10
img-bbfefc11f733806188d4,Jaguar,XF Sportbrake,XF Sportbrake (2020),2020,,2023,5
img-371117ef0efc85bee4c2,Jaguar,XF Sportbrake,XF Sportbrake (2017),2017,2020,2018,7
img-8f6e4987fcfda4886588,Jaguar,XF Sportbrake,XF Sportbrake (2012),2012,2015,2013,5
img-0c3dd6107e77b9022ead,Jaguar,XFR,XFR (2009),2009,2011,2010,2
img-7519eb8a529670a79b78,Jaguar,XJ,XJ (2012),2012,2019,2015,8
img-a81743e7d3034db3e025,Jaguar,XJ,XJ (2009),2009,2012,2010,12
img-646942e4e162eae4c2fe,Jaguar,XJ,XJ (2007),2007,2009,2008,5
img-01a07ad5dd223db1a2f1,Jaguar,XJ,XJ (2003),2003,2007,2005,5
img-a9be996531963d733df2,Jaguar,XJ,XJ (1997),1997,2003,2000,3
img-a673b15fc257aef89c20,Jaguar,XJ,XJ (1994),1994,1997,1995,5
img-34c2e5a4002bdad3a5f8,Jaguar,XJ,XJ (1986),1986,1994,1990,6
img-b4efad98ed022be14ba2,Jaguar,XJ,XJ (1979),1979,1992,1985,3
img-debee6f3b3b9df0b976c,Jaguar,XJ220,XJ220 (1992),1992,1994,1993,1
img-878222baf7d38fee7c1f,Jaguar,XJR,XJR (2017),2017,2019,2018,1
img-343675ff26fdb794ea19,Jaguar,XJR,XJR (2013),2013,2017,2015,1
img-11dff9e2e858427c2865,Jaguar,XJR,XJR (2007),2007,2010,2008,1
img-50703a70891e20a1b479,Jaguar,XJR,XJR (2003),2003,2007,2005,1
img-0f4f31b04b86133ec92e,Jaguar,XJR,XJR (1997),1997,2003,2000,1
img-5dfb70662f3bd6508b0f,Jaguar,XJR,XJR (1994),1994,1997,1995,2
img-52d6a591b361338135ee,Jaguar,XJR,XJR (1990),1990,1992,1991,1
img-46f01fc5fce93d144709,Jaguar,XK,XK (2010),2010,2014,2012,1
img-3b0bc8bf9a17eac27eba,Jaguar,XK,XK (2006),2006,2009,2007,3
img-5f1feea0924632d37707,Jaguar,XK,XK (2002),2002,2006,2004,1
img-6907914312962f852c09,Jaguar,XK,XK (1996),1996,2002,1999,1
img-52bcb0dd0a696c289f08,Jaguar,XK,XK Convertible (2010),2010,2014,2012,1
img-24564f52d2ab06e68352,Jaguar,XK,XK Convertible (2006),2006,2009,2007,2
img-f591fe27c9ec4d970414,Jaguar,XK,XK Convertible (2002),2002,2006,2004,1
img-14d8b91ddaf8110ca0e5,Jaguar,XK,XK Convertible (1996),1996,2002,1999,1
img-cd205d7b167b399bbd29,Jaguar,XKR,XKR (2011),2011,2014,2012,1
img-c54af45b209cb2ce9249,Jaguar,XKR,XKR (2009),2009,2014,2011,1
img-4fa5ae8087702bb91d76,Jaguar,XKR,XKR (2008),2008,2010,2009,1
img-7f6cd82a09a1a76a682b,Jaguar,XKR,XKR (2006),2006,2008,2007,1
img-e093dfd2b506ad473471,Jaguar,XKR,XKR (2002),2002,2006,2004,2
img-e03266e61487c1d1fe5e,Jaguar,XKR,XKR (1998),1998,2002,2000,1
img-7bbdcaf145ab0ced4f62,Jaguar,XKR,XKR Convertible (2011),2011,2014,2012,1
img-822c51849d6b8cb86b44,Jaguar,XKR,XKR Convertible (2009),2009,2014,2011,2
img-ce1ec78af3857f2f741a,Jaguar,XKR,XKR Convertible (2006),2006,2008,2007,1
img-12c98095edc5bef50b1a,Jaguar,XKR,XKR Convertible (2002),2002,2006,2004,1
img-ee60b38f6a2dcc02107b,Jaguar,XKR,XKR Convertible (1998),1998,2002,2000,1
img-7083002e449b1b25e3a6,Jeep,Avenger,Avenger (2022),2022,,2024,1
img-3a681293c9360f99a244,Jeep,Cherokee,Cherokee (2025),2025,,2025,1
img-80066c8eb9eb54644601,Jeep,Cherokee,Cherokee (2018),2018,2023,2020,9
img-7413c46914c640f2e195,Jeep,Cherokee,Cherokee (2013),2013,2018,2015,7
img-da187538bdf85ce4c884,Jeep,Cherokee/Liberty,Cherokee/Liberty (2007),2007,2012,2009,4
img-be830a9c2dfbb4a1a075,Jeep,Cherokee/Liberty,Cherokee/Liberty (2004),2004,2007,2005,3
img-eb12f167753cfee2c86d,Jeep,Cherokee/Liberty,Cherokee/Liberty (2001),2001,2005,2003,5
img-9710f1983692859d9d01,Jeep,Cherokee/Liberty,Cherokee/Liberty (1997),1997,2001,1999,7
img-d3fea67bf97bd59edd11,Jeep,Cherokee/Liberty,Cherokee/Liberty (1984),1984,1997,1990,20
img-0d1af58a0a81e96cedb6,Jeep,Commander,Commander (2008),2008,2010,2009,3
img-9d09e47572711386a961,Jeep,Commander,Commander (2005),2005,2007,2006,4
img-96d4751d838534f0cb6f,Jeep,Compass,Compass (2025),2025,,2025,3
img-bd81c5fbe7923414db2a,Jeep,Compass,Compass (2021),2021,2025,2023,6
img-add0d331513281b244b9,Jeep,Compass,Compass (2019),2019,2021,2020,7
img-bd5586bf42639ed18622,Jeep,Compass,Compass (2016),2016,2019,2017,10
img-d5c19417812d76b059ac,Jeep,Compass,Compass (2011),2011,2016,2013,12
img-19fefd8e80ed0555ad4a,Jeep,Compass,Compass (2006),2006,2011,2008,6
img-c72d6136f835000ef3f6,Jeep,Gladiator,Gladiator (2023),2023,,2024,1
img-739823d6816cbbf1e73d,Jeep,Gladiator,Gladiator (2020),2020,2023,2021,3
img-8294f0fa6a86bf5d42b4,Jeep,Grand Cherokee,Grand Cherokee (2021),2021,,2023,4
img-fda3cd41ce2c4712ac33,Jeep,Grand Cherokee,Grand Cherokee (2020),2020,,2023,2
img-b0b4d4c1953e0cfa94b1,Jeep,Grand Cherokee,Grand Cherokee (2018),2018,2021,2019,1
img-e0ca5a50cc53c4a8f341,Jeep,Grand Cherokee,Grand Cherokee (2013),2013,2020,2016,7
img-4c6a1a61f326a6f06bfc,Jeep,Grand Cherokee,Grand Cherokee (2012),2012,2014,2013,1
img-28d41ece78e0f2fbcf80,Jeep,Grand Cherokee,Grand Cherokee (2010),2010,2013,2011,6
img-94187926c8884626ca97,Jeep,Grand Cherokee,Grand Cherokee (2006),2006,2010,2008,1
img-c4a2c321b537b68929ad,Jeep,Grand Cherokee,Grand Cherokee (2005),2005,2010,2007,4
img-a60dd7966cedf55474b1,Jeep,Grand Cherokee,Grand Cherokee (2003),2003,2005,2004,3
img-1628ef8c0466ea30e62f,Jeep,Grand Cherokee,Grand Cherokee (1999),1999,2003,2001,6
img-b3e254770bd1924e0dd5,Jeep,Grand Cherokee,Grand Cherokee (1992),1992,1999,1995,4
img-5c411ac133346eba1a79,Jeep,Patriot,Patriot (2007),2007,2014,2010,12
img-9c1299f7c71fa1032a39,Jeep,Recon,Recon (2025),2025,,2025,1
img-f3871349df2f9bd649e9,Jeep,Renegade,Renegade (2018),2018,2022,2020,8
img-ae7573f258c568d6865a,Jeep,Renegade,Renegade (2014),2014,2018,2016,11
img-4c288f7f00d4777cbd05,Jeep,Wagoneer,Wagoneer (2025),2025,,2025,2
img-7307204e1fa734705525,Jeep,Wagoneer,Wagoneer (2024),2024,2025,2024,1
img-3e2d26f5f81e845f867e,Jeep,Wagoneer,Wagoneer (2021),2021,2025,2023,3
img-f9065a606a106f10fcdb,Jeep,Wagoneer,Wagoneer (1962),1962,1991,1976,2
img-e54b7a12c2db76dbb269,Jeep,Wrangler,Wrangler (2023),2023,,2024,4
img-595b16134c1b582eb1c2,Jeep,Wrangler,Wrangler (2021),2021,2023,2022,1
img-65212ab132fea2195c4b,Jeep,Wrangler,Wrangler (2018),2018,2024,2021,2
img-d4eb53dc8918fab3fc85,Jeep,Wrangler,Wrangler (2006),2006,2018,2012,10
img-f1e954d7a1229ab63f30,Jeep,Wrangler,Wrangler (1996),1996,2006,2001,4
img-79a87c949af902924dd1,Jeep,Wrangler,Wrangler (1986),1986,1996,1991,5
img-b6bcea9204400c9eeaa0,Jeep,Wrangler Rubicon,Wrangler Rubicon (2023),2023,,2024,1
img-7850c96706f0df6cd54f,Jeep,Wrangler Unlimited,Wrangler Unlimited (2017),2017,2024,2020,4
img-a86d06df042791bdc48d,Jeep,Wrangler Unlimited,Wrangler Unlimited (2011),2011,2018,2014,5
img-49a0cf669e65537f589a,Jeep,Wrangler Unlimited,Wrangler Unlimited (2006),2006,2012,2009,10
img-d9b8034877a104c33f77,Jeep,Wrangler Unlimited,Wrangler Unlimited (2004),2004,2006,2005,2
img-01f8837033eb35d4b4e9,Karma,Revero GT,Revero GT (2019),2019,,2022,1
img-da2dead7f3ca7195b9dd,Karma,Revero GTS,Revero GTS (2019),2019,,2022,1
img-efecb128a4108c7e3753,KGM,Actyon,Actyon (2024),2024,,2025,4
img-007bfe1806c03ba57514,KGM,Korando,Korando (2023),2023,,2024,5
img-7715aa6e2bf85cbbb2e7,KGM,Rexton,Rexton (2023),2023,,2024,2
img-f0445516d5502135b60e,KGM,Tivoli,Tivoli (2023),2023,,2024,5
img-e2dc2e597c212dd35bc9,KGM,Torres,Torres (2023),2023,,2024,6
img-08061bec1ac271136de3,Kia,Borrego / Mohave,Borrego / Mohave (2009),2009,2013,2011,5
img-e7ef4d498016bf3d59fd,Kia,Carens,Carens (2016),2016,2018,2017,6
img-fe60790c8d32a8b05a34,Kia,Carens,Carens (2013),2013,2016,2014,4
img-b95c8bdd5dd1e82baa42,Kia,Carens,Carens (2008),2008,2013,2010,5
img-4cfed792893f7cbcb75c,Kia,Carens,Carens (2002),2002,2006,2004,10
img-f37b4b20d85099a34a35,Kia,Carens,Carens (2000),2000,2002,2001,7
img-ff9bb35b0025ee5c39e4,Kia,Carnival / Sedona,Carnival / Sedona (2024),2024,,2025,1
img-9b7367235f94263049f6,Kia,Carnival / Sedona,Carnival / Sedona (2021),2021,2024,2022,1
img-ac2da135571b44b75027,Kia,Carnival / Sedona,Carnival / Sedona (2018),2018,2021,2019,1
img-db16295af13af4a5ef41,Kia,Carnival / Sedona,Carnival / Sedona (2015),2015,2018,2016,1
img-43a44d716e4c1bcc1877,Kia,Carnival / Sedona,Carnival / Sedona (2006),2006,2015,2010,5
img-86f45031028463259ffb,Kia,Carnival / Sedona,Carnival / Sedona (2005),2005,2014,2009,2
img-d032bc937cd512359de5,Kia,Carnival / Sedona,Carnival / Sedona (2002),2002,2006,2004,6
img-622b7cc333ab0c68f35a,Kia,cee'd,cee'd (2015),2015,2018,2016,6
img-fdef3883d46abad7423c,Kia,cee'd,cee'd (2012),2012,2018,2015,10
img-177e58d0ef4e47d287e2,Kia,cee'd,cee'd (2009),2009,2012,2010,8
img-644bf899280a35d693c5,Kia,cee'd,cee'd (2007),2007,2009,2008,9
img-74a12ffd6f9741cb3ded,Kia,cee'd SW,cee'd SW (2012),2012,2018,2015,10
img-dd275b7044a3a040e145,Kia,cee'd SW,cee'd SW (2007),2007,2012,2009,8
img-c4b92c43f11de9fbf1ed,Kia,Ceed,Ceed (2021),2021,,2023,5
img-9f5b7cf465aeaddb274e,Kia,Ceed,Ceed (2018),2018,2021,2019,2
img-163be94bc7c4fdf57a3e,Kia,Cerato / Spectra,Cerato / Spectra (2007),2007,2009,2008,7
img-48e4c21b39f2e4973e18,Kia,Cerato / Spectra,Cerato / Spectra (2004),2004,2007,2005,14
img-3837cdf1a55ce8c97101,Kia,Cerato/Forte,Cerato/Forte (2013),2013,2018,2015,3
img-705bc23d486d0aa16cf4,Kia,EV2,EV2 (2026),2026,,2026,2
img-50ed4c426c7e117e47fe,Kia,EV3,EV3 (2026),2026,,2026,2
img-58598b6ac33491bf194d,Kia,EV3,EV3 (2024),2024,2026,2025,2
img-4589308c35bd7ff3f094,Kia,EV4,EV4 Hatchback (2025),2025,,2025,2
img-154c3560f132cfdace54,Kia,EV4,EV4 (2025),2025,,2025,2
img-f5fef617bfe8dac25495,Kia,EV5,EV5 (2023),2023,2025,2024,3
img-cb1c41b118aa98d0bf79,Kia,EV6,EV6 (2021),2021,,2023,5
img-6721dc12de2aa7bf07d8,Kia,EV9,EV9 (2024),2024,,2025,1
img-d0ae049ecd5e0ef56538,Kia,EV9,EV9 (2023),2023,,2024,3
img-de893cd9154ac1452670,Kia,Forte,Forte (2021),2021,,2023,3
img-aedbf1b02ad03ad86cf6,Kia,Forte,Forte (2018),2018,2021,2019,3
img-d4c1ec03ecf6d08d8235,Kia,Forte,Forte (2016),2016,2018,2017,3
img-5e762adac4488ef92794,Kia,Forte,Forte (2013),2013,2016,2014,3
img-9468488fb8979ad2266e,Kia,Forte,Forte (2009),2009,2013,2011,6
img-449c9c97cfa35a3dc9e7,Kia,Forte 5 Door,Forte 5 Door (2016),2016,2018,2017,4
img-b4d08947798f07a24c5f,Kia,Forte 5 Door,Forte 5 Door (2013),2013,2016,2014,4
img-7feef50916fa4dfc31c3,Kia,Forte 5 Door,Forte 5 Door (2010),2010,2012,2011,2
img-1ac5c831d2f483f2d45d,Kia,Forte Koup,Forte Koup (2013),2013,2016,2014,4
img-5715904c064180a7818c,Kia,Forte Koup,Forte Koup (2009),2009,2013,2011,5
img-d37589c0d2565d44ea1d,Kia,Joice,Joice (1999),1999,2003,2001,4
img-23bbf5404f90fd7a0739,Kia,K4,K4 Hatchback (2025),2025,,2025,2
img-9acb1da5176bfb6be22d,Kia,K5,K5 (2024),2024,,2025,2
img-a3ff9ed5c332beb902ea,Kia,K5,K5 (2019),2019,2024,2021,4
img-b4ef1206c0429329a8a6,Kia,K7 / Cadenza,K7 / Cadenza (2016),2016,2019,2017,1
img-55e7d68c0b71ffb6af4f,Kia,K7 / Cadenza,K7 / Cadenza (2013),2013,2016,2014,4
img-e60668e8299d0f24060c,Kia,K9,K9 (2018),2018,2021,2019,1
img-c3ed3a2b27ff7e02f8b6,Kia,K9,K9 (2012),2012,2018,2015,4
img-d73406b62985bc6e9012,Kia,Niro,Niro (2019),2019,2021,2020,1
img-d053b51536066dadfc85,Kia,Niro,Niro (2018),2018,2021,2019,3
img-6f528efe8621030c4b1e,Kia,Niro,Niro (2016),2016,2019,2017,2
img-144e7946aa06d751cadb,Kia,Opirus / Amanti,Opirus / Amanti (2007),2007,2010,2008,3
img-b2fa3e8e3fc2c8f891df,Kia,Opirus / Amanti,Opirus / Amanti (2003),2003,2007,2005,1
img-4bee5f138a47e63cf110,Kia,Optima / Magentis,Optima / Magentis (2020),2020,,2023,4
img-cccaf7c2ba9912da31c9,Kia,Optima / Magentis,Optima / Magentis (2018),2018,2020,2019,3
img-4c1375b6c9356a51de18,Kia,Optima / Magentis,Optima / Magentis (2016),2016,2019,2017,7
img-4aeb17c4220df8ce7b42,Kia,Optima / Magentis,Optima / Magentis (2010),2010,2016,2013,9
img-f055329555dfb0c5da3b,Kia,Optima / Magentis,Optima / Magentis (2008),2008,2010,2009,6
img-9a6fbda0ddaa93761595,Kia,Optima / Magentis,Optima / Magentis (2006),2006,2008,2007,4
img-d73232062faa37281cab,Kia,Optima / Magentis,Optima / Magentis (2003),2003,2006,2004,7
img-0580e1fb2f607fdb9db9,Kia,Optima / Magentis,Optima / Magentis (2001),2001,2003,2002,12
img-6bd8e47439bc772c46f5,Kia,Optima Sportswagon,Optima Sportswagon (2018),2018,2019,2018,7
img-26304e1f28c503a38b85,Kia,Optima Sportswagon,Optima Sportswagon (2016),2016,2018,2017,5
img-b961a41249e824194ce1,Kia,Picanto,Picanto (2023),2023,,2024,7
img-89fc25e911f54491adab,Kia,Picanto,Picanto (2020),2020,2023,2021,5
img-d9d1839fa5beb6c980de,Kia,Picanto,Picanto (2017),2017,2020,2018,4
img-d74c24a1a31ed5313aa1,Kia,Picanto,Picanto (2015),2015,2017,2016,5
img-40f4d493427978601ee8,Kia,Picanto,Picanto (2011),2011,2015,2013,7
img-27872a785e727b829790,Kia,Picanto,Picanto (2007),2007,2011,2009,3
img-85aad1da471b6ca90460,Kia,Picanto,Picanto (2004),2004,2007,2005,3
img-03092a973ee36837fd3d,Kia,Picanto X-Line,Picanto X-Line (2017),2017,2020,2018,1
img-d8491dd50e0776f487d0,Kia,Pro cee'd,Pro cee'd (2018),2018,2025,2021,5
img-264b297bdb158fd09246,Kia,Pro cee'd,Pro cee'd (2013),2013,2018,2015,7
img-754166400a81e57900d4,Kia,Pro cee'd,Pro cee'd (2007),2007,2013,2010,8
img-cbd4272f1fd066850c34,Kia,pro_cee’d GT,pro_cee’d GT (2013),2013,2018,2015,1
img-c395c92c10540d887f26,Kia,PV5,PV5 (2026),2026,,2026,2
img-c36b0b123011636a4b6a,Kia,Rio,Rio Hatchback (2020),2020,,2023,2
img-963caf23c66735596ece,Kia,Rio,Rio Hatchback (2016),2016,2018,2017,6
img-31723987cdc96a12c605,Kia,Rio,Rio Hatchback (2012),2012,2016,2014,5
img-4720aa333533209b220d,Kia,Rio,Rio Hatchback (2011),2011,2016,2013,5
img-41d13eec510260567df8,Kia,Rio,Rio Hatchback (2009),2009,2011,2010,3
img-dc07f213c34f846279dc,Kia,Rio,Rio Hatchback (2005),2005,2008,2006,3
img-8c01930a92a168a22663,Kia,Rio,Rio Sedan (2011),2011,2016,2013,7
img-f1c1b3e9020417526d49,Kia,Rio,Rio Sedan (2009),2009,2011,2010,4
img-6325b118401aa276f068,Kia,Rio,Rio Sedan (2005),2005,2008,2006,3
img-54fe7db48eb4096490da,Kia,Rondo,Rondo (2013),2013,2016,2014,4
img-816db5ab3d9055c14ae5,Kia,Rondo,Rondo (2008),2008,2013,2010,4
img-18ca229df72353d8fed3,Kia,Seltos,Seltos (2026),2026,,2026,4
img-5b6d19c6c26916376a2c,Kia,Seltos,Seltos (2022),2022,2025,2023,4
img-9e5049a643f2accecad7,Kia,Seltos,Seltos (2019),2019,2022,2020,9
img-7d0a2bf9f22362b95ba8,Kia,Shuma,Shuma (2001),2001,2004,2002,1
img-a461e0642a63bb65a678,Kia,Shuma,Shuma (1998),1998,2001,1999,2
img-8a70f0ed692562a5c848,Kia,Sorento,Sorento (2020),2020,,2023,3
img-66b1eda8f4afb5296f9e,Kia,Sorento,Sorento (2018),2018,2020,2019,3
img-769c1ba3100b76837c49,Kia,Sorento,Sorento (2017),2017,2020,2018,5
img-791e99525ec471996952,Kia,Sorento,Sorento (2014),2014,2017,2015,4
img-bfc2366195590941515d,Kia,Sorento,Sorento (2009),2009,2014,2011,12
img-b5d86760959696b87340,Kia,Sorento,Sorento (2006),2006,2009,2007,4
img-21f8bc1db98e691b0263,Kia,Sorento,Sorento (2002),2002,2006,2004,4
img-04767722a3516eec178c,Kia,Soul,Soul (2022),2022,,2024,1
img-aa8d24ad042b3df71882,Kia,Soul,Soul (2018),2018,2022,2020,4
img-579ff4f8670a731c2c93,Kia,Soul,Soul (2012),2012,2018,2015,6
img-a93e63efdb78a2c17a77,Kia,Soul,Soul (2008),2008,2013,2010,12
img-f95219e3a726b7c0051e,Kia,Sportage,Sportage (2025),2025,,2025,9
img-55e71358eb5cad860694,Kia,Sportage,Sportage (2022),2022,2025,2023,2
img-758ee368c1cb3a7d9b6f,Kia,Sportage,Sportage (2021),2021,,2023,2
img-23a48d6df2b3ba1e4306,Kia,Sportage,Sportage (2018),2018,2021,2019,8
img-c3c992f5f6a8a73ddd98,Kia,Sportage,Sportage (2015),2015,2018,2016,13
img-6bc220da02dac2c09a64,Kia,Sportage,Sportage (2013),2013,2015,2014,17
img-effebfa3064266e59240,Kia,Sportage,Sportage (2010),2010,2013,2011,8
img-93dfcce985cb276c3f0e,Kia,Sportage,Sportage (2008),2008,2010,2009,6
img-7c59a54e62c62171e2d6,Kia,Sportage,Sportage (2004),2004,2007,2005,7
img-dec41f151760f1929729,Kia,Stinger,Stinger (2021),2021,,2023,4
img-d5fa0313d5707b01d3c1,Kia,Stinger,Stinger (2017),2017,2021,2019,6
img-1eed6934bfb57622e0c0,Kia,Stonic,Stonic (2017),2017,2025,2021,6
img-34721ea55133717bcadd,Kia,Stonic GT-Line,Stonic GT-Line (2020),2020,,2023,2
img-9bf454c64f398d507a7b,Kia,Syros,Syros (2024),2024,,2025,4
img-4a36057b4a39b785d63d,Kia,Tasman,Tasman (2024),2024,,2025,2
img-9f833b263b611c9af249,Kia,Telluride,Telluride (2025),2025,,2025,2
img-6cef05a375ff9e0c677e,Kia,Telluride,Telluride (2022),2022,2025,2023,1
img-ffe1511f4de4105f61de,Kia,Telluride,Telluride (2019),2019,2022,2020,2
img-7cd1da89546b166be5e4,Kia,Venga,Venga (2014),2014,2019,2016,6
img-0a827f1bd3fdb1ad66ad,Kia,Venga,Venga (2009),2009,2014,2011,9
img-cd1704a0439b5c46c83b,Kia,XCeed,XCeed (2022),2022,,2024,3
img-58da40e339914dc7d08f,Kia,XCeed,XCeed (2019),2019,2022,2020,9
img-ed02670264059e85437f,Koenigsegg,Agera,Agera (2015),2015,2016,2015,1
img-1a976b6bf58cfb91921a,Koenigsegg,Agera,Agera (2013),2013,2014,2013,1
img-fc07b314f0359e92726c,Koenigsegg,Agera,Agera (2011),2011,2014,2012,2
img-1ed4e2dc874a5b8e3f7c,Koenigsegg,Agera,Agera (2010),2010,2014,2012,1
img-f959f887bc97b6a71b4c,Koenigsegg,CC8S,CC8S (2002),2002,2005,2003,1
img-7a44c438aa3aeb32afe1,Koenigsegg,CCR,CCR (2004),2004,2006,2005,1
img-90f1ef67dcf1fb6507d5,Koenigsegg,CCX,CCX (2006),2006,2010,2008,1
img-aefeeb786c731639cec1,Koenigsegg,CCXR,CCXR (2007),2007,2010,2008,1
img-1847d2ce4c60e59c4366,Koenigsegg,Gemera,Gemera (2020),2020,,2023,1
img-14338bfb8e4da28d70e3,Koenigsegg,Jesko,Jesko (2019),2019,,2022,1
img-70e67f3a82f0d971572e,Koenigsegg,One:1,One:1 (2014),2014,2015,2014,1
img-c2d3e565cb0c921035ca,Koenigsegg,Regera,Regera (2015),2015,2022,2018,1
img-9b3b3d10270200a11b7e,KTM,X-Bow,X-Bow (2013),2013,,2019,1
img-6bdbb981d7e3d13ed7d1,KTM,X-Bow,X-Bow (2012),2012,,2019,1
img-08427420a7708742ca20,KTM,X-Bow,X-Bow (2011),2011,2016,2013,1
img-1c547b65ff1146fff4bb,KTM,X-Bow,X-Bow (2008),2008,2011,2009,1
img-8894c729826fea0ef7f1,Lada,110,110 (1998),1998,2008,2003,4
img-4b7520817ced13f83cc2,Lada,111,111 (1998),1998,2008,2003,4
img-d11db5ca557dc098cc7c,Lada,112,112 (1999),1999,2008,2003,4
img-04996a4cfd17c137e394,Lada,Kalina,Kalina Hatchback (2007),2007,2013,2010,3
img-ab5e79c5c14883d574c9,Lada,Kalina,Kalina Sedan (2006),2006,2012,2009,1
img-a5e36447cae8fa1e696f,Lada,Niva,Niva (1976),1976,2021,1998,4
img-9ab770aa1473038f02f0,Lada,Nova,Nova (1981),1981,1994,1987,3
img-de7decb0c45b3af35a6e,Lada,Nova Combi,Nova Combi (1985),1985,1998,1991,2
img-ed39813da0887c6a6abb,Lada,Priora,Priora (2008),2008,2018,2013,3
img-de9ac4d2d793c9286e08,Lada,Samara,Samara 3 Doors (1986),1986,1999,1992,4
img-41e4a145ea2440f03139,Lada,Samara,Samara Sedan (1984),1984,2004,1994,3
img-826eedfeb6b6b40a0d28,Lamborghini,Aventador,Aventador (2022),2022,,2024,1
img-9594675b2cab46ed6339,Lamborghini,Aventador,Aventador (2018),2018,2022,2020,1
img-1046d7b3e25c655b538d,Lamborghini,Aventador,Aventador (2017),2017,2021,2019,1
img-7e2f2b61ad89d8aca7c8,Lamborghini,Aventador,Aventador (2015),2015,2017,2016,1
img-6bc358698a0d9aca5925,Lamborghini,Aventador,Aventador (2011),2011,2016,2013,1
img-1cb2dca9d640258cb7c3,Lamborghini,Aventador,Aventador Roadster (2022),2022,,2024,1
img-4b9c28ab509d6f6e6a23,Lamborghini,Aventador,Aventador Roadster (2019),2019,2020,2019,1
img-51227c69244af9c24e13,Lamborghini,Aventador,Aventador Roadster (2017),2017,2021,2019,1
img-17b892691cf54b9d7d40,Lamborghini,Aventador,Aventador Roadster (2015),2015,2017,2016,1
img-72e4f861683345d88d9f,Lamborghini,Aventador,Aventador Roadster (2012),2012,2016,2014,1
img-949c8b4fc3151eb6d943,Lamborghini,Centenario,Centenario (2016),2016,2017,2016,1
img-ed722f2c9f5d6f8ffda1,Lamborghini,Centenario,Centenario Roadster (2016),2016,2017,2016,1
img-b9fdc8a1378cf1656f2b,Lamborghini,Countach,Countach (1989),1989,1990,1989,1
img-0fbd2d53f971aaf94f98,Lamborghini,Countach,Countach (1985),1985,1989,1987,1
img-904f54a22cd8bca05692,Lamborghini,Countach,Countach (1973),1973,1981,1977,1
img-e65564d77dd83b9ae660,Lamborghini,Diablo,Diablo (2000),2000,2001,2000,1
img-1bb5674ec888c4026f5b,Lamborghini,Diablo,Diablo (1996),1996,1999,1997,1
img-1f75abea6e8aa6001491,Lamborghini,Diablo,Diablo (1994),1994,1995,1994,1
img-34ad25480589a827ed37,Lamborghini,Diablo,Diablo (1993),1993,1999,1996,1
img-3974033c505928c59765,Lamborghini,Diablo,Diablo (1990),1990,1999,1994,1
img-b7b79eb402ac8b585de8,Lamborghini,Diablo,Diablo Roadster (1999),1999,2000,1999,1
img-cf0dd1ab3a2f2d646811,Lamborghini,Diablo,Diablo Roadster (1996),1996,1999,1997,1
img-f1a82dff40c23f7e9244,Lamborghini,Espada,Espada (1968),1968,1976,1972,2
img-19a2bf92abfcf37afe0e,Lamborghini,Fenomeno,Fenomeno Roadster (2026),2026,,2026,1
img-35aafe10e3e4f3d88f54,Lamborghini,Gallardo,Gallardo (2013),2013,2014,2013,1
img-eba3452eced474f08a80,Lamborghini,Gallardo,Gallardo (2012),2012,2013,2012,2
img-f8aa7efd8ad17b6a8be3,Lamborghini,Gallardo,Gallardo (2011),2011,2013,2012,1
img-adbf6d82457366829a1b,Lamborghini,Gallardo,Gallardo (2010),2010,2013,2011,1
img-609f1d9d1bc6231b529a,Lamborghini,Gallardo,Gallardo (2009),2009,2013,2011,2
img-8765ae148b06722f9499,Lamborghini,Gallardo,Gallardo (2008),2008,2012,2010,1
img-5e80c012204c928f7bc1,Lamborghini,Gallardo,Gallardo (2007),2007,2008,2007,1
img-dfd7843e1c1230a45a63,Lamborghini,Gallardo,Gallardo (2005),2005,2006,2005,1
img-95aae0280ec0cd443bc6,Lamborghini,Gallardo,Gallardo (2003),2003,2008,2005,2
img-311017565b1ab77b9d6c,Lamborghini,Gallardo,Gallardo Spyder (2012),2012,2013,2012,1
img-34602e8d607a2f19c463,Lamborghini,Gallardo,Gallardo Spyder (2010),2010,2013,2011,1
img-5a98a5c735fd91dcb5df,Lamborghini,Gallardo,Gallardo Spyder (2008),2008,2013,2010,2
img-833165a26383521ab9cc,Lamborghini,Gallardo,Gallardo Spyder (2006),2006,2008,2007,1
img-209be3ab7e092f325466,Lamborghini,Huracan,Huracan (2022),2022,2024,2023,2
img-9f8793652af6248812b0,Lamborghini,Huracan,Huracan (2020),2020,2024,2022,1
img-6e533c3ad044a4d110bb,Lamborghini,Huracan,Huracan (2019),2019,,2022,2
img-f47527343376b6686b8d,Lamborghini,Huracan,Huracan (2017),2017,2019,2018,1
img-a7e479d6aaeb658e9a9f,Lamborghini,Huracan,Huracan (2016),2016,2019,2017,1
img-fdfb97971f368533840b,Lamborghini,Huracan,Huracan (2014),2014,2019,2016,1
img-a09b047cbeab9b379257,Lamborghini,Huracan,Huracan Spyder (2019),2019,2023,2021,1
img-0e59abec642e15ead8c8,Lamborghini,Huracan,Huracan Spyder (2018),2018,2019,2018,1
img-53845e1a8893bd6e06a1,Lamborghini,Huracan,Huracan Spyder (2016),2016,2019,2017,1
img-74c9afe7b3b5a0211840,Lamborghini,Huracan,Huracan Spyder (2015),2015,2019,2017,1
img-b8ae99d0776de74c6cce,Lamborghini,Jalpa,Jalpa (1981),1981,1988,1984,1
img-df6784ca1c7759ed077e,Lamborghini,Jarama,Jarama (1970),1970,1976,1973,2
img-a3a1e1731e49f1a33ea1,Lamborghini,LM 002,LM 002 (1986),1986,1993,1989,1
img-d28bb50256ba6e0cfee2,Lamborghini,Miura,Miura (1971),1971,1987,1979,1
img-48b70f0b86d25e7f90c7,Lamborghini,Miura,Miura (1966),1966,1973,1969,3
img-56f433ab7f3eca7d32fc,Lamborghini,Murcielago,Murcielago (2009),2009,2010,2009,1
img-d1d6f28f3666294da8d2,Lamborghini,Murcielago,Murcielago (2006),2006,2010,2008,1
img-51ee80dbac3a5f0ba8f5,Lamborghini,Murcielago,Murcielago (2001),2001,2006,2003,1
img-8e42dac27ae3af0ca119,Lamborghini,Murcielago,Murcielago Roadster (2007),2007,2010,2008,1
img-85001e88cb2db0af1fcf,Lamborghini,Murcielago,Murcielago Roadster (2004),2004,2007,2005,1
img-8dddb5dda01a25ed98a1,Lamborghini,Reventon,Reventon (2008),2008,2009,2008,1
img-7624bbbc60df48ede639,Lamborghini,Revuelto,Revuelto (2023),2023,,2024,1
img-a264fe4455ad9c0fa678,Lamborghini,Sian,Sian Roadster (2020),2020,,2023,1
img-4059fe5faf46542c6008,Lamborghini,Sian,Sian (2019),2019,2022,2020,1
img-4175dedeeed9c5121f80,Lamborghini,Silhouette,Silhouette (1976),1976,1979,1977,1
img-896272e6da6d8e49027e,Lamborghini,Temerario,Temerario (2024),2024,,2025,1
img-e40176a49a4947298ad7,Lamborghini,Urraco,Urraco (1972),1972,1979,1975,3
img-4389d2941d7f7ee4f223,Lamborghini,Urus,Urus (2024),2024,,2025,1
img-f9d23628d6715dae11e0,Lamborghini,Urus,Urus (2022),2022,,2024,2
img-e427d106eae8677d9c39,Lamborghini,Urus,Urus (2018),2018,2022,2020,1
img-8a8200602a2127c0e07a,Lamborghini,Veneno,Veneno (2013),2013,2014,2013,1
img-4dfbd4b222217590567d,Lamborghini,Veneno,Veneno Roadster (2014),2014,2014,2014,1
img-02572982a550a793c995,Lancia,2000,2000 Coupe (1971),1971,1974,1972,2
img-ae09e10b84c8f948b8ad,Lancia,A112,A112 (1982),1982,1986,1984,2
img-9b540402dfde370683d9,Lancia,A112 Abarth,A112 Abarth (1984),1984,1986,1985,1
img-22f2ba98d9d2537bbd12,Lancia,Beta,Beta (1975),1975,1982,1978,2
img-d75d91e8b4cf47444762,Lancia,Beta,Beta (1909),1909,1909,1909,1
img-44a58b4db3c433d74e6b,Lancia,Beta,Beta Coupe (1973),1973,1984,1978,7
img-d829c1e9897f46c746ad,Lancia,Beta,Beta Spider (1973),1973,1982,1977,5
img-dc314177e58c967ac0d9,Lancia,Beta Montecarlo,Beta Montecarlo (1974),1974,1979,1976,1
img-15f134c3e1cf42758943,Lancia,Dedra,Dedra (1995),1995,1999,1997,6
img-7e316ffd1f84e1d42e0e,Lancia,Dedra,Dedra (1990),1990,1994,1992,6
img-bac46be03bf7bc7c41ba,Lancia,Dedra Station,Dedra Station Wagon (1994),1994,1998,1996,5
img-2e65738d3e4dc52b89f9,Lancia,Delta,Delta (2013),2013,2014,2013,4
img-20e53273c9c84a9b382a,Lancia,Delta,Delta (2008),2008,2013,2010,9
img-c45c805e4df2be0bbf16,Lancia,Delta,Delta (1993),1993,1998,1995,8
img-905928d346a7837aeb77,Lancia,Delta,Delta (1979),1979,1983,1981,11
img-37227f601e84f717bc51,Lancia,Delta HPE,Delta HPE (1995),1995,1998,1996,5
img-f0bd52ac110027c4011b,Lancia,Flaminia,Flaminia Coupe (1958),1958,1967,1962,1
img-4555d8b134158d2a3c57,Lancia,Flaminia,Flaminia Sedan (1963),1963,1970,1966,1
img-ae9f2334b707148288ad,Lancia,Flavia,Flavia Convertible (2013),2013,2015,2014,1
img-13a723d4e1ba3fa22d1f,Lancia,Flavia,Flavia Convertible (1960),1960,1967,1963,1
img-0b2afa9aa2776d93e8d6,Lancia,Flavia,Flavia Sedan (1967),1967,1970,1968,2
img-042afb7601ce8cf76ee9,Lancia,Flavia,Flavia Sedan (1960),1960,1963,1961,1
img-ed64c5a2518ff0cab454,Lancia,Fulvia Berlina,Fulvia Berlina (1969),1969,1972,1970,1
img-7a0465865fb568b62ba5,Lancia,Fulvia Berlina,Fulvia Berlina (1963),1963,1964,1963,1
img-bef99b52df30bd491cd7,Lancia,Gamma,Gamma (1976),1976,1980,1978,2
img-b190d9b07dfc35966f49,Lancia,Gamma,Gamma Coupe (1976),1976,1980,1978,2
img-b0e56d047f177a0837fe,Lancia,Kappa,Kappa (1995),1995,2000,1997,7
img-f065d744e9bf1be4a664,Lancia,Kappa,Kappa Coupe (1997),1997,2000,1998,2
img-68ae38976ecb0a0d234f,Lancia,Kappa SW,Kappa SW (1996),1996,2000,1998,7
img-85dba11e134f456ac6f8,Lancia,Lybra,Lybra (1999),1999,2005,2002,5
img-50593f5c888a18235491,Lancia,Lybra SW,Lybra SW (1999),1999,2005,2002,5
img-01133a4ae7f75898de06,Lancia,Musa,Musa (2003),2003,2012,2007,12
img-c88cc7faaf9940113607,Lancia,Phedra,Phedra (2002),2002,2010,2006,5
img-45c5644be35a2f2ed063,Lancia,Prisma,Prisma (1983),1983,1990,1986,8
img-4d721ca8b05c7462cb6f,Lancia,Stratos,Stratos (1973),1973,1975,1974,1
img-d5d7882fa486bc2bea9a,Lancia,Thema,Thema (2011),2011,2014,2012,3
img-aac65ff9a216cb625e5f,Lancia,Thema,Thema (1992),1992,1995,1993,5
img-c8cd9613ca6daab83431,Lancia,Thema,Thema (1988),1988,1992,1990,6
img-2d75b2d099954145f6a4,Lancia,Thema,Thema (1984),1984,1988,1986,7
img-3c92a06852fc13cf9fde,Lancia,Thesis,Thesis (2001),2001,2009,2005,7
img-42eb61315f8fc9849804,Lancia,Trevi,Trevi (1981),1981,1985,1983,2
img-559c23283e284ac73753,Lancia,Voyager,Voyager (2011),2011,2015,2013,3
img-b02fb1d8e73ea7f66720,Lancia,Ypsilon,Ypsilon (2024),2024,,2025,1
img-c73918aaa25cdfd76f6b,Lancia,Ypsilon,Ypsilon (2021),2021,,2023,6
img-f4f5a5db6ce3d72b212c,Lancia,Ypsilon,Ypsilon (2015),2015,2018,2016,4
img-8678108fd119c51a9e55,Lancia,Ypsilon,Ypsilon (2011),2011,2015,2013,5
img-5c77c7a9cb12356b36e6,Lancia,Ypsilon,Ypsilon (2010),2010,2011,2010,3
img-60a7639c6337253c70d2,Lancia,Ypsilon,Ypsilon (2006),2006,2011,2008,6
img-496d1ac4ff80921280ba,Lancia,Ypsilon,Ypsilon (2003),2003,2006,2004,4
img-04f7f063545a7eece88b,Lancia,Zeta,Zeta (1994),1994,2001,1997,4
img-89b9e73f81a7a536ddaa,Land Rover,Defender 110,Defender 110 (2019),2019,2025,2022,8
img-281269abaf81c449fbbf,Land Rover,Defender 110,Defender 110 (2012),2012,2016,2014,1
img-28191adfa64a650254ac,Land Rover,Defender 110,Defender 110 (2007),2007,2012,2009,1
img-eff494fdf79095d112c2,Land Rover,Defender 110,Defender 110 (1991),1991,2007,1999,4
img-edec874d1c36a5cba771,Land Rover,Defender 130,Defender 130 (2022),2022,,2024,6
img-a42983b5060b6bda6102,Land Rover,Defender 90,Defender 90 (2019),2019,2025,2022,5
img-15907a270f5c2f2ce723,Land Rover,Defender 90,Defender 90 (2018),2018,2019,2018,1
img-d25b1ca0b12661f6b77f,Land Rover,Defender 90,Defender 90 (2012),2012,2016,2014,1
img-bb16910f94664f55f9f1,Land Rover,Defender 90,Defender 90 (2007),2007,2012,2009,1
img-8a4427387e90d6b557c5,Land Rover,Defender 90,Defender 90 (1991),1991,2007,1999,3
img-e727525a0292ea10e00d,Land Rover,Defender Octa,Defender Octa (2024),2024,,2025,1
img-0c8f2fb380d84133cfa6,Land Rover,Discovery,Discovery (2017),2017,2021,2019,3
img-703b6191bec59a74499a,Land Rover,Discovery,Discovery (2013),2013,2016,2014,2
img-d87e37779c5eaf0175af,Land Rover,Discovery,Discovery (2009),2009,2013,2011,7
img-1a194cd31da72d523599,Land Rover,Discovery,Discovery (2004),2004,2009,2006,3
img-39a00981ec8c7afed4e2,Land Rover,Discovery,Discovery (2002),2002,2004,2003,2
img-b6baacb75cb4bdba10b0,Land Rover,Discovery,Discovery (1999),1999,2002,2000,2
img-3c8005012cf2b4e515be,Land Rover,Discovery,Discovery (1994),1994,1999,1996,5
img-e192a03ad686f3f963c2,Land Rover,Discovery,Discovery (1990),1990,1994,1992,4
img-3aa6991eac703499d5c0,Land Rover,Discovery Sport,Discovery Sport (2019),2019,,2022,6
img-99df6442895a351b690c,Land Rover,Discovery Sport,Discovery Sport (2014),2014,2019,2016,6
img-3ba0813bf8c2384ca532,Land Rover,Discovery SVX,Discovery SVX (2018),2018,2020,2019,1
img-fd18d481b2a9f3132bd0,Land Rover,Freelander,Freelander (2009),2009,2014,2011,8
img-82481e693e05f17c57c6,Land Rover,Freelander,Freelander (2006),2006,2009,2007,3
img-52eb49994081dcdfeeee,Land Rover,Freelander,Freelander (2003),2003,2007,2005,3
img-dfe8b0828c025bfe24d9,Land Rover,Freelander,Freelander (2000),2000,2003,2001,3
img-4250b65da32ae2f40673,Land Rover,Freelander,Freelander (1998),1998,2000,1999,3
img-5f348d078dd09599d1e0,Land Rover,Range Rover,Range Rover (2021),2021,,2023,10
img-c72d68370c979110a9ab,Land Rover,Range Rover,Range Rover (2017),2017,2021,2019,5
img-dc94c9fff8e212ffabc2,Land Rover,Range Rover,Range Rover (2013),2013,2017,2015,7
img-f70c7fa9b9354fe1309a,Land Rover,Range Rover,Range Rover (2009),2009,2012,2010,4
img-72a282a80e4715d9a24c,Land Rover,Range Rover,Range Rover (2005),2005,2009,2007,4
img-03f03c7b8d296c058c94,Land Rover,Range Rover,Range Rover (2002),2002,2005,2003,2
img-b9db7c6f02f231fd654c,Land Rover,Range Rover,Range Rover (1994),1994,2002,1998,6
img-4e72e00559d86b99baa6,Land Rover,Range Rover,Range Rover (1988),1988,1994,1991,4
img-191afbb74a805f051ffc,Land Rover,Range Rover,Range Rover 3 Doors (1988),1988,1993,1990,3
img-983484610c586a726a98,Land Rover,Range Rover Evoque,Range Rover Evoque (2023),2023,,2024,7
img-70de9e1605596fc21ec8,Land Rover,Range Rover Evoque,Range Rover Evoque (2018),2018,2023,2020,11
img-002d906eb7cdbe92f80c,Land Rover,Range Rover Evoque,Range Rover Evoque (2015),2015,2018,2016,6
img-c39d7b62d46af0e45c94,Land Rover,Range Rover Evoque,Range Rover Evoque (2011),2011,2015,2013,16
img-ff557c12690618f843dc,Land Rover,Range Rover Evoque,Range Rover Evoque Convertible (2016),2016,2018,2017,3
img-f85eab43b3d12c5a6ffe,Land Rover,Range Rover L,Range Rover L (2014),2014,2021,2017,3
img-fed42e5c3df2cb4ac597,Land Rover,Range Rover PHEV,Range Rover PHEV (2017),2017,2022,2019,1
img-d66c4eac8f9ec22ec311,Land Rover,Range Rover PHEV,Range Rover PHEV (2013),2013,2017,2015,1
img-dab64c7a0ddc87befd73,Land Rover,Range Rover Sport,Range Rover Sport (2023),2023,,2024,2
img-e87cf6732eb945081cbf,Land Rover,Range Rover Sport,Range Rover Sport (2022),2022,,2024,8
img-be12d19fb1b609715f46,Land Rover,Range Rover Sport,Range Rover Sport (2019),2019,2022,2020,1
img-222769493d4e10ec01f0,Land Rover,Range Rover Sport,Range Rover Sport (2017),2017,2022,2019,3
img-3069170edbe43a5d9320,Land Rover,Range Rover Sport,Range Rover Sport (2013),2013,2017,2015,9
img-a55b0cda1a98596d755b,Land Rover,Range Rover Sport,Range Rover Sport (2009),2009,2013,2011,6
img-f023de5195b4fd19ba26,Land Rover,Range Rover Sport,Range Rover Sport (2005),2005,2009,2007,4
img-4b08941a77567d2cd056,Land Rover,Range Rover Sport PHEV,Range Rover Sport PHEV (2017),2017,2022,2019,1
img-70d90e3a9a49430e0728,Land Rover,Range Rover Sport SVR,Range Rover Sport SVR (2017),2017,2022,2019,1
img-5300c8a1a340a08c986f,Land Rover,Range Rover Sport SVR,Range Rover Sport SVR (2015),2015,2017,2016,1
img-83f3250dd8fdbbf7cd78,Land Rover,Range Rover Velar,Range Rover Velar (2023),2023,,2024,1
img-efe9a82dec0f9bb52930,Land Rover,Range Rover Velar,Range Rover Velar (2017),2017,2023,2020,13
img-da9cd7996eeb989aeda8,Lexus,CT,CT (2017),2017,2022,2019,1
img-e89e9b18e3911231702c,Lexus,CT,CT (2014),2014,2017,2015,1
img-9f66c1188a8fcc78c717,Lexus,CT,CT (2011),2011,2014,2012,2
img-4073bb39a22cc6fb9e02,Lexus,ES,ES (2025),2025,,2025,4
img-0770b3c3d74715747be0,Lexus,ES,ES (2023),2023,2025,2024,3
img-2cac822625c8c408115b,Lexus,ES,ES (2021),2021,2023,2022,3
img-c91c6cee5faed289cb94,Lexus,ES,ES (2018),2018,2021,2019,4
img-b39f9a77fec1cece76c3,Lexus,ES,ES (2016),2016,2018,2017,2
img-7e3ee0128d35de5e8951,Lexus,ES,ES (2012),2012,2015,2013,3
img-6dfec2aef40e004f777e,Lexus,ES,ES (2006),2006,2012,2009,1
img-e221eb1150f9d48f6589,Lexus,ES,ES (2002),2002,2006,2004,2
img-29a267557cdae03c361a,Lexus,GS,GS (2015),2015,2020,2017,5
img-9f3e4fc9de67d8d2fd4b,Lexus,GS,GS (2012),2012,2015,2013,6
img-41a1164beb61b2f18403,Lexus,GS,GS (2008),2008,2011,2009,5
img-dd0c21a1b507be8902f1,Lexus,GS,GS (2005),2005,2008,2006,6
img-710ea4c23b6007e304ab,Lexus,GS,GS (2000),2000,2005,2002,2
img-6c43248406ccaa3a0e73,Lexus,GS,GS (1997),1997,2000,1998,2
img-ab6f5d374fceee6b241d,Lexus,GS,GS (1993),1993,1997,1995,1
img-631f4e8436daacdd3a03,Lexus,GS F,GS F (2015),2015,2020,2017,1
img-70fbf707fdf3e5f3f708,Lexus,GX,GX (2023),2023,,2024,1
img-6542d49a99e8ca862975,Lexus,GX,GX (2019),2019,2023,2021,1
img-50fec0571e85c793c7ab,Lexus,GX,GX (2013),2013,2019,2016,1
img-ba6664a86361e68a0602,Lexus,GX,GX (2010),2010,2013,2011,1
img-3e7d92a49d0b982a79bd,Lexus,GX,GX (2003),2003,2009,2006,1
img-aba645c8aad929fde326,Lexus,HS,HS (2009),2009,2013,2011,1
img-33d6546cd157cb5f44e0,Lexus,IS,IS (2025),2025,,2025,2
img-4aaacfd4ff67dc1bcb90,Lexus,IS,IS (2020),2020,,2023,5
img-78390daa1699067ed4d5,Lexus,IS,IS (2016),2016,2020,2018,6
img-db4714c6fa9fa4f0af0b,Lexus,IS,IS (2013),2013,2016,2014,6
img-8384b4ff4b32abb8f3b2,Lexus,IS,IS (2012),2012,2014,2013,1
img-e4eb0716d6515c19d27f,Lexus,IS,IS (2009),2009,2013,2011,2
img-0611169bc5faf2f70c5d,Lexus,IS,IS (2008),2008,2012,2010,1
img-6762ffd5c284d6f3a037,Lexus,IS,IS (2005),2005,2012,2008,3
img-3c1f349f3840e26cb4f5,Lexus,IS,IS (2001),2001,2005,2003,2
img-44c10e42062b1484e840,Lexus,IS,IS (1998),1998,2005,2001,5
img-f7bc5a0357d749746690,Lexus,LBX,LBX (2023),2023,,2024,4
img-ad5f8ce6074bcf2add04,Lexus,LC,LC (2021),2021,,2023,1
img-63755663c7098570585a,Lexus,LC,LC (2016),2016,2025,2020,2
img-08ad3ece790de9a0ab98,Lexus,LFA,LFA (2010),2010,2013,2011,1
img-e8b4440f85d18cb4a3ad,Lexus,LM,LM (2023),2023,,2024,1
img-c354ddef73a729c44317,Lexus,LS,LS (2020),2020,,2023,2
img-53086f95dd53bfac16a5,Lexus,LS,LS (2017),2017,2020,2018,5
img-4f2b89b5b3565d213e45,Lexus,LS,LS (2012),2012,2017,2014,7
img-28a13797a575cc0d2f86,Lexus,LS,LS (2009),2009,2012,2010,4
img-eab1761dfcbf2d9e41c2,Lexus,LS,LS (2006),2006,2009,2007,4
img-1bd08c6f1a8931c64f4a,Lexus,LS,LS (2003),2003,2006,2004,1
img-9a002bb8d4c69fba4158,Lexus,LS,LS (2000),2000,2003,2001,1
img-c5b2935e51a62cca4764,Lexus,LS,LS (1997),1997,2000,1998,1
img-d5a0b329914ad9f0f662,Lexus,LS,LS (1995),1995,1997,1996,1
img-3b9c45293f8aed107a7d,Lexus,LS,LS (1989),1989,1995,1992,1
img-aa53f4bf8ef163e0f248,Lexus,LX,LX (2021),2021,,2023,2
img-a682b4cb9b08b900b2a2,Lexus,LX,LX (2015),2015,2021,2018,3
img-3d323705f466b8c02d3e,Lexus,LX,LX (2012),2012,2015,2013,1
img-62e9f0505141711c483f,Lexus,LX,LX (2008),2008,2012,2010,1
img-5435ef53e8007843d6a1,Lexus,LX,LX (1997),1997,2007,2002,1
img-ac4157217a4d08f5e85f,Lexus,LX,LX (1996),1996,1997,1996,1
img-44f07c3ec399eb92f4b3,Lexus,NX,NX (2021),2021,,2023,5
img-cf3dd09c62df1f08968f,Lexus,NX,NX (2017),2017,2021,2019,4
img-4af012c193fc5c8c0d22,Lexus,NX,NX (2014),2014,2017,2015,4
img-aab278b392bcdbf473c9,Lexus,RC,RC (2018),2018,2025,2021,4
img-a0295d5566c244dbe938,Lexus,RC,RC (2014),2014,2018,2016,3
img-9d82d22bebdb2fa54246,Lexus,RC F,RC F (2014),2014,2025,2019,1
img-dbde76e3a9f9ebddce0a,Lexus,RX,RX (2022),2022,,2024,4
img-33b6e48019cdd8392b78,Lexus,RX,RX (2019),2019,2022,2020,5
img-03619c2f60767585d266,Lexus,RX,RX (2016),2016,2019,2017,8
img-3d36dfdb6ee679471a02,Lexus,RX,RX (2012),2012,2016,2014,6
img-134a3f540f88e7cfddab,Lexus,RX,RX (2008),2008,2012,2010,4
img-65065b79eaf054a25692,Lexus,RX,RX (2004),2004,2008,2006,5
img-120d49333a39f0cab186,Lexus,RX,RX (1998),1998,2003,2000,2
img-251e331a98c09ea990a4,Lexus,RZ,RZ (2025),2025,,2025,1
img-f048821de5488115652d,Lexus,RZ,RZ (2022),2022,2025,2023,1
img-df99a11cdc0090c74781,Lexus,SC,SC (2005),2005,2010,2007,1
img-d0ec4a3b9dcd9fc0f486,Lexus,SC,SC (2001),2001,2005,2003,1
img-8a2fa21a60e1210be454,Lexus,SC,SC (1991),1991,2000,1995,3
img-30d905019b6f65069af9,Lexus,TX,TX (2023),2023,,2024,4
img-72431899ff5cf4629496,Lexus,TZ,TZ (2026),2026,,2026,1
img-74309aa435c33cbd1827,Lexus,UX,UX (2020),2020,2022,2021,1
img-89f874e4228158a9b15d,Lexus,UX,UX (2018),2018,2023,2020,3
img-f1182d22ccc83ca00c3b,Lightyear,Lightyear 0,Lightyear 0 (2022),2022,,2024,1
img-9ad3ff2dd18b698e5b38,Lincoln,Aviator,Aviator (2024),2024,,2025,2
img-c07c14865f87d5a0f021,Lincoln,Aviator,Aviator (2019),2019,2024,2021,3
img-80da3a561b70a402bab3,Lincoln,Aviator,Aviator (2002),2002,2005,2003,2
img-2745c474b598be33e137,Lincoln,Continental,Continental (2016),2016,2020,2018,5
img-80e8a6784fa3d50c2370,Lincoln,Continental,Continental (1994),1994,2002,1998,2
img-8ecd1f0af36fd580c1e3,Lincoln,Continental,Continental (1988),1988,1995,1991,3
img-c6375fb7e9dbcd6516c8,Lincoln,Continental,Continental (1982),1982,1987,1984,4
img-28f8ddf3c5dcf9880472,Lincoln,Continental,Continental (1980),1980,1981,1980,2
img-660fa7ee6aa2657555df,Lincoln,Continental,Continental (1970),1970,1979,1974,6
img-d57bed6d460d6e7974ef,Lincoln,Continental,Continental (1961),1961,1969,1965,4
img-f917571e2ffb5d5446f2,Lincoln,Continental,Continental (1958),1958,1960,1959,2
img-c905191d2c196ab2eb7b,Lincoln,Corsair,Corsair (2022),2022,,2024,3
img-eda08d87b1f679f780df,Lincoln,Corsair,Corsair (2019),2019,2022,2020,3
img-a84205b5db9fcb9b7981,Lincoln,LS,LS (1999),1999,2006,2002,3
img-3025941e266c9ef41460,Lincoln,Mark LT,Mark LT (2009),2009,2014,2011,2
img-fea528ef05b4e283d30b,Lincoln,Mark LT,Mark LT (2005),2005,2008,2006,1
img-7196a3a5a5f87217456c,Lincoln,MKC,MKC (2018),2018,2019,2018,3
img-9fd5a892e3bca2d07220,Lincoln,MKC,MKC (2014),2014,2018,2016,3
img-b750354a41a30c5c8e23,Lincoln,MKS,MKS (2011),2011,2016,2013,3
img-17161dbefbb3f5edc356,Lincoln,MKS,MKS (2008),2008,2011,2009,3
img-1566f84e729d46c2ddaf,Lincoln,MKT,MKT (2012),2012,2019,2015,2
img-56465342063d27a6e7d8,Lincoln,MKT,MKT (2009),2009,2012,2010,3
img-7d7f6410a916589fa88d,Lincoln,MKX,MKX (2015),2015,2018,2016,4
img-ae7d3001a59b3dde21de,Lincoln,MKX,MKX (2011),2011,2015,2013,2
img-e8eb198597aea80089cd,Lincoln,MKX,MKX (2006),2006,2010,2008,2
img-a9aad8cb0d0c5d03484b,Lincoln,MKZ,MKZ (2016),2016,2020,2018,5
img-21307afdcccbab326d36,Lincoln,MKZ,MKZ (2012),2012,2016,2014,5
img-a040b6b8e8591c33e14d,Lincoln,MKZ,MKZ (2010),2010,2013,2011,3
img-7f2923d0d2ad14c01c90,Lincoln,MKZ,MKZ (2006),2006,2010,2008,2
img-b2d476e513da12e1ee54,Lincoln,Nautilus,Nautilus (2023),2023,,2024,2
img-9ffbeb5581dc39bf898d,Lincoln,Nautilus,Nautilus (2020),2020,2023,2021,3
img-fb4190c75e51d0ea4258,Lincoln,Nautilus,Nautilus (2017),2017,2020,2018,3
img-b1e344250d238d84883d,Lincoln,Navigator,Navigator (2017),2017,2024,2020,3
img-f1bf83d860bdb175e025,Lincoln,Navigator,Navigator (2014),2014,2018,2016,2
img-3552d89592b9293b9341,Lincoln,Navigator,Navigator (2006),2006,2014,2010,8
img-4cbe3034ecfcc43c4d75,Lincoln,Navigator,Navigator (2002),2002,2006,2004,2
img-5f53dd97bb97d52ff764,Lincoln,Navigator,Navigator (1998),1998,2003,2000,4
img-fe98ae94d0ebbc7081d2,Lincoln,Navigator L,Navigator L (2017),2017,2024,2020,2
img-44a44f15a1cbd40a2ec1,Lincoln,Navigator L,Navigator L (2014),2014,2017,2015,2
img-fb43f711261c364e3fc3,Lincoln,Navigator L,Navigator L (2006),2006,2014,2010,1
img-9d3fdfb53cbf49aed938,Lincoln,Town Car,Town Car (2007),2007,2011,2009,2
img-7b4a30b77b69ffe97b55,Lincoln,Town Car,Town Car (2002),2002,2006,2004,1
img-568f668b754b6525acca,Lincoln,Town Car,Town Car (1998),1998,2003,2000,3
img-1a7100d5db71d800bfb7,Lincoln,Zephyr,Zephyr (2021),2021,,2023,1
img-65f5ae30614cde0506ef,Lincoln,Zephyr,Zephyr (2005),2005,2007,2006,1
img-d7ea540a0b52e7ae6b20,Lincoln,Zephyr,Zephyr Fastback (1936),1936,1942,1939,1
img-3a2999739e1f5e448217,Lotus,2 Eleven,2 Eleven (2007),2007,2015,2011,1
img-aef0966d6d332576a394,Lotus,3 Eleven,3 Eleven (2018),2018,2018,2018,1
img-b59a48a370ec11b66321,Lotus,Elan,Elan (1989),1989,1994,1991,2
img-3da44ff00ce2c14a3e19,Lotus,Elan,Elan (1962),1962,1973,1967,2
img-1b25edf2a8516aee25dc,Lotus,Eletre,Eletre (2022),2022,,2024,2
img-935427823c4e9297316b,Lotus,Elise,Elise (2021),2021,2021,2021,1
img-74db21f1912f2219f6be,Lotus,Elise,Elise (2016),2016,2017,2016,1
img-0c4aedde42e37d39d580,Lotus,Elise,Elise (2010),2010,2021,2015,3
img-658ef942d7a4978bea4b,Lotus,Elise,Elise (2008),2008,2010,2009,4
img-eb0c206a362eaf6aa0e9,Lotus,Elise,Elise (2001),2001,2007,2004,5
img-7980ab13be944f941b31,Lotus,Elise,Elise (1997),1997,2001,1999,3
img-fe28b47c6a6073d4f236,Lotus,Elite,Elite (1973),1973,1983,1978,2
img-790c4586436d88d532b7,Lotus,Elite,Elite (1957),1957,1963,1960,2
img-44bc79e71405524f224c,Lotus,Emira,Emira (2021),2021,2024,2022,3
img-8de1e0544e5732b4fcfc,Lotus,Esprit,Esprit (1976),1976,2004,1990,11
img-26677fd48880b23f164c,Lotus,Europa,Europa (2006),2006,2010,2008,2
img-2f99b0044ab54335e724,Lotus,Europa,Europa (1965),1965,1975,1970,3
img-c37cadebe4915c3e5a9a,Lotus,Evija,Evija (2020),2020,,2023,1
img-662e058430a4f966de2f,Lotus,Evora,Evora (2019),2019,2021,2020,2
img-ba22829118fabb5ee0fb,Lotus,Evora,Evora (2018),2018,2021,2019,2
img-d75ef93fe9e0c8328ff7,Lotus,Evora,Evora (2017),2017,2018,2017,2
img-b90eaa239fa392318433,Lotus,Evora,Evora (2016),2016,2018,2017,2
img-405d7f4b0268b2ea35b7,Lotus,Evora,Evora (2015),2015,2018,2016,2
img-72e08cf0aafbf0146bc4,Lotus,Evora,Evora (2008),2008,2014,2011,4
img-1217398121176853dc5c,Lotus,Excel,Excel (1982),1982,1992,1987,2
img-ac2b6a3e5d80af1be255,Lotus,Exige,Exige (2021),2021,2021,2021,2
img-eb7bf0468fc88bb4f645,Lotus,Exige,Exige (2017),2017,2021,2019,1
img-a4ee60deb78d7caffa07,Lotus,Exige,Exige (2012),2012,2021,2016,2
img-e27557d289b0cd227bfc,Lotus,Exige,Exige (2008),2008,2012,2010,4
img-5b1e296dedcf38eb14e3,Lotus,Exige,Exige (2004),2004,2007,2005,2
img-021c4f62ad383a32a7e5,Lotus,Exige,Exige (2000),2000,2003,2001,1
img-640389fb783633fc692c,Lucid,Motors Air,Motors Air (2021),2021,,2023,4
img-8afd762004ac94e593b0,Lucid,Motors Gravity,Motors Gravity (2023),2023,,2024,1
img-7fc2c3873ac98c1f150b,Mahindra,Bolero,Bolero (2011),2011,2020,2015,1
img-aafd3de85139921fc7ab,Mahindra,Scorpio / GOA,Scorpio / GOA (2002),2002,2014,2008,4
img-a6816728aee6356a7ad5,Mahindra,Thar,Thar (2010),2010,2020,2015,3
img-8db486c3292511e83a9e,Mahindra,Verito,Verito (2012),2012,2019,2015,2
img-118930e87a64aca58d9b,Marussia,B1,B1 (2010),2010,2010,2010,3
img-0ea7aaff5e28c1fd339a,Marussia,B2,B2 (2010),2010,2014,2012,3
img-18beed5e1ad69d5a791c,Maruti Suzuki,800,800 (2000),2000,2014,2007,1
img-2797d5bcd59c742d77ea,Maruti Suzuki,Alto,Alto (2000),2000,2014,2007,1
img-8ab0f2e5f05f51653934,Maruti Suzuki,Baleno,Baleno (2000),2000,2007,2003,1
img-4d601ca455dfc65f864d,Maruti Suzuki,Ciaz,Ciaz (2014),2014,2017,2015,3
img-5d99823dbb8cd921252b,Maruti Suzuki,Esteem,Esteem (1995),1995,2000,1997,1
img-79fdab0738e707df5692,Maruti Suzuki,Gipsy,Gipsy (1985),1985,2019,2002,1
img-0415d28c51a60a0903e3,Maruti Suzuki,Swift,Swift (2006),2006,2010,2008,2
img-475531ec4163933690e2,Maruti Suzuki,Wagon R,Wagon R (2005),2005,2009,2007,1
img-7fdcebd525fdf4832d2d,Maruti Suzuki,Zen,Zen (2006),2006,2009,2007,1
img-a1eaff9e7d761653bdb0,Maserati,Bora,Bora (1971),1971,1978,1974,3
img-f2440100374d489ec281,Maserati,Coupe,Coupe (2002),2002,2004,2003,3
img-9715c17db51e09a92a5b,Maserati,Coupe,Coupe (1998),1998,2002,2000,2
img-6a9777634666059e14be,Maserati,Ghibli,Ghibli (2020),2020,,2023,2
img-7f5a76b88e97061f37e2,Maserati,Ghibli,Ghibli (2017),2017,2020,2018,6
img-389ff071170486537bef,Maserati,Ghibli,Ghibli (2013),2013,2017,2015,5
img-8114274392f53465cf53,Maserati,Ghibli,Ghibli (1967),1967,1974,1970,2
img-61b39a0aa0c9031f2129,Maserati,GranCabrio,GranCabrio (2024),2024,,2025,2
img-0e5c813b1165a63a56c5,Maserati,GranCabrio,GranCabrio (2017),2017,2020,2018,2
img-5e261e89fb19af4f7023,Maserati,GranCabrio,GranCabrio (2010),2010,2017,2013,1
img-293d9e2c7f8c72bac610,Maserati,GranSport,GranSport (2004),2004,2007,2005,1
img-d5bc70ad02345a6a84c3,Maserati,GranTurismo,GranTurismo (2022),2022,,2024,3
img-a0d890f487e7c94644e0,Maserati,GranTurismo,GranTurismo (2017),2017,2019,2018,2
img-9aaaf57fb299f7777029,Maserati,GranTurismo,GranTurismo (2011),2011,2017,2014,1
img-ce3f525739d56fca004c,Maserati,GranTurismo,GranTurismo (2008),2008,2012,2010,2
img-6ca917af3997bb251556,Maserati,GranTurismo,GranTurismo (2007),2007,2019,2013,1
img-e75c4f6a26eafef3298f,Maserati,Grecale,Grecale (2023),2023,,2024,1
img-b9ba8bd90b534babc7b6,Maserati,Grecale,Grecale (2022),2022,,2024,2
img-b0779417821a508de6d4,Maserati,Grecale Trofeo,Grecale Trofeo (2022),2022,,2024,1
img-c845771d423116cf5c2b,Maserati,GT2 Stradale,GT2 Stradale (2024),2024,,2025,1
img-642783728bd00feb3caf,Maserati,Indy,Indy (1969),1969,1974,1971,3
img-3ba5d7922152cd1ae743,Maserati,Levante,Levante (2020),2020,,2023,2
img-7ceb13bb6e8bc0ac8605,Maserati,Levante,Levante (2018),2018,2020,2019,1
img-3b50dc1e2ee463b4fc6e,Maserati,Levante,Levante (2016),2016,2021,2018,5
img-8da8d0b9c985ad20bc5d,Maserati,MC 12,MC 12 (2004),2004,2005,2004,1
img-4799f7148ead6caaa37d,Maserati,MC20,MC20 (2022),2022,,2024,1
img-21667ba500fad07a46c7,Maserati,MC20,MC20 (2020),2020,,2023,1
img-c780670c11db589f6c60,Maserati,MCPura,MCPura (2025),2025,,2025,1
img-c098ee188e4465642a35,Maserati,MCPura Cielo,MCPura Cielo (2025),2025,,2025,1
img-8f32d818dbae4583b972,Maserati,Merak,Merak (1974),1974,1982,1978,3
img-06597c156dfc49646086,Maserati,Quattroporte,Quattroporte (2020),2020,,2023,1
img-182d48ba49eabd761cd1,Maserati,Quattroporte,Quattroporte (2016),2016,2023,2019,6
img-38c7fa8e1de84caa625d,Maserati,Quattroporte,Quattroporte (2013),2013,2016,2014,4
img-6d3c656ffaccda0eda46,Maserati,Quattroporte,Quattroporte (2008),2008,2012,2010,1
img-4d7b42e64cacda5489c3,Maserati,Quattroporte,Quattroporte (2003),2003,2012,2007,2
img-c8b22daea54abe4b6698,Maserati,Quattroporte,Quattroporte (1994),1994,2000,1997,2
img-c5a93c4653a8a38ef7d4,Maserati,Quattroporte,Quattroporte (1976),1976,1990,1983,2
img-b34160119ddb3bc12c40,Maserati,Quattroporte,Quattroporte (1974),1974,1978,1976,1
img-68e5827427c446ed4f2d,Maserati,Quattroporte,Quattroporte (1963),1963,1969,1966,2
img-7274d5ee8abbf564c22d,Maserati,Quattroporte Sport GT S,Quattroporte Sport GT S (2009),2009,2013,2011,1
img-8af425077c702f965396,Maserati,Spyder,Spyder (2006),2006,2007,2006,2
img-fdb03d770bf9e89eb3d9,Maserati,Spyder,Spyder (2001),2001,2006,2003,2
img-67a4a7cfa48bddc7a1b2,Maybach,57,57 (2009),2009,2012,2010,1
img-07c57b78365730306433,Maybach,57,57 (2006),2006,2012,2009,1
img-0d330f692b09cee8b7d0,Maybach,57,57 (2002),2002,2012,2007,1
img-bae3c131c8ca77d4e91f,Maybach,62,62 (2009),2009,2012,2010,1
img-91a1437403adcbeea484,Maybach,62,62 (2006),2006,2012,2009,1
img-8d1f5aa2690bcde3fd13,Maybach,62,62 (2002),2002,2012,2007,1
img-3cd03fdf193b0eca91de,Maybach,Landaulet,Landaulet (2008),2008,2012,2010,1
img-46c90cb999091d5bc058,Mazda,121,121 (1991),1991,1998,1994,3
img-4f4a48467d7431c664a8,Mazda,121,121 (1987),1987,1991,1989,2
img-2f04003a8478d7ac51f6,Mazda,2 / Demio,2 / Demio (2023),2023,,2024,1
img-c047e72862c3cc0a1cc4,Mazda,2 / Demio,2 / Demio (2019),2019,2023,2021,3
img-0b7b6cd4407f988c6742,Mazda,2 / Demio,2 / Demio (2014),2014,2019,2016,5
img-c29b0f74aab0884cbe10,Mazda,2 / Demio,2 / Demio (2007),2007,2014,2010,5
img-6971b88898c3e46e0bbc,Mazda,2 / Demio,2 / Demio (2002),2002,2007,2004,6
img-d7322d6438d83a7c27de,Mazda,2 / Demio,2 / Demio - 3 doors (2007),2007,2014,2010,3
img-6e1d9f00f71458667539,Mazda,2 / Demio,2 / Demio - Sedan (2008),2008,2014,2011,3
img-6193f55f5f3ec1c8f734,Mazda,3 / Axela,3 / Axela Hatchback (2018),2018,,2022,7
img-09580e089b26e65feaf0,Mazda,3 / Axela,3 / Axela Hatchback (2016),2016,2018,2017,7
img-76725ae6b3861845357d,Mazda,3 / Axela,3 / Axela Hatchback (2013),2013,2016,2014,12
img-dfed3d209ce5fde7557a,Mazda,3 / Axela,3 / Axela Hatchback (2009),2009,2013,2011,8
img-57c5413cb31ede88fdbd,Mazda,3 / Axela,3 / Axela Hatchback (2004),2004,2009,2006,5
img-06e1df1f4d36b363befd,Mazda,3 / Axela,3 / Axela Sedan (2018),2018,,2022,7
img-924b9ac9cee8553284cc,Mazda,3 / Axela,3 / Axela Sedan (2016),2016,2018,2017,7
img-f78ba1cefee6d666e296,Mazda,3 / Axela,3 / Axela Sedan (2013),2013,2016,2014,6
img-4e313ca907013d0a503d,Mazda,3 / Axela,3 / Axela Sedan (2009),2009,2013,2011,8
img-c1b31d6e6090f801d677,Mazda,3 / Axela,3 / Axela Sedan (2004),2004,2009,2006,5
img-7ee69205087dce1416ea,Mazda,3 MPS / MAZDASPEED 3,3 MPS / MAZDASPEED 3 (2009),2009,2013,2011,1
img-176146aad201264f1b54,Mazda,3 MPS / MAZDASPEED 3,3 MPS / MAZDASPEED 3 (2006),2006,2009,2007,1
img-5254643cf29b9f43522b,Mazda,323,323 Hatchback (1994),1994,1997,1995,10
img-5ff5a878120ecbd7f441,Mazda,323,323 Hatchback (1989),1989,1994,1991,8
img-a7b906cb58dc20e5af5a,Mazda,323,323 Sedan (1989),1989,1991,1990,9
img-200ed9a7f496016c29d9,Mazda,323 Station,323 Station Wagon (1986),1986,1994,1990,4
img-c5b2ec869be610df7618,Mazda,5 / Premacy,5 / Premacy (2010),2010,2013,2011,6
img-3b5782cf566a7e5a4ad5,Mazda,5 / Premacy,5 / Premacy (2008),2008,2010,2009,5
img-847397a8f11d1448bd70,Mazda,5 / Premacy,5 / Premacy (2005),2005,2008,2006,5
img-94a8e2416557f93f2ac5,Mazda,6 / Atenza,6 / Atenza Hatchback (2007),2007,2013,2010,7
img-66fc4f2fa78b7044d259,Mazda,6 / Atenza,6 / Atenza Hatchback (2002),2002,2005,2003,6
img-de4152b6f9f0754856e2,Mazda,6 / Atenza,6 / Atenza Sedan (2018),2018,2019,2018,10
img-5e6b696f9fa8d0691c58,Mazda,6 / Atenza,6 / Atenza Sedan (2015),2015,2018,2016,8
img-6afb166e7a102d9f4726,Mazda,6 / Atenza,6 / Atenza Sedan (2013),2013,2015,2014,8
img-fbedeb85c5820be42fe8,Mazda,6 / Atenza,6 / Atenza Sedan (2007),2007,2013,2010,4
img-2b003c95073773815545,Mazda,6 / Atenza,6 / Atenza Sedan (2006),2006,2007,2006,1
img-8c45124efb93dd425a0f,Mazda,6 / Atenza,6 / Atenza Sedan (2005),2005,2007,2006,6
img-ccc8a60266cbdd476aa3,Mazda,6 / Atenza,6 / Atenza Sedan (2002),2002,2005,2003,6
img-f4339bcdf85ed536a265,Mazda,6 / Atenza,6 / Atenza Wagon (2015),2015,2018,2016,10
img-f47b1ab0e27ad1f7a284,Mazda,6 / Atenza,6 / Atenza Wagon (2013),2013,2015,2014,6
img-54f775493daf91e08b49,Mazda,6 / Atenza,6 / Atenza Wagon (2007),2007,2012,2009,8
img-a7dbdc21ea32c31133d3,Mazda,6 / Atenza,6 / Atenza Wagon (2005),2005,2007,2006,8
img-cf6a7010899f16010caf,Mazda,6 / Atenza,6 / Atenza Wagon (2002),2002,2005,2003,6
img-bbc849f8812a9ca3cb91,Mazda,626,626 Hatchback (1997),1997,2002,1999,6
img-8bfc373795722c36f1b7,Mazda,626,626 Hatchback (1991),1991,1998,1994,4
img-010cf542b6bdde36d978,Mazda,626,626 Hatchback (1988),1988,1991,1989,3
img-cfe5220e9b96d7b6832a,Mazda,626,626 Sedan (1997),1997,2002,1999,6
img-5e4532d7f10022681f6c,Mazda,626,626 Sedan (1991),1991,1997,1994,3
img-05a6324ca53f714b2bd2,Mazda,626,626 Sedan (1988),1988,1991,1989,3
img-c905937231b6bbd93622,Mazda,626 Station,626 Station Wagon (1988),1988,1991,1989,2
img-6be43556b3f79b5062da,Mazda,6e,6e (2025),2025,,2025,2
img-4da62b07bfc27b010813,Mazda,B Series / Bravo Dual Cab,B Series / Bravo Dual Cab (1999),1999,2006,2002,6
img-7596683c78b5041573cc,Mazda,B Series / Bravo Freestyle Cab,B Series / Bravo Freestyle Cab (1999),1999,2006,2002,6
img-23ea7306ae0c50372d30,Mazda,Biante,Biante (2008),2008,2018,2013,4
img-fde51e246d4906210b66,Mazda,BT-50,BT-50 (2018),2018,2020,2019,7
img-34d2a5850ff4e44b62fb,Mazda,BT-50,BT-50 (2015),2015,2018,2016,13
img-947ba767242edf829c8e,Mazda,BT-50,BT-50 (2011),2011,2015,2013,18
img-157a8a5c3d9193bf6e2a,Mazda,BT-50,BT-50 (2006),2006,2011,2008,3
img-aa4505f199b8dffbf59a,Mazda,CX-3,CX-3 (2018),2018,2025,2021,1
img-2a5d5c62cfd01fdc67a6,Mazda,CX-3,CX-3 (2015),2015,2018,2016,6
img-629401c72c87ecdc7656,Mazda,CX-30,CX-30 (2019),2019,,2022,5
img-1df68aaae3b8f06b790b,Mazda,CX-5,CX-5 (2025),2025,,2025,2
img-a97ad11d2ed51f7bab5f,Mazda,CX-5,CX-5 (2016),2016,2025,2020,8
img-641e9856f6d40e9bf6c1,Mazda,CX-5,CX-5 (2015),2015,2017,2016,10
img-7949ce6c0b464d9c932e,Mazda,CX-5,CX-5 (2012),2012,2017,2014,9
img-0ced13db8d454f722b09,Mazda,CX-50,CX-50 (2021),2021,,2023,2
img-69af9a78d73c9ced1648,Mazda,CX-60,CX-60 (2022),2022,,2024,1
img-974f8879029ae73793c7,Mazda,CX-6e,CX-6e (2026),2026,,2026,1
img-0691bf66148dd56dfc8a,Mazda,CX-7,CX-7 (2009),2009,2012,2010,4
img-57a6dedf6f5e2dc62a44,Mazda,CX-7,CX-7 (2007),2007,2009,2008,5
img-7cb5edf6dada680c820d,Mazda,CX-70,CX-70 (2024),2024,,2025,3
img-e78297c30e0f386fcd07,Mazda,CX-8,CX-8 (2017),2017,2023,2020,4
img-cb2635ed40f4b8587a43,Mazda,CX-80,CX-80 (2024),2024,,2025,2
img-0ea0a068a58a15234f0b,Mazda,CX-9,CX-9 (2016),2016,2024,2020,4
img-e25875d232d4f34c96be,Mazda,CX-9,CX-9 (2013),2013,2016,2014,2
img-07bceb31134b585d54a8,Mazda,CX-9,CX-9 (2009),2009,2012,2010,2
img-932d5bfb553878206c55,Mazda,CX-9,CX-9 (2007),2007,2009,2008,2
img-3de1c9a5b983eabde02f,Mazda,CX-90,CX-90 (2023),2023,,2024,4
img-94b8176415d3a538e975,Mazda,Flair,Flair (2012),2012,2017,2014,4
img-9166058e26987acb4bff,Mazda,Flairwagon,Flairwagon (2012),2012,2013,2012,5
img-a32b67d77bb4a0ce467b,Mazda,MX-3,MX-3 (1991),1991,1998,1994,4
img-24c3822494cb789454e8,Mazda,MX-30,MX-30 (2023),2023,,2024,1
img-6ea012f7c24618b1c2a8,Mazda,MX-30,MX-30 (2019),2019,2023,2021,1
img-897da527f32f0d4388e3,Mazda,MX-5 / Miata,MX-5 / Miata (2016),2016,,2021,5
img-200d1d2b47eea84c4155,Mazda,MX-5 / Miata,MX-5 / Miata (2015),2015,2019,2017,4
img-0e800b52763ad6d14f0c,Mazda,MX-5 / Miata,MX-5 / Miata (2012),2012,2015,2013,3
img-f0c9ea16575452196b47,Mazda,MX-5 / Miata,MX-5 / Miata (2008),2008,2012,2010,4
img-7df54b61ad57f4aa81c4,Mazda,MX-5 / Miata,MX-5 / Miata (2005),2005,2008,2006,2
img-3f2c5a9254d024fdf1a8,Mazda,MX-5 / Miata,MX-5 / Miata (2004),2004,2005,2004,1
img-7c127e232d99c1c551e4,Mazda,MX-5 / Miata,MX-5 / Miata (1998),1998,2005,2001,3
img-53494a4c9a2961b9538a,Mazda,MX-5 / Miata,MX-5 / Miata (1989),1989,1998,1993,3
img-eed6cef6de575ce1a400,Mazda,MX-6,MX-6 (1992),1992,1997,1994,2
img-41613e9a4aaa932a11b7,Mazda,RX-7,RX-7 (1992),1992,2002,1997,3
img-1e97fa990272af463441,Mazda,RX-7,RX-7 (1985),1985,1992,1988,2
img-ba477da5fad96588037b,Mazda,RX-7,RX-7 (1978),1978,1985,1981,2
img-97c6acc0df6d2d09c48b,Mazda,RX-7,RX-7 (1971),1971,1978,1974,1
img-a8d2aedbeefadb7135ea,Mazda,RX-7,RX-7 (1970),1970,1978,1974,1
img-5becf67ab68c68a76f91,Mazda,RX-8,RX-8 (2008),2008,2012,2010,2
img-a6b96773b321702606fe,Mazda,RX-8,RX-8 (2003),2003,2008,2005,2
img-b55adccd091755651eda,Mazda,Tribute,Tribute (2008),2008,2011,2009,6
img-c64fb492385a480e3cb1,Mazda,Tribute,Tribute (2007),2007,2008,2007,6
img-789d58de09eb66725052,Mazda,Tribute,Tribute (2001),2001,2007,2004,5
img-c40dde72bf09306c9633,Mazda,Verisa,Verisa (2004),2004,2015,2009,2
img-f9ceb6af422094f86d9a,Mazda,Xedos 6,Xedos 6 (1992),1992,1999,1995,5
img-2fc19d35e274a87c6ab3,Mazda,Xedos 9,Xedos 9 (2001),2001,2002,2001,1
img-b437268485f479d2cd4f,Mazda,Xedos 9,Xedos 9 (1993),1993,2001,1997,4
img-40ea1e8a2e5c53d56b5e,McLaren,12C GT Sprint,12C GT Sprint (2013),2013,2014,2013,1
img-66474f3fc5904386967e,McLaren,540C,540C (2015),2015,2021,2018,1
img-433b69f0dd47a2f5e634,McLaren,570GT,570GT (2016),2016,2021,2018,1
img-617126d876de27fec5ab,McLaren,570S,570S (2015),2015,2021,2018,1
img-dcfaa9fadafc46c91449,McLaren,570S,570S Spider (2017),2017,2021,2019,1
img-56bf67508bf68cd01a3c,McLaren,600LT,600LT (2018),2018,2020,2019,1
img-4e15529d7991890d830d,McLaren,620R,620R (2019),2019,2021,2020,1
img-a6cf81af6a146fcf82c8,McLaren,650S,650S (2014),2014,2017,2015,1
img-ca5dd00ef281331a2010,McLaren,650S,650S Spider (2014),2014,2017,2015,1
img-624ae16d2cfca34965ef,McLaren,675LT,675LT (2015),2015,2017,2016,1
img-d4539328627f08c2c297,McLaren,675LT,675LT Spider (2016),2016,2017,2016,1
img-878ac08ccdb0ed1d301f,McLaren,720S,720S (2018),2018,2023,2020,1
img-b85b45ebf9e8767dba1d,McLaren,720S,720S (2017),2017,2023,2020,1
img-1e33c3cb924c1fd29ccf,McLaren,750S,750S (2023),2023,,2024,2
img-96ec206955d9e46b5299,McLaren,765LT,765LT (2020),2020,,2023,1
img-6b50f8ea1b9ba01b63dc,McLaren,Artura,Artura (2024),2024,,2025,1
img-dafecce5a67545776c97,McLaren,Artura,Artura (2021),2021,,2023,1
img-c6ff62b36fd5d9e14f77,McLaren,Elva,Elva (2020),2020,,2023,1
img-de50483948d7e8fa2759,McLaren,F1,F1 (1993),1993,1998,1995,1
img-f78eef9754428156d904,McLaren,GT,GT (2019),2019,2023,2021,1
img-df938551457b07757897,McLaren,GTS,GTS (2023),2023,,2024,1
img-e516e7ad91efbcaf8561,McLaren,MP4-12C,MP4-12C (2011),2011,2014,2012,2
img-0a8e692cabbfdc442398,McLaren,MP4-12C,MP4-12C Spider (2012),2012,2015,2013,1
img-f3c061472c87a60adc55,McLaren,P1,P1 (2013),2013,2015,2014,1
img-cb920e4b1314ad443449,McLaren,Senna,Senna (2018),2018,2020,2019,1
img-052e7254884efce5f6fa,McLaren,Speedtail,Speedtail (2018),2018,,2022,1
img-80bde8f06c679fad125c,Mercedes-AMG,A-Class,A-Class (2019),2019,2023,2021,3
img-df6dd2eb03358a701577,Mercedes-AMG,A-Class,A-Class (2018),2018,2023,2020,1
img-6b430085fda92a40b2d8,Mercedes-AMG,A-Class,A-Class (2015),2015,2018,2016,1
img-5a2adb5eb1a0214e1403,Mercedes-AMG,C-Class,C-Class Wagon (2022),2022,,2024,2
img-bb69279aedf659b48f92,Mercedes-AMG,C-Class,C-Class Wagon (2015),2015,2018,2016,1
img-429232a9651ee9ca97d2,Mercedes-AMG,C-Class,C-CLASS COUPE (2018),2018,2021,2019,3
img-53518adb8f48073f3fd1,Mercedes-AMG,C-Class,C-CLASS COUPE (2016),2016,2018,2017,2
img-28e9d165e63afcfbe64c,Mercedes-AMG,C-CLASS,C-CLASS (2022),2022,,2024,2
img-0c7151cae76c611c40d9,Mercedes-AMG,C-CLASS,C-CLASS (2018),2018,2022,2020,1
img-b58b58aca9e95fe95d8d,Mercedes-AMG,C-CLASS,C-CLASS (2015),2015,2018,2016,3
img-4351438f052771e5080a,Mercedes-AMG,C-CLASS,C-CLASS Cabriolet (2016),2016,2018,2017,2
img-74c53c7da0637109e89b,Mercedes-AMG,C-CLASS T-MODELL,C-CLASS T-MODELL (2018),2018,2021,2019,1
img-223743345bd56d0fc8fd,Mercedes-AMG,CLA Shooting brake,CLA Shooting brake (2023),2023,,2024,1
img-982b44c6a21e9ed57678,Mercedes-AMG,CLA Shooting brake,CLA Shooting brake (2019),2019,2023,2021,3
img-c22d7ee36b0f5649f252,Mercedes-AMG,CLA Shooting brake,CLA Shooting brake (2015),2015,2019,2017,2
img-5fdbca0d62e49b668d8a,Mercedes-AMG,CLA-Class,CLA-Class (2023),2023,,2024,2
img-0e2f1991b7ea5d0a6fd4,Mercedes-AMG,CLA-Class,CLA-Class (2019),2019,2023,2021,3
img-fe3a246b70e1ccf042f1,Mercedes-AMG,CLA-Class,CLA-Class (2016),2016,2019,2017,1
img-eb982ee689fb1db54d5a,Mercedes-AMG,CLE,CLE Cabriolet (2024),2024,,2025,1
img-9dcafadc29c5015ec475,Mercedes-AMG,CLE,CLE Coupe (2023),2023,,2024,1
img-87fc145e4f5277c06710,Mercedes-AMG,CLS-Class,CLS-Class (2021),2021,,2023,1
img-1038ab137237b35f2bb6,Mercedes-AMG,CLS-Class,CLS-Class (2018),2018,2021,2019,1
img-a91466582a4b9d1017b4,Mercedes-AMG,E-Class,E-Class (2024),2024,,2025,2
img-660cce7dc9ed47d92559,Mercedes-AMG,E-Class,E-Class (2020),2020,2024,2022,6
img-9117a1e5529db52ac032,Mercedes-AMG,E-Class,E-Class (2018),2018,2020,2019,2
img-4096a58c9935e6a796ba,Mercedes-AMG,E-Class,E-Class (2017),2017,2020,2018,2
img-b240608df00930f94767,Mercedes-AMG,E-Class,E-Class (2016),2016,2018,2017,4
img-d881c14198c542d252ed,Mercedes-AMG,E-Class,E-Class Estate (2024),2024,,2025,1
img-4657789eeb0a96126009,Mercedes-AMG,E-Class,E-Class Cabriolet (2020),2020,2023,2021,1
img-498d81534fd8285b4b02,Mercedes-AMG,E-Class,E-Class Cabriolet (2018),2018,2020,2019,1
img-b00aaefe932ef32ea871,Mercedes-AMG,E-Class,E-Class Coupe (2020),2020,2024,2022,1
img-55128acce887d496eb39,Mercedes-AMG,E-Class,E-Class Coupe (2018),2018,2020,2019,1
img-4ee2012d1b5acffe45f9,Mercedes-AMG,EQE,EQE (2022),2022,,2024,3
img-19f2b11ba53da2d7466a,Mercedes-AMG,EQE SUV,EQE SUV (2022),2022,,2024,2
img-8a08c7d912ef1c66c4f5,Mercedes-AMG,EQS,EQS (2021),2021,,2023,2
img-10f9af5ad24f982460dc,Mercedes-AMG,G 63,G 63 (2024),2024,,2025,1
img-93fdf3eec2981a8d5640,Mercedes-AMG,G 63,G 63 (2018),2018,2024,2021,1
img-b4c8d31d58537218ca2a,Mercedes-AMG,GLA,GLA (2023),2023,,2024,2
img-d16c875f3ac5a68a7a33,Mercedes-AMG,GLA,GLA (2020),2020,2023,2021,3
img-cdfc2d6481eb1749cdc6,Mercedes-AMG,GLA,GLA (2017),2017,2020,2018,1
img-5c85766194ddb9eecb1e,Mercedes-AMG,GLA,GLA (2014),2014,2017,2015,2
img-0cf113f7514490866a8c,Mercedes-AMG,GLB,GLB (2023),2023,,2024,1
img-d95b787f7da3d0a7d2aa,Mercedes-AMG,GLB,GLB (2019),2019,2023,2021,1
img-f2c2404d60e7e27f1476,Mercedes-AMG,GLC,GLC Coupe (2026),2026,,2026,1
img-32863d4695ea93503ac7,Mercedes-AMG,GLC,GLC Coupe (2023),2023,,2024,2
img-de2711796b881dbf853d,Mercedes-AMG,GLC,GLC Coupe (2019),2019,2022,2020,3
img-c06189cce38360ea47d1,Mercedes-AMG,GLC,GLC Coupe (2017),2017,2019,2018,2
img-08b0b71e483be015bbdb,Mercedes-AMG,GLC,GLC Coupe (2016),2016,2019,2017,1
img-c7fd3d50c04c0a782bcc,Mercedes-AMG,GLC-Class,GLC-Class (2023),2023,,2024,1
img-266535d5a1f02553e489,Mercedes-AMG,GLC-Class,GLC-Class (2019),2019,2022,2020,3
img-d891d9e4a3e2f1a9feab,Mercedes-AMG,GLC-Class,GLC-Class (2017),2017,2019,2018,1
img-e1d992d54b22281b4635,Mercedes-AMG,GLC-Class,GLC-Class (2016),2016,2019,2017,1
img-788f4d0aa264d6128e7b,Mercedes-AMG,GLE,GLE Coupe (2023),2023,,2024,2
img-5376fa05b7b10ab46569,Mercedes-AMG,GLE,GLE Coupe (2019),2019,2023,2021,3
img-2463036a4872c0de6fc0,Mercedes-AMG,GLE,GLE Coupe (2015),2015,2019,2017,3
img-f22ed8b8c0c5bc53548c,Mercedes-AMG,GLE,GLE (2026),2026,,2026,2
img-7b9124f09a5095d3eace,Mercedes-AMG,GLE,GLE (2023),2023,,2024,2
img-9e81fd29be12d25f9fe9,Mercedes-AMG,GLE,GLE (2019),2019,2023,2021,1
img-c3f1d6370b13d521d494,Mercedes-AMG,GLE,GLE (2016),2016,2019,2017,1
img-929548a93d5538d010cb,Mercedes-AMG,GLE,GLE (2015),2015,2018,2016,2
img-1ce824d3dc636700d2f0,Mercedes-AMG,GLS- Class,GLS- Class (2023),2023,,2024,1
img-83908af7340a39d28a53,Mercedes-AMG,GLS- Class,GLS- Class (2016),2016,2023,2019,1
img-6a09623fe1bfa28a9dfc,Mercedes-AMG,GT,GT Coupe (2024),2024,,2025,2
img-f0b8d1152dd74fd20794,Mercedes-AMG,GT,GT Coupe (2023),2023,,2024,1
img-f31fcd0be0ffa3d640bc,Mercedes-AMG,GT,GT Coupe (2020),2020,2023,2021,1
img-4a839e17adc4bb546381,Mercedes-AMG,GT,GT Coupe (2019),2019,2020,2019,1
img-990c7ab309c159e205ec,Mercedes-AMG,GT,GT Coupe (2017),2017,2021,2019,5
img-6a4f097df1d630159e0f,Mercedes-AMG,GT,GT Coupe (2016),2016,2018,2017,1
img-8c5163a28b7cab1c4503,Mercedes-AMG,GT,GT Coupe (2015),2015,2017,2016,2
img-3792c94aeb56e72320db,Mercedes-AMG,GT,GT Roadster (2020),2020,2023,2021,1
img-9d72f70e9a5cdf1f6e77,Mercedes-AMG,GT,GT Roadster (2019),2019,2021,2020,1
img-87fbcdee2c81c8203cf2,Mercedes-AMG,GT,GT Roadster (2018),2018,2021,2019,2
img-d316504840d8486bbab5,Mercedes-AMG,GT,GT Roadster (2016),2016,2018,2017,2
img-98deefb00fa89134e542,Mercedes-AMG,GT 4-DOOR,GT 4-DOOR COUPE (2026),2026,,2026,2
img-e75f3538ea211c6b91f9,Mercedes-AMG,GT 4-DOOR,GT 4-DOOR COUPE (2023),2023,,2024,2
img-6d6f5bc1dfc75393740b,Mercedes-AMG,GT 4-DOOR,GT 4-DOOR COUPE (2020),2020,2023,2021,1
img-a84c1e6091d8c8940720,Mercedes-AMG,GT 4-DOOR,GT 4-DOOR COUPE (2018),2018,2025,2021,4
img-4e3c2318a0c19194e8aa,Mercedes-AMG,ONE,ONE (2022),2022,,2024,1
img-70392ceada0caf030f66,Mercedes-AMG,S-Class,S-Class (2023),2023,,2024,1
img-79032e5f8e9075d16c28,Mercedes-AMG,S-Class,S-Class (2017),2017,2020,2018,2
img-a71c7c4f88017cd9a9b7,Mercedes-AMG,S-Class,S-Class Cabriolet (2017),2017,2021,2019,2
img-eda653792494c2ad67bc,Mercedes-AMG,S-Class,S-Class Cabriolet (2016),2016,2017,2016,2
img-3b0e4fd43e29a465b4c4,Mercedes-AMG,S-Class,S-Class Coupe (2017),2017,2021,2019,2
img-839cdc823be6ca2d7088,Mercedes-AMG,SL-Class,SL-Class (2023),2023,,2024,1
img-9f2efa2f0a71fcad75e7,Mercedes-AMG,SL-Class,SL-Class (2021),2021,,2023,3
img-f79f3e053202b27dc9f2,Mercedes-AMG,SLC,SLC (2016),2016,2020,2018,1
img-554f2d97e05dba12ba35,Mercedes-Benz,MERCEDES BENZ A-Class,MERCEDES BENZ A-Class Sedan (2018),2018,2023,2020,13
img-c0e9f805fe7145b3530b,Mercedes-Benz,MERCEDES BENZ A-Klasse,MERCEDES BENZ A-Klasse (2022),2022,,2024,7
img-0b0b6ba1918f38cc6ace,Mercedes-Benz,MERCEDES BENZ A-Klasse,MERCEDES BENZ A-Klasse (2018),2018,2022,2020,4
img-ff2ee663a1bf9f01ed6a,Mercedes-Benz,MERCEDES BENZ A-Klasse,MERCEDES BENZ A-Klasse (2015),2015,2018,2016,24
img-46be5883fb7df6d14b89,Mercedes-Benz,MERCEDES BENZ A-Klasse,MERCEDES BENZ A-Klasse (2012),2012,2015,2013,17
img-36f26bd07dcb6c91c469,Mercedes-Benz,MERCEDES BENZ A-Klasse,MERCEDES BENZ A-Klasse (2008),2008,2012,2010,16
img-3cbb454111fc56868ec9,Mercedes-Benz,MERCEDES BENZ A-Klasse,MERCEDES BENZ A-Klasse (2004),2004,2007,2005,14
img-0146d1ba50898e40aeb8,Mercedes-Benz,MERCEDES BENZ A-Klasse,MERCEDES BENZ A-Klasse (2001),2001,2004,2002,22
img-88712373c1f5115400f8,Mercedes-Benz,MERCEDES BENZ A-Klasse,MERCEDES BENZ A-Klasse (1997),1997,2001,1999,11
img-5fbcb72085529cd86ed6,Mercedes-Benz,MERCEDES BENZ A-Klasse,MERCEDES BENZ A-Klasse Coupe (2008),2008,2012,2010,16
img-d029b978daef9268d265,Mercedes-Benz,MERCEDES BENZ A-Klasse,MERCEDES BENZ A-Klasse Coupe (2004),2004,2007,2005,14
img-f56524062b1fe2b99c17,Mercedes-Benz,MERCEDES BENZ A-Klasse AMG,MERCEDES BENZ A-Klasse AMG (2013),2013,2015,2014,2
img-d3272621b6c8045ab1fa,Mercedes-Benz,MERCEDES BENZ A-Klasse Saloon,MERCEDES BENZ A-Klasse Saloon (2022),2022,,2024,8
img-f5e490e70b6571ea6516,Mercedes-Benz,MERCEDES BENZ B-Klasse,MERCEDES BENZ B-Klasse (2022),2022,,2024,8
img-e3bd182f704d31f4d213,Mercedes-Benz,MERCEDES BENZ B-Klasse,MERCEDES BENZ B-Klasse (2018),2018,2022,2020,12
img-ce53907a070a9127b3c0,Mercedes-Benz,MERCEDES BENZ B-Klasse,MERCEDES BENZ B-Klasse (2014),2014,2018,2016,21
img-adfa4386a8d06da89aa2,Mercedes-Benz,MERCEDES BENZ B-Klasse,MERCEDES BENZ B-Klasse (2011),2011,2014,2012,12
img-1716c7f915207971fa19,Mercedes-Benz,MERCEDES BENZ B-Klasse,MERCEDES BENZ B-Klasse (2008),2008,2011,2009,22
img-b539a450ba78a94061c5,Mercedes-Benz,MERCEDES BENZ B-Klasse,MERCEDES BENZ B-Klasse (2005),2005,2008,2006,12
img-360a4322c4dd3d6aeb6c,Mercedes-Benz,MERCEDES BENZ C-Class,MERCEDES BENZ C-Class Cabriolet (2018),2018,2022,2020,6
img-6aefdb133d241b0593bd,Mercedes-Benz,MERCEDES BENZ C-Class,MERCEDES BENZ C-Class Cabriolet (2016),2016,2018,2017,9
img-5e12e5017d55b81c4761,Mercedes-Benz,MERCEDES BENZ C-Class EV,MERCEDES BENZ C-Class EV (2026),2026,,2026,1
img-c5a57be69e473fbf9154,Mercedes-Benz,MERCEDES BENZ C-Klasse,MERCEDES BENZ C-Klasse Coupe (2016),2016,2018,2017,13
img-9f1adcd49ee9f8aef95c,Mercedes-Benz,MERCEDES BENZ C-Klasse,MERCEDES BENZ C-Klasse Coupe (2011),2011,2013,2012,5
img-fdc5eca2023ba68d0c54,Mercedes-Benz,MERCEDES BENZ C-Klasse All-Terrain,MERCEDES BENZ C-Klasse All-Terrain (2021),2021,,2023,2
img-93fa1381ca755d8aa639,Mercedes-Benz,MERCEDES BENZ C-Klasse AMG,MERCEDES BENZ C-Klasse AMG (2014),2014,2015,2014,1
img-77b2901379258c12b04a,Mercedes-Benz,MERCEDES BENZ C-Klasse AMG,MERCEDES BENZ C-Klasse AMG (2011),2011,2014,2012,2
img-3fa6d52ad0332c381724,Mercedes-Benz,MERCEDES BENZ C-Klasse AMG,MERCEDES BENZ C-Klasse AMG (2007),2007,2011,2009,1
img-b15392b2d8152b6f6b9a,Mercedes-Benz,MERCEDES BENZ C-Klasse AMG,MERCEDES BENZ C-Klasse AMG (2004),2004,2007,2005,1
img-eb28b95cbf1a12a08ab6,Mercedes-Benz,MERCEDES BENZ C-Klasse AMG,MERCEDES BENZ C-Klasse AMG (2000),2000,2004,2002,2
img-9a1f9222a8e2d6cd18db,Mercedes-Benz,MERCEDES BENZ C-Klasse AMG,MERCEDES BENZ C-Klasse AMG (1997),1997,2000,1998,1
img-042d8cb79337d19ac503,Mercedes-Benz,MERCEDES BENZ C-Klasse AMG,MERCEDES BENZ C-Klasse AMG (1993),1993,1997,1995,1
img-b6ef313999ca18a4bca1,Mercedes-Benz,MERCEDES BENZ C-Klasse AMG,MERCEDES BENZ C-Klasse AMG (1990),1990,1991,1990,1
img-5ba80d9382bd1d60720f,Mercedes-Benz,MERCEDES BENZ C-Klasse AMG,MERCEDES BENZ C-Klasse AMG (1984),1984,1988,1986,4
img-ca10063a5672243c2431,Mercedes-Benz,MERCEDES BENZ C-Klasse and predecessors,MERCEDES BENZ C-Klasse and predecessors (2021),2021,,2023,7
img-30af834b31d56392f07e,Mercedes-Benz,MERCEDES BENZ C-Klasse and predecessors,MERCEDES BENZ C-Klasse and predecessors (2018),2018,2021,2019,13
img-51cda5a3ee5be642186a,Mercedes-Benz,MERCEDES BENZ C-Klasse and predecessors,MERCEDES BENZ C-Klasse and predecessors (2014),2014,2018,2016,17
img-4e14d4000ae01db6250e,Mercedes-Benz,MERCEDES BENZ C-Klasse and predecessors,MERCEDES BENZ C-Klasse and predecessors (2011),2011,2013,2012,17
img-a12f0ac2c9392ac9d110,Mercedes-Benz,MERCEDES BENZ C-Klasse and predecessors,MERCEDES BENZ C-Klasse and predecessors (2007),2007,2011,2009,26
img-5ddf285072e2eeca72ba,Mercedes-Benz,MERCEDES BENZ C-Klasse and predecessors,MERCEDES BENZ C-Klasse and predecessors (2004),2004,2007,2005,28
img-c7fd7fdb0bd4f243c764,Mercedes-Benz,MERCEDES BENZ C-Klasse and predecessors,MERCEDES BENZ C-Klasse and predecessors (2000),2000,2004,2002,21
img-a9cecf059bd6e63ef9b6,Mercedes-Benz,MERCEDES BENZ C-Klasse and predecessors,MERCEDES BENZ C-Klasse and predecessors (1997),1997,2000,1998,23
img-efa0531808caaf634a99,Mercedes-Benz,MERCEDES BENZ C-Klasse and predecessors,MERCEDES BENZ C-Klasse and predecessors (1993),1993,1997,1995,21
img-d0e01c80fd66dfe198bf,Mercedes-Benz,MERCEDES BENZ C-Klasse and predecessors,MERCEDES BENZ C-Klasse and predecessors (1982),1982,1993,1987,16
img-e2ced0a34d330e2fa6e2,Mercedes-Benz,MERCEDES BENZ C-Klasse Coupe AMG,MERCEDES BENZ C-Klasse Coupe AMG (2011),2011,2016,2013,3
img-3dbab5a17f3b1912ff73,Mercedes-Benz,MERCEDES BENZ C-Klasse SportCoupe AMG,MERCEDES BENZ C-Klasse SportCoupe AMG (2002),2002,2004,2003,2
img-cd0f7f2a896eea551cfd,Mercedes-Benz,MERCEDES BENZ C-Klasse SportCoupe/CLC,MERCEDES BENZ C-Klasse SportCoupe/CLC (2008),2008,2011,2009,13
img-517961aea040f7ac736f,Mercedes-Benz,MERCEDES BENZ C-Klasse SportCoupe/CLC,MERCEDES BENZ C-Klasse SportCoupe/CLC (2004),2004,2007,2005,18
img-bb62d444a09aa7199ecd,Mercedes-Benz,MERCEDES BENZ C-Klasse SportCoupe/CLC,MERCEDES BENZ C-Klasse SportCoupe/CLC (2000),2000,2004,2002,13
img-93bcc5b631ba83c38b8c,Mercedes-Benz,MERCEDES BENZ C-Klasse T-Modell,MERCEDES BENZ C-Klasse T-Modell (2021),2021,,2023,7
img-adaef99b7c5ae45546ad,Mercedes-Benz,MERCEDES BENZ C-Klasse T-Modell,MERCEDES BENZ C-Klasse T-Modell (2018),2018,2021,2019,8
img-22221644b3155ae3f92e,Mercedes-Benz,MERCEDES BENZ C-Klasse T-Modell,MERCEDES BENZ C-Klasse T-Modell (2015),2015,2017,2016,1
img-1a2b4424c07c0e6645fe,Mercedes-Benz,MERCEDES BENZ C-Klasse T-Modell,MERCEDES BENZ C-Klasse T-Modell (2014),2014,2018,2016,12
img-0933f93031d2e522175f,Mercedes-Benz,MERCEDES BENZ C-Klasse T-Modell,MERCEDES BENZ C-Klasse T-Modell (2011),2011,2014,2012,21
img-998bf862f77861e59fae,Mercedes-Benz,MERCEDES BENZ C-Klasse T-Modell,MERCEDES BENZ C-Klasse T-Modell (2007),2007,2011,2009,25
img-12a56234d6079397d8f8,Mercedes-Benz,MERCEDES BENZ C-Klasse T-Modell,MERCEDES BENZ C-Klasse T-Modell (2004),2004,2007,2005,28
img-c388d24a2a898b7a8f19,Mercedes-Benz,MERCEDES BENZ C-Klasse T-Modell,MERCEDES BENZ C-Klasse T-Modell (2001),2001,2004,2002,23
img-1168cb023dce4a59c8d6,Mercedes-Benz,MERCEDES BENZ C-Klasse T-Modell,MERCEDES BENZ C-Klasse T-Modell (1997),1997,2000,1998,22
img-2a3380c769917caccb88,Mercedes-Benz,MERCEDES BENZ C-Klasse T-Modell,MERCEDES BENZ C-Klasse T-Modell (1996),1996,1997,1996,8
img-6132027522928abb6c6b,Mercedes-Benz,MERCEDES BENZ C-Klasse T-Modell AMG,MERCEDES BENZ C-Klasse T-Modell AMG (2004),2004,2007,2005,1
img-1e3fa23fa38740181e19,Mercedes-Benz,MERCEDES BENZ Citan,MERCEDES BENZ Citan (2021),2021,,2023,8
img-9b95ce3db3e447f711bb,Mercedes-Benz,MERCEDES BENZ CL AMG,MERCEDES BENZ CL AMG (2011),2011,2013,2012,1
img-63d6b00ab1e8dac9a75e,Mercedes-Benz,MERCEDES BENZ CL AMG,MERCEDES BENZ CL AMG (2010),2010,2014,2012,1
img-a4c8f0805ff88cdcc8a5,Mercedes-Benz,MERCEDES BENZ CL AMG,MERCEDES BENZ CL AMG (2007),2007,2012,2009,3
img-f743f88146ebca1f7d67,Mercedes-Benz,MERCEDES BENZ CL AMG,MERCEDES BENZ CL AMG (2003),2003,2006,2004,1
img-6637f98e27114b560c64,Mercedes-Benz,MERCEDES BENZ CL AMG,MERCEDES BENZ CL AMG (2002),2002,2006,2004,1
img-580632a2e72be1c70b8a,Mercedes-Benz,MERCEDES BENZ CL AMG,MERCEDES BENZ CL AMG (2000),2000,2000,2000,2
img-97b73d666763e6634daa,Mercedes-Benz,MERCEDES BENZ CL-Klasse and predecessors,MERCEDES BENZ CL-Klasse and predecessors (2010),2010,2014,2012,3
img-1805a96ad7aaf65cf6c1,Mercedes-Benz,MERCEDES BENZ CL-Klasse and predecessors,MERCEDES BENZ CL-Klasse and predecessors (2006),2006,2010,2008,2
img-5e7088713f1f7183d480,Mercedes-Benz,MERCEDES BENZ CL-Klasse and predecessors,MERCEDES BENZ CL-Klasse and predecessors (2002),2002,2006,2004,2
img-8e2ba7c26230063aad2e,Mercedes-Benz,MERCEDES BENZ CL-Klasse and predecessors,MERCEDES BENZ CL-Klasse and predecessors (1999),1999,2002,2000,3
img-309b54d4160e6d58195d,Mercedes-Benz,MERCEDES BENZ CL-Klasse and predecessors,MERCEDES BENZ CL-Klasse and predecessors (1996),1996,1998,1997,3
img-7ffab2344c286c4bcf15,Mercedes-Benz,MERCEDES BENZ CL-Klasse and predecessors,MERCEDES BENZ CL-Klasse and predecessors (1992),1992,1996,1994,3
img-788ad2440abacfb958f3,Mercedes-Benz,MERCEDES BENZ CL-Klasse and predecessors,MERCEDES BENZ CL-Klasse and predecessors (1981),1981,1992,1986,12
img-d557f65e6238a3bcf71e,Mercedes-Benz,MERCEDES BENZ CL-Klasse and predecessors,MERCEDES BENZ CL-Klasse and predecessors (1972),1972,1981,1976,5
img-bb81f0e8ecab91e3958f,Mercedes-Benz,MERCEDES BENZ CL-Klasse and predecessors,MERCEDES BENZ CL-Klasse and predecessors (1965),1965,1965,1965,1
img-bacab8391f06e21c802c,Mercedes-Benz,MERCEDES BENZ CL-Klasse and predecessors,MERCEDES BENZ CL-Klasse and predecessors (1961),1961,1971,1966,9
img-ad5f574fa332916e0e73,Mercedes-Benz,MERCEDES BENZ CL-Klasse and predecessors,MERCEDES BENZ CL-Klasse and predecessors (1956),1956,1960,1958,4
img-74f777e89fcb0efe7ef9,Mercedes-Benz,MERCEDES BENZ CL-Klasse and predecessors,MERCEDES BENZ CL-Klasse and predecessors (1952),1952,1958,1955,4
img-0dcb39480ca90b79e20e,Mercedes-Benz,MERCEDES BENZ CLA 45,MERCEDES BENZ CLA 45 (2013),2013,2016,2014,1
img-46eae788d3b137b582a6,Mercedes-Benz,MERCEDES BENZ CLA Klasse,MERCEDES BENZ CLA Klasse (2025),2025,,2025,2
img-51ba756520dbbece869f,Mercedes-Benz,MERCEDES BENZ CLA Klasse,MERCEDES BENZ CLA Klasse (2023),2023,,2024,8
img-2be4e0f731fc3c13a34a,Mercedes-Benz,MERCEDES BENZ CLA Klasse,MERCEDES BENZ CLA Klasse (2019),2019,2023,2021,11
img-8d800b85a2542cfc5240,Mercedes-Benz,MERCEDES BENZ CLA Klasse,MERCEDES BENZ CLA Klasse (2016),2016,2018,2017,19
img-7644a0d0c0ae1677fd7c,Mercedes-Benz,MERCEDES BENZ CLA Klasse,MERCEDES BENZ CLA Klasse (2013),2013,2016,2014,14
img-20791025d85393f84d41,Mercedes-Benz,MERCEDES BENZ CLA Shooting Brake,MERCEDES BENZ CLA Shooting Brake (2025),2025,,2025,2
img-48a89aa98e3e5c287655,Mercedes-Benz,MERCEDES BENZ CLA Shooting Brake,MERCEDES BENZ CLA Shooting Brake (2023),2023,,2024,7
img-58c95d6cda1248494d08,Mercedes-Benz,MERCEDES BENZ CLA Shooting Brake,MERCEDES BENZ CLA Shooting Brake (2019),2019,2023,2021,13
img-e017e53e3dbbadc94143,Mercedes-Benz,MERCEDES BENZ CLA Shooting Brake,MERCEDES BENZ CLA Shooting Brake (2015),2015,2019,2017,15
img-2ea032f3403ec34ba4e0,Mercedes-Benz,MERCEDES BENZ CLE,MERCEDES BENZ CLE Coupe (2023),2023,,2024,5
img-4c8899c3b01ff3d687fd,Mercedes-Benz,MERCEDES BENZ CLE,MERCEDES BENZ CLE Cabriolet (2023),2023,,2024,5
img-69c114e689bb0f2833dc,Mercedes-Benz,MERCEDES BENZ CLK AMG,MERCEDES BENZ CLK AMG (2007),2007,2009,2008,1
img-f7538b7616f57a35a491,Mercedes-Benz,MERCEDES BENZ CLK AMG,MERCEDES BENZ CLK AMG (2006),2006,2009,2007,2
img-91c7d72b5f02f4ab0562,Mercedes-Benz,MERCEDES BENZ CLK AMG,MERCEDES BENZ CLK AMG (2004),2004,2004,2004,1
img-02afccdf2f41d6b1681d,Mercedes-Benz,MERCEDES BENZ CLK AMG,MERCEDES BENZ CLK AMG (2003),2003,2006,2004,1
img-76745adde7d698388a66,Mercedes-Benz,MERCEDES BENZ CLK AMG,MERCEDES BENZ CLK AMG (1999),1999,2002,2000,1
img-6a6c1db605078c82fdc1,Mercedes-Benz,MERCEDES BENZ CLK AMG Cabrio,MERCEDES BENZ CLK AMG Cabrio (2006),2006,2009,2007,1
img-6c95df49b3560150fea3,Mercedes-Benz,MERCEDES BENZ CLK AMG Cabrio,MERCEDES BENZ CLK AMG Cabrio (2003),2003,2006,2004,1
img-26da9fbe6b94251f8bf4,Mercedes-Benz,MERCEDES BENZ CLK AMG Cabrio,MERCEDES BENZ CLK AMG Cabrio (2000),2000,2003,2001,1
img-c85de518031d6660a9ff,Mercedes-Benz,MERCEDES BENZ CLK GTR,MERCEDES BENZ CLK GTR (1998),1998,1999,1998,1
img-1b221eaaae5a8e9b7da1,Mercedes-Benz,MERCEDES BENZ CLS AMG,MERCEDES BENZ CLS AMG (2014),2014,2018,2016,3
img-aabb9febe973ef765662,Mercedes-Benz,MERCEDES BENZ CLS AMG,MERCEDES BENZ CLS AMG (2011),2011,2014,2012,4
img-d9214684c830ad571e34,Mercedes-Benz,MERCEDES BENZ CLS AMG,MERCEDES BENZ CLS AMG (2006),2006,2010,2008,2
img-c954254b2ba6609a2e3c,Mercedes-Benz,MERCEDES BENZ CLS AMG,MERCEDES BENZ CLS AMG (2004),2004,2006,2005,1
img-7ff33869c084cf70c7f7,Mercedes-Benz,MERCEDES BENZ CLS Shooting Brake,MERCEDES BENZ CLS Shooting Brake (2014),2014,2017,2015,9
img-d1c60be75b82efbeeb7e,Mercedes-Benz,MERCEDES BENZ CLS Shooting Brake,MERCEDES BENZ CLS Shooting Brake (2012),2012,2017,2014,10
img-735adf04d801d3fb2ee9,Mercedes-Benz,MERCEDES BENZ CLS Shooting Brake AMG,MERCEDES BENZ CLS Shooting Brake AMG (2014),2014,2018,2016,2
img-090519857dec1aa6b826,Mercedes-Benz,MERCEDES BENZ CLS-Klasse,MERCEDES BENZ CLS-Klasse (2021),2021,,2023,5
img-42044c052bdac4fb0eaf,Mercedes-Benz,MERCEDES BENZ CLS-Klasse,MERCEDES BENZ CLS-Klasse (2018),2018,2021,2019,3
img-591a4a25264f9b1c3fcb,Mercedes-Benz,MERCEDES BENZ CLS-Klasse,MERCEDES BENZ CLS-Klasse (2014),2014,2018,2016,9
img-c304cd640130d4df3666,Mercedes-Benz,MERCEDES BENZ CLS-Klasse,MERCEDES BENZ CLS-Klasse (2010),2010,2014,2012,6
img-2957af4972c51d667de3,Mercedes-Benz,MERCEDES BENZ CLS-Klasse,MERCEDES BENZ CLS-Klasse (2008),2008,2010,2009,4
img-46417a456f02638860d9,Mercedes-Benz,MERCEDES BENZ CLS-Klasse,MERCEDES BENZ CLS-Klasse (2004),2004,2006,2005,5
img-54c391d6c3634fedff4f,Mercedes-Benz,MERCEDES BENZ E-Class T-Modell All-Terrain,MERCEDES BENZ E-Class T-Modell All-Terrain (2023),2023,,2024,2
img-e2a08caab0f4e30c9e32,Mercedes-Benz,MERCEDES BENZ E-Class T-Modell All-Terrain,MERCEDES BENZ E-Class T-Modell All-Terrain (2020),2020,2023,2021,1
img-11409e4810eeae896473,Mercedes-Benz,MERCEDES BENZ E-Class T-Modell All-Terrain,MERCEDES BENZ E-Class T-Modell All-Terrain (2017),2017,2020,2018,6
img-2570fad76158ad0d0d61,Mercedes-Benz,MERCEDES BENZ E-Klasse AMG,MERCEDES BENZ E-Klasse AMG (2013),2013,2016,2014,3
img-49fd5ece8e3f050ab192,Mercedes-Benz,MERCEDES BENZ E-Klasse AMG,MERCEDES BENZ E-Klasse AMG (2009),2009,2012,2010,2
img-67fe373da8a9da0485c2,Mercedes-Benz,MERCEDES BENZ E-Klasse AMG,MERCEDES BENZ E-Klasse AMG (2006),2006,2009,2007,1
img-28ac02a3d21e3c68f30d,Mercedes-Benz,MERCEDES BENZ E-Klasse AMG,MERCEDES BENZ E-Klasse AMG (2002),2002,2006,2004,1
img-b44acf4697331b6d0ed9,Mercedes-Benz,MERCEDES BENZ E-Klasse AMG,MERCEDES BENZ E-Klasse AMG (1997),1997,2002,1999,1
img-a8fb1906bc04a8385b42,Mercedes-Benz,MERCEDES BENZ E-Klasse AMG,MERCEDES BENZ E-Klasse AMG (1996),1996,1997,1996,1
img-85473cd2f210e56c4490,Mercedes-Benz,MERCEDES BENZ E-Klasse and predecessors,MERCEDES BENZ E-Klasse and predecessors (2023),2023,,2024,6
img-90b4a3d46b83799a5592,Mercedes-Benz,MERCEDES BENZ E-Klasse and predecessors,MERCEDES BENZ E-Klasse and predecessors (2020),2020,2023,2021,10
img-8ba9d3bf0d91e317e091,Mercedes-Benz,MERCEDES BENZ E-Klasse and predecessors,MERCEDES BENZ E-Klasse and predecessors (2016),2016,2020,2018,3
img-f63dac1da61b74ca0c52,Mercedes-Benz,MERCEDES BENZ E-Klasse and predecessors,MERCEDES BENZ E-Klasse and predecessors (2013),2013,2016,2014,27
img-ecb2ba93ab7e6b1317c2,Mercedes-Benz,MERCEDES BENZ E-Klasse and predecessors,MERCEDES BENZ E-Klasse and predecessors (2009),2009,2012,2010,29
img-225be1fd16161ff03870,Mercedes-Benz,MERCEDES BENZ E-Klasse and predecessors,MERCEDES BENZ E-Klasse and predecessors (2006),2006,2009,2007,9
img-4a8cfec0206040faa61c,Mercedes-Benz,MERCEDES BENZ E-Klasse and predecessors,MERCEDES BENZ E-Klasse and predecessors (2002),2002,2006,2004,24
img-4b47a3b0ebad1f1a788f,Mercedes-Benz,MERCEDES BENZ E-Klasse and predecessors,MERCEDES BENZ E-Klasse and predecessors (1999),1999,2002,2000,10
img-672bbf35dc1452fa002d,Mercedes-Benz,MERCEDES BENZ E-Klasse and predecessors,MERCEDES BENZ E-Klasse and predecessors (1995),1995,1999,1997,19
img-9e5dbfd75a0ceb31226f,Mercedes-Benz,MERCEDES BENZ E-Klasse and predecessors,MERCEDES BENZ E-Klasse and predecessors (1993),1993,1995,1994,11
img-228e52f9930e0258a521,Mercedes-Benz,MERCEDES BENZ E-Klasse and predecessors,MERCEDES BENZ E-Klasse and predecessors (1991),1991,1993,1992,2
img-10618f14716f937c892f,Mercedes-Benz,MERCEDES BENZ E-Klasse and predecessors,MERCEDES BENZ E-Klasse and predecessors (1985),1985,1993,1989,10
img-25a92c3203c133128586,Mercedes-Benz,MERCEDES BENZ E-Klasse and predecessors,MERCEDES BENZ E-Klasse and predecessors (1977),1977,1985,1981,3
img-dceeaeda26a68e459418,Mercedes-Benz,MERCEDES BENZ E-Klasse and predecessors,MERCEDES BENZ E-Klasse and predecessors (1975),1975,1985,1980,9
img-59303971b585dea7a9d3,Mercedes-Benz,MERCEDES BENZ E-Klasse and predecessors,MERCEDES BENZ E-Klasse and predecessors (1968),1968,1976,1972,8
img-2cbec4ca69ad74ab4804,Mercedes-Benz,MERCEDES BENZ E-Klasse and predecessors,MERCEDES BENZ E-Klasse and predecessors (1965),1965,1968,1966,3
img-11717c264d7a71b1244d,Mercedes-Benz,MERCEDES BENZ E-Klasse and predecessors,MERCEDES BENZ E-Klasse and predecessors (1961),1961,1965,1963,5
img-22c0a6b1bb879a574225,Mercedes-Benz,MERCEDES BENZ E-Klasse and predecessors,MERCEDES BENZ E-Klasse and predecessors (1953),1953,1962,1957,11
img-e11bc03ffbf30aa26d29,Mercedes-Benz,MERCEDES BENZ E-Klasse and predecessors,MERCEDES BENZ E-Klasse and predecessors (1949),1949,1951,1950,2
img-d163497c163aaa4d6eab,Mercedes-Benz,MERCEDES BENZ E-Klasse and predecessors,MERCEDES BENZ E-Klasse and predecessors (1946),1946,1955,1950,11
img-3f988c840dbd5527bd04,Mercedes-Benz,MERCEDES BENZ E-Klasse Cabriolet and predecessors,MERCEDES BENZ E-Klasse Cabriolet and predecessors (2020),2020,2024,2022,7
img-9af00e73243906379dc6,Mercedes-Benz,MERCEDES BENZ E-Klasse Cabriolet and predecessors,MERCEDES BENZ E-Klasse Cabriolet and predecessors (2016),2016,2020,2018,8
img-4085cf14c81a63f2b4d0,Mercedes-Benz,MERCEDES BENZ E-Klasse Cabriolet and predecessors,MERCEDES BENZ E-Klasse Cabriolet and predecessors (2013),2013,2016,2014,13
img-020b93716c74ccc248a5,Mercedes-Benz,MERCEDES BENZ E-Klasse Cabriolet and predecessors,MERCEDES BENZ E-Klasse Cabriolet and predecessors (2010),2010,2012,2011,12
img-68a8b55ad491d67f064e,Mercedes-Benz,MERCEDES BENZ E-Klasse Cabriolet and predecessors,MERCEDES BENZ E-Klasse Cabriolet and predecessors (2005),2005,2009,2007,8
img-8a3692244db1d72750bf,Mercedes-Benz,MERCEDES BENZ E-Klasse Cabriolet and predecessors,MERCEDES BENZ E-Klasse Cabriolet and predecessors (2003),2003,2005,2004,6
img-7a1cf708c619076345c0,Mercedes-Benz,MERCEDES BENZ E-Klasse Cabriolet and predecessors,MERCEDES BENZ E-Klasse Cabriolet and predecessors (1998),1998,2000,1999,5
img-022d71c31702843ff175,Mercedes-Benz,MERCEDES BENZ E-Klasse Cabriolet and predecessors,MERCEDES BENZ E-Klasse Cabriolet and predecessors (1993),1993,1997,1995,3
img-83f84c3e13915d00c50a,Mercedes-Benz,MERCEDES BENZ E-Klasse Cabriolet and predecessors,MERCEDES BENZ E-Klasse Cabriolet and predecessors (1992),1992,1995,1993,3
img-819066060f8ce8391e9e,Mercedes-Benz,MERCEDES BENZ E-Klasse Coupe and predecessors,MERCEDES BENZ E-Klasse Coupe and predecessors (2016),2016,2020,2018,7
img-b2fec1d290c78119f48a,Mercedes-Benz,MERCEDES BENZ E-Klasse Coupe and predecessors,MERCEDES BENZ E-Klasse Coupe and predecessors (2013),2013,2016,2014,12
img-e3b8590cb62b8a5ae458,Mercedes-Benz,MERCEDES BENZ E-Klasse Coupe and predecessors,MERCEDES BENZ E-Klasse Coupe and predecessors (2009),2009,2012,2010,16
img-d94e0acd2d8ead5d22a6,Mercedes-Benz,MERCEDES BENZ E-Klasse Coupe and predecessors,MERCEDES BENZ E-Klasse Coupe and predecessors (2005),2005,2009,2007,13
img-93e2958a0b2708fbcede,Mercedes-Benz,MERCEDES BENZ E-Klasse Coupe and predecessors,MERCEDES BENZ E-Klasse Coupe and predecessors (2002),2002,2006,2004,8
img-aff4212cf5ef423dca9c,Mercedes-Benz,MERCEDES BENZ E-Klasse Coupe and predecessors,MERCEDES BENZ E-Klasse Coupe and predecessors (1999),1999,2002,2000,8
img-61b4c0bef94c54fdaed7,Mercedes-Benz,MERCEDES BENZ E-Klasse Coupe and predecessors,MERCEDES BENZ E-Klasse Coupe and predecessors (1997),1997,1999,1998,6
img-09c867103509e0a3dc68,Mercedes-Benz,MERCEDES BENZ E-Klasse Coupe and predecessors,MERCEDES BENZ E-Klasse Coupe and predecessors (1993),1993,1995,1994,3
img-9c630b188b6b6fafc3e1,Mercedes-Benz,MERCEDES BENZ E-Klasse Coupe and predecessors,MERCEDES BENZ E-Klasse Coupe and predecessors (1987),1987,1993,1990,5
img-3940da2f29fd504a8943,Mercedes-Benz,MERCEDES BENZ E-Klasse Coupe and predecessors,MERCEDES BENZ E-Klasse Coupe and predecessors (1977),1977,1985,1981,6
img-f8a40ae6715266ab09fd,Mercedes-Benz,MERCEDES BENZ E-Klasse Coupe and predecessors,MERCEDES BENZ E-Klasse Coupe and predecessors (1969),1969,1977,1973,4
img-58a9379761f728865a6d,Mercedes-Benz,MERCEDES BENZ E-Klasse T-Modell,MERCEDES BENZ E-Klasse T-Modell (2016),2016,2020,2018,6
img-687a519803566c71b383,Mercedes-Benz,MERCEDES BENZ E-Klasse T-Modell,MERCEDES BENZ E-Klasse T-Modell (2013),2013,2016,2014,23
img-90a2d38c62e8d4afee2e,Mercedes-Benz,MERCEDES BENZ E-Klasse T-Modell,MERCEDES BENZ E-Klasse T-Modell (2009),2009,2012,2010,29
img-f0acacf31822ed9bcb31,Mercedes-Benz,MERCEDES BENZ E-Klasse T-Modell,MERCEDES BENZ E-Klasse T-Modell (2006),2006,2009,2007,7
img-0893d35d33d7dd939b6b,Mercedes-Benz,MERCEDES BENZ E-Klasse T-Modell,MERCEDES BENZ E-Klasse T-Modell (2003),2003,2006,2004,11
img-fea98bcc18267502264e,Mercedes-Benz,MERCEDES BENZ E-Klasse T-Modell,MERCEDES BENZ E-Klasse T-Modell (1999),1999,2003,2001,9
img-86919b8762666c9773d1,Mercedes-Benz,MERCEDES BENZ E-Klasse T-Modell,MERCEDES BENZ E-Klasse T-Modell (1996),1996,1999,1997,10
img-e5a1cd8aeae89b299f3a,Mercedes-Benz,MERCEDES BENZ E-Klasse T-Modell,MERCEDES BENZ E-Klasse T-Modell (1993),1993,1995,1994,8
img-97752d1a8924503b2126,Mercedes-Benz,MERCEDES BENZ E-Klasse T-Modell,MERCEDES BENZ E-Klasse T-Modell (1986),1986,1993,1989,13
img-4c8c47f236a3c194008d,Mercedes-Benz,MERCEDES BENZ E-Klasse T-Modell,MERCEDES BENZ E-Klasse T-Modell (1978),1978,1986,1982,7
img-38173fbc32c95d12f2c7,Mercedes-Benz,MERCEDES BENZ E-Klasse T-Modell,MERCEDES BENZ E-Klasse T-Modell (1965),1965,1968,1966,4
img-f9f9513953b27286ece6,Mercedes-Benz,MERCEDES BENZ E-Klasse T-Modell AMG,MERCEDES BENZ E-Klasse T-Modell AMG (2013),2013,2017,2015,2
img-b92a070af1804320f64c,Mercedes-Benz,MERCEDES BENZ E-Klasse T-Modell AMG,MERCEDES BENZ E-Klasse T-Modell AMG (2009),2009,2012,2010,2
img-9212b2fd56637050a900,Mercedes-Benz,MERCEDES BENZ E-Klasse T-Modell AMG,MERCEDES BENZ E-Klasse T-Modell AMG (2006),2006,2009,2007,1
img-dcbb327bb745c071238a,Mercedes-Benz,MERCEDES BENZ E-Klasse T-Modell AMG,MERCEDES BENZ E-Klasse T-Modell AMG (2004),2004,2006,2005,1
img-dd09403502c92eb90fe3,Mercedes-Benz,MERCEDES BENZ EQA,MERCEDES BENZ EQA (2023),2023,,2024,4
img-67a0fefdffce6bbb244c,Mercedes-Benz,MERCEDES BENZ EQA,MERCEDES BENZ EQA (2021),2021,2023,2022,4
img-8757717e3c73ca213f06,Mercedes-Benz,MERCEDES BENZ EQB,MERCEDES BENZ EQB (2023),2023,,2024,1
img-f923990384e46aa91d99,Mercedes-Benz,MERCEDES BENZ EQB,MERCEDES BENZ EQB (2021),2021,2023,2022,2
img-6338f320af5b5faa90f7,Mercedes-Benz,MERCEDES BENZ EQC,MERCEDES BENZ EQC (2019),2019,2023,2021,1
img-653ffa8c88ba4f23b55d,Mercedes-Benz,MERCEDES BENZ EQE,MERCEDES BENZ EQE (2021),2021,,2023,1
img-d1e60a6c5d47513d3629,Mercedes-Benz,MERCEDES BENZ EQE SUV,MERCEDES BENZ EQE SUV (2022),2022,,2024,3
img-f72282a6049a7e476186,Mercedes-Benz,MERCEDES BENZ EQS,MERCEDES BENZ EQS (2024),2024,2026,2025,4
img-2d7a4ee00dec24749262,Mercedes-Benz,MERCEDES BENZ EQS,MERCEDES BENZ EQS (2021),2021,2024,2022,2
img-fa27559cf3d8083b94f3,Mercedes-Benz,MERCEDES BENZ EQS SUV,MERCEDES BENZ EQS SUV (2022),2022,,2024,3
img-953cf57f4f6c00d13dc0,Mercedes-Benz,MERCEDES BENZ EQS SUV Maybach,MERCEDES BENZ EQS SUV Maybach (2023),2023,,2024,1
img-cc461ee635f2dd4c572f,Mercedes-Benz,MERCEDES BENZ EQT,MERCEDES BENZ EQT (2023),2023,,2024,1
img-6b7b844aa023ffda8b35,Mercedes-Benz,MERCEDES BENZ EQV,MERCEDES BENZ EQV (2019),2019,2023,2021,1
img-49e604deada9dbc832e1,Mercedes-Benz,MERCEDES BENZ G-Klasse,MERCEDES BENZ G-Klasse (2024),2024,,2025,4
img-8a6a46c72a7ff9035016,Mercedes-Benz,MERCEDES BENZ G-Klasse,MERCEDES BENZ G-Klasse (2018),2018,2024,2021,3
img-9f792d7570b5fcd519cf,Mercedes-Benz,MERCEDES BENZ G-Klasse,MERCEDES BENZ G-Klasse (2016),2016,2018,2017,1
img-e9e49819eccd87ff0db8,Mercedes-Benz,MERCEDES BENZ G-Klasse,MERCEDES BENZ G-Klasse (2015),2015,2018,2016,1
img-0483685e04c964308ee0,Mercedes-Benz,MERCEDES BENZ G-Klasse,MERCEDES BENZ G-Klasse (2012),2012,2018,2015,4
img-872e4b68936dc9945177,Mercedes-Benz,MERCEDES BENZ G-Klasse,MERCEDES BENZ G-Klasse (2008),2008,2012,2010,2
img-61d5a9893517695b8055,Mercedes-Benz,MERCEDES BENZ G-Klasse,MERCEDES BENZ G-Klasse (2007),2007,2008,2007,2
img-e2f6f0fe42de8330fa1f,Mercedes-Benz,MERCEDES BENZ G-Klasse,MERCEDES BENZ G-Klasse (2000),2000,2007,2003,5
img-234359317b1c2d428d4a,Mercedes-Benz,MERCEDES BENZ G-Klasse,MERCEDES BENZ G-Klasse (1989),1989,2000,1994,9
img-68e30b9fc35421273422,Mercedes-Benz,MERCEDES BENZ G-Klasse,MERCEDES BENZ G-Klasse (1979),1979,2001,1990,11
img-f7dd71c7cea8acb5c4e3,Mercedes-Benz,MERCEDES BENZ G-Klasse,MERCEDES BENZ G-Klasse Cabriolet (2012),2012,2013,2012,1
img-3357507861d6542723aa,Mercedes-Benz,MERCEDES BENZ G-Klasse,MERCEDES BENZ G-Klasse Cabriolet (2007),2007,2012,2009,2
img-a2427a3bfac54e43b00b,Mercedes-Benz,MERCEDES BENZ G-Klasse,MERCEDES BENZ G-Klasse Cabriolet (2001),2001,2008,2004,4
img-d1bfb568c60477703843,Mercedes-Benz,MERCEDES BENZ G-Klasse,MERCEDES BENZ G-Klasse Cabriolet (1990),1990,2000,1995,10
img-866c98080074e9a2d31b,Mercedes-Benz,MERCEDES BENZ G-Klasse,MERCEDES BENZ G-Klasse Cabriolet (1979),1979,1992,1985,11
img-529bca64d3020fd0967b,Mercedes-Benz,MERCEDES BENZ G-Klasse AMG,MERCEDES BENZ G-Klasse AMG (2013),2013,2015,2014,1
img-5291eb854aaec83a5104,Mercedes-Benz,MERCEDES BENZ G-Klasse AMG,MERCEDES BENZ G-Klasse AMG (2012),2012,2018,2015,4
img-3c0c13518ee61f77a9fc,Mercedes-Benz,MERCEDES BENZ G-Klasse AMG,MERCEDES BENZ G-Klasse AMG (2008),2008,2012,2010,1
img-c00b84468bd8b7a4ac83,Mercedes-Benz,MERCEDES BENZ G-Klasse AMG,MERCEDES BENZ G-Klasse AMG (2006),2006,2008,2007,1
img-5c18ea678f203ecb2956,Mercedes-Benz,MERCEDES BENZ G-Klasse AMG,MERCEDES BENZ G-Klasse AMG (2004),2004,2006,2005,1
img-53e515f9dcc742bdcab1,Mercedes-Benz,MERCEDES BENZ G-Klasse AMG,MERCEDES BENZ G-Klasse AMG (1999),1999,2004,2001,1
img-c2332201f817a9acb86d,Mercedes-Benz,MERCEDES BENZ G-Klasse Kurz,MERCEDES BENZ G-Klasse Kurz (2000),2000,2012,2006,5
img-2d69f55a599da1689f4e,Mercedes-Benz,MERCEDES BENZ G-Klasse Kurz,MERCEDES BENZ G-Klasse Kurz (1990),1990,2000,1995,10
img-cac64b3af261f57b5f8a,Mercedes-Benz,MERCEDES BENZ G-Klasse Kurz,MERCEDES BENZ G-Klasse Kurz (1979),1979,2001,1990,11
img-8c3b482177144f518c09,Mercedes-Benz,MERCEDES BENZ GL-Klasse,MERCEDES BENZ GL-Klasse (2012),2012,2016,2014,4
img-ef98bd70e0a264a27664,Mercedes-Benz,MERCEDES BENZ GL-Klasse,MERCEDES BENZ GL-Klasse (2009),2009,2012,2010,5
img-3253bcd089d97b077130,Mercedes-Benz,MERCEDES BENZ GL-Klasse,MERCEDES BENZ GL-Klasse (2006),2006,2009,2007,7
img-252f323d5f5d7e46d8cf,Mercedes-Benz,MERCEDES BENZ GL-Klasse AMG,MERCEDES BENZ GL-Klasse AMG (2012),2012,2016,2014,1
img-6ef31ab796b1fe3e0790,Mercedes-Benz,MERCEDES BENZ GLA,MERCEDES BENZ GLA (2023),2023,,2024,9
img-d30e476d11a845607b59,Mercedes-Benz,MERCEDES BENZ GLA,MERCEDES BENZ GLA (2020),2020,2023,2021,7
img-91b0f9d426ec2f9245dc,Mercedes-Benz,MERCEDES BENZ GLA,MERCEDES BENZ GLA (2017),2017,2020,2018,15
img-384d3c9fab517a047138,Mercedes-Benz,MERCEDES BENZ GLA,MERCEDES BENZ GLA (2013),2013,2017,2015,11
img-bbafee10abd4881f3872,Mercedes-Benz,MERCEDES BENZ GLB,MERCEDES BENZ GLB (2025),2025,,2025,3
img-c5977bfe4eb92dc83a6b,Mercedes-Benz,MERCEDES BENZ GLB,MERCEDES BENZ GLB (2023),2023,2025,2024,8
img-dab4f039f998871c864a,Mercedes-Benz,MERCEDES BENZ GLB,MERCEDES BENZ GLB (2019),2019,2023,2021,5
img-47fdce54531e03993881,Mercedes-Benz,MERCEDES BENZ GLC Class,MERCEDES BENZ GLC Class Coupe (2023),2023,,2024,7
img-2f1e1578387975384062,Mercedes-Benz,MERCEDES BENZ GLC Class,MERCEDES BENZ GLC Class Coupe (2019),2019,2023,2021,5
img-81dc02577b7ae0dfbfac,Mercedes-Benz,MERCEDES BENZ GLC Class,MERCEDES BENZ GLC Class Coupe (2016),2016,2019,2017,6
img-aff6a6770bee77871ce1,Mercedes-Benz,MERCEDES BENZ GLC Class,MERCEDES BENZ GLC Class (2025),2025,,2025,1
img-f5b3fc32453d64fd5355,Mercedes-Benz,MERCEDES BENZ GLC Class,MERCEDES BENZ GLC Class (2022),2022,,2024,6
img-4b95a5317209e890a2fc,Mercedes-Benz,MERCEDES BENZ GLC Class,MERCEDES BENZ GLC Class (2019),2019,2022,2020,6
img-42f2209daf707192c6ce,Mercedes-Benz,MERCEDES BENZ GLC Class,MERCEDES BENZ GLC Class (2015),2015,2019,2017,6
img-71a1c2913332bc864e27,Mercedes-Benz,MERCEDES BENZ GLE-Class,MERCEDES BENZ GLE-Class (2026),2026,,2026,1
img-24e4de94991ffee0c2c2,Mercedes-Benz,MERCEDES BENZ GLE-Class,MERCEDES BENZ GLE-Class (2023),2023,2026,2024,5
img-9dd3b62bf6690f510c04,Mercedes-Benz,MERCEDES BENZ GLE-Class,MERCEDES BENZ GLE-Class (2018),2018,2023,2020,6
img-c79d968e7d59eb4ca9f3,Mercedes-Benz,MERCEDES BENZ GLE-Class,MERCEDES BENZ GLE-Class (2015),2015,2019,2017,6
img-2dd9d56775991140b6e9,Mercedes-Benz,MERCEDES BENZ GLE-Class,MERCEDES BENZ GLE-Class Coupe (2026),2026,,2026,4
img-1e2aec3e94a3e2804a73,Mercedes-Benz,MERCEDES BENZ GLE-Class,MERCEDES BENZ GLE-Class Coupe (2023),2023,2026,2024,5
img-cfad6c6679beae4abb12,Mercedes-Benz,MERCEDES BENZ GLE-Class,MERCEDES BENZ GLE-Class Coupe (2019),2019,2023,2021,2
img-7fbcb63b94a8cc58b421,Mercedes-Benz,MERCEDES BENZ GLE-Class,MERCEDES BENZ GLE-Class Coupe (2015),2015,2019,2017,3
img-7927aa56f49c055c3036,Mercedes-Benz,MERCEDES BENZ GLK-Klasse,MERCEDES BENZ GLK-Klasse (2012),2012,2016,2014,12
img-75cc1390670b77a45f48,Mercedes-Benz,MERCEDES BENZ GLK-Klasse,MERCEDES BENZ GLK-Klasse (2008),2008,2012,2010,18
img-1eb4bf12047cd6f06b24,Mercedes-Benz,MERCEDES BENZ GLS Maybach,MERCEDES BENZ GLS Maybach (2023),2023,,2024,1
img-b1459c33e340271b5f4e,Mercedes-Benz,MERCEDES BENZ GLS Maybach,MERCEDES BENZ GLS Maybach (2020),2020,2023,2021,1
img-3b93b49a946cf7809eff,Mercedes-Benz,MERCEDES BENZ GLS-Class,MERCEDES BENZ GLS-Class (2026),2026,,2026,4
img-2e0e844b5f249d475452,Mercedes-Benz,MERCEDES BENZ GLS-Class,MERCEDES BENZ GLS-Class (2023),2023,2026,2024,4
img-445786b527fd29aa96ba,Mercedes-Benz,MERCEDES BENZ GLS-Class,MERCEDES BENZ GLS-Class (2019),2019,2023,2021,4
img-3376420988563c4d970f,Mercedes-Benz,MERCEDES BENZ GLS-Class,MERCEDES BENZ GLS-Class (2016),2016,2019,2017,3
img-e19a95decdbdb08f8f8b,Mercedes-Benz,MERCEDES BENZ Laundalet,MERCEDES BENZ Laundalet (1965),1965,1981,1973,1
img-7284a327319fa7acd42d,Mercedes-Benz,MERCEDES BENZ Laundalet,MERCEDES BENZ Laundalet (1960),1960,1961,1960,1
img-83713ba17e6a18753631,Mercedes-Benz,MERCEDES BENZ M-Klasse,MERCEDES BENZ M-Klasse (2011),2011,2015,2013,5
img-07e157db6034eddb6a25,Mercedes-Benz,MERCEDES BENZ M-Klasse,MERCEDES BENZ M-Klasse (2008),2008,2011,2009,7
img-2090575b79405179b94a,Mercedes-Benz,MERCEDES BENZ M-Klasse,MERCEDES BENZ M-Klasse (2005),2005,2008,2006,7
img-4d86bfc377c2d19d68ab,Mercedes-Benz,MERCEDES BENZ M-Klasse,MERCEDES BENZ M-Klasse (2001),2001,2005,2003,5
img-798ade88ba61ff5fb491,Mercedes-Benz,MERCEDES BENZ M-Klasse,MERCEDES BENZ M-Klasse (1997),1997,2001,1999,4
img-33f44d0f31638aa29ea8,Mercedes-Benz,MERCEDES BENZ M-Klasse AMG,MERCEDES BENZ M-Klasse AMG (2011),2011,2015,2013,1
img-14c54fada4c5e4d58bdd,Mercedes-Benz,MERCEDES BENZ M-Klasse AMG,MERCEDES BENZ M-Klasse AMG (2008),2008,2011,2009,1
img-133e1b33f099e7a780d2,Mercedes-Benz,MERCEDES BENZ M-Klasse AMG,MERCEDES BENZ M-Klasse AMG (2005),2005,2007,2006,1
img-c169e586cc69cbf3a81b,Mercedes-Benz,MERCEDES BENZ M-Klasse AMG,MERCEDES BENZ M-Klasse AMG (2002),2002,2005,2003,1
img-c37627c8900f4f9916e7,Mercedes-Benz,MERCEDES BENZ M-Klasse AMG,MERCEDES BENZ M-Klasse AMG (1999),1999,2002,2000,1
img-8daf73659018871cf802,Mercedes-Benz,MERCEDES BENZ Maybach EQS SUV,MERCEDES BENZ Maybach EQS SUV (2023),2023,,2024,1
img-14da875aa362d480ffed,Mercedes-Benz,MERCEDES BENZ Pullman,MERCEDES BENZ Pullman (2018),2018,2020,2019,1
img-23116ad93791137ebbac,Mercedes-Benz,MERCEDES BENZ Pullman,MERCEDES BENZ Pullman (2015),2015,2018,2016,1
img-a965bc351fe2ead20f39,Mercedes-Benz,MERCEDES BENZ Pullman,MERCEDES BENZ Pullman (2001),2001,2002,2001,1
img-8a14f227b96086509f7c,Mercedes-Benz,MERCEDES BENZ Pullman,MERCEDES BENZ Pullman (1995),1995,2000,1997,3
img-30e54b77e43f06cdef9a,Mercedes-Benz,MERCEDES BENZ Pullman,MERCEDES BENZ Pullman (1967),1967,1981,1974,1
img-05a3803a2785ee6b6bea,Mercedes-Benz,MERCEDES BENZ Pullman,MERCEDES BENZ Pullman (1965),1965,1981,1973,2
img-e4be8f4490a6f3f97f7c,Mercedes-Benz,MERCEDES BENZ Pullman,MERCEDES BENZ Pullman (1964),1964,1981,1972,2
img-8cdde13c39efc6037c7b,Mercedes-Benz,MERCEDES BENZ Pullman,MERCEDES BENZ Pullman (1960),1960,1961,1960,1
img-8581f6759032d0fe4002,Mercedes-Benz,MERCEDES BENZ Pullman,MERCEDES BENZ Pullman (1938),1938,1943,1940,2
img-9eac129d774b767d7d4a,Mercedes-Benz,MERCEDES BENZ Pullman,MERCEDES BENZ Pullman (1937),1937,1941,1939,4
img-2dde5c426337eef16529,Mercedes-Benz,MERCEDES BENZ Pullman,MERCEDES BENZ Pullman (1934),1934,1936,1935,1
img-f5edaa49c486fe59f014,Mercedes-Benz,MERCEDES BENZ Pullman,MERCEDES BENZ Pullman (1933),1933,1937,1935,2
img-f561df191d9593850df0,Mercedes-Benz,MERCEDES BENZ Pullman,MERCEDES BENZ Pullman (1930),1930,1938,1934,2
img-f21425209e670e803be8,Mercedes-Benz,MERCEDES BENZ R-Klasse,MERCEDES BENZ R-Klasse (2010),2010,2013,2011,6
img-bef30bf3e30fea246a75,Mercedes-Benz,MERCEDES BENZ R-Klasse,MERCEDES BENZ R-Klasse (2005),2005,2010,2007,6
img-4ac23377919bfead6d7c,Mercedes-Benz,MERCEDES BENZ R-Klasse AMG,MERCEDES BENZ R-Klasse AMG (2006),2006,2008,2007,1
img-7f8d5d64cd93b5cb5078,Mercedes-Benz,MERCEDES BENZ R-Klasse Lang,MERCEDES BENZ R-Klasse Lang (2010),2010,2013,2011,2
img-855e9328bde8407b57a1,Mercedes-Benz,MERCEDES BENZ R-Klasse Lang,MERCEDES BENZ R-Klasse Lang (2005),2005,2010,2007,7
img-0158e21567cc399ca1ed,Mercedes-Benz,MERCEDES BENZ S-Class,MERCEDES BENZ S-Class Cabriolet (2017),2017,2020,2018,1
img-a5eba0188e1025d1b1a2,Mercedes-Benz,MERCEDES BENZ S-Class,MERCEDES BENZ S-Class Cabriolet (2016),2016,2017,2016,1
img-bcd0be3079c3b83e9ec2,Mercedes-Benz,MERCEDES BENZ S-Class,MERCEDES BENZ S-Class Cabriolet (1952),1952,1958,1955,2
img-ebfcd8578dbb9b41f33c,Mercedes-Benz,MERCEDES BENZ S-Class Coupe AMG,MERCEDES BENZ S-Class Coupe AMG (2014),2014,2017,2015,3
img-5940a6043b847fc4bef3,Mercedes-Benz,MERCEDES BENZ S-Class Maybach,MERCEDES BENZ S-Class Maybach (2023),2023,,2024,1
img-5f0d9483345d686ab451,Mercedes-Benz,MERCEDES BENZ S-Class Maybach,MERCEDES BENZ S-Class Maybach (2020),2020,2026,2023,2
img-27b3b16ba04052d78cb3,Mercedes-Benz,MERCEDES BENZ S-Class Maybach,MERCEDES BENZ S-Class Maybach (2018),2018,2020,2019,3
img-d3a70a8ef2d524dc20a8,Mercedes-Benz,MERCEDES BENZ S-Class Maybach,MERCEDES BENZ S-Class Maybach (2015),2015,2018,2016,3
img-05915423cb7558f05bab,Mercedes-Benz,MERCEDES BENZ S-Klasse,MERCEDES BENZ S-Klasse Coupe (2017),2017,2020,2018,1
img-efbb57f211a42b3783c9,Mercedes-Benz,MERCEDES BENZ S-Klasse,MERCEDES BENZ S-Klasse Coupe (2014),2014,2017,2015,3
img-a46a6da3781642493ea0,Mercedes-Benz,MERCEDES BENZ S-Klasse AMG,MERCEDES BENZ S-Klasse AMG (2013),2013,2017,2015,4
img-90d5482a0e22757f4f17,Mercedes-Benz,MERCEDES BENZ S-Klasse AMG,MERCEDES BENZ S-Klasse AMG (2010),2010,2013,2011,6
img-7a013c9c3237c8d6f196,Mercedes-Benz,MERCEDES BENZ S-Klasse AMG,MERCEDES BENZ S-Klasse AMG (2006),2006,2009,2007,3
img-6c9b244be9b55e2b274d,Mercedes-Benz,MERCEDES BENZ S-Klasse AMG,MERCEDES BENZ S-Klasse AMG (2004),2004,2006,2005,1
img-c3dd68b20dcb8fd76ffb,Mercedes-Benz,MERCEDES BENZ S-Klasse AMG,MERCEDES BENZ S-Klasse AMG (2002),2002,2005,2003,1
img-fd62b0c3c3f1446089c6,Mercedes-Benz,MERCEDES BENZ S-Klasse AMG,MERCEDES BENZ S-Klasse AMG (2001),2001,2001,2001,1
img-55897a2a3b2dcc3176f8,Mercedes-Benz,MERCEDES BENZ S-Klasse AMG,MERCEDES BENZ S-Klasse AMG (1999),1999,2002,2000,1
img-dc2e3405a9e1ea7d665b,Mercedes-Benz,MERCEDES BENZ S-Klasse and predecessors,MERCEDES BENZ S-Klasse and predecessors (2026),2026,,2026,11
img-a845a6f388a299fa5b60,Mercedes-Benz,MERCEDES BENZ S-Klasse and predecessors,MERCEDES BENZ S-Klasse and predecessors (2020),2020,2025,2022,9
img-d19cb292b9957059c418,Mercedes-Benz,MERCEDES BENZ S-Klasse and predecessors,MERCEDES BENZ S-Klasse and predecessors (2017),2017,2020,2018,16
img-74d59f291a1336634d88,Mercedes-Benz,MERCEDES BENZ S-Klasse and predecessors,MERCEDES BENZ S-Klasse and predecessors (2013),2013,2017,2015,14
img-dd7eec1db686d871749e,Mercedes-Benz,MERCEDES BENZ S-Klasse and predecessors,MERCEDES BENZ S-Klasse and predecessors (2009),2009,2013,2011,29
img-49a464b35405f5c5d0df,Mercedes-Benz,MERCEDES BENZ S-Klasse and predecessors,MERCEDES BENZ S-Klasse and predecessors (2005),2005,2009,2007,11
img-8ec4b54cff3a5743b57d,Mercedes-Benz,MERCEDES BENZ S-Klasse and predecessors,MERCEDES BENZ S-Klasse and predecessors (2002),2002,2005,2003,10
img-0f1e361ac615b4b2f032,Mercedes-Benz,MERCEDES BENZ S-Klasse and predecessors,MERCEDES BENZ S-Klasse and predecessors (1998),1998,2002,2000,10
img-a2243d624226d0b65447,Mercedes-Benz,MERCEDES BENZ S-Klasse and predecessors,MERCEDES BENZ S-Klasse and predecessors (1994),1994,1998,1996,11
img-15b02100260b5002bf1e,Mercedes-Benz,MERCEDES BENZ S-Klasse and predecessors,MERCEDES BENZ S-Klasse and predecessors (1991),1991,1994,1992,10
img-28ed65826bce815e68c7,Mercedes-Benz,MERCEDES BENZ S-Klasse and predecessors,MERCEDES BENZ S-Klasse and predecessors (1979),1979,1991,1985,16
img-6ae00c2c2ed31561be5c,Mercedes-Benz,MERCEDES BENZ S-Klasse and predecessors,MERCEDES BENZ S-Klasse and predecessors (1972),1972,1980,1976,9
img-566be2d5fadb2d58da67,Mercedes-Benz,MERCEDES BENZ S-Klasse and predecessors,MERCEDES BENZ S-Klasse and predecessors (1967),1967,1972,1969,1
img-6cbc253a0e1b3a9e7ada,Mercedes-Benz,MERCEDES BENZ S-Klasse and predecessors,MERCEDES BENZ S-Klasse and predecessors (1965),1965,1972,1968,13
img-fee8a2538eab911b0634,Mercedes-Benz,MERCEDES BENZ S-Klasse and predecessors,MERCEDES BENZ S-Klasse and predecessors (1964),1964,1981,1972,1
img-af0b945f7ae7ee2ff171,Mercedes-Benz,MERCEDES BENZ S-Klasse and predecessors,MERCEDES BENZ S-Klasse and predecessors (1959),1959,1968,1963,6
img-4a1080448662dcdbb604,Mercedes-Benz,MERCEDES BENZ S-Klasse and predecessors,MERCEDES BENZ S-Klasse and predecessors (1958),1958,1962,1960,1
img-e57a73a11d7599cb70d1,Mercedes-Benz,MERCEDES BENZ S-Klasse and predecessors,MERCEDES BENZ S-Klasse and predecessors (1957),1957,1962,1959,1
img-1daa11e77916baa76ef6,Mercedes-Benz,MERCEDES BENZ S-Klasse and predecessors,MERCEDES BENZ S-Klasse and predecessors (1954),1954,1959,1956,4
img-d801955f8082bde8ac83,Mercedes-Benz,MERCEDES BENZ S-Klasse and predecessors,MERCEDES BENZ S-Klasse and predecessors (1952),1952,1956,1954,3
img-b21ab690d1c5a3b444e3,Mercedes-Benz,MERCEDES BENZ S-Klasse and predecessors,MERCEDES BENZ S-Klasse and predecessors (1951),1951,1954,1952,5
img-833a558e2b2c78cd3dc8,Mercedes-Benz,MERCEDES BENZ SL AMG,MERCEDES BENZ SL AMG (2016),2016,2019,2017,2
img-95eb40f009362251a918,Mercedes-Benz,MERCEDES BENZ SL AMG,MERCEDES BENZ SL AMG (2012),2012,2016,2014,2
img-32ffa1a632b3bb4f7bf3,Mercedes-Benz,MERCEDES BENZ SL AMG,MERCEDES BENZ SL AMG (2008),2008,2011,2009,3
img-9232ffb22f9c94c9c13e,Mercedes-Benz,MERCEDES BENZ SL AMG,MERCEDES BENZ SL AMG (2006),2006,2008,2007,2
img-2073e5f8962bc3ce92ad,Mercedes-Benz,MERCEDES BENZ SL AMG,MERCEDES BENZ SL AMG (2004),2004,2006,2005,1
img-74e89a1d04f59e227284,Mercedes-Benz,MERCEDES BENZ SL AMG,MERCEDES BENZ SL AMG (2002),2002,2006,2004,2
img-c0626e895df148de193c,Mercedes-Benz,MERCEDES BENZ SL AMG,MERCEDES BENZ SL AMG (1999),1999,2001,2000,2
img-b9b338382626ff10a99c,Mercedes-Benz,MERCEDES BENZ SL Monogram Maybach,MERCEDES BENZ SL Monogram Maybach (2025),2025,,2025,1
img-4937f836857dc8b5afba,Mercedes-Benz,MERCEDES BENZ SL-Klasse,MERCEDES BENZ SL-Klasse (2016),2016,2020,2018,2
img-224aee145bed6b748df1,Mercedes-Benz,MERCEDES BENZ SL-Klasse,MERCEDES BENZ SL-Klasse (2012),2012,2016,2014,3
img-7a30fa8595ebe969c0fd,Mercedes-Benz,MERCEDES BENZ SL-Klasse,MERCEDES BENZ SL-Klasse (2008),2008,2011,2009,4
img-eca4ac01ec721d386624,Mercedes-Benz,MERCEDES BENZ SL-Klasse,MERCEDES BENZ SL-Klasse (2006),2006,2008,2007,3
img-bbf4d8e320333a074673,Mercedes-Benz,MERCEDES BENZ SL-Klasse,MERCEDES BENZ SL-Klasse (2001),2001,2006,2003,4
img-24640ebf04bee27277d4,Mercedes-Benz,MERCEDES BENZ SL-Klasse,MERCEDES BENZ SL-Klasse (1998),1998,2001,1999,4
img-25ee90e9972c3d7bdb8b,Mercedes-Benz,MERCEDES BENZ SL-Klasse,MERCEDES BENZ SL-Klasse (1995),1995,1998,1996,4
img-d6092a9a8859e313b025,Mercedes-Benz,MERCEDES BENZ SL-Klasse,MERCEDES BENZ SL-Klasse (1989),1989,1995,1992,4
img-f41909108ab27976216d,Mercedes-Benz,MERCEDES BENZ SL-Klasse,MERCEDES BENZ SL-Klasse (1971),1971,1989,1980,9
img-d3488cb1995ca2def24b,Mercedes-Benz,MERCEDES BENZ SL-Klasse,MERCEDES BENZ SL-Klasse (1963),1963,1971,1967,5
img-7a00f8ae82a817310fdb,Mercedes-Benz,MERCEDES BENZ SL-Klasse,MERCEDES BENZ SL-Klasse (1958),1958,1963,1960,1
img-67cef67dbcc55d50c789,Mercedes-Benz,MERCEDES BENZ SL-Klasse,MERCEDES BENZ SL-Klasse (1957),1957,1963,1960,1
img-1f7360521073f3e9f800,Mercedes-Benz,MERCEDES BENZ SL-Klasse,MERCEDES BENZ SL-Klasse (1954),1954,1957,1955,1
img-b144649c0387737f9b47,Mercedes-Benz,MERCEDES BENZ SLC-Class,MERCEDES BENZ SLC-Class (2016),2016,2020,2018,6
img-5f433bcd9b8aed25ba4e,Mercedes-Benz,MERCEDES BENZ SLK AMG,MERCEDES BENZ SLK AMG (2012),2012,2016,2014,1
img-f77eae3160ddb21996c3,Mercedes-Benz,MERCEDES BENZ SLK AMG,MERCEDES BENZ SLK AMG (2008),2008,2011,2009,1
img-afb7afaee97731ebeed6,Mercedes-Benz,MERCEDES BENZ SLK AMG,MERCEDES BENZ SLK AMG (2006),2006,2008,2007,1
img-92f83948e9cae14eb292,Mercedes-Benz,MERCEDES BENZ SLK AMG,MERCEDES BENZ SLK AMG (2004),2004,2008,2006,1
img-5975e1da3ed90f3f746d,Mercedes-Benz,MERCEDES BENZ SLK AMG,MERCEDES BENZ SLK AMG (2000),2000,2004,2002,1
img-6a3d599ee15cae98f3ab,Mercedes-Benz,MERCEDES BENZ SLK-Klasse,MERCEDES BENZ SLK-Klasse (2011),2011,2016,2013,7
img-d048480faec307a1e97b,Mercedes-Benz,MERCEDES BENZ SLK-Klasse,MERCEDES BENZ SLK-Klasse (2008),2008,2011,2009,8
img-2c6fed7fe71ae6292b5f,Mercedes-Benz,MERCEDES BENZ SLK-Klasse,MERCEDES BENZ SLK-Klasse (2000),2000,2004,2002,4
img-8a530f0ead2157aa5211,Mercedes-Benz,MERCEDES BENZ SLK-Klasse,MERCEDES BENZ SLK-Klasse (1996),1996,2000,1998,3
img-9f6b387af10aa9fa59d6,Mercedes-Benz,MERCEDES BENZ SLK-Klasse,MERCEDES BENZ SLK-Klasse (1955),1955,1963,1959,2
img-d41be6328e165277acd9,Mercedes-Benz,MERCEDES BENZ SLR McLaren,MERCEDES BENZ SLR McLaren (2009),2009,2009,2009,1
img-0dc816611c8769e25ff9,Mercedes-Benz,MERCEDES BENZ SLR McLaren,MERCEDES BENZ SLR McLaren (2007),2007,2009,2008,1
img-a606fa5952ac67d10a6d,Mercedes-Benz,MERCEDES BENZ SLR McLaren,MERCEDES BENZ SLR McLaren (2006),2006,2007,2006,1
img-ce29a14b9eafebffcdc3,Mercedes-Benz,MERCEDES BENZ SLR McLaren,MERCEDES BENZ SLR McLaren (2003),2003,2007,2005,1
img-7de95a9c832c0ec37a2f,Mercedes-Benz,MERCEDES BENZ SLS AMG,MERCEDES BENZ SLS AMG (2013),2013,2014,2013,1
img-03727a2cf34e06d87889,Mercedes-Benz,MERCEDES BENZ SLS AMG,MERCEDES BENZ SLS AMG (2012),2012,2014,2013,2
img-60591da6956bf11bc3da,Mercedes-Benz,MERCEDES BENZ SLS AMG,MERCEDES BENZ SLS AMG (2011),2011,2014,2012,1
img-73a5b89a86cc392d6a54,Mercedes-Benz,MERCEDES BENZ SLS AMG,MERCEDES BENZ SLS AMG (2010),2010,2015,2012,3
img-0dcc2a882fcca72fe96a,Mercedes-Benz,MERCEDES BENZ T-Class,MERCEDES BENZ T-Class (2022),2022,,2024,7
img-f75523a304174b1aba6e,Mercedes-Benz,MERCEDES BENZ V-Class and predecessors,MERCEDES BENZ V-Class and predecessors (2019),2019,2023,2021,6
img-17c0ee58f634f3d0b07a,Mercedes-Benz,MERCEDES BENZ V-Class and predecessors,MERCEDES BENZ V-Class and predecessors (2014),2014,2019,2016,5
img-216ad30d143935900144,Mercedes-Benz,MERCEDES BENZ V-Class and predecessors,MERCEDES BENZ V-Class and predecessors (1996),1996,2003,1999,5
img-d20f4bc75b78b84b781b,Mercedes-Benz,MERCEDES BENZ VANEO,MERCEDES BENZ VANEO (2002),2002,2006,2004,5
img-e2695fc0ce3bad6b0e93,Mercedes-Benz,MERCEDES BENZ VIANO,MERCEDES BENZ VIANO (2010),2010,2014,2012,7
img-2e7c6579f120fad23f2c,Mercedes-Benz,MERCEDES BENZ VIANO,MERCEDES BENZ VIANO (2003),2003,2010,2006,4
img-bc0f461ee3e1bb858a68,Mercedes-Benz,MERCEDES BENZ Vito,MERCEDES BENZ Vito (2020),2020,,2023,1
img-81fe22417eb9d011c72d,Mercedes-Benz,MERCEDES BENZ VLE,MERCEDES BENZ VLE (2026),2026,,2026,2
img-4f6c3b970ffa51ea5973,Mercedes-Benz,MERCEDES BENZ X-Class,MERCEDES BENZ X-Class (2017),2017,2020,2018,7
img-4360f84554639208df9d,Mercury,Cougar,Cougar (1998),1998,2002,2000,2
img-b89c3bb3ff634d817dd1,Mercury,Grand Marquis,Grand Marquis (2008),2008,2011,2009,1
img-81bc23ff9dd0c226387f,Mercury,Grand Marquis,Grand Marquis (2002),2002,2007,2004,1
img-0ebc08ec8c28d5204720,Mercury,Marauder,Marauder (2003),2003,2004,2003,1
img-704f0e414350664f59c0,Mercury,Mariner,Mariner (2008),2008,2011,2009,6
img-ef17fd82bd812be5b3f9,Mercury,Mariner,Mariner (2007),2007,2008,2007,3
img-60a7810422f0caf17f1d,Mercury,Mariner,Mariner (2004),2004,2007,2005,4
img-e6f1a93991ba94d49ae7,Mercury,Milan,Milan (2009),2009,2011,2010,6
img-8b3b64d2773ece941077,Mercury,Milan,Milan (2005),2005,2008,2006,2
img-27b6f0d79fe754513db4,Mercury,Montego,Montego (2004),2004,2007,2005,1
img-88a1793a573dc1a4ee01,Mercury,Monterey,Monterey (2004),2004,2006,2005,1
img-31a1b30901a933dbd5d9,Mercury,Mountaineer,Mountaineer (2006),2006,2010,2008,2
img-b32317b585d491c49e03,Mercury,Sable,Sable (2007),2007,2009,2008,1
img-9a6b902c37b2f9f440c8,Mercury,Villager,Villager (1998),1998,2002,2000,1
img-6be73d8c30b94acb97be,Mercury,Villager,Villager (1992),1992,1998,1995,1
img-5f37fd22df42d50a0114,MG,F/ TF,F/ TF (2002),2002,2005,2003,4
img-ce015a7a1b20606ce387,MG,F/ TF,F/ TF (1995),1995,2001,1998,3
img-be1d2db36ad47bbea8a5,MG,GS,GS (2015),2015,2019,2017,2
img-73717099d2ca70dc9c84,MG,HS,HS (2019),2019,2024,2021,2
img-bd02070a5f1a21fb2264,MG,IM5,IM5 (2025),2025,,2025,3
img-5aed392032824c73e607,MG,IM6,IM6 (2025),2025,,2025,2
img-a550830077bc1c5d27f7,MG,Marvel R,Marvel R (2021),2021,,2023,2
img-73456136c76dd5c47396,MG,MG 3,MG 3 (2024),2024,,2025,1
img-9a6ee616d09ee5630855,MG,MG 3,MG 3 (2013),2013,2018,2015,5
img-0e1e67f78014770bb954,MG,MG 4,MG 4 (2023),2023,,2024,1
img-74e50ae461d013b1942c,MG,MG 4,MG 4 (2022),2022,,2024,2
img-6095b358d4b3f09a6604,MG,MG 5,MG 5 (2021),2021,,2023,2
img-591a0d1cabd0278404ca,MG,MG 6,MG 6 (2011),2011,2016,2013,4
img-c995d34f31c9a7447304,MG,S5 EV,S5 EV (2025),2025,,2025,3
img-4d0b0af35db2e336285d,MG,U9,U9 (2025),2025,,2025,1
img-de55446336aed87541fd,MG,XPower,XPower (2004),2004,2005,2004,2
img-8e359d7c69c78c0ce761,MG,ZR,ZR 3 Doors (2004),2004,2005,2004,4
img-c8bf1aa3a214637012d4,MG,ZR,ZR 3 Doors (2001),2001,2004,2002,6
img-841ca18aa8a69a945040,MG,ZR,ZR 5 Doors (2004),2004,2005,2004,3
img-2953967ff92a65e061cd,MG,ZR,ZR 5 Doors (2001),2001,2004,2002,4
img-6c1f91aa6d4ea55ef35f,MG,ZS,ZS (2021),2021,,2023,2
img-1c588a0f79247a838a64,MG,ZS,ZS (2017),2017,2021,2019,2
img-75a94a903953de580b13,MG,ZS,ZS Hatchback (2004),2004,2005,2004,3
img-744f30cf562a271ad5fe,MG,ZS,ZS Hatchback (2002),2002,2004,2003,4
img-dd1048df1c5ef70f93dd,MG,ZS,ZS Sedan (2004),2004,2005,2004,3
img-7b7e7bb33a2bc035f011,MG,ZS,ZS Sedan (2001),2001,2004,2002,4
img-33f3c65dc53edbe05485,MG,ZT,ZT (2004),2004,2005,2004,5
img-b44eca97e7879282c36b,MG,ZT,ZT (2001),2001,2004,2002,8
img-c55616381535692a6122,MG,ZT-T,ZT-T (2004),2004,2005,2004,5
img-e0ec907786e6e4f7f06b,MG,ZT-T,ZT-T (2001),2001,2004,2002,4
img-f58b0d0754afa664701e,MINI,Aceman,Aceman (2024),2024,,2025,2
img-bcc9452e51e9973ae434,MINI,Classic,Classic (2024),2024,,2025,2
img-3ac9dda5eb52a41fc1eb,MINI,Classic,Classic (2021),2021,2024,2022,2
img-d28a054c33aaaa46f604,MINI,Classic,Classic (1997),1997,2000,1998,1
img-156323f2f2cc9cccf3e7,MINI,Clubman,Clubman (2019),2019,2023,2021,11
img-bde238a9b0e73c8f8c1e,MINI,Clubman,Clubman (2015),2015,2019,2017,15
img-a17b4fa7aa68a68107e9,MINI,Clubman,Clubman (2007),2007,2015,2011,18
img-3538f0f92e1b3681959a,MINI,Clubvan,Clubvan (2012),2012,2014,2013,3
img-cc6ce68cdb4eed50220a,MINI,Convertible,Convertible (2022),2022,,2024,1
img-32b2c3cbf0b6c2ba3c30,MINI,Convertible,Convertible (2021),2021,,2023,5
img-d1977982c52986b0926a,MINI,Convertible,Convertible (2018),2018,2021,2019,5
img-7497dee69be70bffc104,MINI,Convertible,Convertible (2015),2015,2018,2016,8
img-34fe9836e2e59651f07e,MINI,Convertible,Convertible (2009),2009,2015,2012,13
img-03cb79f19e352532ec79,MINI,Convertible,Convertible (2004),2004,2009,2006,5
img-6d6a0ac05d70312b7286,MINI,Countryman,Countryman (2023),2023,,2024,3
img-872f20b7ac36f9cf0919,MINI,Countryman,Countryman (2020),2020,2023,2021,15
img-25e4617c8dbbddf3faf4,MINI,Countryman,Countryman (2016),2016,2020,2018,18
img-14073f79dfdfd154a179,MINI,Countryman,Countryman (2014),2014,2016,2015,21
img-06109a8d6fe0f56027f6,MINI,Countryman,Countryman (2010),2010,2014,2012,19
img-6986070e3fed113cd354,MINI,Coupe,Coupe (2011),2011,2015,2013,8
img-a96f5df2add8cfe4a882,MINI,Hatch,Hatch (2023),2023,,2024,1
img-1a21e72ba1ba16ad0ed9,MINI,Hatch,Hatch (2021),2021,,2023,6
img-7c431b522f74ede42326,MINI,Hatch,Hatch (2019),2019,,2022,1
img-b0dcb2f4a5bc32150b5c,MINI,Hatch,Hatch (2018),2018,2021,2019,26
img-b2f0719fa32b2db55147,MINI,Hatch,Hatch (2014),2014,2018,2016,24
img-092e4d30a6f2e70b5d81,MINI,Hatch,Hatch (2006),2006,2014,2010,8
img-5982cd0dfade29bd9dbb,MINI,Hatch,Hatch (2001),2001,2006,2003,6
img-55cbf3a184d2b59f3a1e,MINI,Hatch,Hatch (1997),1997,2000,1998,2
img-c01454f2a5347be4fb3a,MINI,Paceman,Paceman (2013),2013,2016,2014,16
img-a0102451a9ed3cd40817,MINI,Roadster,Roadster (2011),2011,2015,2013,7
img-32fbca55559074a1f979,Mitsubishi,3000 GT,3000 GT (1994),1994,1999,1996,4
img-ecd99ae29a699e69309f,Mitsubishi,3000 GT,3000 GT (1990),1990,1994,1992,6
img-f8a27172c37b0fee4935,Mitsubishi,ASX / RVR / Outlander Sport,ASX / RVR / Outlander Sport (2023),2023,,2024,5
img-c698aa6db91b9734e2ca,Mitsubishi,ASX / RVR / Outlander Sport,ASX / RVR / Outlander Sport (2019),2019,2023,2021,2
img-eb86db04527821f12377,Mitsubishi,ASX / RVR / Outlander Sport,ASX / RVR / Outlander Sport (2016),2016,2019,2017,4
img-90c627483b1834dd0605,Mitsubishi,ASX / RVR / Outlander Sport,ASX / RVR / Outlander Sport (2012),2012,2016,2014,6
img-ea9e060cfeb9e6fa2a84,Mitsubishi,ASX / RVR / Outlander Sport,ASX / RVR / Outlander Sport (2010),2010,2012,2011,10
img-be843979f20774f29e9c,Mitsubishi,Attrage,Attrage (2013),2013,2024,2018,2
img-6c85f5b0d0cc05308940,Mitsubishi,Carisma,Carisma Sedan (1995),1995,2004,1999,5
img-c4121e53f4d23c41fcd1,Mitsubishi,Colt,Colt 5 Doors (2023),2023,,2024,3
img-b120c01a3c02bfba6de1,Mitsubishi,Colt,Colt 5 Doors (2008),2008,2012,2010,6
img-0373bb8a8906af61639d,Mitsubishi,Colt,Colt 5 Doors (2004),2004,2008,2006,6
img-e438bc57a488bc7ba3e5,Mitsubishi,Colt,Colt 3 Doors (2008),2008,2012,2010,5
img-7e153c9199b5fb49fba7,Mitsubishi,Colt,Colt 3 Doors (2005),2005,2008,2006,2
img-a0779cd1987fb26c403c,Mitsubishi,Colt,Colt 3 Doors (2004),2004,2008,2006,6
img-1b543bbb5416546c23ac,Mitsubishi,Colt,Colt 3 Doors (1996),1996,2004,2000,4
img-5237b5b815bcab33d07d,Mitsubishi,Colt,Colt 3 Doors (1992),1992,1996,1994,4
img-8ec6076ac74ba4f32449,Mitsubishi,Colt,Colt 3 Doors (1988),1988,1992,1990,8
img-9b95a627283ab0c3f10d,Mitsubishi,Colt CZC,Colt CZC (2006),2006,2012,2009,2
img-bb3d63aacc837388b049,Mitsubishi,Eclipse,Eclipse (2009),2009,2012,2010,4
img-430121c4a17b36d1f6aa,Mitsubishi,Eclipse,Eclipse (2005),2005,2009,2007,2
img-557b1a4a424408dd815a,Mitsubishi,Eclipse,Eclipse (2000),2000,2005,2002,3
img-9654b50a0bfdd233db1b,Mitsubishi,Eclipse,Eclipse (1995),1995,1999,1997,2
img-6c64903d3c0407f01300,Mitsubishi,Eclipse,Eclipse (1989),1989,1994,1991,6
img-b85af5a241fe34e7c29e,Mitsubishi,Eclipse,Eclipse Spyder (2009),2009,2012,2010,2
img-c009ef20d8db8a6de38c,Mitsubishi,Eclipse,Eclipse Spyder (2006),2006,2009,2007,2
img-6ae80cd1aae090798cf5,Mitsubishi,Eclipse,Eclipse Spyder (2000),2000,2005,2002,3
img-5bcc03450a78bb4439cd,Mitsubishi,Eclipse Cross,Eclipse Cross (2025),2025,,2025,1
img-74e1337db3e2bebb259e,Mitsubishi,Eclipse Cross,Eclipse Cross (2021),2021,2025,2023,1
img-03aa72c212a5bd1c60d0,Mitsubishi,Eclipse Cross,Eclipse Cross (2017),2017,2021,2019,3
img-ea23ac16747bf228a442,Mitsubishi,Endeavor,Endeavor (2008),2008,2011,2009,1
img-fc8cdfa464551a1c35c9,Mitsubishi,Endeavor,Endeavor (2002),2002,2007,2004,2
img-3685bd8e5a4293ae057f,Mitsubishi,Galant,Galant (2008),2008,2012,2010,1
img-089ec02a138641b00f87,Mitsubishi,Galant,Galant (2004),2004,2008,2006,2
img-edc1f1ca178afc69f6e2,Mitsubishi,Galant,Galant (1997),1997,2004,2000,8
img-e6744509e4c456aa5cfe,Mitsubishi,Galant,Galant (1993),1993,1997,1995,8
img-899a89e603ac4c0bbefd,Mitsubishi,Galant,Galant (1988),1988,1993,1990,5
img-d911159a431b4e9cb5d8,Mitsubishi,Galant Station,Galant Station Wagon (1997),1997,2001,1999,7
img-b83ad62dba07157ffb00,Mitsubishi,Grandis,Grandis (2005),2005,2011,2008,2
img-ed49737f0dc50171a45e,Mitsubishi,i-MiEV,i-MiEV (2009),2009,2021,2015,1
img-2470582c9bcf6bf95495,Mitsubishi,L 200,L 200 (2015),2015,2019,2017,5
img-5cc346ea3a8098daa402,Mitsubishi,L 200,L 200 (2005),2005,2015,2010,9
img-0b2401d90f003247a93f,Mitsubishi,L 200,L 200 (1995),1995,2005,2000,16
img-6d5b512b965a24b30ea8,Mitsubishi,L300,L300 (1986),1986,1994,1990,3
img-1df4eaa0962adf45f328,Mitsubishi,Lancer,Lancer (2016),2016,2017,2016,3
img-533513fec26a9fbd8e5c,Mitsubishi,Lancer,Lancer (2008),2008,2011,2009,1
img-75003e028c63bdd13727,Mitsubishi,Lancer,Lancer (2007),2007,2015,2011,9
img-f33e4d0981a12d1a928b,Mitsubishi,Lancer,Lancer (2003),2003,2007,2005,11
img-c2d23f90b35e547d0865,Mitsubishi,Lancer,Lancer (2000),2000,2003,2001,7
img-69849973acab18861e95,Mitsubishi,Lancer,Lancer (1994),1994,1996,1995,4
img-2399e8fe2f4698fc153c,Mitsubishi,Lancer,Lancer (1988),1988,1993,1990,5
img-7c4890cb2b8ae05cc647,Mitsubishi,Lancer,Lancer Hatchback (2008),2008,2017,2012,5
img-6e776e32b5af6d6fff6d,Mitsubishi,Lancer,Lancer Hatchback (1988),1988,1993,1990,5
img-bb324fdebe14b3462925,Mitsubishi,Lancer Combi,Lancer Combi (2003),2003,2006,2004,3
img-055a42dc971855d28354,Mitsubishi,Lancer Combi,Lancer Combi (1992),1992,2001,1996,2
img-0233055917aa62c9420a,Mitsubishi,Lancer Combi,Lancer Combi (1989),1989,1992,1990,2
img-02eaf9df00c2786a7a79,Mitsubishi,Lancer Evolution,Lancer Evolution (2007),2007,2016,2011,2
img-aba657c5bcbc431fdbe6,Mitsubishi,Lancer Evolution,Lancer Evolution (2005),2005,2007,2006,1
img-4dc1e2a860574fee63d9,Mitsubishi,Lancer Evolution,Lancer Evolution (2003),2003,2005,2004,2
img-3b8e88d00dc42964f5a2,Mitsubishi,Lancer Evolution,Lancer Evolution (2000),2000,2003,2001,1
img-9981899032449dd8f544,Mitsubishi,Lancer Evolution,Lancer Evolution (1999),1999,2000,1999,1
img-dc98f78c8679df78b841,Mitsubishi,Lancer Evolution,Lancer Evolution (1998),1998,1999,1998,1
img-eccaf2d8213332397bf1,Mitsubishi,Lancer Evolution,Lancer Evolution (1996),1996,1998,1997,1
img-e005f45328aabdcf0e09,Mitsubishi,Lancer Evolution,Lancer Evolution (1995),1995,1996,1995,1
img-eff9fac999fff9011218,Mitsubishi,Lancer Evolution,Lancer Evolution (1994),1994,1995,1994,1
img-0f6414773f3c643b0f97,Mitsubishi,Lancer Evolution,Lancer Evolution (1992),1992,1994,1993,1
img-220ee192342286be87f4,Mitsubishi,Mirage,Mirage (2019),2019,2024,2021,2
img-aee4d2632a6689b89129,Mitsubishi,Mirage,Mirage (2016),2016,2019,2017,2
img-2ffc550cc9b4be95608d,Mitsubishi,Mirage,Mirage (2012),2012,2016,2014,3
img-fb8e7f370ad5c90e5b97,Mitsubishi,Mirage G4,Mirage G4 (2016),2016,2019,2017,2
img-346d9d8e73cb1d2a0ced,Mitsubishi,Mirage G4,Mirage G4 (2013),2013,2016,2014,2
img-36a3df9116f97d35592a,Mitsubishi,Outlander / Airtrek,Outlander / Airtrek (2021),2021,,2023,2
img-93c26588ce6d99a4ab48,Mitsubishi,Outlander / Airtrek,Outlander / Airtrek (2016),2016,2021,2018,6
img-89cc4d4dfe4239828b95,Mitsubishi,Outlander / Airtrek,Outlander / Airtrek (2012),2012,2016,2014,9
img-8998768d9efe1b045c48,Mitsubishi,Outlander / Airtrek,Outlander / Airtrek (2007),2007,2011,2009,3
img-50195352ed1134b65df0,Mitsubishi,Outlander / Airtrek,Outlander / Airtrek (2003),2003,2007,2005,3
img-f5e4022b2f22f03caa10,Mitsubishi,Pajero,Pajero 3 Doors (2006),2006,2009,2007,4
img-ea15448b05ad7ceea789,Mitsubishi,Pajero,Pajero 3 Doors (2003),2003,2006,2004,3
img-35f4a82864a7cb5da499,Mitsubishi,Pajero,Pajero 3 Doors (2000),2000,2003,2001,3
img-548977cfa4dd82d93b0a,Mitsubishi,Pajero,Pajero 3 Doors (1992),1992,1997,1994,3
img-bb033b912f831a172d09,Mitsubishi,Pajero,Pajero 3 Doors (1982),1982,1991,1986,3
img-0f64ea8515edf07d2df2,Mitsubishi,Pajero,Pajero 5 Doors (2006),2006,2009,2007,4
img-b974177e065e69f702c5,Mitsubishi,Pajero,Pajero 5 Doors (2004),2004,2008,2006,2
img-b5c6cd0440e0bbc02dec,Mitsubishi,Pajero,Pajero 5 Doors (2003),2003,2006,2004,2
img-c77c7d5134629c540a31,Mitsubishi,Pajero,Pajero 5 Doors (2000),2000,2003,2001,2
img-8e8ef3331e1f5d98b80b,Mitsubishi,Pajero,Pajero 5 Doors (1992),1992,1997,1994,4
img-5e7f4b4c8b2bc04ebdeb,Mitsubishi,Pajero,Pajero 5 Doors (1986),1986,1990,1988,1
img-a25a2db3fe9258f63223,Mitsubishi,Pajero,Pajero 5 Doors (1983),1983,1991,1987,3
img-dd299fddaa0a58b23eee,Mitsubishi,Pajero Pinin / Shogun Pinin / Montero iO,Pajero Pinin / Shogun Pinin / Montero iO (2001),2001,2005,2003,2
img-96eaeab169cdc2e4c18b,Mitsubishi,Pajero Pinin / Shogun Pinin / Montero iO,Pajero Pinin / Shogun Pinin / Montero iO (1998),1998,2007,2002,2
img-a29f2ecc2a337ca301db,Mitsubishi,Raider,Raider Crew Cab (2005),2005,2009,2007,2
img-17070e44c002d22fff60,Mitsubishi,Raider,Raider Double Cab (2005),2005,2009,2007,2
img-8a775c1b83a0daa8a19d,Mitsubishi,Sigma,Sigma (1991),1991,1996,1993,4
img-dbd740b97e17c958eea6,Mitsubishi,Space Runner,Space Runner (1991),1991,1999,1995,3
img-f74118462c80def1e905,Mitsubishi,Space Star,Space Star (2013),2013,2017,2015,4
img-c3badc1b9836e12b2ff9,Mitsubishi,Space Star,Space Star (2002),2002,2006,2004,5
img-9357057944aed7e6e0ae,Mitsubishi,Starion,Starion (1982),1982,1991,1986,3
img-e04b726af77ea9c7b577,Morgan,3 wheeler,3 wheeler (2011),2011,2021,2016,2
img-ab868ebaa7ffa3b162db,Morgan,4/4 2 Seater,4/4 2 Seater (2008),2008,,2017,1
img-c2984bb7063384c44573,Morgan,4/4 4 Seater,4/4 4 Seater (2006),2006,2011,2008,1
img-a335b5c6550cbe3ec8ac,Morgan,Aero,Aero Coupe (2012),2012,2016,2014,1
img-eff6ea1fa62a66962e91,Morgan,Aero 8,Aero 8 (2015),2015,2018,2016,2
img-15527b5f9a0589ad12a2,Morgan,Aero 8,Aero 8 (2008),2008,2009,2008,1
img-3367daacd266c43efd0f,Morgan,Aero 8,Aero 8 (2004),2004,2008,2006,1
img-f550d8ec26427d993763,Morgan,Aero 8,Aero 8 (2001),2001,2004,2002,1
img-244b3da4148a144e714c,Morgan,Aero SuperSports,Aero SuperSports (2009),2009,2016,2012,1
img-0586347cf28d2e083733,Morgan,AeroMax,AeroMax (2005),2005,2011,2008,1
img-3af5e9fa994de85b5b83,Morgan,Plus 4,Plus 4 (2022),2022,,2024,1
img-ea1d0efdb624908c8e72,Morgan,Plus 4,Plus 4 (2020),2020,2022,2021,2
img-afc8d9f3a269d91301d9,Morgan,Plus 4,Plus 4 (2006),2006,2020,2013,1
img-e15e48d6bb2de66a63ee,Morgan,Plus 4,Plus 4 (2005),2005,2020,2012,1
img-e1db0a9df590f909dec7,Morgan,Plus 8,Plus 8 (2012),2012,2018,2015,1
img-a837c1059b243b18f1c4,Morgan,Plus Six,Plus Six (2022),2022,,2024,1
img-11871937c53961ba20b0,Morgan,Plus Six,Plus Six (2019),2019,2022,2020,1
img-cec32839ddbb914390b8,Morgan,Roadster,Roadster (2006),2006,2019,2012,1
img-2d76f6a7cb51b6620183,Morgan,Roadster,Roadster (2004),2004,2019,2011,2
img-29332a3fb4344114ee1d,NIO,EC6,EC6 (2020),2020,,2023,4
img-c77dba5f0fe06d691389,NIO,EP9,EP9 (2016),2016,2019,2017,1
img-9945b14ea2e3df705af0,NIO,ES6,ES6 (2018),2018,2023,2020,6
img-5fefae146fa2552922cd,NIO,ES8,ES8 (2018),2018,2020,2019,3
img-c64424bf5e12f4314af7,NIO,ET7,ET7 (2020),2020,,2023,3
img-84b9415aa790be46abf1,Nissan,100 NX,100 NX (1991),1991,1996,1993,5
img-d8744a0a1208a0527fa1,Nissan,200 SX,200 SX (1994),1994,2000,1997,2
img-d699611317419cb04a97,Nissan,200 SX,200 SX (1989),1989,1994,1991,4
img-3a3d91f3c806e22904c4,Nissan,300 ZX,300 ZX (1990),1990,1996,1993,2
img-4dbcbaf15c2614d57fb7,Nissan,300 ZX,300 ZX (1984),1984,1989,1986,3
img-c665adacc025ba736f27,Nissan,350Z,350Z (2006),2006,2008,2007,2
img-6bf1d66064cf5e5fa6cc,Nissan,350Z,350Z (2002),2002,2005,2003,2
img-ebb7f5ed13d4b78f7e7f,Nissan,350Z,350Z Roadster (2008),2008,2009,2008,1
img-232c68a60ea7af95c022,Nissan,350Z,350Z Roadster (2005),2005,2007,2006,3
img-46d4e890cd1b783843e8,Nissan,370Z,370Z (2012),2012,2020,2016,2
img-9a6d4123bce659a0a346,Nissan,370Z,370Z (2008),2008,2012,2010,4
img-bbf0d6322ece7c9b608c,Nissan,370Z,370Z Roadster (2012),2012,2020,2016,2
img-184d0ae7e90b66f01067,Nissan,370Z,370Z Roadster (2009),2009,2012,2010,2
img-49b2d87522f1057a7a31,Nissan,370Z Nismo,370Z Nismo (2014),2014,2021,2017,2
img-5e1312728deb8ccdd0ed,Nissan,370Z Nismo,370Z Nismo (2013),2013,2014,2013,1
img-8e342aa7bf5b723a1d97,Nissan,370Z Nismo,370Z Nismo (2009),2009,2012,2010,1
img-f98053ec4b433496041e,Nissan,Almera / Pulsar,Almera / Pulsar 3 Doors (2002),2002,2007,2004,7
img-56a48b9738a70fdb1ddd,Nissan,Almera / Pulsar,Almera / Pulsar 3 Doors (2000),2000,2002,2001,4
img-e1941dc7685b67262ddb,Nissan,Almera / Pulsar,Almera / Pulsar 3 Doors (1995),1995,2000,1997,5
img-ed4360e759d4846b867c,Nissan,Almera / Pulsar,Almera / Pulsar 5 Doors (2014),2014,2018,2016,4
img-d21b774aff054bf3c066,Nissan,Almera / Pulsar,Almera / Pulsar 5 Doors (2002),2002,2007,2004,7
img-26fbabd2861f89597ebb,Nissan,Almera / Pulsar,Almera / Pulsar 5 Doors (2000),2000,2002,2001,4
img-f5baeda70103d1e7b233,Nissan,Almera / Pulsar,Almera / Pulsar 5 Doors (1995),1995,2000,1997,4
img-febb416912c132f6c7f5,Nissan,Almera / Pulsar,Almera / Pulsar Sedan (2011),2011,2019,2015,1
img-63c6a1b96eaf210255d8,Nissan,Almera / Pulsar,Almera / Pulsar Sedan (2000),2000,2007,2003,9
img-81bcdcdf9f13b4a00e8b,Nissan,Almera / Pulsar,Almera / Pulsar Sedan (1995),1995,2000,1997,4
img-0034cd4ff5dd456399f1,Nissan,Almera Tino,Almera Tino (2000),2000,2006,2003,3
img-e66987aa682eae7d6b80,Nissan,Altima,Altima (2022),2022,,2024,3
img-c06885209c61aa79f214,Nissan,Altima,Altima (2018),2018,2022,2020,3
img-f2d49d8a199082c91df3,Nissan,Altima,Altima (2012),2012,2018,2015,3
img-7d69f4b8702b082b45fa,Nissan,Altima,Altima (2007),2007,2012,2009,9
img-44a71d353587ff61dc2f,Nissan,Altima,Altima (2002),2002,2006,2004,6
img-ceb5e1f3b2409e9d1ade,Nissan,Altima,Altima (1998),1998,2002,2000,2
img-779582b79eae193f8dab,Nissan,Ariya,Ariya (2024),2024,,2025,2
img-684fc0d37776dc27903a,Nissan,Ariya,Ariya (2020),2020,,2023,6
img-d531166bf31c19b8735f,Nissan,Armada,Armada (2025),2025,,2025,1
img-1d2e7a8f0c927981b86e,Nissan,Armada,Armada (2024),2024,,2025,2
img-f3f421e011388b634fad,Nissan,Armada,Armada (2020),2020,2024,2022,2
img-31eb1c088d69fd6fe737,Nissan,Armada,Armada (2016),2016,2020,2018,2
img-2fb435bf5201f82e397b,Nissan,Armada,Armada (2008),2008,2016,2012,2
img-384fedc454d351beea2a,Nissan,Armada,Armada (2003),2003,2008,2005,2
img-a458f7c696a31a2e9138,Nissan,Bluebird,Bluebird Hatchback (1986),1986,1990,1988,9
img-a3f423d88fb872ddacff,Nissan,Bluebird,Bluebird Sedan (1986),1986,1990,1988,8
img-692cb6b1eddeefa0bd75,Nissan,Bluebird Traveller,Bluebird Traveller (1986),1986,1990,1988,3
img-f41996cda2982d2d6c06,Nissan,Cube,Cube (2008),2008,2019,2013,5
img-fc26099dd14b47bb9324,Nissan,Elgrand,Elgrand (2025),2025,,2025,1
img-b6ceea83faaa31771037,Nissan,Grand Livina,Grand Livina (2006),2006,2013,2009,3
img-6c9b09667cd877276049,Nissan,GT-R,GT-R (2023),2023,,2024,1
img-ab27a59b18e349b305f4,Nissan,GT-R,GT-R (2016),2016,2022,2019,1
img-6a1b1eaddff9c3f5a261,Nissan,GT-R,GT-R (2011),2011,2016,2013,2
img-fe1e4abeb05dc4506347,Nissan,GT-R,GT-R (2007),2007,2011,2009,2
img-252ab727b5d37f8f7f04,Nissan,GT-R,GT-R (1999),1999,2002,2000,2
img-4db4b01089c84110223b,Nissan,GT-R,GT-R (1995),1995,1998,1996,2
img-bf5e674203851b3c50fa,Nissan,GT-R,GT-R (1993),1993,1994,1993,1
img-360d0a7ec72a7ce3bb19,Nissan,GT-R,GT-R (1989),1989,1994,1991,1
img-43afc1a270bfc2bde97d,Nissan,GT-R,GT-R (1972),1972,1973,1972,1
img-fc06d0aa4fd98feb58b3,Nissan,GT-R,GT-R (1971),1971,1972,1971,1
img-44d00fd665ee65a05e51,Nissan,GT-R,GT-R (1969),1969,1972,1970,1
img-dbc125963275177bfc01,Nissan,GT-R Nismo,GT-R Nismo (2023),2023,,2024,1
img-ff8e28bf65e7beba8cbb,Nissan,GT-R Nismo,GT-R Nismo (2019),2019,2022,2020,1
img-595c56d7510e68c8d708,Nissan,GT-R Nismo,GT-R Nismo (2014),2014,2016,2015,1
img-af885702dd4a3636e980,Nissan,Juke,Juke (2019),2019,,2022,4
img-75e6e6cb182d4e5fdf56,Nissan,Juke,Juke (2010),2010,2019,2014,7
img-f4f61879a38bd3a79d3b,Nissan,Juke Nismo,Juke Nismo (2013),2013,2017,2015,4
img-eb30951a398e1dc990b0,Nissan,Kicks,Kicks (2024),2024,,2025,2
img-0ca7ab54cf60f98e334a,Nissan,Kicks,Kicks (2020),2020,2024,2022,1
img-036d5a17371c457e2ef9,Nissan,Kicks,Kicks (2016),2016,2020,2018,2
img-f5908005837e9e8c67dd,Nissan,Leaf,Leaf (2025),2025,,2025,2
img-9f5c81a4f6775669c627,Nissan,Leaf,Leaf (2022),2022,2025,2023,2
img-cb22be1b425d8736bedf,Nissan,Leaf,Leaf (2017),2017,2022,2019,2
img-d644e1ccdf3f71631f61,Nissan,Leaf,Leaf (2010),2010,2017,2013,2
img-28ff52e8304ba7db52c0,Nissan,Liberty,Liberty (1999),1999,2004,2001,2
img-d2decf09fcbe24f4dd7e,Nissan,Maxima,Maxima (2018),2018,2023,2020,1
img-5cfd30d6fa2acf5282c8,Nissan,Maxima,Maxima (2016),2016,2018,2017,1
img-2ec2908f114a1e078cfa,Nissan,Maxima,Maxima (2009),2009,2016,2012,1
img-e2e773843a8f3003f381,Nissan,Maxima,Maxima (2004),2004,2009,2006,2
img-ece5e8cb27a4f0310685,Nissan,Maxima,Maxima (2000),2000,2004,2002,7
img-4ab0d8cc49cee0bf3abb,Nissan,Maxima,Maxima (1995),1995,2000,1997,5
img-68056f7deb0c2161756f,Nissan,Maxima,Maxima (1989),1989,1995,1992,2
img-8804aeebdd061a57f120,Nissan,Micra,Micra 5 Doors (2025),2025,,2025,2
img-8aee8256cd37fcad4230,Nissan,Micra,Micra 5 Doors (2017),2017,2020,2018,4
img-a64c9bf854ecd0a9fb24,Nissan,Micra,Micra 5 Doors (2013),2013,2017,2015,4
img-3ca06ee8cf0010cb9534,Nissan,Micra,Micra 5 Doors (2010),2010,2013,2011,3
img-7d3f96cf4855a7b44e9c,Nissan,Micra,Micra 5 Doors (2007),2007,2010,2008,6
img-6965ffde3b33b4a4f8af,Nissan,Micra,Micra 5 Doors (2005),2005,2007,2006,6
img-281d531549a8b08c7aee,Nissan,Micra,Micra 5 Doors (2003),2003,2005,2004,5
img-4e0d82601ebb15af8c7b,Nissan,Micra,Micra 5 Doors (2000),2000,2003,2001,4
img-c01e4b6ab3c71ec9601c,Nissan,Micra,Micra 5 Doors (1998),1998,2000,1999,3
img-27961335f35844ffc215,Nissan,Micra,Micra 5 Doors (1992),1992,1998,1995,4
img-0e49272e6e0c72870041,Nissan,Micra,Micra 5 Doors (1989),1989,1992,1990,2
img-38ae0218828edf8792e7,Nissan,Micra,Micra 3 Doors (2005),2005,2007,2006,7
img-2338db34790f0bbce139,Nissan,Micra,Micra 3 Doors (2003),2003,2005,2004,7
img-5e14a334805ddd4fefdf,Nissan,Micra,Micra 3 Doors (2000),2000,2003,2001,3
img-2bbe04507f2a1003bc1f,Nissan,Micra,Micra 3 Doors (1998),1998,2000,1999,3
img-d9b99c3555d2b5244095,Nissan,Micra,Micra 3 Doors (1992),1992,1998,1995,2
img-cddb702fd8662c342477,Nissan,Micra,Micra 3 Doors (1989),1989,1992,1990,2
img-cfce75e4693ef020e7e2,Nissan,Micra,Micra 3 Doors (1982),1982,1989,1985,1
img-8e005a15d05376bca85c,Nissan,Micra C+C,Micra C+C (2005),2005,2008,2006,2
img-b2b963be81b49f49741e,Nissan,Murano,Murano (2024),2024,,2025,2
img-2e9b664c79195aa79e49,Nissan,Murano,Murano (2018),2018,2024,2021,2
img-2a7321bbcf5de68c127e,Nissan,Murano,Murano (2015),2015,2018,2016,3
img-7279800e9ebd6f1ede7e,Nissan,Murano,Murano (2008),2008,2015,2011,3
img-694573346fc542d7b640,Nissan,Murano,Murano (2003),2003,2007,2005,1
img-c1af3a46f273a87e99f3,Nissan,Murano CrossCabriolet,Murano CrossCabriolet (2011),2011,2014,2012,1
img-baa8ae0a9a0b9de05de8,Nissan,N7,N7 (2024),2024,,2025,2
img-e852499f1e51c87ddd1e,Nissan,Navara / Frontier,Navara / Frontier King Cab (2019),2019,2025,2022,1
img-862cf0116609a9618213,Nissan,Navara / Frontier,Navara / Frontier King Cab (2018),2018,2019,2018,3
img-57ed1c8a7d514f33782b,Nissan,Navara / Frontier,Navara / Frontier King Cab (2015),2015,2020,2017,2
img-332ead9f37033c0afd70,Nissan,Navara / Frontier,Navara / Frontier King Cab (2009),2009,2018,2013,4
img-a0f9eb02cb0c17c68bd0,Nissan,Navara / Frontier,Navara / Frontier King Cab (2005),2005,2015,2010,4
img-c98631b3a0bb60ba322a,Nissan,Navara / Frontier,Navara / Frontier Double Cab (2021),2021,,2023,1
img-e46047d3c9db5b47d9c4,Nissan,Navara / Frontier,Navara / Frontier Double Cab (2019),2019,2021,2020,3
img-f32950d4fb745f11794c,Nissan,Navara / Frontier,Navara / Frontier Double Cab (2015),2015,2020,2017,3
img-f7c1fab9b4b2c324b9fc,Nissan,Navara / Frontier,Navara / Frontier Double Cab (2005),2005,2015,2010,5
img-9ea96a1372701907c3bc,Nissan,Note,Note (2017),2017,2019,2018,1
img-d3a53d9d45c651595f20,Nissan,Note,Note (2013),2013,2017,2015,4
img-1dd1269d234fd53dfdc8,Nissan,Note,Note (2008),2008,2012,2010,5
img-dc0229e5c97b4d869f13,Nissan,Note,Note (2005),2005,2008,2006,5
img-b76fa0d09691d9f4c68f,Nissan,NP300,NP300 (2008),2008,2015,2011,3
img-c675655e87be917ff927,Nissan,NV,NV (2009),2009,2019,2014,2
img-ad3a0e8e0ed18c10dbfd,Nissan,Pathfinder,Pathfinder (2025),2025,,2025,3
img-c488a5b2770fc985efe8,Nissan,Pathfinder,Pathfinder (2021),2021,2025,2023,4
img-34f278bfaaee0b5dd2c7,Nissan,Pathfinder,Pathfinder (2016),2016,2021,2018,2
img-0d88a98b4422d8a6f50c,Nissan,Pathfinder,Pathfinder (2012),2012,2016,2014,2
img-0a1706d77a6c3334b633,Nissan,Pathfinder,Pathfinder (2007),2007,2012,2009,7
img-34529cb56c7b50f0af08,Nissan,Pathfinder,Pathfinder (2005),2005,2007,2006,2
img-bf9f5ee55d808449a367,Nissan,Pathfinder,Pathfinder (2001),2001,2005,2003,1
img-de824fe2b7ac981f490d,Nissan,Patrol LWB,Patrol LWB (2024),2024,,2025,2
img-ecd58118fda0fbebf7f7,Nissan,Patrol LWB,Patrol LWB (2014),2014,2019,2016,3
img-b92aa10f33a3ec71efcf,Nissan,Patrol LWB,Patrol LWB (2010),2010,2014,2012,3
img-4ec7d8602b4d9cd00b02,Nissan,Patrol LWB,Patrol LWB (2004),2004,2010,2007,7
img-b684a37ca083699e5474,Nissan,Patrol LWB,Patrol LWB (1998),1998,2004,2001,2
img-da3e50f514e6b60a64e6,Nissan,Patrol LWB,Patrol LWB (1988),1988,1998,1993,1
img-5f94a2aeb9e6b5a93faa,Nissan,Patrol SWB,Patrol SWB (2004),2004,2010,2007,1
img-92e546dd30908abe69c5,Nissan,Patrol SWB,Patrol SWB (1998),1998,2004,2001,2
img-9abe7153d115ede19f0c,Nissan,Patrol SWB,Patrol SWB (1988),1988,1998,1993,1
img-a1545e4a86c4a0957972,Nissan,Pixo,Pixo (2009),2009,2013,2011,2
img-a5e45340748b39e8e896,Nissan,Platina,Platina (2006),2006,2010,2008,1
img-4644b293f069f15a0ab1,Nissan,Prairie,Prairie (1989),1989,1996,1992,2
img-8cc05cca7ea95f78f127,Nissan,Primera,Primera Hatchback (2002),2002,2007,2004,6
img-b672aee9c551c395e41e,Nissan,Primera,Primera Hatchback (1999),1999,2002,2000,4
img-ac38bb98c4b211f7421a,Nissan,Primera,Primera Hatchback (1996),1996,1999,1997,4
img-accdef265735632c27d8,Nissan,Primera,Primera Hatchback (1994),1994,1996,1995,4
img-e737b49708a85835863e,Nissan,Primera,Primera Hatchback (1990),1990,1993,1991,6
img-52d2b1cf2b02281cd8c0,Nissan,Primera,Primera Sedan (2002),2002,2008,2005,6
img-ae12fe136d5c5bf6ec1d,Nissan,Primera,Primera Sedan (1999),1999,2002,2000,4
img-9f2ecb7be26a9226994e,Nissan,Primera,Primera Sedan (1996),1996,1999,1997,4
img-7f8c69e76a10d2a015b6,Nissan,Primera,Primera Sedan (1994),1994,1996,1995,4
img-26bf2b08c1553a5e60a5,Nissan,Primera,Primera Sedan (1990),1990,1993,1991,6
img-57a51c68b65379254ca2,Nissan,Primera Break,Primera Break (2002),2002,2007,2004,8
img-02ffe18203b394248c81,Nissan,Primera Break,Primera Break (1999),1999,2002,2000,4
img-0ec301ea06ed272f66e3,Nissan,Primera Break,Primera Break (1998),1998,1999,1998,3
img-7ef1754780ee634c5042,Nissan,Primera Break,Primera Break (1990),1990,1997,1993,4
img-c3b5c30deda686cf444b,Nissan,Qashqai,Qashqai (2024),2024,,2025,5
img-2ae8877588fdc31ce452,Nissan,Qashqai,Qashqai (2021),2021,2024,2022,5
img-daaf8e702ef39f5adbcc,Nissan,Qashqai,Qashqai (2018),2018,2021,2019,7
img-c5704cf5e2e0ff8085be,Nissan,Qashqai,Qashqai (2013),2013,2018,2015,7
img-f69a3d434853bb0e540f,Nissan,Qashqai,Qashqai (2010),2010,2013,2011,14
img-0f344aa9a6676834e9ed,Nissan,Qashqai,Qashqai (2007),2007,2010,2008,6
img-0bbc4a54b6564efba8ce,Nissan,Quest,Quest (2011),2011,2017,2014,1
img-ca7cc2ede1edbaa6266a,Nissan,Quest,Quest (2009),2009,2011,2010,1
img-e60c71d1753c46c0f0e9,Nissan,Quest,Quest (2004),2004,2008,2006,1
img-0c790dde7e29a92b5de5,Nissan,Rogue,Rogue (2023),2023,,2024,3
img-3a4144aa92ea7ef3a0fd,Nissan,Rogue,Rogue (2020),2020,2023,2021,2
img-66df91f3589fd604895a,Nissan,Rogue,Rogue (2019),2019,2022,2020,2
img-259ee569841a908c44d0,Nissan,Rogue,Rogue (2016),2016,2020,2018,4
img-b49fe55d439deb8974b3,Nissan,Rogue,Rogue (2013),2013,2016,2014,2
img-1046c0e101f57abcab26,Nissan,Rogue,Rogue (2007),2007,2014,2010,2
img-fa68e6f1f71a92d7578e,Nissan,Sakura,Sakura (2022),2022,,2024,1
img-64d071425dc2a1af577d,Nissan,Sentra,Sentra (2025),2025,,2025,1
img-05cd55c670705b8869c1,Nissan,Sentra,Sentra (2023),2023,2025,2024,1
img-ba37c60e6eeabdf078ba,Nissan,Sentra,Sentra (2019),2019,2023,2021,1
img-8db7d0e8a9fbc26628ea,Nissan,Sentra,Sentra (2015),2015,2019,2017,5
img-cc198c3d8919c8b3b1dd,Nissan,Sentra,Sentra (2012),2012,2015,2013,2
img-2cad78ae404f62a658b7,Nissan,Sentra,Sentra (2006),2006,2012,2009,6
img-6e4703c07a257bd093c9,Nissan,Sentra,Sentra (2004),2004,2006,2005,2
img-5ab143fff3a45337d997,Nissan,Sentra,Sentra (2000),2000,2006,2003,2
img-c600da50382fc3f7b7e5,Nissan,Serena,Serena (2016),2016,2022,2019,3
img-80f1898477f396cef83f,Nissan,Serena,Serena (2010),2010,2016,2013,2
img-cc10f232146ebb323e28,Nissan,Serena,Serena (2005),2005,2010,2007,2
img-94a15f810c06d7b6e901,Nissan,Serena,Serena (1999),1999,2012,2005,2
img-226e1eb32ee7b12452c2,Nissan,Serena,Serena (1991),1991,2001,1996,10
img-497ca2c1c1018c6a8c7a,Nissan,Skyline,Skyline (2006),2006,2010,2008,1
img-63bc9efb61541c84d96f,Nissan,Skyline,Skyline (2002),2002,2007,2004,4
img-cd6260a9db2e124e412e,Nissan,Skyline,Skyline (2001),2001,2006,2003,3
img-a026ff285b6488a38ca9,Nissan,Sunny,Sunny (2010),2010,2019,2014,3
img-4c4d469cb97855c982d4,Nissan,Sunny,Sunny 3 Doors (1993),1993,1995,1994,3
img-fcdf23f9f38d79a7be56,Nissan,Sunny,Sunny Hatchback (1993),1993,1995,1994,3
img-fe5657f220dc3d64ebec,Nissan,Sunny,Sunny Sedan (1993),1993,1995,1994,3
img-9340389037702c2649eb,Nissan,Sunny Traveller,Sunny Traveller (1993),1993,1996,1994,2
img-4efea5f42f588920d574,Nissan,Teana,Teana (2009),2009,2013,2011,3
img-a0ff1a9ab78330fcdddf,Nissan,Teana,Teana (2003),2003,2009,2006,4
img-f7472d68c3cecd88aa40,Nissan,Terrano,Terrano 3 Doors (2002),2002,2006,2004,2
img-4610e5f51b36ff6a0cc0,Nissan,Terrano,Terrano 3 Doors (2000),2000,2002,2001,2
img-f81b75a2baea2331d0d6,Nissan,Terrano,Terrano 3 Doors (1996),1996,2000,1998,2
img-256a871f731f34c9f06f,Nissan,Terrano,Terrano 3 Doors (1993),1993,1996,1994,2
img-30114b68767b18a8dab9,Nissan,Terrano,Terrano 3 Doors (1988),1988,1993,1990,3
img-8d6b0df59ed4d6c5fc3f,Nissan,Terrano,Terrano 5 Doors (2013),2013,2019,2016,3
img-b4ec0eba70879b56453e,Nissan,Terrano,Terrano 5 Doors (2002),2002,2005,2003,2
img-b5cb3ae5d6b8a605edd2,Nissan,Terrano,Terrano 5 Doors (2000),2000,2002,2001,2
img-2ecdeae3ae7532e9bc7d,Nissan,Terrano,Terrano 5 Doors (1996),1996,2000,1998,2
img-ca3fe4902f6bb59ed253,Nissan,Terrano,Terrano 5 Doors (1993),1993,1996,1994,2
img-6159c611e7dc37300982,Nissan,Terrano,Terrano 5 Doors (1990),1990,1993,1991,4
img-d65695f1b45f2ed83009,Nissan,Tiida / Versa,Tiida / Versa Sedan (2022),2022,,2024,3
img-bf9f3bca67e6221fbf32,Nissan,Tiida / Versa,Tiida / Versa Sedan (2019),2019,2022,2020,2
img-a84938f358ed4b3f647a,Nissan,Tiida / Versa,Tiida / Versa Sedan (2011),2011,2019,2015,3
img-acf86b37baf39ba279ba,Nissan,Tiida / Versa,Tiida / Versa Sedan (2006),2006,2011,2008,4
img-550d9fe7e96b00ee19d6,Nissan,Tiida / Versa,Tiida / Versa (2006),2006,2018,2012,4
img-c8df7eabe1f23b09296d,Nissan,Titan,Titan Crew Cab (2019),2019,2024,2021,1
img-703ab7a7908bbc894f79,Nissan,Titan,Titan Crew Cab (2016),2016,2019,2017,2
img-13913d73824112d54bef,Nissan,Titan,Titan Crew Cab (2015),2015,2019,2017,2
img-c3064351d899f08d3dd6,Nissan,Titan,Titan Crew Cab (2004),2004,2015,2009,2
img-7ddda611714f6c090fcc,Nissan,Titan,Titan King Cab (2009),2009,2015,2012,1
img-d2f83bc0978daf5755a5,Nissan,Titan,Titan King Cab (2004),2004,2009,2006,2
img-d70d84b75df3ede54fa9,Nissan,X-Trail,X-Trail (2022),2022,2026,2024,6
img-84faa6d72186cfa30166,Nissan,X-Trail,X-Trail (2017),2017,2022,2019,8
img-6e6b88f75e13be56befe,Nissan,X-Trail,X-Trail (2014),2014,2017,2015,4
img-b950f2957a49b727c34b,Nissan,X-Trail,X-Trail (2007),2007,2013,2010,6
img-f4e99899c23c5b8d9285,Nissan,X-Trail,X-Trail (2003),2003,2007,2005,6
img-6e5d048a91f61d4b40d7,Nissan,X-Trail,X-Trail (2001),2001,2003,2002,5
img-e824fdd98f7918fa03dd,Nissan,XTerra,XTerra (2009),2009,2015,2012,3
img-d20d81d561e4f4598ed9,Nissan,XTerra,XTerra (2005),2005,2008,2006,2
img-23e3cfd3536b4654c437,Nissan,XTerra,XTerra (2002),2002,2005,2003,4
img-2175e9e3c0e462eebb7d,Nissan,Z Nismo,Z Nismo (2023),2023,,2024,2
img-18e55109c3b809b387f8,Nissan,Z Nismo,Z Nismo (2021),2021,,2023,2
img-8cf273b236a908947db2,Oldsmobile,442,442 Convertible (1970),1970,1971,1970,1
img-86ac1a867e5952dbdf35,Oldsmobile,Alero,Alero coupe (1999),1999,2004,2001,2
img-35fa00f1b3339d2dc9dc,Oldsmobile,Alero,Alero sedan (1999),1999,2004,2001,2
img-cc92a247d87019362c83,Oldsmobile,Aurora,Aurora (2000),2000,2003,2001,2
img-044df4c97a0a711420e5,Oldsmobile,Aurora,Aurora (1994),1994,1999,1996,1
img-e89581219a86d5c471bc,Oldsmobile,Bravada,Bravada (2001),2001,2004,2002,2
img-6c77b83f5310551a9670,Oldsmobile,Intrigue,Intrigue (1997),1997,2002,1999,2
img-5f77d9f94488aac815d5,Oldsmobile,Silhouette,Silhouette (1996),1996,2004,2000,1
img-8a297ad5733005216424,Oldsmobile,Toronado,Toronado (1985),1985,1992,1988,1
img-c948f4989a3dacc8ceb6,Oldsmobile,Toronado,Toronado (1979),1979,1985,1982,3
img-02e2df76f5b222feef76,Oldsmobile,Toronado,Toronado (1971),1971,1978,1974,1
img-11f44407437b98dd488d,Oldsmobile,Toronado,Toronado (1966),1966,1970,1968,1
img-e49b5474136459023834,Omoda,7,7 (2026),2026,,2026,1
img-a010c57656b038697026,Opel,Adam,Adam (2013),2013,2019,2016,8
img-24e1f034e71d90c7071d,Opel,Adam Rocks,Adam Rocks (2013),2013,2019,2016,8
img-dc63321ee9e070e808a3,Opel,Agila,Agila (2008),2008,2015,2011,8
img-51aff0832cddda84110e,Opel,Agila,Agila (2003),2003,2007,2005,4
img-ef1c2ea394262ef226eb,Opel,Agila,Agila (2000),2000,2003,2001,2
img-8e85ee73729ffbb8dc60,Opel,Ampera,Ampera (2016),2016,2019,2017,1
img-350112d72aec0083e64a,Opel,Ampera,Ampera (2011),2011,2015,2013,1
img-272f2c92922932c7411d,Opel,Antara,Antara (2010),2010,2017,2013,3
img-c0e9e1f6239ab7c42067,Opel,Antara,Antara (2007),2007,2010,2008,6
img-3a5aaea29b733c5f959e,Opel,Astra,Astra 5 Doors (2026),2026,,2026,4
img-a2babdbc8ad213f73f51,Opel,Astra,Astra 5 Doors (2022),2022,2026,2024,1
img-b843db263fe4054906a1,Opel,Astra,Astra 5 Doors (2021),2021,2025,2023,3
img-b9bde78969c09ddaca66,Opel,Astra,Astra 5 Doors (2019),2019,2021,2020,7
img-f9af7226659888b4c7cf,Opel,Astra,Astra 5 Doors (2015),2015,2019,2017,16
img-056e787318199fd102ca,Opel,Astra,Astra 5 Doors (2009),2009,2015,2012,21
img-9433356a95505d22cb0f,Opel,Astra,Astra 5 Doors (2007),2007,2009,2008,13
img-fd4c9a3f4b03bdd6c803,Opel,Astra,Astra 5 Doors (2004),2004,2007,2005,18
img-ad1650d816f0b06e9ec9,Opel,Astra,Astra 5 Doors (1998),1998,2004,2001,23
img-18c4e590b41a60ee4679,Opel,Astra,Astra 5 Doors (1994),1994,1998,1996,14
img-62e4aa5f57368dd722f1,Opel,Astra,Astra 5 Doors (1991),1991,1994,1992,14
img-335bb92cd769fd62465d,Opel,Astra,Astra 3 Doors (2005),2005,2009,2007,18
img-020d2a5ad6fd8622231c,Opel,Astra,Astra 3 Doors (1998),1998,2004,2001,22
img-90c2157bf1910cf8e9b3,Opel,Astra,Astra 3 Doors (1994),1994,1998,1996,11
img-612dfffdf6ecbafe3768,Opel,Astra,Astra 3 Doors (1991),1991,1994,1992,14
img-bbdb68f2b37afc872ce8,Opel,Astra,Astra Cabriolet (2001),2001,2006,2003,7
img-cc327079686b2ee4c1a2,Opel,Astra,Astra Cabriolet (1995),1995,1999,1997,5
img-79c42cff15b4812bb63f,Opel,Astra,Astra Cabriolet (1993),1993,1994,1993,4
img-4b66037a92c1c612e62f,Opel,Astra,Astra Coupe (2000),2000,2006,2003,6
img-e8256ac5a89c5bfbd8b9,Opel,Astra,Astra Sedan (2012),2012,2015,2013,17
img-f56c260226c4b9c4d2fb,Opel,Astra,Astra Sedan (2007),2007,2009,2008,5
img-ac6d12c93c6fff797c48,Opel,Astra,Astra Sedan (1998),1998,2004,2001,21
img-1a57cdf9be6087e2300e,Opel,Astra,Astra Sedan (1994),1994,1998,1996,13
img-a0f8b9f22af9965d7c13,Opel,Astra,Astra Sedan (1992),1992,1994,1993,12
img-580b5acdf8e10aaca654,Opel,Astra Caravan,Astra Caravan (2004),2004,2011,2007,16
img-0091821ee85cadd9ea3f,Opel,Astra Caravan,Astra Caravan (2002),2002,2004,2003,1
img-d471e99c5afcf7814ed3,Opel,Astra Caravan,Astra Caravan (1998),1998,2004,2001,22
img-692e3a70d515b4d756a5,Opel,Astra Caravan,Astra Caravan (1994),1994,1998,1996,13
img-82763efe11076cc4de51,Opel,Astra GTC,Astra GTC (2011),2011,2018,2014,10
img-fd1e62698d7b78c15229,Opel,Astra OPC,Astra OPC (2013),2013,2018,2015,1
img-09db3908bfdf70eb22a5,Opel,Astra OPC,Astra OPC (2005),2005,2009,2007,1
img-c44b3286d35c2e96ce64,Opel,Astra OPC,Astra OPC (2000),2000,2004,2002,2
img-f23006cadf5a4d664308,Opel,Astra Sports Tourer,Astra Sports Tourer (2022),2022,,2024,1
img-71b191de8c2b1173ef10,Opel,Astra Sports Tourer,Astra Sports Tourer (2021),2021,,2023,7
img-250bbf8acec67fc7e9a8,Opel,Astra Sports Tourer,Astra Sports Tourer (2019),2019,2021,2020,7
img-3bf70b4fe7bb5a56f6bf,Opel,Astra Sports Tourer,Astra Sports Tourer (2015),2015,2019,2017,14
img-334a38ec6185db86d66e,Opel,Astra Sports Tourer,Astra Sports Tourer (2010),2010,2015,2012,10
img-6db61daaa65ffb204d2a,Opel,Astra Twin Top /,Astra Twin Top / Cabriolet (2006),2006,2011,2008,7
img-53368ff63b5d209ff69c,Opel,Calibra,Calibra (1989),1989,1997,1993,11
img-bc18bb8bc38e92ba6941,Opel,Cascada,Cascada (2013),2013,2019,2016,8
img-2aba92daa8998e8a15d8,Opel,Combo,Combo (2018),2018,2023,2020,6
img-b1e18244fe810aeb074a,Opel,Combo,Combo (2011),2011,2018,2014,6
img-026fcf3a1d76db2c6f5e,Opel,Combo,Combo (2001),2001,2011,2006,7
img-f30bc9858f8d4b91da8f,Opel,Corsa,Corsa 5 Doors (2023),2023,,2024,8
img-4ece6f72f56a4cf32232,Opel,Corsa,Corsa 5 Doors (2019),2019,2023,2021,6
img-08310bcf84735bae14e8,Opel,Corsa,Corsa 5 Doors (2014),2014,2019,2016,14
img-95e33bb9598fde4938e8,Opel,Corsa,Corsa 5 Doors (2010),2010,2014,2012,4
img-2a44dd4bdac6fbb992ea,Opel,Corsa,Corsa 5 Doors (2006),2006,2010,2008,4
img-d9a5ceae283c49febc4c,Opel,Corsa,Corsa 5 Doors (2003),2003,2006,2004,6
img-2cbe2448dbc7d5df9cb4,Opel,Corsa,Corsa 5 Doors (2000),2000,2003,2001,5
img-4f3b9991c1cdc5e4d530,Opel,Corsa,Corsa 5 Doors (1997),1997,2000,1998,8
img-337238d3c82ce5538de7,Opel,Corsa,Corsa 5 Doors (1993),1993,1997,1995,9
img-16bb7f21b6e42eba2cc9,Opel,Corsa,Corsa 3 Doors (2014),2014,2019,2016,14
img-a3db1e22667d23c488fd,Opel,Corsa,Corsa 3 Doors (2010),2010,2014,2012,10
img-00111145b2e653e30633,Opel,Corsa,Corsa 3 Doors (2006),2006,2010,2008,6
img-ad92b4109f14f7bb0c1d,Opel,Corsa,Corsa 3 Doors (2003),2003,2006,2004,6
img-3d7d79d2da9a27c07637,Opel,Corsa,Corsa 3 Doors (2000),2000,2003,2001,8
img-cf2cf5ca0177160e033d,Opel,Corsa,Corsa 3 Doors (1997),1997,2000,1998,10
img-4caf2b6cf77e4a67af1d,Opel,Corsa,Corsa 3 Doors (1993),1993,1997,1995,9
img-c163fd1766db01e8a162,Opel,Corsa GSE,Corsa GSE (2026),2026,,2026,1
img-7ff16eb1a9f7ee0d98f1,Opel,Corsa OPC,Corsa OPC (2015),2015,2019,2017,1
img-7de1c99373cf39bb9e12,Opel,Corsa OPC,Corsa OPC (2007),2007,2015,2011,1
img-0eb9ffaa2a1a5f6c16a3,Opel,Crossland,Crossland (2020),2020,,2023,6
img-7109f41dee31bc2bc634,Opel,Crossland,Crossland (2017),2017,2020,2018,7
img-00790f5e211cb07ef5a7,Opel,Frontera,Frontera (2024),2024,,2025,2
img-7fad9c31ad9a26b1da17,Opel,Frontera,Frontera (1998),1998,2004,2001,6
img-c4abead95ac7311917f9,Opel,Frontera,Frontera (1995),1995,1998,1996,6
img-1d036e9e0011c9d35bdb,Opel,Frontera,Frontera (1993),1993,1995,1994,1
img-1d756cf81dab7b5615f2,Opel,Frontera,Frontera (1992),1992,1995,1993,2
img-e224903dbc78fdf66399,Opel,Grandland,Grandland (2024),2024,,2025,1
img-edc8c29840a4512178bf,Opel,Grandland,Grandland (2021),2021,2024,2022,6
img-de3686e8be416aba4313,Opel,Grandland,Grandland (2017),2017,2021,2019,7
img-5b66bdeb6af66dad8531,Opel,GT,GT (2007),2007,2009,2008,1
img-fc04d966e9d94fc91c50,Opel,GT,GT (1968),1968,1973,1970,2
img-15a289ace7590c828e35,Opel,Insignia,Insignia (2019),2019,2022,2020,4
img-86c479892b1040e89077,Opel,Insignia,Insignia (2017),2017,2019,2018,9
img-ebd62855e3b573d71d95,Opel,Insignia,Insignia (2013),2013,2017,2015,55
img-e8699e815ca48bd9742f,Opel,Insignia,Insignia (2008),2008,2013,2010,36
img-e6a4251ca67bc6cf4693,Opel,Insignia Country Tourer,Insignia Country Tourer (2013),2013,2017,2015,13
img-7cf0993a3db2e7ec7f5f,Opel,Insignia GSi,Insignia GSi (2017),2017,2020,2018,1
img-92c5ee5ec0cba01fe0dc,Opel,Insignia OPC,Insignia OPC (2009),2009,2013,2011,1
img-cd1da71960ea559e2257,Opel,Insignia Sports Tourer,Insignia Sports Tourer (2017),2017,2020,2018,6
img-a72bf8a133a1c38c97db,Opel,Insignia Sports Tourer,Insignia Sports Tourer (2009),2009,2013,2011,19
img-4fc8888b44a9ad188e06,Opel,Insignia Sports Tourer GSi,Insignia Sports Tourer GSi (2017),2017,2020,2018,2
img-a89d75ceaa6077629aa2,Opel,Insignia Sports Tourer OPC,Insignia Sports Tourer OPC (2013),2013,2017,2015,2
img-a7a9647b7712f800ddd1,Opel,Insignia Sports Tourer OPC,Insignia Sports Tourer OPC (2009),2009,2013,2011,2
img-3d3031038462d11fde29,Opel,Kadett,Kadett 3 Doors (1984),1984,1991,1987,16
img-98b86ac040f8b2ea3159,Opel,Kadett,Kadett 5 Doors (1984),1984,1991,1987,15
img-2dfb17e8f471c57e098c,Opel,Kadett,Kadett Cabriolet (1987),1987,1993,1990,6
img-0fe55b59aa1276688835,Opel,Kadett,Kadett Sedan (1985),1985,1991,1988,12
img-531b3009fa37e10bc6d9,Opel,Kadett Caravan,Kadett Caravan (1984),1984,1991,1987,13
img-3426acbf2bf0fbb86fa3,Opel,Karl,Karl (2015),2015,2019,2017,1
img-b4b07f8b85e61ea59897,Opel,Manta,Manta (1975),1975,1989,1982,7
img-68827c2e5a70d8b5f7cd,Opel,Meriva,Meriva (2014),2014,2017,2015,14
img-5fb5cb20666fcab2fab4,Opel,Meriva,Meriva (2010),2010,2014,2012,7
img-358bf80aedecbeac57ba,Opel,Meriva,Meriva (2006),2006,2009,2007,5
img-d667c85fa84068d27e5c,Opel,Meriva,Meriva (2005),2005,2010,2007,1
img-45682804c40afe4a32ad,Opel,Meriva,Meriva (2003),2003,2005,2004,7
img-3f45525a5c0f2bef09cd,Opel,Mokka,Mokka (2024),2024,,2025,4
img-ef376d73a967b853ddc4,Opel,Mokka,Mokka (2020),2020,,2023,1
img-39f208cdd6ac96569d2f,Opel,Mokka,Mokka (2016),2016,2020,2018,11
img-cdcfe02802999a4ba7df,Opel,Mokka,Mokka (2012),2012,2016,2014,10
img-3372f4813c8ae6583ba4,Opel,Monterey,Monterey (1992),1992,1998,1995,4
img-4faee1bf35d9d977c222,Opel,Monza,Monza (1983),1983,1987,1985,1
img-567fdfe8dd4e3b35eac6,Opel,Omega,Omega Sedan (1999),1999,2003,2001,11
img-81c83f1b682d3546f631,Opel,Omega,Omega Sedan (1994),1994,1999,1996,10
img-b5858fa8e543a2501832,Opel,Omega,Omega Sedan (1986),1986,1994,1990,11
img-8bfdf8a63f159cb49551,Opel,Omega Caravan,Omega Caravan (1999),1999,2003,2001,16
img-3622b07e4990d4c97cd9,Opel,Omega Caravan,Omega Caravan (1994),1994,1999,1996,6
img-534e2fd21d65dba61ccf,Opel,Omega Caravan,Omega Caravan (1986),1986,1994,1990,10
img-82896429796bc1ec44d6,Opel,Rekord,Rekord Sedan (1982),1982,1986,1984,5
img-2e60fa04e19301adcf03,Opel,Rekord,Rekord Sedan (1977),1977,1982,1979,5
img-94074d8d05cdcf91e966,Opel,Rekord Caravan,Rekord Caravan (1982),1982,1986,1984,5
img-3e94b8c638415ca54b68,Opel,Rekord Caravan,Rekord Caravan (1977),1977,1982,1979,5
img-552dfe2483ca6d23533c,Opel,Rocks-e,Rocks-e (2021),2021,,2023,1
img-7557f610cb4ccc8be6aa,Opel,Senator,Senator (1987),1987,1993,1990,5
img-58ab4c97089e58c44e94,Opel,Senator,Senator (1983),1983,1987,1985,4
img-9ba7d3ac9d08fbeb0f5f,Opel,Signum,Signum (2005),2005,2008,2006,10
img-96c5a103d97f8c700046,Opel,Signum,Signum (2003),2003,2005,2004,9
img-ea6f4960e0632bfdae51,Opel,Sintra,Sintra (1997),1997,1999,1998,3
img-8adaf814bfdb0d97450d,Opel,Speedster,Speedster (2001),2001,2005,2003,2
img-95747fa5b9ab1106d76f,Opel,Tigra,Tigra (2005),2005,2009,2007,4
img-24380a1aef58e052f3a9,Opel,Tigra,Tigra (1994),1994,2000,1997,4
img-e1eb594e5cadb9f43836,Opel,Vectra,Vectra Hatchback (2005),2005,2008,2006,10
img-eae6ae417e0252f0557e,Opel,Vectra,Vectra Hatchback (2002),2002,2005,2003,9
img-980f3102e1c9b8f2bfaf,Opel,Vectra,Vectra Hatchback (1999),1999,2002,2000,10
img-b48fe449a0b5f3330722,Opel,Vectra,Vectra Hatchback (1995),1995,1999,1997,8
img-a47471e32bd639d1ba37,Opel,Vectra,Vectra Hatchback (1992),1992,1995,1993,12
img-32de0e07a6bea798bc7a,Opel,Vectra,Vectra Hatchback (1988),1988,1992,1990,6
img-c79954a9c45756e754eb,Opel,Vectra,Vectra Sedan (2005),2005,2008,2006,9
img-1022a4e8f72e1d2c8a05,Opel,Vectra,Vectra Sedan (2002),2002,2005,2003,7
img-4926886b037f45c99d6b,Opel,Vectra,Vectra Sedan (1999),1999,2002,2000,10
img-1fe963dcfb24ee3164db,Opel,Vectra,Vectra Sedan (1995),1995,1999,1997,8
img-bf4c937f4653f61731b1,Opel,Vectra,Vectra Sedan (1992),1992,1995,1993,8
img-8e68c55e2a7bfc09f4fc,Opel,Vectra,Vectra Sedan (1988),1988,1992,1990,7
img-275746836bc80bda90ff,Opel,Vectra Caravan,Vectra Caravan (2005),2005,2008,2006,11
img-6dceda559fa53e37fd6b,Opel,Vectra Caravan,Vectra Caravan (2002),2002,2005,2003,15
img-90a5313b29a91063f1dd,Opel,Vectra Caravan,Vectra Caravan (1999),1999,2002,2000,10
img-3ad2bceb206086528b17,Opel,Vectra Caravan,Vectra Caravan (1996),1996,1999,1997,10
img-7305d005775388214ae4,Opel,Vectra OPC,Vectra OPC (2005),2005,2008,2006,4
img-88a9a9066918d2f8690b,Opel,Zafira,Zafira (2019),2019,,2022,3
img-7c222ebdaadf7a0993a6,Opel,Zafira,Zafira (2016),2016,2019,2017,10
img-90b9f72bf67b02354d05,Opel,Zafira,Zafira (2011),2011,2016,2013,24
img-3d02cc912859ef6da400,Opel,Zafira,Zafira (2008),2008,2014,2011,10
img-15fd57a4f5bb8f857e5a,Opel,Zafira,Zafira (2006),2006,2008,2007,8
img-136f5c3f12451c45683e,Opel,Zafira,Zafira (2005),2005,2009,2007,1
img-7609c3c764d4343355ee,Opel,Zafira,Zafira (2003),2003,2005,2004,5
img-87edad682e6df1644102,Opel,Zafira,Zafira (2001),2001,2005,2003,2
img-2b44b39ef9a19d623721,Opel,Zafira,Zafira (1999),1999,2003,2001,6
img-33c6999affd9ba486363,Pagani,Huayra,Huayra (2012),2012,2018,2015,1
img-d34d021d09e150fd2f5f,Pagani,Huayra,Huayra Roadster (2019),2019,2022,2020,1
img-51662c88cd83e72678b2,Pagani,Huayra,Huayra Roadster (2017),2017,2019,2018,1
img-bd08d3c09b946045455d,Pagani,Imola,Imola (2020),2020,,2023,1
img-21e3b9bc48bae9ab24d8,Pagani,Utopia,Utopia (2022),2022,,2024,1
img-525f18b466103215ffc9,Pagani,Zonda,Zonda Roadster (2003),2003,2006,2004,1
img-f828d30c962caa633baa,Pagani,Zonda Cinque,Zonda Cinque (2008),2008,2009,2008,1
img-1567199acb45b3612134,Pagani,Zonda Cinque,Zonda Cinque Roadster (2009),2009,2010,2009,1
img-5a7a6cc9175af7d3544f,Pagani,Zonda F,Zonda F (2005),2005,2010,2007,1
img-85b0e4835a3fdb6b5007,Pagani,Zonda F,Zonda F Roadster (2006),2006,2009,2007,1
img-e4469a24edf84121b3c8,Pagani,Zonda S,Zonda S (2002),2002,2006,2004,1
img-352aedf766448d2ba2ea,Panoz,Avezzano,Avezzano (2017),2017,,2021,2
img-30ebdd4a6e5d02c0ddb2,Panoz,Esperante,Esperante (1999),1999,2007,2003,1
img-a403bc2bd9a14d32dccc,Panoz,Esperante GT,Esperante GT (2000),2000,2007,2003,1
img-1f6b95acb0754d243e90,Panoz,Esperante GTLM,Esperante GTLM (2003),2003,2007,2005,1
img-0891bf0849afa8f547ed,Panoz,Roadster,Roadster (1992),1992,1995,1993,1
img-7c8a9360752c4a30ff60,Perodua,Alza,Alza (2018),2018,2022,2020,2
img-9aed140c351df5c3063f,Perodua,Alza,Alza (2014),2014,2018,2016,2
img-579365d6a8597b970bb9,Perodua,Alza,Alza (2009),2009,2014,2011,2
img-7e728c6fd0095354c84f,Perodua,Aruz,Aruz (2019),2019,,2022,1
img-fa7a52c201d20e5357f9,Perodua,Axia,Axia (2019),2019,2023,2021,2
img-3fbd2d14a7299521add6,Perodua,Axia,Axia (2017),2017,2019,2018,2
img-ca5284357d8bfea92d23,Perodua,Axia,Axia (2014),2014,2017,2015,2
img-761d93cea23120e99057,Perodua,Bezza,Bezza (2019),2019,2025,2022,3
img-f9aaf3f6743b3f49c6cc,Perodua,Bezza,Bezza (2016),2016,2019,2017,4
img-a77ccf65ee762bd55244,Perodua,Myvi,Myvi (2015),2015,2017,2016,4
img-2d99568b89f2bcd0dc8e,Peugeot,1007,1007 (2007),2007,2009,2008,7
img-68340ff941c010171289,Peugeot,104,104 (1972),1972,1988,1980,3
img-b3f04f472c0606d3e7d5,Peugeot,106,106 (1996),1996,2003,1999,8
img-1d536b86bea6bd331ea3,Peugeot,106,106 (1993),1993,1996,1994,1
img-4cf8068b135c855333f6,Peugeot,106,106 (1991),1991,1996,1993,8
img-1cf9f5be0197f0f3ce87,Peugeot,107,107 3 Doors (2008),2008,2014,2011,3
img-fc6a57846ed32b01a627,Peugeot,107,107 3 Doors (2005),2005,2008,2006,2
img-5205117f4c8eac1036c9,Peugeot,107,107 5 Doors (2008),2008,2014,2011,3
img-42f32e3e7a747d3ea6fb,Peugeot,107,107 5 Doors (2005),2005,2008,2006,2
img-e9b0a24ef80d9af88b78,Peugeot,108,108 (2014),2014,2022,2018,4
img-e7a1fc401dfade0f23d4,Peugeot,2008,2008 (2023),2023,,2024,6
img-1ab32d0612e145eb6267,Peugeot,2008,2008 (2019),2019,2023,2021,7
img-78a3d3dbc79c483e2a85,Peugeot,2008,2008 (2016),2016,2019,2017,8
img-609feadbb76dda37b784,Peugeot,2008,2008 (2013),2013,2016,2014,11
img-731f4f5c962b8f9988b3,Peugeot,205,205 (1986),1986,1994,1990,2
img-1924e286fd494025d262,Peugeot,205,205 (1984),1984,1998,1991,12
img-f9c41ff6883cc7328087,Peugeot,205,205 (1983),1983,1998,1990,10
img-518a1a288f5fb63386b2,Peugeot,206,206 3 Doors (2003),2003,2006,2004,1
img-317adaccd1824b68d6bd,Peugeot,206,206 3 Doors (2002),2002,2010,2006,11
img-2b073b93027e3efbe681,Peugeot,206,206 3 Doors (1998),1998,2002,2000,10
img-2b5ba1b10ee8e8fbfefc,Peugeot,206,206 5 Doors (2002),2002,2010,2006,9
img-8f6a3fd475c1a9451051,Peugeot,206,206 5 Doors (1998),1998,2002,2000,10
img-27db0e1aa70e27fa5bca,Peugeot,206,206 Sedan (2006),2006,2012,2009,3
img-eef686c776139b97db67,Peugeot,206 CC,206 CC (2001),2001,2007,2004,4
img-a21c1d9a4cfad6fdaa91,Peugeot,206 SW,206 SW (2002),2002,2007,2004,9
img-7c3ce2f145befc663896,Peugeot,206+,206+ 3 Doors (2009),2009,2013,2011,3
img-8d0327a43d47e1205c4f,Peugeot,206+,206+ 5 Doors (2009),2009,2012,2010,3
img-7c21f9f3d65d001ea0c0,Peugeot,207,207 3 Doors (2009),2009,2012,2010,9
img-483d4fea3339db6ec26a,Peugeot,207,207 3 Doors (2007),2007,2009,2008,1
img-fafdd81aff37e8c50e26,Peugeot,207,207 3 Doors (2006),2006,2009,2007,11
img-781d9b853a13000ff19d,Peugeot,207,207 5 Doors (2009),2009,2012,2010,9
img-7f90f80398602040b215,Peugeot,207,207 5 Doors (2006),2006,2009,2007,11
img-df99b6f88fcd5f1e0e96,Peugeot,207 CC,207 CC (2009),2009,2014,2011,4
img-ac5547262f496fe5af6d,Peugeot,207 CC,207 CC (2007),2007,2009,2008,6
img-b2122b17ebb59347b29b,Peugeot,207 SW,207 SW (2008),2008,2012,2010,5
img-c0051cb2f7a9ef5b2ab9,Peugeot,207 SW,207 SW (2007),2007,2012,2009,6
img-66e1b6a74e742f094e1c,Peugeot,208,208 5 doors (2023),2023,,2024,8
img-16aaa2a29a65ec665125,Peugeot,208,208 5 doors (2019),2019,2023,2021,6
img-9bb88241d898df936060,Peugeot,208,208 5 doors (2015),2015,2019,2017,10
img-83b1bebe1144eb6cfc1d,Peugeot,208,208 5 doors (2012),2012,2015,2013,10
img-dbaee96316f94ed45712,Peugeot,208,208 3 doors (2015),2015,2018,2016,4
img-1bb049df376c4a2d627f,Peugeot,208,208 3 doors (2012),2012,2015,2013,10
img-98409d4f5ee260f3340f,Peugeot,208 GTI,208 GTI (2015),2015,2018,2016,1
img-0b6e96facb0517a15d11,Peugeot,208 GTI,208 GTI (2013),2013,2015,2014,1
img-9ba3d526c053e090fb32,Peugeot,208 XY,208 XY (2013),2013,2015,2014,5
img-61b8da95cd95af1aa171,Peugeot,3008,3008 (2023),2023,,2024,3
img-c4a7facf70f732ade941,Peugeot,3008,3008 (2020),2020,2024,2022,7
img-96c97a6b13f75e25d3d3,Peugeot,3008,3008 (2016),2016,2020,2018,8
img-caf80ac367cfd73a205a,Peugeot,3008,3008 (2013),2013,2016,2014,7
img-e0284de583926497eb93,Peugeot,3008,3008 (2009),2009,2013,2011,14
img-a2ec6d750cb5236c2ba1,Peugeot,301,301 (2017),2017,,2021,4
img-e2a0548deaae68813f0a,Peugeot,301,301 (2012),2012,2016,2014,4
img-799fd676986ef768bad9,Peugeot,306,306 (1997),1997,2003,2000,40
img-c551140cfd8dc7b78ffc,Peugeot,306,306 (1996),1996,2000,1998,1
img-470be184678523342482,Peugeot,306,306 (1994),1994,1997,1995,5
img-11a5c9eeceac86fd0148,Peugeot,306,306 (1993),1993,1997,1995,20
img-23ca560015e94c1b6f6c,Peugeot,307,307 3 Doors (2005),2005,2008,2006,8
img-13558706a1e930b07f04,Peugeot,307,307 3 Doors (2001),2001,2005,2003,12
img-ef42f25548028bb40b62,Peugeot,307,307 5 Doors (2005),2005,2008,2006,10
img-d21cbb51e769176cdfe9,Peugeot,307,307 5 Doors (2001),2001,2005,2003,12
img-2ad646e5d5c6d0167477,Peugeot,307,307 Sedan (2006),2006,2008,2007,2
img-1cd6620c4ed2d1d94e6f,Peugeot,307 CC,307 CC (2005),2005,2008,2006,5
img-7091ed8eea31bc6f92ee,Peugeot,307 CC,307 CC (2003),2003,2005,2004,4
img-dd2b91d61abeec23df2a,Peugeot,307 SW,307 SW (2005),2005,2008,2006,15
img-579661f23928470cf9cb,Peugeot,307 SW,307 SW (2002),2002,2005,2003,20
img-0e05da7b06928adc5035,Peugeot,308,308 5 Doors (2025),2025,,2025,3
img-5dc929765a9ce06b2f4f,Peugeot,308,308 5 Doors (2021),2021,2025,2023,4
img-b70bf7e8d3ecfcb72f00,Peugeot,308,308 5 Doors (2017),2017,2021,2019,13
img-3377cdd1760675f17a29,Peugeot,308,308 5 Doors (2015),2015,2017,2016,2
img-d572f09989ba9fe7533f,Peugeot,308,308 5 Doors (2014),2014,2017,2015,2
img-82413923ed37b2691d3a,Peugeot,308,308 5 Doors (2013),2013,2017,2015,11
img-50b69fa827e1937ffb55,Peugeot,308,308 5 Doors (2008),2008,2013,2010,15
img-495653fb92661b16b774,Peugeot,308,308 3 Doors (2008),2008,2013,2010,10
img-e22b47ba8089628704c9,Peugeot,308 CC,308 CC (2011),2011,2015,2013,9
img-9e49ed51d601b4c1185c,Peugeot,308 CC,308 CC (2008),2008,2011,2009,7
img-ea2d3f70d60c8d42d74c,Peugeot,308 SW,308 SW (2025),2025,,2025,3
img-d7a84208bbb170197b39,Peugeot,308 SW,308 SW (2021),2021,2025,2023,7
img-1eeabbff2ed5205395ee,Peugeot,308 SW,308 SW (2017),2017,2021,2019,10
img-ed011b0f2946ad06876d,Peugeot,308 SW,308 SW (2014),2014,2017,2015,12
img-799f5ef0e52937334c50,Peugeot,308 SW,308 SW (2008),2008,2013,2010,12
img-765e66efda6f84cb7656,Peugeot,4007,4007 (2007),2007,2012,2009,4
img-cf77cbc526d77103f82f,Peugeot,4008,4008 (2012),2012,2017,2014,2
img-70a00ba3dd007174cd55,Peugeot,405,405 (1988),1988,1996,1992,9
img-b72695fdeb046c014d5f,Peugeot,405,405 (1987),1987,1996,1991,9
img-b279a8f005ae5951d727,Peugeot,406,406 (1999),1999,2004,2001,15
img-4477a908436fc9acd239,Peugeot,406,406 (1995),1995,1999,1997,13
img-0c7c8b70ed46f41ec931,Peugeot,406,406 Coupe (2003),2003,2004,2003,5
img-bba86e758ff3b3fb0ebc,Peugeot,406,406 Coupe (1997),1997,2003,2000,4
img-1cf388991c6d6a788e3c,Peugeot,406 Break,406 Break (1999),1999,2004,2001,16
img-4a8b62407d73bf2c570e,Peugeot,406 Break,406 Break (1996),1996,1999,1997,11
img-720a5b7daf712eae7c98,Peugeot,407,407 (2004),2004,2010,2007,11
img-6dc452edf75fdadb998e,Peugeot,407,407 Coupe (2005),2005,2008,2006,6
img-a14dd2b131cdf620b39d,Peugeot,407 SW,407 SW (2004),2004,2010,2007,11
img-0f63bd20af4e7aa519b8,Peugeot,408,408 Fastback (2022),2022,2025,2023,3
img-d24a28cfb955a542fc56,Peugeot,408,408 Sedan (2010),2010,2014,2012,4
img-442bd7a4118b4c26cd93,Peugeot,5008,5008 (2024),2024,,2025,6
img-b4891bcc4a1c7b9209f2,Peugeot,5008,5008 (2020),2020,2025,2022,6
img-e200d68f0995be7d8fc0,Peugeot,5008,5008 (2016),2016,2020,2018,10
img-6a6d8e69f95322c2bd57,Peugeot,5008,5008 (2013),2013,2016,2014,7
img-b5305e69da9c1414b69f,Peugeot,5008,5008 (2009),2009,2013,2011,8
img-76ddd38ef83c7fc9b4de,Peugeot,504,504 (1974),1974,1982,1978,2
img-a3bd008f28a63530cd32,Peugeot,504,504 (1973),1973,1982,1977,2
img-2fbd747c45c045ccc93f,Peugeot,504,504 (1968),1968,1982,1975,4
img-5d7f6bf2dbc9a997b40b,Peugeot,505,505 (1982),1982,1992,1987,4
img-ff7c13ac49fdf866e896,Peugeot,505,505 (1979),1979,1992,1985,8
img-4f457e513aee7e80dd66,Peugeot,508,508 (2023),2023,,2024,5
img-d21b0a58fe0b19f5542f,Peugeot,508,508 (2018),2018,2023,2020,8
img-c516e68e8ca98bedf83c,Peugeot,508,508 (2014),2014,2018,2016,11
img-47be0034ddd0f214338f,Peugeot,508,508 (2010),2010,2014,2012,10
img-4da16c8366403db0a582,Peugeot,508 RXH,508 RXH (2014),2014,2018,2016,2
img-03de1dc0b4ea3b732e98,Peugeot,508 RXH,508 RXH (2011),2011,2014,2012,1
img-b26255b4d5eb44e06790,Peugeot,508 SW,508 SW (2023),2023,,2024,5
img-456fa4e81693134e7cfc,Peugeot,508 SW,508 SW (2020),2020,,2023,5
img-49dd071f2d4f448d90c4,Peugeot,508 SW,508 SW (2018),2018,2023,2020,6
img-c0401006ef32e5b0abc7,Peugeot,508 SW,508 SW (2014),2014,2018,2016,10
img-4fc890d8d6a0ffc75d63,Peugeot,508 SW,508 SW (2010),2010,2014,2012,9
img-a420727a5cdb6d145f65,Peugeot,604,604 (1975),1975,1986,1980,5
img-1f33b84ee3974b482671,Peugeot,605,605 (1994),1994,1999,1996,12
img-b2bddf92aace0d9c153f,Peugeot,605,605 (1989),1989,1994,1991,10
img-e27827d09df3f588f4de,Peugeot,607,607 (2005),2005,2010,2007,11
img-e8157191b676431c194f,Peugeot,607,607 (2000),2000,2005,2002,8
img-0f7c7edfa18c7816513a,Peugeot,806,806 (1998),1998,2002,2000,8
img-825d6ea54f630b9b1a7d,Peugeot,806,806 (1994),1994,1998,1996,8
img-39001d27b018fd66528f,Peugeot,807,807 (2002),2002,2008,2005,11
img-6c15907c1a33201c7252,Peugeot,Hoggar,Hoggar (2010),2010,2014,2012,2
img-cbb1d4e8c31708ed3810,Peugeot,iOn,iOn (2010),2010,2012,2011,1
img-78e48969bb91d8c5979d,Peugeot,Landtrek,Landtrek (2020),2020,,2023,8
img-36a9d39ae6a841731dbd,Peugeot,Partner Combi,Partner Combi (2002),2002,2008,2005,6
img-779cfcc566072fad619f,Peugeot,Pick Up,Pick Up (2017),2017,2020,2018,2
img-eb3f1e21f839bd834e73,Peugeot,RCZ,RCZ (2013),2013,2015,2014,4
img-eac2d3e6289055f5a1f2,Peugeot,RCZ,RCZ (2009),2009,2013,2011,4
img-eac94eb3cc287694bbfd,Peugeot,RCZ R,RCZ R (2013),2013,2015,2014,1
img-93c4abb6c857c370c729,Peugeot,RIFTER,RIFTER (2018),2018,2023,2020,8
img-4b90654c3e11c6148bfc,Peugeot,Tepee,Tepee (2008),2008,2012,2010,9
img-833e02aa5ae3f2534cea,Peugeot,Tepee,Tepee (2007),2007,2012,2009,6
img-0b2e5978a788499435ef,Peugeot,Traveller,Traveller (2016),2016,,2021,8
img-c2683e9cb32ab673c86a,Pininfarina,B95,B95 (2023),2023,,2024,1
img-86fac3c24a047810f857,Pininfarina,Battista,Battista (2019),2019,2025,2022,1
img-e644685d84242b993b54,Plymouth,ACCLAIM,ACCLAIM (1988),1988,1994,1991,3
img-7adc044a0acf83548240,Plymouth,BREEZE,BREEZE (1995),1995,2000,1997,3
img-2f93e8d01138ac2b73e8,Plymouth,LASER,LASER (1989),1989,1994,1991,6
img-7457fdf5ee8bf890f7c9,Plymouth,NEON,NEON COUPE (1994),1994,1999,1996,1
img-54a24bdd5c699878cfe6,Plymouth,NEON,NEON SEDAN (1994),1994,1999,1996,2
img-a348b862e4cff8b2db1a,Plymouth,Valiant,Valiant (1967),1967,1973,1970,1
img-22da62e240be769a5f56,Plymouth,VOYAGER,VOYAGER (1995),1995,2000,1997,3
img-64f7c1247bbd4d34e5ef,Plymouth,VOYAGER,VOYAGER (1990),1990,1995,1992,4
img-f5f97af7569f85b9781b,Plymouth,VOYAGER,VOYAGER (1984),1984,1990,1987,3
img-d18e0c4723afd7abf337,Polestar,1,1 (2019),2019,2022,2020,1
img-1409159c935c625bbeeb,Polestar,2,2 (2023),2023,,2024,4
img-656c2cee987d2c9b7416,Polestar,2,2 (2019),2019,2023,2021,2
img-d859413ef7de4fe7dc38,Polestar,3,3 (2022),2022,,2024,2
img-63bb8490af9b376bcd15,Polestar,4,4 (2023),2023,,2024,2
img-d19d13346b810b90160b,Polestar,5,5 (2025),2025,,2025,2
img-4373950824e4ffd5565e,Pontiac,Aztek,Aztek (2000),2000,2005,2002,2
img-95e0c3d353cc68d339e0,Pontiac,Bonneville,Bonneville (2004),2004,2005,2004,2
img-afffe4a5ab910eab3d1d,Pontiac,Bonneville,Bonneville (2000),2000,2003,2001,2
img-15e04dee77aaf72d03c3,Pontiac,Bonneville,Bonneville (1961),1961,1964,1962,6
img-74c328dcdbf9c19cc76e,Pontiac,Bonneville,Bonneville (1959),1959,1960,1959,2
img-1992da9093fa7ff05a22,Pontiac,Bonneville,Bonneville (1958),1958,1958,1958,6
img-d54a41c414dd923e6ad1,Pontiac,Fiero,Fiero (1985),1985,1988,1986,3
img-db13478ebc98c7e582e1,Pontiac,Firebird,Firebird (2000),2000,2002,2001,4
img-601b98abe7edcfee7eeb,Pontiac,Firebird,Firebird (1995),1995,1997,1996,2
img-8b2a69b710e18d1f5160,Pontiac,Firebird,Firebird (1994),1994,1997,1995,3
img-e2f23484ef5771598f8f,Pontiac,Firebird,Firebird (1990),1990,1994,1992,2
img-afdc21f557bc9a4ca379,Pontiac,Firebird,Firebird (1982),1982,1992,1987,4
img-27cce5a5c867cd20e980,Pontiac,Firebird,Firebird (1970),1970,1978,1974,4
img-fc1eea82cfc430009295,Pontiac,Firebird,Firebird (1967),1967,1969,1968,2
img-aea5666acc04650ef787,Pontiac,G3,G3 (2009),2009,2011,2010,1
img-699a2df925f7b0f448b6,Pontiac,G5,G5 (2007),2007,2010,2008,3
img-df2ef389bb7b60ac8c8f,Pontiac,G5,G5 (2004),2004,2010,2007,2
img-7dbd3dab75254d00566d,Pontiac,G6,G6 (2008),2008,2010,2009,3
img-b0f035a70de10945dec8,Pontiac,G6,G6 (2006),2006,2008,2007,6
img-fa2c6ee5d5d6face0192,Pontiac,G6,G6 (2004),2004,2008,2006,3
img-1d126f9be2a369debd86,Pontiac,G6,G6 Convertible (2008),2008,2010,2009,2
img-37315dd3ecf387b0a90d,Pontiac,G6,G6 Coupe (2008),2008,2010,2009,2
img-a389b50f6d70728d1baa,Pontiac,G8,G8 (2007),2007,2009,2008,2
img-8afa33caae7d0a9d46eb,Pontiac,Grand Am,Grand Am (1998),1998,2005,2001,4
img-16ab19c11d637ec3818a,Pontiac,Grand Prix,Grand Prix (2003),2003,2008,2005,3
img-86d3ec2001579d50ec65,Pontiac,Grand Prix,Grand Prix (1997),1997,2004,2000,3
img-079841ab2a386708d682,Pontiac,Grand Prix,Grand Prix (1996),1996,2003,1999,2
img-0f8a902cd9fe6ac6fcb6,Pontiac,Grand Prix,Grand Prix (1990),1990,1992,1991,2
img-1ab06512f133194d4ad7,Pontiac,GTO,GTO (2003),2003,2006,2004,2
img-db7afeb4a917be20b830,Pontiac,GTO,GTO (1970),1970,1974,1972,2
img-61d9c5d6ce2bc8d79271,Pontiac,GTO,GTO (1968),1968,1970,1969,1
img-403fcb17ad0be17f132a,Pontiac,GTO,GTO (1967),1967,1968,1967,1
img-226086e4bd02c43a4935,Pontiac,GTO,GTO (1965),1965,1968,1966,1
img-c06660aa5656bcdcf9cc,Pontiac,GTO,GTO (1964),1964,1965,1964,1
img-ce625a4b85e86309a7b4,Pontiac,Montana,Montana (2005),2005,2009,2007,3
img-4ba512f4bea2fa582a52,Pontiac,Montana,Montana (2000),2000,2005,2002,1
img-f01f63f884c610a434d5,Pontiac,Solstice,Solstice (2008),2008,2009,2008,4
img-0d0192eb0cf695859b3d,Pontiac,Solstice,Solstice (2005),2005,2009,2007,3
img-7d46e4183954e50ee1a5,Pontiac,Sunfire,Sunfire Coupe (2001),2001,2005,2003,1
img-ac35a261f13600782510,Pontiac,Sunfire,Sunfire Coupe (2000),2000,2002,2001,3
img-538b7855f2ef4d1ec820,Pontiac,Sunfire,Sunfire Sedan (1999),1999,2002,2000,1
img-4d052e7a54da0c813f1b,Pontiac,Sunfire,Sunfire Sedan (1994),1994,1999,1996,5
img-6ffdfaa09266dca54170,Pontiac,Sunfire Cabrio,Sunfire Cabrio (1994),1994,1999,1996,3
img-5947843b79fa01d0e45c,Pontiac,Torrent,Torrent (2005),2005,2009,2007,4
img-a40e7df11a5e6eeba93c,Pontiac,Trans Sport,Trans Sport (1990),1990,1996,1993,3
img-92d01ce42371f3feb42c,Pontiac,Vibe,Vibe (2008),2008,2010,2009,6
img-9c1e9751c31968998eda,Pontiac,Vibe,Vibe (2003),2003,2007,2005,1
img-6e9c12cfb6e0e86ded31,Pontiac,Vibe,Vibe (2002),2002,2010,2006,2
img-c88653b901f4155aef8c,Porsche,718,718 Spyder (2023),2023,,2024,1
img-e44f51b9ed3182c643a4,Porsche,718,718 Spyder (2019),2019,2023,2021,1
img-72325b72e7b9123b2613,Porsche,718 Boxster,718 Boxster (2018),2018,2025,2021,2
img-6671b353fd8f24baa474,Porsche,718 Boxster,718 Boxster (2016),2016,,2021,2
img-4e8dedbcec525b855bcc,Porsche,718 Boxster GTS,718 Boxster GTS (2019),2019,,2022,1
img-a4b2228e10c1a736d7d7,Porsche,718 Boxster GTS,718 Boxster GTS (2017),2017,,2021,2
img-bd0fb3fff038513fb46b,Porsche,718 Boxster S,718 Boxster S (2016),2016,,2021,2
img-99cf333204a31abbd64b,Porsche,718 Cayman,718 Cayman (2018),2018,2025,2021,2
img-25207de4e11b69362798,Porsche,718 Cayman,718 Cayman (2016),2016,,2021,2
img-47eb65b68ca7bf32344d,Porsche,718 Cayman GT4,718 Cayman GT4 (2021),2021,,2023,1
img-cba4db11d728e4ab6270,Porsche,718 Cayman GT4,718 Cayman GT4 (2019),2019,2023,2021,1
img-b02ab03dfec6f7c35a6c,Porsche,718 Cayman GT4,718 Cayman GT4 (2015),2015,2019,2017,1
img-966bab12e30341a5043f,Porsche,718 Cayman GTS,718 Cayman GTS (2019),2019,,2022,1
img-071566abac5424156938,Porsche,718 Cayman GTS,718 Cayman GTS (2017),2017,,2021,2
img-9b401012681f57b83c9d,Porsche,718 Cayman S,718 Cayman S (2016),2016,,2021,2
img-a5d79b8d01e83a9b9ca4,Porsche,911 Carrera,911 Carrera Cabriolet (2024),2024,,2025,1
img-e9a2f7c174dbb368b237,Porsche,911 Carrera,911 Carrera Cabriolet (2019),2019,2024,2021,1
img-1860adf862f16086eb3c,Porsche,911 Carrera,911 Carrera Cabriolet (2015),2015,2019,2017,2
img-3983c76cf9a21198e07f,Porsche,911 Carrera,911 Carrera Cabriolet (2012),2012,2015,2013,2
img-26858bf81f72b421d43d,Porsche,911 Carrera,911 Carrera Cabriolet (2008),2008,2012,2010,2
img-5b75cfedb7fe40e3372e,Porsche,911 Carrera,911 Carrera Cabriolet (2005),2005,2008,2006,2
img-c3ef3f80fed9d4eb6339,Porsche,911 Carrera,911 Carrera Cabriolet (1998),1998,2001,1999,2
img-2ed1b303eb0b93cc12c2,Porsche,911 Carrera,911 Carrera Cabriolet (1994),1994,1997,1995,2
img-f798fd59877ce6f59f7c,Porsche,911 Carrera,911 Carrera Cabriolet (1989),1989,1993,1991,1
img-126e088e542c78f8c3d1,Porsche,911 Carrera,911 Carrera Cabriolet (1983),1983,1989,1986,2
img-78e8d585274cf3727597,Porsche,911 Carrera,911 Carrera (2015),2015,2019,2017,2
img-fc62c5c75f389f44f436,Porsche,911 Carrera,911 Carrera (2012),2012,2015,2013,2
img-7ae6fb5c0093bbb4bd10,Porsche,911 Carrera,911 Carrera (2008),2008,2012,2010,2
img-dcac2ccb94d864943663,Porsche,911 Carrera,911 Carrera (2004),2004,2008,2006,1
img-14496845e47b97a56349,Porsche,911 Carrera,911 Carrera (2001),2001,2004,2002,1
img-e62d5c4f95b67c131005,Porsche,911 Carrera,911 Carrera (1997),1997,2001,1999,1
img-15a4c8d88b3208828ed5,Porsche,911 Carrera,911 Carrera (1993),1993,1997,1995,2
img-c79b33a45acf0df16ee2,Porsche,911 Carrera,911 Carrera (1989),1989,1993,1991,1
img-dd4cb96cb8c94be12cfd,Porsche,911 Carrera,911 Carrera (1973),1973,1989,1981,4
img-b276c913158427ce073c,Porsche,911 Carrera,911 Carrera (1965),1965,1969,1967,1
img-81179abbf94cc5785864,Porsche,911 Carrera,911 Carrera (1964),1964,1973,1968,5
img-ddc44dd6eb38eecd4c78,Porsche,911 Carrera 4,911 Carrera 4 (2012),2012,2015,2013,2
img-217eb20f810f53ac4a90,Porsche,911 Carrera 4,911 Carrera 4 (2008),2008,2012,2010,2
img-39cc1fef67a5be013a36,Porsche,911 Carrera 4,911 Carrera 4 (2005),2005,2008,2006,2
img-ea0ecc20769fb1bf529d,Porsche,911 Carrera 4,911 Carrera 4 (2001),2001,2005,2003,2
img-e5940c8b3e84d6ae4f6f,Porsche,911 Carrera 4,911 Carrera 4 (1998),1998,2001,1999,2
img-0b87f8181d334254cb93,Porsche,911 Carrera 4,911 Carrera 4 (1994),1994,1997,1995,2
img-69ddecbdea4f82db986c,Porsche,911 Carrera 4,911 Carrera 4 (1988),1988,1993,1990,1
img-6fd86036a7b834be613c,Porsche,911 Carrera 4,911 Carrera 4 Cabriolet (2012),2012,2016,2014,2
img-d30ce336d1ae562a6417,Porsche,911 Carrera 4,911 Carrera 4 Cabriolet (2008),2008,2011,2009,2
img-11c6c8d7981bc015f7c9,Porsche,911 Carrera 4,911 Carrera 4 Cabriolet (2005),2005,2008,2006,2
img-bb9fb5e052a3955b664b,Porsche,911 Carrera 4,911 Carrera 4 Cabriolet (2001),2001,2004,2002,2
img-49e0cac1add55ba31f39,Porsche,911 Carrera 4,911 Carrera 4 Cabriolet (1998),1998,2001,1999,2
img-f23adf90c073595363b3,Porsche,911 Carrera 4 GTS,911 Carrera 4 GTS (2024),2024,,2025,1
img-df54f0c013e336b51a2e,Porsche,911 Carrera 4 GTS,911 Carrera 4 GTS (2021),2021,2024,2022,1
img-1d4519633363ce9f8730,Porsche,911 Carrera 4 GTS,911 Carrera 4 GTS (2014),2014,2018,2016,2
img-4da9ef70f597e41a18dc,Porsche,911 Carrera 4 GTS,911 Carrera 4 GTS Cabriolet (2014),2014,2018,2016,2
img-67af3029ca15832feaec,Porsche,911 Carrera 4S,911 Carrera 4S Cabriolet (2018),2018,2025,2021,1
img-19f94bb157c8a73a5a6a,Porsche,911 Carrera 4S,911 Carrera 4S Cabriolet (2012),2012,2018,2015,2
img-f755e0a4dfa127d37070,Porsche,911 Carrera 4S,911 Carrera 4S Cabriolet (2008),2008,2012,2010,2
img-059198851434ddc1ce75,Porsche,911 Carrera 4S,911 Carrera 4S Cabriolet (2005),2005,2008,2006,2
img-e096b6e270eaee15d552,Porsche,911 Carrera 4S,911 Carrera 4S Cabriolet (2003),2003,2005,2004,2
img-94efc0d4fcbb9f7d320d,Porsche,911 Carrera 4S,911 Carrera 4S (2018),2018,2025,2021,1
img-5d4b736d6f69db1d9559,Porsche,911 Carrera 4S,911 Carrera 4S (2012),2012,2018,2015,2
img-504a2eb153080955d51d,Porsche,911 Carrera 4S,911 Carrera 4S (2008),2008,2012,2010,2
img-577de98fc0d626f11b04,Porsche,911 Carrera 4S,911 Carrera 4S (2005),2005,2008,2006,2
img-8080ff140330c96a5818,Porsche,911 Carrera 4S,911 Carrera 4S (2001),2001,2005,2003,2
img-fffdace7d3fbf8b61e3e,Porsche,911 Carrera 4S,911 Carrera 4S (1995),1995,1998,1996,1
img-a686f65a0b16ff01c23c,Porsche,911 Carrera GTS,911 Carrera GTS (2014),2014,2021,2017,2
img-0c0c3f01f6dc8c45bf69,Porsche,911 Carrera GTS,911 Carrera GTS (2010),2010,2011,2010,1
img-6a7ced0a8b71d6f6a3ed,Porsche,911 Carrera GTS,911 Carrera GTS Cabriolet (2014),2014,2016,2015,2
img-2925a89bd7e5780c3fcc,Porsche,911 Carrera GTS,911 Carrera GTS Cabriolet (2010),2010,2011,2010,1
img-25792ae210f422b6cd8b,Porsche,911 Carrera RS,911 Carrera RS (1995),1995,1996,1995,1
img-11f1a7e14eb34b20dac7,Porsche,911 Carrera RS,911 Carrera RS (1993),1993,1994,1993,1
img-8c9dbc652c627c1be243,Porsche,911 Carrera RS,911 Carrera RS (1991),1991,1992,1991,1
img-ca62a3e2db82faf456e9,Porsche,911 Carrera RS,911 Carrera RS (1972),1972,1973,1972,1
img-b85fd7d6a239c66fea44,Porsche,911 Carrera S,911 Carrera S (2019),2019,2024,2021,2
img-c7d95785e6f6db89f2d0,Porsche,911 Carrera S,911 Carrera S (2015),2015,2019,2017,2
img-dddf7f4af1590c9ec579,Porsche,911 Carrera S,911 Carrera S (2012),2012,2015,2013,2
img-fc074925f9f66b6fa64a,Porsche,911 Carrera S,911 Carrera S (2008),2008,2011,2009,2
img-e7c600da76a35dea1ca7,Porsche,911 Carrera S,911 Carrera S (2004),2004,2008,2006,2
img-d184f14deaac59cc52bf,Porsche,911 Carrera S,911 Carrera S (1995),1995,1997,1996,1
img-07e5f0f38517a74c96bf,Porsche,911 Carrera S,911 Carrera S Cabriolet (2015),2015,2018,2016,2
img-85a322932c716d7e8754,Porsche,911 Carrera S,911 Carrera S Cabriolet (2012),2012,2015,2013,2
img-9b5061f310fcfed94f72,Porsche,911 Carrera S,911 Carrera S Cabriolet (2008),2008,2011,2009,2
img-910af71129830434a98e,Porsche,911 Carrera S,911 Carrera S Cabriolet (2005),2005,2008,2006,2
img-0cd2653b1089c916df01,Porsche,911 Carrera T,911 Carrera T (2022),2022,,2024,1
img-0ac11f78412686061f66,Porsche,911 Carrera T,911 Carrera T (2017),2017,2022,2019,2
img-bf605187117bbe389883,Porsche,911 GT2,911 GT2 (2007),2007,2009,2008,1
img-d24b5093f1b7664bf704,Porsche,911 GT2,911 GT2 (2001),2001,2006,2003,1
img-bd955c872a116b971ad6,Porsche,911 GT2,911 GT2 (1995),1995,1997,1996,1
img-f3703f02cf08b293a2fc,Porsche,911 GT2 RS,911 GT2 RS (2017),2017,2019,2018,1
img-ff9358cfa97421c47516,Porsche,911 GT2 RS,911 GT2 RS (2010),2010,2012,2011,1
img-9af69984f18591f6126a,Porsche,911 GT3,911 GT3 (2024),2024,,2025,4
img-857a2d5695a1efc7b969,Porsche,911 GT3,911 GT3 (2022),2022,,2024,1
img-35759e42e6a674954cf5,Porsche,911 GT3,911 GT3 (2021),2021,2024,2022,2
img-fe1de9cd317c5951cc1c,Porsche,911 GT3,911 GT3 (2017),2017,2021,2019,2
img-255155ddae8e6eeae029,Porsche,911 GT3,911 GT3 (2013),2013,2017,2015,1
img-8e034e3ccefabd642d2c,Porsche,911 GT3,911 GT3 (2009),2009,2011,2010,1
img-6935212d66a297077fcc,Porsche,911 GT3,911 GT3 (2006),2006,2009,2007,1
img-6a7275255b10f4739f3f,Porsche,911 GT3,911 GT3 (2003),2003,2006,2004,1
img-d53f020edd3bc5170ca0,Porsche,911 GT3,911 GT3 (1999),1999,2001,2000,1
img-7317a0944440be90fafb,Porsche,911 GT3 RS,911 GT3 RS (2018),2018,2019,2018,1
img-73bbda31bea1eb72d0fe,Porsche,911 GT3 RS,911 GT3 RS (2016),2016,2018,2017,1
img-a9eae78d0cff2da0a997,Porsche,911 GT3 RS,911 GT3 RS (2011),2011,2013,2012,1
img-65a0a469f8fcd51eac11,Porsche,911 GT3 RS,911 GT3 RS (2009),2009,2011,2010,1
img-1d1b176f0c0918c81e4e,Porsche,911 GT3 RS,911 GT3 RS (2006),2006,2009,2007,1
img-066cfc4f567e19f8891c,Porsche,911 GT3 RS,911 GT3 RS (2004),2004,2006,2005,1
img-6c5a1342a6ade090f26c,Porsche,911 R,911 R (2016),2016,2019,2017,1
img-2b38ccabe5f0a715f202,Porsche,911 Sport Classic,911 Sport Classic (2010),2010,2012,2011,1
img-17361c60397ce646ea11,Porsche,911 Targa,911 Targa (1995),1995,1997,1996,2
img-b7514fb692c77ae76b3d,Porsche,911 Targa,911 Targa (1989),1989,1993,1991,1
img-4fa0821fbae2c135e882,Porsche,911 Targa,911 Targa (1974),1974,1989,1981,3
img-c913c1f289877ee69277,Porsche,911 Targa,911 Targa (1967),1967,1973,1970,4
img-a821e3616ec264a3573e,Porsche,911 Targa 4,911 Targa 4 (2020),2020,,2023,1
img-51287e386f4f797a3948,Porsche,911 Targa 4,911 Targa 4 (2016),2016,2020,2018,2
img-e54ff8486f42df162618,Porsche,911 Targa 4,911 Targa 4 (2014),2014,2016,2015,2
img-977465895f17a7caec49,Porsche,911 Targa 4,911 Targa 4 (2008),2008,2013,2010,2
img-9300f5441ba85ab5f42d,Porsche,911 Targa 4,911 Targa 4 (2006),2006,2008,2007,2
img-109f4e82fc60b62efbb6,Porsche,911 Targa 4 GTS,911 Targa 4 GTS (2021),2021,,2023,1
img-421055b625a8836d7738,Porsche,911 Targa 4 GTS,911 Targa 4 GTS (2015),2015,2021,2018,2
img-6a5196e089bfe498be41,Porsche,911 Targa 4S,911 Targa 4S (2020),2020,,2023,2
img-56ec6c8f45e726351ab3,Porsche,911 Targa 4S,911 Targa 4S (2014),2014,2020,2017,2
img-2d4b20ceadab6f74a048,Porsche,911 Targa 4S,911 Targa 4S (2008),2008,2013,2010,2
img-aadb67cf0fd8247a5058,Porsche,911 Targa 4S,911 Targa 4S (2006),2006,2008,2007,2
img-2d53dadf64be3ba18367,Porsche,911 Turbo,911 Turbo Cabriolet (2016),2016,2020,2018,1
img-552b157ba285c1d32825,Porsche,911 Turbo,911 Turbo Cabriolet (2013),2013,2016,2014,1
img-32327170a8b6a5fae94c,Porsche,911 Turbo,911 Turbo Cabriolet (2009),2009,2011,2010,2
img-c043d408d8f3e1845228,Porsche,911 Turbo,911 Turbo Cabriolet (2007),2007,2009,2008,2
img-0f29405d764277d97b3c,Porsche,911 Turbo,911 Turbo Cabriolet (2004),2004,2007,2005,2
img-0f9c05bd4c5fe8fece35,Porsche,911 Turbo,911 Turbo Cabriolet (1987),1987,1989,1988,1
img-10524d04604a0186e43b,Porsche,911 Turbo,911 Turbo (2020),2020,,2023,1
img-9133825b493acdd3a7b2,Porsche,911 Turbo,911 Turbo (2016),2016,2020,2018,1
img-82c10843ba2d7dd88dc0,Porsche,911 Turbo,911 Turbo (2013),2013,2016,2014,1
img-d7be3a97aaead2a6de65,Porsche,911 Turbo,911 Turbo (2009),2009,2011,2010,2
img-bc5f859c05a1feb8103d,Porsche,911 Turbo,911 Turbo (2006),2006,2009,2007,2
img-f531e4a54d498aae81a0,Porsche,911 Turbo,911 Turbo (2000),2000,2006,2003,2
img-6275c322f592053f6e6b,Porsche,911 Turbo,911 Turbo (1995),1995,1997,1996,1
img-742dd77997ce6ff91722,Porsche,911 Turbo,911 Turbo (1990),1990,1995,1992,2
img-73f3d573e73814dc5428,Porsche,911 Turbo,911 Turbo (1981),1981,1989,1985,1
img-43c959c1970194709cde,Porsche,911 Turbo,911 Turbo (1977),1977,1989,1983,2
img-948261924c0d882240c0,Porsche,911 Turbo,911 Turbo (1974),1974,1977,1975,1
img-7170636fc3ad4ace2b8f,Porsche,911 Turbo S,911 Turbo S Cabriolet (2020),2020,2025,2022,1
img-7b225f4f6726979bc12d,Porsche,911 Turbo S,911 Turbo S Cabriolet (2016),2016,2020,2018,1
img-928ee94df4524db1185b,Porsche,911 Turbo S,911 Turbo S Cabriolet (2013),2013,2016,2014,1
img-1fbecd80ed0c814586f1,Porsche,911 Turbo S,911 Turbo S Cabriolet (2010),2010,2011,2010,1
img-3dc5b8f90380ea0fd83e,Porsche,911 Turbo S,911 Turbo S Cabriolet (2004),2004,2006,2005,2
img-37de0d96c5834ceb7bd0,Porsche,911 Turbo S,911 Turbo S (2025),2025,,2025,1
img-6d3977b693bfc7b12b32,Porsche,911 Turbo S,911 Turbo S (2020),2020,2025,2022,1
img-fb52ce0f4d0936694bed,Porsche,911 Turbo S,911 Turbo S (2016),2016,2020,2018,1
img-14689d217a624dd1a2b6,Porsche,911 Turbo S,911 Turbo S (2013),2013,2016,2014,1
img-1178d438454c9e26a80c,Porsche,911 Turbo S,911 Turbo S (2010),2010,2011,2010,1
img-e277f1e050d37af046be,Porsche,911 Turbo S,911 Turbo S (2004),2004,2005,2004,2
img-1ac8335edaa3a3f54369,Porsche,918,918 (2013),2013,2015,2014,1
img-d4a24c00d91eb1ced2f1,Porsche,928,928 (1978),1978,1982,1980,1
img-8cc0f8285ab3f9cdeac0,Porsche,928 GT,928 GT (1989),1989,1991,1990,1
img-3f2d41fe940699b49d1c,Porsche,928 GTS,928 GTS (1992),1992,1995,1993,2
img-71f320ec2e9b6b03c900,Porsche,928 S,928 S (1986),1986,1991,1988,2
img-54a5697e271fc701dc8a,Porsche,928 S,928 S (1980),1980,1986,1983,1
img-7cc420fc36ea70492ab8,Porsche,944,944 (1981),1981,1990,1985,2
img-bc6e3a91c5512d4bab03,Porsche,944 S,944 S (1988),1988,1991,1989,1
img-15b15fffe117ac66bf8f,Porsche,944 S,944 S (1986),1986,1988,1987,1
img-b8dd3950125d90e809d8,Porsche,944 Turbo,944 Turbo (1985),1985,1990,1987,2
img-a9c804fc1c9f82a2d619,Porsche,959,959 (1987),1987,1988,1987,1
img-238b266547ac06aed91e,Porsche,968,968 (1992),1992,1995,1993,1
img-812bf82839069c1632cb,Porsche,968,968 (1991),1991,1995,1993,1
img-e842c06029b3e26b6bd0,Porsche,968,968 Cabriolet (1991),1991,1995,1993,1
img-f45150aad6bfafc78706,Porsche,968 Turbo S,968 Turbo S (1993),1993,1994,1993,1
img-0399d2089a7a923f25b1,Porsche,Boxster,Boxster (2012),2012,2016,2014,2
img-5416c51a2a95cbfdedcd,Porsche,Boxster,Boxster (2008),2008,2011,2009,2
img-c7139ecf292cd3efcd82,Porsche,Boxster,Boxster (2004),2004,2008,2006,4
img-e3c5b42cb07faff376f9,Porsche,Boxster,Boxster (2002),2002,2005,2003,2
img-1156fdae015acc0f1fd1,Porsche,Boxster,Boxster (1996),1996,2002,1999,4
img-74c410970ce7ac5e301a,Porsche,Boxster,Boxster Spyder (2015),2015,2019,2017,1
img-af392468c8c3841e5822,Porsche,Boxster,Boxster Spyder (2009),2009,2011,2010,1
img-23811e0f96ca3ca9ab6e,Porsche,Boxster S,Boxster S (2012),2012,2016,2014,2
img-bd2493092ada8b2419c0,Porsche,Boxster S,Boxster S (2008),2008,2011,2009,4
img-6e9e26b67dee29ed7560,Porsche,Boxster S,Boxster S (2004),2004,2008,2006,4
img-c6ace2fc94b14fd18dce,Porsche,Boxster S,Boxster S (2002),2002,2005,2003,2
img-32547e930176b035857b,Porsche,Boxster S,Boxster S (1999),1999,2002,2000,2
img-e6256e28e531866a93e9,Porsche,Carrera GT,Carrera GT (2003),2003,2006,2004,1
img-b81aaa2523f212c40487,Porsche,Cayenne,Cayenne (2023),2023,,2024,3
img-9ab7284672622d4acf9d,Porsche,Cayenne,Cayenne (2018),2018,2023,2020,1
img-9db835849c20fbe404bd,Porsche,Cayenne,Cayenne (2017),2017,2023,2020,1
img-9fd81570e9237055fbfd,Porsche,Cayenne,Cayenne (2015),2015,2017,2016,1
img-0930165a42728899b608,Porsche,Cayenne,Cayenne (2010),2010,2015,2012,2
img-49d153217747c5f2cffd,Porsche,Cayenne,Cayenne (2007),2007,2009,2008,2
img-482c7c2b4b26e626c7f6,Porsche,Cayenne,Cayenne (2002),2002,2007,2004,4
img-a5b18e62e9836a0de8f8,Porsche,Cayenne,Cayenne Coupe (2023),2023,,2024,2
img-3567cb4fde2d1821c9a5,Porsche,Cayenne,Cayenne Coupe (2019),2019,2023,2021,1
img-65b8564f7f0ecf7a5abb,Porsche,Cayenne Diesel,Cayenne Diesel (2014),2014,2017,2015,1
img-2c00f340b05d4b55a98f,Porsche,Cayenne Diesel,Cayenne Diesel (2010),2010,2014,2012,2
img-869459851f8887b28177,Porsche,Cayenne Diesel,Cayenne Diesel (2008),2008,2010,2009,1
img-927477c47a33073d03d2,Porsche,Cayenne Electric,Cayenne Electric (2026),2026,,2026,1
img-7a2900f03c13e9ea3b55,Porsche,Cayenne GTS,Cayenne GTS (2024),2024,,2025,1
img-28ad0a008947f2621863,Porsche,Cayenne GTS,Cayenne GTS (2020),2020,2024,2022,1
img-396e0314b33adb523371,Porsche,Cayenne GTS,Cayenne GTS (2014),2014,2018,2016,1
img-f279a2621e74a5cc9d6c,Porsche,Cayenne GTS,Cayenne GTS (2012),2012,2014,2013,1
img-81b8b099749a11274c5e,Porsche,Cayenne GTS,Cayenne GTS (2008),2008,2010,2009,2
img-c555f4df3c356c4e5732,Porsche,Cayenne GTS,Cayenne GTS Coupe (2020),2020,,2023,1
img-0d22fbee78ca3da4f936,Porsche,Cayenne S,Cayenne S (2023),2023,,2024,1
img-a657357d50951d05facf,Porsche,Cayenne S,Cayenne S (2017),2017,2023,2020,1
img-b356a55625798e10f4d6,Porsche,Cayenne S,Cayenne S (2014),2014,2017,2015,1
img-1446265fa0b7cffd4184,Porsche,Cayenne S,Cayenne S (2010),2010,2014,2012,2
img-b8e5db3a31d7f3ff5842,Porsche,Cayenne S,Cayenne S (2007),2007,2009,2008,2
img-fd7c9584202bebf2ed25,Porsche,Cayenne S,Cayenne S (2002),2002,2007,2004,2
img-31c2f8e62eee5e8bb708,Porsche,Cayenne S Diesel,Cayenne S Diesel (2014),2014,2017,2015,1
img-25d96f6d356570ca6872,Porsche,Cayenne S Diesel,Cayenne S Diesel (2012),2012,2014,2013,1
img-b0978e22bbac646dc009,Porsche,Cayenne S E-Hybrid,Cayenne S E-Hybrid (2014),2014,2019,2016,1
img-1d1e916ed0d94f6e5d0f,Porsche,Cayenne S Electric,Cayenne S Electric (2026),2026,,2026,1
img-fa8a18db185e90b31438,Porsche,Cayenne S Hybrid,Cayenne S Hybrid (2010),2010,2014,2012,1
img-3de5cae9fa8227334919,Porsche,Cayenne S TransSyberia,Cayenne S TransSyberia (2009),2009,2011,2010,1
img-fd88a86194e7b898e14c,Porsche,Cayenne Turbo,Cayenne Turbo (2017),2017,2023,2020,1
img-dcac5318cfccfa93488f,Porsche,Cayenne Turbo,Cayenne Turbo (2014),2014,2017,2015,1
img-28b3d6e66e40356ffb32,Porsche,Cayenne Turbo,Cayenne Turbo (2010),2010,2014,2012,1
img-47fbf70fee466cf64941,Porsche,Cayenne Turbo,Cayenne Turbo (2007),2007,2009,2008,1
img-0e7a82e27e7fa048309d,Porsche,Cayenne Turbo,Cayenne Turbo (2002),2002,2007,2004,1
img-9240813f7053179ec3db,Porsche,Cayenne Turbo,Cayenne Turbo Coupe (2019),2019,2023,2021,1
img-8464e5a20afb65ba7cfe,Porsche,Cayenne Turbo E-Hybrid,Cayenne Turbo E-Hybrid (2023),2023,,2024,1
img-3741f26be2287a55d02d,Porsche,Cayenne Turbo E-Hybrid,Cayenne Turbo E-Hybrid Coupe (2023),2023,,2024,1
img-ed142787929e3afe2e44,Porsche,Cayenne Turbo S,Cayenne Turbo S (2015),2015,2017,2016,1
img-554f36e7b52d06fab2c0,Porsche,Cayenne Turbo S,Cayenne Turbo S (2012),2012,2014,2013,1
img-1e9f065a1902af2b5467,Porsche,Cayenne Turbo S,Cayenne Turbo S (2008),2008,2009,2008,1
img-ccd6bf4384e5a2893db3,Porsche,Cayenne Turbo S,Cayenne Turbo S (2006),2006,2007,2006,1
img-792f23f7e6d821d7fab9,Porsche,Cayenne Turbo S E-Hybrid,Cayenne Turbo S E-Hybrid (2019),2019,2023,2021,1
img-662798c6a1331edeeba6,Porsche,Cayman,Cayman (2012),2012,2016,2014,2
img-62be498243082f35bec1,Porsche,Cayman,Cayman (2009),2009,2012,2010,2
img-cf476ffa0eb8ac290556,Porsche,Cayman,Cayman (2006),2006,2009,2007,2
img-97e2e4d48be55e7ef034,Porsche,Cayman R,Cayman R (2010),2010,2011,2010,2
img-6cb5ed2aef0bb0cb702d,Porsche,Cayman S,Cayman S (2012),2012,2016,2014,2
img-0ed94f3a20399522b910,Porsche,Cayman S,Cayman S (2009),2009,2012,2010,2
img-2b94e787291f22378574,Porsche,Cayman S,Cayman S (2005),2005,2008,2006,2
img-b30fecc4bdd943d4e98c,Porsche,Macan,Macan (2018),2018,2024,2021,2
img-2d8c3ca56f1bf7cecf38,Porsche,Macan,Macan (2014),2014,2018,2016,1
img-b2ddcfb1c2142a339b5b,Porsche,Macan 4 Electric,Macan 4 Electric (2024),2024,,2025,1
img-b31adfd240efc9dfbf0c,Porsche,Macan GTS,Macan GTS (2025),2025,,2025,1
img-f9186514df1cdaf359f0,Porsche,Macan GTS,Macan GTS (2021),2021,2025,2023,1
img-a39b93714bfd906d77a8,Porsche,Macan GTS,Macan GTS (2019),2019,2021,2020,1
img-411b1bc5a698e1d19770,Porsche,Macan GTS,Macan GTS (2015),2015,2019,2017,1
img-824298245ad1ff7f6874,Porsche,Macan S,Macan S (2021),2021,,2023,1
img-d09d6f6582d800c26253,Porsche,Macan S,Macan S (2018),2018,2021,2019,1
img-c438904562895544ae27,Porsche,Macan S,Macan S (2014),2014,2018,2016,2
img-6f170bafb43993fecfa0,Porsche,Macan S Diesel,Macan S Diesel (2014),2014,2018,2016,1
img-410f298fe30b45a3900d,Porsche,Macan T,Macan T (2022),2022,,2024,1
img-b7b038ebe8856224e243,Porsche,Macan Turbo,Macan Turbo (2019),2019,2021,2020,1
img-5e098b94fd9b27857dfa,Porsche,Macan Turbo,Macan Turbo (2014),2014,2019,2016,1
img-ad9231c5671b965f6a6a,Porsche,Macan Turbo Electric,Macan Turbo Electric (2024),2024,,2025,1
img-80a0753044223f6461aa,Porsche,Panamera,Panamera (2020),2020,2023,2021,1
img-ba297913a332b3fcacde,Porsche,Panamera,Panamera (2016),2016,2020,2018,1
img-9d30b8398f50df2524c9,Porsche,Panamera,Panamera (2013),2013,2016,2014,1
img-5900426b74097bf96754,Porsche,Panamera,Panamera (2009),2009,2013,2011,2
img-c781f1277001f4619789,Porsche,Panamera 4,Panamera 4 (2023),2023,,2024,1
img-55a86f19ab6b4b2281ad,Porsche,Panamera 4,Panamera 4 (2020),2020,2023,2021,1
img-8ea389d2f0e9e3055081,Porsche,Panamera 4,Panamera 4 (2016),2016,2020,2018,1
img-4f6d01020a7918977ffe,Porsche,Panamera 4,Panamera 4 (2013),2013,2016,2014,1
img-31cd6046b4ea00cec8cb,Porsche,Panamera 4,Panamera 4 (2009),2009,2013,2011,1
img-642646bdd330ab86f69d,Porsche,Panamera 4 E-Hybrid,Panamera 4 E-Hybrid (2016),2016,2020,2018,1
img-a98a6ad710789e02cd19,Porsche,Panamera 4 E-Hybrid Sport Turismo,Panamera 4 E-Hybrid Sport Turismo (2017),2017,2020,2018,1
img-58ddea5ece3358c74109,Porsche,Panamera 4 Sport Turismo,Panamera 4 Sport Turismo (2017),2017,2020,2018,1
img-ec766b2841fc6a5296fe,Porsche,Panamera 4S,Panamera 4S (2016),2016,2020,2018,1
img-67ee1df40340c4d00623,Porsche,Panamera 4S,Panamera 4S (2013),2013,2016,2014,1
img-50df778488870b99a290,Porsche,Panamera 4S,Panamera 4S (2009),2009,2013,2011,1
img-28057c7b13aaad80a657,Porsche,Panamera 4S Diesel,Panamera 4S Diesel (2016),2016,2020,2018,1
img-3bc20a6b8e337f0c312d,Porsche,Panamera 4S Diesel Sport Turismo,Panamera 4S Diesel Sport Turismo (2017),2017,2020,2018,1
img-6f824a54eb62d830f1f6,Porsche,Panamera 4S E-Hybrid,Panamera 4S E-Hybrid (2020),2020,,2023,2
img-4ceaac7d97529d3afa37,Porsche,Panamera 4S Sport Turismo,Panamera 4S Sport Turismo (2017),2017,2020,2018,1
img-2de8da1a24c935c9a0ee,Porsche,Panamera Diesel,Panamera Diesel (2013),2013,2016,2014,1
img-9c9bf0bf32d45dc2f54f,Porsche,Panamera Diesel,Panamera Diesel (2011),2011,2013,2012,1
img-ce69814dae9a2a6d7f05,Porsche,Panamera GTS,Panamera GTS (2020),2020,,2023,1
img-736c1f53428ca5f39edd,Porsche,Panamera GTS,Panamera GTS (2018),2018,2020,2019,1
img-c023da41a6160f2c1550,Porsche,Panamera GTS,Panamera GTS (2013),2013,2016,2014,1
img-cfc74d90ae43434c76c6,Porsche,Panamera GTS,Panamera GTS (2011),2011,2013,2012,1
img-486fd6d875b2d9d4e3d0,Porsche,Panamera GTS Sport Turismo,Panamera GTS Sport Turismo (2020),2020,,2023,1
img-1c122e0e218564d9be28,Porsche,Panamera GTS Sport Turismo,Panamera GTS Sport Turismo (2018),2018,2020,2019,1
img-554446b9b496465736b8,Porsche,Panamera S,Panamera S (2013),2013,2016,2014,1
img-2c530b956a9a2a6e67f1,Porsche,Panamera S,Panamera S (2009),2009,2013,2011,2
img-32f4d90edd7d6323129b,Porsche,Panamera S E-Hybrid,Panamera S E-Hybrid (2013),2013,2016,2014,1
img-4968c4dcc58a1ce66409,Porsche,Panamera S Hybrid,Panamera S Hybrid (2011),2011,2013,2012,1
img-14d6736d7244593a852b,Porsche,Panamera Turbo,Panamera Turbo (2016),2016,2020,2018,1
img-bacd9bc1b16d35bfa7ba,Porsche,Panamera Turbo,Panamera Turbo (2013),2013,2016,2014,1
img-bf8ad6d93cea386b52f6,Porsche,Panamera Turbo,Panamera Turbo (2009),2009,2013,2011,1
img-0bc6c424eb4109ae5a71,Porsche,Panamera Turbo E Hybrid,Panamera Turbo E Hybrid (2023),2023,,2024,1
img-87738a7841c0b797d538,Porsche,Panamera Turbo S,Panamera Turbo S (2020),2020,,2023,1
img-ac426c8a90911d5afc77,Porsche,Panamera Turbo S,Panamera Turbo S (2013),2013,2016,2014,1
img-21f0a705f81f859cbc68,Porsche,Panamera Turbo S,Panamera Turbo S (2011),2011,2013,2012,1
img-4c611d65d8a85c6b0f6d,Porsche,Panamera Turbo S E-Hybrid,Panamera Turbo S E-Hybrid (2017),2017,2020,2018,1
img-84afa55ddf41434310da,Porsche,Panamera Turbo S E-Hybrid Sport Turismo,Panamera Turbo S E-Hybrid Sport Turismo (2017),2017,2023,2020,1
img-1c3ead4dae1974ee1f66,Porsche,Panamera Turbo S Sport Turismo,Panamera Turbo S Sport Turismo (2020),2020,,2023,1
img-16b3648c0c95f2d37a6c,Porsche,Panamera Turbo Sport Turismo,Panamera Turbo Sport Turismo (2017),2017,2020,2018,1
img-f03a15814f828813416e,Porsche,Speedster,Speedster (2019),2019,2019,2019,1
img-08100176cca9874d6324,Porsche,Taycan,Taycan (2024),2024,,2025,3
img-1e2834fcea154582a5b7,Porsche,Taycan,Taycan (2021),2021,2024,2022,2
img-dd93da14d945d1c8cb62,Porsche,Taycan,Taycan (2019),2019,2024,2021,2
img-8745e1cb7e671dab09f6,Porsche,Taycan Cross Turismo,Taycan Cross Turismo (2024),2024,,2025,4
img-63794de1afb3305be53a,Porsche,Taycan Cross Turismo,Taycan Cross Turismo (2021),2021,2024,2022,4
img-dee1195a348f1f14165a,Porsche,Taycan GTS,Taycan GTS (2024),2024,,2025,1
img-c251afb29aee632977d8,Porsche,Taycan GTS,Taycan GTS (2021),2021,2024,2022,1
img-747725743b8f2f58c20e,Porsche,Taycan GTS Sport Turismo,Taycan GTS Sport Turismo (2021),2021,,2023,1
img-f5a973f71c606ac2d04c,Porsche,Taycan Sport Turismo,Taycan Sport Turismo (2024),2024,,2025,1
img-cd3dd995e52c821216d5,Porsche,Taycan Turbo,Taycan Turbo (2024),2024,,2025,2
img-f0bdc94d000164bec2db,Porsche,Taycan Turbo,Taycan Turbo (2019),2019,2024,2021,2
img-f3394df204e76bb07a55,Proton,Arena / Jumbuck,Arena / Jumbuck (2002),2002,2011,2006,1
img-fddb59c9636b15b1708c,Proton,Ertiga,Ertiga (2016),2016,2018,2017,2
img-633c64677ce8465049a1,Proton,Exora,Exora (2012),2012,2019,2015,3
img-dd1c6716d6294d9c2f42,Proton,Exora,Exora (2009),2009,2012,2010,2
img-e2e956eed3a904717405,Proton,Gen-2,Gen-2 (2004),2004,2013,2008,3
img-748f9e12d9a5624e0384,Proton,Inspira,Inspira (2010),2010,2015,2012,3
img-f1dd66c280ad171d1bc0,Proton,Iriz,Iriz (2014),2014,2017,2015,3
img-d093001cb7e00f1b6b84,Proton,Perdana,Perdana (2016),2016,2020,2018,2
img-2a0adcaa9cdaef9122bd,Proton,Persona,Persona (2016),2016,2019,2017,2
img-551309df64e2b7b3cb16,Proton,Persona,Persona (2007),2007,2016,2011,2
img-a2eaa591c40ff7f22794,Proton,Preve,Preve (2011),2011,2018,2014,3
img-008ecceb397393de66f7,Proton,Saga,Saga (2016),2016,2019,2017,2
img-7282399c01d18cbe685f,Proton,Saga,Saga (2011),2011,2016,2013,2
img-67686819722bd2341c33,Proton,Satria Neo,Satria Neo (2006),2006,2015,2010,2
img-ec4093e32f0e4605392c,Proton,Savvy,Savvy (2005),2005,2012,2008,2
img-fa0a92d4bc6521c7d77b,Proton,Suprima S,Suprima S (2013),2013,2019,2016,1
img-ecda312fa7450b6a4695,Proton,Waja / Impian,Waja / Impian (2001),2001,2011,2006,7
img-241676b010447ee48978,Qoros,3,3 (2015),2015,2020,2017,2
img-f182c588859d21a7948e,Qoros,3,3 (2014),2014,2020,2017,3
img-3c5c844c178da361348b,Qoros,3,3 (2013),2013,2020,2016,4
img-fd35af86e745cb0efc37,Qoros,5,5 (2016),2016,2020,2018,1
img-144c8ee6c7b0f9af6c87,Ram,Trucks 1500,Trucks 1500 (2026),2026,,2026,1
img-f6c450057cd9e14d72fc,Ram,Trucks 1500,Trucks 1500 (2024),2024,,2025,3
img-ff79ceb4f9e95bf6a05e,Ram,Trucks 1500,Trucks 1500 (2023),2023,,2024,2
img-1637b85033b63d17a10e,Ram,Trucks 1500,Trucks 1500 (2020),2020,2025,2022,1
img-e5c4429f2360727f23f3,Ram,Trucks 1500,Trucks 1500 (2018),2018,,2022,8
img-1ce4ae9b9c4b43213993,Ram,Trucks 1500,Trucks 1500 (2015),2015,2024,2019,24
img-f4148d5ae8662689a94c,Ram,Trucks 1500,Trucks 1500 (2013),2013,2015,2014,18
img-be6cdf1dfec388de849c,Ram,Trucks 2500,Trucks 2500 (2016),2016,2025,2020,28
img-6a5391724c9c7c2d3a8a,Ram,Trucks 2500,Trucks 2500 (2013),2013,2016,2014,12
img-562ab4b61444ae9bcebe,Ram,Trucks 3500,Trucks 3500 (2016),2016,2025,2020,24
img-9b9fca78afe4d06fbf0c,Ram,Trucks 3500,Trucks 3500 (2013),2013,2016,2014,12
img-16d60961a5b6decd85aa,Renault,11,11 (1983),1983,1986,1984,14
img-67e8c44f85623ca7c59d,Renault,12,12 (1970),1970,1974,1972,1
img-c52898b02e1cbc6341ea,Renault,12,12 (1969),1969,1980,1974,5
img-700772d0c97476bdec72,Renault,14,14 (1976),1976,1983,1979,2
img-b9c179a105a751b28bb0,Renault,16,16 (1965),1965,1980,1972,4
img-138431b9932af761cca8,Renault,18,18 (1979),1979,1984,1981,2
img-574b06a15a2857b5d276,Renault,18,18 (1978),1978,1984,1981,7
img-2dd19d2f2fdc0e636186,Renault,19,19 (1992),1992,1995,1993,35
img-30f83f024492666cac33,Renault,19,19 (1989),1989,1992,1990,9
img-6e88447453044a4e829b,Renault,19,19 (1988),1988,1992,1990,22
img-59a7c719772293906317,Renault,20,20 (1975),1975,1984,1979,6
img-c40bdfff916a13366474,Renault,21,21 (1989),1989,1994,1991,19
img-5feb509f0e0bc93fef1f,Renault,21,21 (1987),1987,1989,1988,5
img-4df28473c66836833acf,Renault,21,21 (1986),1986,1989,1987,6
img-229cd5f838b3f4d3a16b,Renault,25,25 (1988),1988,1992,1990,9
img-2e98020a2c41595be240,Renault,25,25 (1984),1984,1988,1986,9
img-d38e570241fce3fe85c8,Renault,30,30 (1979),1979,1984,1981,7
img-63ee9b5c075beb418ef2,Renault,4 E-Tech,4 E-Tech (2025),2025,,2025,2
img-e9f3fe0973ee8c6f7519,Renault,5,5 (1980),1980,1984,1982,1
img-5f4b7625d35560b0ea19,Renault,5,5 (1972),1972,1984,1978,11
img-b6126569a561dfac21b2,Renault,5 E-Tech,5 E-Tech (2024),2024,,2025,2
img-00c75889b0205dd2c4ef,Renault,8,8 (1964),1964,1970,1967,2
img-42fc9948dd116fcfb99d,Renault,8,8 (1962),1962,1971,1966,2
img-1e657a0fc318a82b9b4c,Renault,9,9 (1986),1986,1988,1987,4
img-baae8b2c70f884628d42,Renault,9,9 (1981),1981,1986,1983,6
img-e91ee6c7d6b85a01287b,Renault,Alaskan,Alaskan (2016),2016,2025,2020,3
img-3197243d48c30d62166f,Renault,Alpine,Alpine (1991),1991,1994,1992,1
img-11c6981616644cc725ed,Renault,Alpine,Alpine (1977),1977,1985,1981,1
img-e881616107716050ad80,Renault,Arkana,Arkana (2023),2023,,2024,3
img-ced23126542426c4e3e7,Renault,Arkana,Arkana (2021),2021,2023,2022,2
img-9293559ebfbb4eb10c43,Renault,Arkana,Arkana (2019),2019,2023,2021,4
img-e21c8bc1432806f2b8ba,Renault,Austral,Austral (2025),2025,,2025,2
img-175783d85cb10590ba75,Renault,Austral,Austral (2022),2022,2025,2023,5
img-646ab49326c2909a7d01,Renault,Avantime,Avantime (2001),2001,2003,2002,5
img-980ad05ab02938e5b47d,Renault,Captur,Captur (2024),2024,,2025,6
img-af94459ab1b11e8cd9cc,Renault,Captur,Captur (2019),2019,2024,2021,13
img-40e84ac66893150e0af0,Renault,Captur,Captur (2017),2017,2019,2018,6
img-ef33feab20efdf1f5c0f,Renault,Captur,Captur (2013),2013,2017,2015,6
img-56aa2996e6ea9f39713d,Renault,City K-ZE,City K-ZE (2019),2019,,2022,1
img-985b0a8c5d6e3e99614c,Renault,Clio,Clio 5 Doors (2025),2025,,2025,2
img-6bdaef516acf0b5e1601,Renault,Clio,Clio 5 Doors (2023),2023,2025,2024,5
img-57454ff4944c9ef03288,Renault,Clio,Clio 5 Doors (2019),2019,2023,2021,7
img-1755aa837b1f414987ac,Renault,Clio,Clio 5 Doors (2016),2016,2019,2017,9
img-92ea964f316c8677a6c4,Renault,Clio,Clio 5 Doors (2013),2013,2016,2014,1
img-838976217b4a59771290,Renault,Clio,Clio 5 Doors (2012),2012,2016,2014,9
img-b4d7dff96068ae48dea1,Renault,Clio,Clio 5 Doors (2009),2009,2012,2010,7
img-0cf534d8466a720dfe7d,Renault,Clio,Clio 5 Doors (2006),2006,2009,2007,11
img-4a28320a3ff66685ebdf,Renault,Clio,Clio 5 Doors (2001),2001,2006,2003,10
img-4c77a65f00f6f059dc05,Renault,Clio,Clio 5 Doors (1990),1990,1996,1993,6
img-46a780b85b41a946ea30,Renault,Clio,Clio 3 Doors (2009),2009,2012,2010,10
img-3eef8df81ac69ebb95a0,Renault,Clio,Clio 3 Doors (2006),2006,2009,2007,10
img-6320d3ac2e254a4aee52,Renault,Clio,Clio 3 Doors (2003),2003,2005,2004,1
img-b851f41ecdd420877025,Renault,Clio,Clio 3 Doors (2001),2001,2006,2003,13
img-978954cfdedf9acda521,Renault,Clio,Clio 3 Doors (1993),1993,1996,1994,2
img-f0e7b6a04b61896d9b4b,Renault,Clio,Clio 3 Doors (1990),1990,1996,1993,8
img-6b3cf42de66f91984fa2,Renault,Clio,Clio Estate (2016),2016,2019,2017,9
img-63b7fb58f2853112f8fd,Renault,Clio,Clio Estate (2013),2013,2016,2014,8
img-cf73196935208b40e0bd,Renault,Clio,Clio Estate (2009),2009,2012,2010,8
img-18bb78831d295b756b08,Renault,Clio RS,Clio RS (2013),2013,2016,2014,1
img-f47d3f9faff8d1602488,Renault,Clio Symbol / Thalia,Clio Symbol / Thalia (2008),2008,2013,2010,8
img-cb36b0f7ce87f00a0d59,Renault,Clio Symbol / Thalia,Clio Symbol / Thalia (2002),2002,2006,2004,6
img-be7090e32bc4e88009a6,Renault,Clio Symbol / Thalia,Clio Symbol / Thalia (2000),2000,2002,2001,6
img-82f715d4a6fe960d97ff,Renault,Duster OROCH,Duster OROCH (2015),2015,2022,2018,6
img-37e015a3bba30c83531c,Renault,Espace,Espace (2025),2025,,2025,2
img-ec7792de91440032caae,Renault,Espace,Espace (2023),2023,2025,2024,1
img-434900f338f93cb96254,Renault,Espace,Espace (2019),2019,2023,2021,6
img-a7511e6781b1586de9d6,Renault,Espace,Espace (2014),2014,2019,2016,7
img-18ac8261daebfb4a9835,Renault,Espace,Espace (2006),2006,2014,2010,21
img-64be90b41be7b4218ba4,Renault,Espace,Espace (2002),2002,2006,2004,11
img-8ca4ed719e727d4f5d70,Renault,Espace,Espace (1998),1998,2002,2000,5
img-5858e3c301fe54ebd0de,Renault,Espace,Espace (1997),1997,2002,1999,7
img-8ec3123bfa85e0c469f5,Renault,Espace,Espace (1991),1991,1997,1994,3
img-b596562470cc4104e2a1,Renault,Espace,Espace (1985),1985,1991,1988,5
img-adbb9617a6990a2f2cb1,Renault,Filante,Filante (2026),2026,,2026,1
img-72a6958c3ee7714e3abc,Renault,Fluence,Fluence (2013),2013,2016,2014,7
img-72cc3297aad299e6ba0d,Renault,Fluence,Fluence (2009),2009,2014,2011,10
img-ef88facef73023f7bd95,Renault,Fuego,Fuego (1980),1980,1985,1982,4
img-9381927e575fd14bd9c3,Renault,Grand Kangoo,Grand Kangoo (2023),2023,,2024,1
img-14a4433720b7edd55014,Renault,Grand Modus,Grand Modus (2008),2008,2012,2010,6
img-c8b78dd9c0a8ed3c83a4,Renault,Grand Scenic,Grand Scenic (2016),2016,2022,2019,7
img-b2fb36da2f2325f23dd9,Renault,Grand Scenic,Grand Scenic (2013),2013,2016,2014,5
img-8997245b0990a1d128ab,Renault,Grand Scenic,Grand Scenic (2009),2009,2013,2011,12
img-1a2cfb686e7c1c70705f,Renault,Grand Scenic,Grand Scenic (2006),2006,2009,2007,6
img-5f5b340741731209335b,Renault,Grand Scenic,Grand Scenic (2003),2003,2006,2004,8
img-81a317f93138d6543b11,Renault,Kadjar,Kadjar (2018),2018,2020,2019,8
img-c37c91fa4922c4f4279c,Renault,Kadjar,Kadjar (2015),2015,2018,2016,5
img-dcdff5fa52b3c20de474,Renault,Kangoo,Kangoo (2020),2020,,2023,6
img-baf3bc3b08c72ab19eb4,Renault,Kangoo,Kangoo (2008),2008,2020,2014,4
img-69a767bcc3bf3be4a5a7,Renault,Kangoo,Kangoo (2006),2006,2013,2009,1
img-734d2cb32bffdfe55946,Renault,Kangoo,Kangoo (2005),2005,2008,2006,5
img-1cc0798a246fc55429ac,Renault,Kangoo,Kangoo (2003),2003,2005,2004,6
img-0832dbcfb884f7218bec,Renault,Kangoo,Kangoo (2001),2001,2003,2002,2
img-c7188d2b795e9ccb6134,Renault,Kangoo,Kangoo (1997),1997,2003,2000,8
img-25b3cc8e5f7a19c046ee,Renault,Kardian,Kardian (2023),2023,,2024,1
img-8815b813158bfe88e124,Renault,Kiger,Kiger (2025),2025,,2025,4
img-8719aef070cd1f09e8bf,Renault,Kiger,Kiger (2021),2021,2025,2023,4
img-66bacd6a50c1b03057a9,Renault,Koleos,Koleos (2019),2019,2025,2022,2
img-1add56fd21bfcdbd7e7f,Renault,Koleos,Koleos (2016),2016,2019,2017,7
img-26e488d2a8123104e6f1,Renault,Koleos,Koleos (2013),2013,2017,2015,7
img-597bcc63237cac7b70ac,Renault,Koleos,Koleos (2011),2011,2013,2012,8
img-615289f2ec3a240992b3,Renault,Koleos,Koleos (2007),2007,2011,2009,6
img-ac802c393500ef902b77,Renault,Kwid,Kwid (2015),2015,2019,2017,2
img-57d1ec25798dc7f47921,Renault,Laguna,Laguna (2010),2010,2016,2013,6
img-00a0e7c8ac9599bff5b3,Renault,Laguna,Laguna (2007),2007,2010,2008,10
img-6c35c790e29f5e01b0b9,Renault,Laguna,Laguna (2005),2005,2007,2006,12
img-5a1a83159c112ed31df7,Renault,Laguna,Laguna (2001),2001,2005,2003,9
img-176da3ca78a272793d23,Renault,Laguna,Laguna (1998),1998,2001,1999,9
img-49c5717a27ce1fbbb88b,Renault,Laguna,Laguna (1994),1994,1998,1996,7
img-1592d902aeea4a7528ce,Renault,Laguna,Laguna Coupe (2008),2008,2015,2011,9
img-fe49c3038e322b355199,Renault,Laguna,Laguna Estate (2010),2010,2016,2013,6
img-f5d4165d222e0a4c94f0,Renault,Laguna,Laguna Estate (2007),2007,2010,2008,10
img-c95eab06f1662bc73864,Renault,Laguna,Laguna Estate (2005),2005,2007,2006,12
img-54c4517d1dff5f447656,Renault,Laguna,Laguna Estate (2001),2001,2005,2003,9
img-030d33938eb8b094b498,Renault,Laguna,Laguna Estate (1998),1998,2001,1999,9
img-3cb33a5a2c18be42afea,Renault,Laguna,Laguna Estate (1995),1995,1998,1996,5
img-d3ab1c363a2bfb1cec02,Renault,Latitude,Latitude (2010),2010,2015,2012,9
img-dcdf8eb53cb3194e3239,Renault,Logan,Logan (2014),2014,2022,2018,2
img-ab99f6cb4726972a38f9,Renault,Megane,Megane Sedan (2020),2020,,2023,3
img-e4c3e6042534a9dad3ae,Renault,Megane,Megane Sedan (2016),2016,2020,2018,7
img-30d22222b8694285e00d,Renault,Megane,Megane Sedan (2006),2006,2009,2007,7
img-dee23ca789bde3d1d23d,Renault,Megane,Megane Sedan (2003),2003,2006,2004,10
img-95f1ef97d90597e9bb1d,Renault,Megane,Megane Sedan (1999),1999,2003,2001,8
img-ff5b66688ed1bfafe914,Renault,Megane,Megane Sedan (1996),1996,1999,1997,6
img-dd80ed24b25501b8d0d8,Renault,Megane,Megane 5 Doors (2020),2020,,2023,12
img-0655fa60659a2e8de8d0,Renault,Megane,Megane 5 Doors (2018),2018,2020,2019,4
img-6fc03a83ac94ba70f81b,Renault,Megane,Megane 5 Doors (2017),2017,2020,2018,1
img-f6974cd7a8872b6303f4,Renault,Megane,Megane 5 Doors (2015),2015,2020,2017,11
img-4f84647e174b1621a2d1,Renault,Megane,Megane 5 Doors (2014),2014,2015,2014,10
img-4cd7be6618f33f4a21ce,Renault,Megane,Megane 5 Doors (2013),2013,2015,2014,1
img-93289a1e83880242b163,Renault,Megane,Megane 5 Doors (2008),2008,2014,2011,17
img-00794a6cdd3bdb881b33,Renault,Megane,Megane 5 Doors (2006),2006,2008,2007,11
img-a31783c232068f41bf46,Renault,Megane,Megane 5 Doors (2004),2004,2006,2005,1
img-95125278179f625ee922,Renault,Megane,Megane 5 Doors (2002),2002,2006,2004,11
img-0bd81fbba01be7a87b61,Renault,Megane,Megane 5 Doors (1999),1999,2002,2000,8
img-d8f56b30781c7800b1e2,Renault,Megane,Megane 5 Doors (1996),1996,1999,1997,8
img-8cfe42acc9444bf6a6f0,Renault,Megane,Megane Cabriolet (2014),2014,2016,2015,5
img-6ff765bd588743768bc5,Renault,Megane,Megane Cabriolet (2010),2010,2013,2011,10
img-255b13ec9e3f63396b8b,Renault,Megane,Megane Cabriolet (2006),2006,2010,2008,6
img-745163076a200a5e11c2,Renault,Megane,Megane Cabriolet (2003),2003,2006,2004,5
img-98f48fab314804fadf10,Renault,Megane,Megane Cabriolet (1999),1999,2003,2001,4
img-6dff67815fc11f80e184,Renault,Megane,Megane Cabriolet (1997),1997,1999,1998,5
img-4cd0fef8d63e78c84693,Renault,Megane,Megane Coupe (2014),2014,2017,2015,2
img-9d6d85c7cf02461d4a1b,Renault,Megane,Megane Coupe (2013),2013,2015,2014,2
img-10fab220417a610b317a,Renault,Megane,Megane Coupe (2010),2010,2013,2011,1
img-09df378f9121ffcd40f8,Renault,Megane,Megane Coupe (2009),2009,2013,2011,2
img-488c23f72c9e320d4be5,Renault,Megane,Megane Coupe (2008),2008,2015,2011,15
img-03146cf8c4ed22e6288e,Renault,Megane,Megane Coupe (2006),2006,2008,2007,12
img-17574e802722faf6baba,Renault,Megane,Megane Coupe (2004),2004,2006,2005,1
img-c87cc46606c098accd19,Renault,Megane,Megane Coupe (2002),2002,2006,2004,11
img-5aa39a3018d29c385b0e,Renault,Megane,Megane Coupe (1999),1999,2002,2000,6
img-a4a064a9994a9e157633,Renault,Megane,Megane Coupe (1996),1996,1999,1997,4
img-966401f4ae55178245cb,Renault,Megane,Megane Estate (2020),2020,2024,2022,10
img-80335d3249dd242171bf,Renault,Megane,Megane Estate (2016),2016,2020,2018,12
img-3283aec32dda4d99c65a,Renault,Megane,Megane Estate (2014),2014,2016,2015,10
img-ccea527a81e820911589,Renault,Megane,Megane Estate (2009),2009,2014,2011,14
img-e0c468bb9f14baa3bcd1,Renault,Megane,Megane Estate (2006),2006,2009,2007,7
img-3ca1893a696217468f5c,Renault,Megane,Megane Estate (2003),2003,2006,2004,9
img-e2fff0852341daf8e394,Renault,Megane,Megane Estate (1999),1999,2003,2001,9
img-a512f38147e2da8fd9cb,Renault,Megane E-Tech,Megane E-Tech (2021),2021,,2023,2
img-939e8a13107f2dbf74aa,Renault,Modus,Modus (2008),2008,2012,2010,6
img-5db1ccb3858397dc1fe1,Renault,Modus,Modus (2005),2005,2008,2006,9
img-3b0ebd4a3ca628e6c765,Renault,Pulse,Pulse (2011),2011,2017,2014,2
img-5ab0c013dda3c9cddd67,Renault,Rafale,Rafale (2023),2023,,2024,2
img-5045bc65f3c0a71c811a,Renault,Safrane,Safrane (1996),1996,2000,1998,5
img-5c2543647dabf56d96ba,Renault,Safrane,Safrane (1992),1992,1996,1994,8
img-dc764e3823aa45e37c70,Renault,Sandero,Sandero (2019),2019,2025,2022,3
img-fb553052b205b6b22c1f,Renault,Sandero,Sandero (2007),2007,2012,2009,2
img-f6c9afe8a96e86fbd837,Renault,Sandero GT,Sandero GT (2012),2012,2015,2013,1
img-5bcc4cd0c795476aaa79,Renault,Scala,Scala (2012),2012,2017,2014,3
img-14880bc243339e6628e5,Renault,Scenic,Scenic (2023),2023,,2024,2
img-71c6081a3fe71c031dcd,Renault,Scenic,Scenic (2016),2016,2022,2019,11
img-8a04fb347a4a733dd1b7,Renault,Scenic,Scenic (2012),2012,2016,2014,6
img-50dff89bee64c94404f1,Renault,Scenic,Scenic (2009),2009,2013,2011,14
img-b34ea5aaa9e78c770c28,Renault,Scenic,Scenic (2003),2003,2009,2006,9
img-3d083f82330bd3f851a0,Renault,Scenic,Scenic (2000),2000,2003,2001,2
img-e88d0043724176cd7810,Renault,Scenic,Scenic (1999),1999,2003,2001,8
img-6240d2f8fcfd7e77fa1d,Renault,Scenic,Scenic (1995),1995,1999,1997,7
img-9537a726ce245be90f5b,Renault,SCENIC XMOD,SCENIC XMOD (2013),2013,2016,2014,6
img-b7fd499a5b14ce86c07c,Renault,Spider,Spider (1996),1996,1998,1997,1
img-2ffb721d7996c4f0bb97,Renault,Symbioz,Symbioz (2024),2024,,2025,1
img-7dc43687d837dedc37e9,Renault,Talisman,Talisman (2019),2019,2022,2020,6
img-1f1b12753fbb122d617d,Renault,Talisman,Talisman (2016),2016,2019,2017,8
img-08bd7af18101efdd902f,Renault,Talisman,Talisman Estate (2019),2019,2022,2020,6
img-b0201e759669ceac714a,Renault,Talisman,Talisman Estate (2016),2016,2019,2017,12
img-396b5a958d580b879ad7,Renault,Triber,Triber (2019),2019,2025,2022,2
img-c23b08903849d53d03f1,Renault,Twingo,Twingo (2025),2025,,2025,1
img-14369f922b517e28daac,Renault,Twingo,Twingo (2019),2019,2024,2021,5
img-d15bf2567be346a7e634,Renault,Twingo,Twingo (2016),2016,2019,2017,1
img-39db06426cafda6412ea,Renault,Twingo,Twingo (2014),2014,2024,2019,4
img-37e54514a3a0d333872e,Renault,Twingo,Twingo (2011),2011,2014,2012,6
img-2ae707122d696cd0841b,Renault,Twingo,Twingo (2007),2007,2012,2009,5
img-019831b8c3d9a17efa4a,Renault,Twingo RS,Twingo RS (2011),2011,2013,2012,1
img-f02a03c318229fda4ce2,Renault,Twingo RS,Twingo RS (2008),2008,2011,2009,1
img-764eaa818c09b43fa70d,Renault,Twizy,Twizy (2012),2012,2023,2017,2
img-60feab1c5ec3f276d0b0,Renault,Vel Satis,Vel Satis (2005),2005,2009,2007,6
img-22854537a9e8e47cccb0,Renault,Vel Satis,Vel Satis (2002),2002,2005,2003,4
img-c948f2c2d0881b4fa608,Renault,Wind,Wind (2010),2010,2013,2011,2
img-569564b539c3ce8c4bed,Renault,ZOE,ZOE (2019),2019,2024,2021,2
img-6864338be5395fe1dcb1,Renault,ZOE,ZOE (2013),2013,2019,2016,2
img-9142d3c381b8cbeb0139,Rimac,Nevera,Nevera (2024),2024,,2025,1
img-22f59f58a27f2a6c998f,Rimac,Nevera,Nevera (2021),2021,,2023,1
img-174a680836c1e19250db,Rivian,R1S,R1S (2021),2021,,2023,4
img-ffb10281437e373d77b3,Rivian,R1T,R1T (2021),2021,,2023,3
img-dd8b389878fefc6dfc37,Rolls-Royce,Camargue,Camargue (1975),1975,1986,1980,1
img-26aaba28b1e672649d76,Rolls-Royce,Corniche,Corniche (2000),2000,2003,2001,1
img-02b95179a73dd62dd912,Rolls-Royce,Corniche,Corniche (1971),1971,1996,1983,1
img-31437d5fda6653ca91cf,Rolls-Royce,Cullinan,Cullinan (2024),2024,,2025,1
img-70c0c6e3daafab1113b0,Rolls-Royce,Cullinan,Cullinan (2018),2018,2024,2021,1
img-a6f3c6e357f8ff11979c,Rolls-Royce,Dawn,Dawn (2016),2016,2023,2019,2
img-2e173476b334fa95b41a,Rolls-Royce,Flying Spur,Flying Spur (1994),1994,1995,1994,1
img-9538862f04267d6393b5,Rolls-Royce,Ghost,Ghost (2020),2020,,2023,3
img-925cf72a794af6c5b022,Rolls-Royce,Ghost,Ghost (2014),2014,2020,2017,2
img-80b160bf48c42c48d11c,Rolls-Royce,Ghost,Ghost (2009),2009,2014,2011,2
img-4ad6362212c39c95fdc7,Rolls-Royce,Park Ward,Park Ward (2000),2000,2002,2001,1
img-e34811b03a2c2548a274,Rolls-Royce,Park Ward,Park Ward (1995),1995,1998,1996,1
img-b7845cc0c9fb331b6243,Rolls-Royce,Phantom,Phantom (2017),2017,2022,2019,1
img-6a22ec6fc87b06b2cd66,Rolls-Royce,Phantom,Phantom (2012),2012,2017,2014,2
img-a3f1583a579b8e980e56,Rolls-Royce,Phantom,Phantom (2009),2009,2012,2010,1
img-4e7bbae3b909211d840e,Rolls-Royce,Phantom,Phantom (2008),2008,2012,2010,1
img-6772543c712320b4872f,Rolls-Royce,Phantom,Phantom (2007),2007,2016,2011,1
img-c1126de3b30bdac4b938,Rolls-Royce,Phantom,Phantom (2005),2005,2009,2007,1
img-c827542c8a139f74f693,Rolls-Royce,Phantom,Phantom (2003),2003,2009,2006,1
img-49ce4170a87126073ba3,Rolls-Royce,Phantom,Phantom (1936),1936,1939,1937,1
img-5e174929dd2a3643fed8,Rolls-Royce,Phantom,Phantom (1930),1930,1936,1933,1
img-0dd522c940d9b4afccee,Rolls-Royce,Phantom,Phantom (1929),1929,1936,1932,1
img-9add5c4719a3c9edf78a,Rolls-Royce,Phantom,Phantom (1925),1925,1931,1928,1
img-1cda54048d81c6436bd3,Rolls-Royce,Silver Dawn,Silver Dawn (1996),1996,1999,1997,1
img-dc6da071205248a401c7,Rolls-Royce,Silver Dawn,Silver Dawn (1949),1949,1955,1952,2
img-fde98dec9f192fb63526,Rolls-Royce,Silver Seraph,Silver Seraph (1998),1998,2002,2000,1
img-3dd4e457afd13ec7fc61,Rolls-Royce,Silver Shadow,Silver Shadow (1965),1965,1980,1972,2
img-7079ba31021e0f11f160,Rolls-Royce,Silver Shadow,Silver Shadow Coupe (1977),1977,1982,1979,1
img-47dbc8c178e93d50aa18,Rolls-Royce,Silver Spirit,Silver Spirit (1993),1993,1998,1995,1
img-87d4aa2a0c72c0f9cdc7,Rolls-Royce,Silver Spirit,Silver Spirit (1989),1989,1993,1991,1
img-31379744b473f6e750f3,Rolls-Royce,Silver Spirit,Silver Spirit (1980),1980,1989,1984,1
img-fff26d0bc75c0e923d5e,Rolls-Royce,Silver Spur,Silver Spur (1995),1995,1998,1996,1
img-402d77228b0a01aed7b9,Rolls-Royce,Spectre,Spectre (2022),2022,,2024,1
img-6e4b769ac12e7921b311,Rolls-Royce,Wraith,Wraith (2013),2013,2023,2018,1
img-d3f86bfe6ee4263ad8d7,Rover,100 Cabrio,100 Cabrio (1994),1994,2000,1997,3
img-28a21d9f04fbdfc72771,Saab,9-2X,9-2X (2004),2004,2006,2005,2
img-e6762698903df0abdfa6,Saab,9-3,9-3 Convertible (2009),2009,2012,2010,16
img-6311df571f84238f9d99,Saab,9-3,9-3 Convertible (2003),2003,2008,2005,12
img-a096a12e393994bcd47b,Saab,9-3,9-3 Convertible (1999),1999,2003,2001,2
img-f78b57796cafa5b37952,Saab,9-3,9-3 Convertible (1998),1998,2003,2000,14
img-1082c72f1cf71cfc1f27,Saab,9-3,9-3 Coupe (1998),1998,2002,2000,15
img-9c202b81c1cbc64c6dd6,Saab,9-3 Aero,9-3 Aero (2014),2014,2014,2014,2
img-742d6445d4568b94b416,Saab,9-3 Sport,9-3 Sport Sedan (2009),2009,2012,2010,19
img-75a3193bd4f5bdde7650,Saab,9-3 Sport,9-3 Sport Sedan (2008),2008,2012,2010,2
img-7422e1fb5d476b96cead,Saab,9-3 Sport,9-3 Sport Sedan (2003),2003,2008,2005,15
img-e7de08fcab999104fb6a,Saab,9-3 Sport,9-3 Sport Sedan (1998),1998,2002,2000,15
img-87a6a0d55412bdf8230f,Saab,9-3 SportCombi,9-3 SportCombi (2009),2009,2012,2010,14
img-b1072028b8309000b396,Saab,9-3 SportCombi,9-3 SportCombi (2004),2004,2008,2006,14
img-fc56f3c44591ad76468b,Saab,9-3X,9-3X (2009),2009,2012,2010,3
img-301a84d5afdec32ecc66,Saab,9-5,9-5 (2010),2010,2012,2011,14
img-9dc805af77230abda49f,Saab,9-5,9-5 (2005),2005,2009,2007,14
img-588739f44661f09fac32,Saab,9-5,9-5 (2001),2001,2005,2003,12
img-f34a77c93cf8e98b32b8,Saab,9-5,9-5 (1997),1997,2001,1999,9
img-19ca3c55c4186018dd2f,Saab,9-5 SportCombi,9-5 SportCombi (2005),2005,2009,2007,14
img-8fa24ac3affed7321cd0,Saab,9-5 SportCombi,9-5 SportCombi (2001),2001,2005,2003,12
img-d40ceb44ce4b9860fbb2,Saab,9-5 SportCombi,9-5 SportCombi (1998),1998,2001,1999,9
img-5049ee6ad679b61f2fed,Saab,9-7X,9-7X (2008),2008,2009,2008,3
img-17a311bd38c3e84f2ea2,Saab,9-7X,9-7X (2005),2005,2008,2006,2
img-d50a4e63873710f26fe3,Saab,90,90 (1984),1984,1987,1985,1
img-c675bd3619daeccaf6a5,Saab,900,900 (1994),1994,1998,1996,11
img-bb45c5b1cf0f6cb1f3c6,Saab,900 Cabrio,900 Cabrio (1994),1994,1998,1996,8
img-b050cfb2f11b5ebf575f,Saab,900 Cabrio,900 Cabrio (1986),1986,1994,1990,8
img-caf630fcfd6091cd9d6f,Saab,9000,9000 (1994),1994,1997,1995,11
img-74aa9c9c48ba255205d4,Saab,9000,9000 (1991),1991,1998,1994,13
img-3b1d98b3f368917dd95f,Saleen,S7,S7 (2000),2000,2004,2002,1
img-73038d778a3e4fdf7bb5,Saleen,S7TT,S7TT (2005),2005,2006,2005,1
img-9ab1402b63629a266139,Samsung,SM 3,SM 3 (2002),2002,2013,2007,1
img-f7c68c79d6660768df6d,Samsung,SM 5,SM 5 (2004),2004,2010,2007,1
img-d9fb5bf82d95845ec4a5,Samsung,SM 5,SM 5 (1998),1998,2004,2001,3
img-ddc4e29c47210b3b1c2c,Samsung,SM 7,SM 7 (2005),2005,2011,2008,2
img-5afb59992743ece5cee2,Santana,300 - 350,300 - 350 (2005),2005,2011,2008,2
img-19cd54bb3f498cc2db30,Santana,PS 10 Pickup,PS 10 Pickup (2003),2003,2008,2005,1
img-ba941105500a19eca09d,Santana,PS 10 Plus,PS 10 Plus (2002),2002,2006,2004,1
img-d7dd6265e5be2dec3ae1,Santana,PS 10 Shortline,PS 10 Shortline (2006),2006,2008,2007,1
img-d31f89a61e8b61863fd4,Saturn,Astra,Astra (2008),2008,2010,2009,1
img-dad1864d7be3a50c9269,Saturn,Astra,Astra (2007),2007,2010,2008,2
img-3213145a38804dd121ea,Saturn,Aura,Aura (2006),2006,2009,2007,4
img-ac0b4184467e7862fcae,Saturn,Ion,Ion Sedan (2003),2003,2007,2005,3
img-4213c2277ac260a7a197,Saturn,Ion Quad,Ion Quad Coupe (2003),2003,2007,2005,3
img-88d4af067f02aa8d1c82,Saturn,Outlook,Outlook (2006),2006,2010,2008,1
img-5307992ae1765342d526,Saturn,Relay,Relay (2004),2004,2007,2005,2
img-0026079f41dcfc32a72b,Saturn,Sky,Sky (2006),2006,2009,2007,2
img-747f9304775714061dfd,Saturn,Vue,Vue (2007),2007,2010,2008,3
img-e18758563dc010dd94b1,Saturn,Vue,Vue (2005),2005,2007,2006,2
img-cf251373b7055d0add9b,Saturn,Vue,Vue (2001),2001,2005,2003,2
img-1ab8f0911b4221933dd0,Scion,FR-S,FR-S (2013),2013,2016,2014,2
img-1f8b77701adf15977e3b,Scion,iA,iA (2016),2016,2017,2016,2
img-72c7aad8e6978f8bc2df,Scion,iM,iM (2016),2016,2017,2016,2
img-b211cf5c75d53e4fa314,Scion,iQ,iQ (2011),2011,2016,2013,1
img-2dfca0c203a31130ca0c,Scion,tC,tC (2013),2013,2016,2014,2
img-9ca4a4e07be5d50ae59b,Scion,tC,tC (2003),2003,2010,2006,2
img-0b9061d3f4ffdc90e2e5,Scion,xA,xA (2003),2003,2006,2004,2
img-d942a214251519ae3943,Scion,xB,xB (2007),2007,2015,2011,2
img-986f1590748d8f2727d1,Scion,xB,xB (2003),2003,2007,2005,2
img-b89ea67e94f37e703ae3,Scion,xD,xD (2007),2007,2014,2010,2
img-a473d7b98bb494a6d68a,SEAT,Alhambra,Alhambra (2010),2010,2020,2015,13
img-b15e6a2a9424fa0bcf29,SEAT,Alhambra,Alhambra (2000),2000,2010,2005,11
img-2ca9c66ad5ed34b54e48,SEAT,Alhambra,Alhambra (1996),1996,2000,1998,6
img-bed471cb9d7f703cf5cf,SEAT,Altea,Altea (2009),2009,2015,2012,36
img-5b1b65097518011dd621,SEAT,Altea,Altea (2007),2007,2009,2008,4
img-c2acb49e7f8545e6a439,SEAT,Altea,Altea (2006),2006,2009,2007,10
img-f5328d89229c5847dcb8,SEAT,Altea,Altea (2004),2004,2009,2006,12
img-6a1e2a4c5faea683ad41,SEAT,Arona,Arona (2025),2025,,2025,4
img-c1719ced16d480040a07,SEAT,Arona,Arona (2021),2021,2025,2023,5
img-210a4492960b40d15d1f,SEAT,Arona,Arona (2017),2017,2021,2019,7
img-9aa895d1737606fc0cb6,SEAT,Arosa,Arosa (2001),2001,2004,2002,6
img-83ef092f4a7be2358e59,SEAT,Arosa,Arosa (1997),1997,2001,1999,6
img-b1099ed511b76971bee3,SEAT,Ateca,Ateca (2020),2020,,2023,9
img-4b826a91da9eeaea63df,SEAT,Ateca,Ateca (2016),2016,2020,2018,10
img-498658cc59530d707325,SEAT,Cordoba,Cordoba (2003),2003,2009,2006,10
img-b53fd74400c8498dbe2b,SEAT,Cordoba,Cordoba (1999),1999,2003,2001,8
img-985118ccef4e69b1220c,SEAT,Cordoba,Cordoba (1996),1996,1999,1997,10
img-be22a613112ffd6c98f2,SEAT,Cordoba Cupra,Cordoba Cupra (2000),2000,2003,2001,1
img-636d971b99392cf495af,SEAT,Cordoba SX,Cordoba SX (1999),1999,2003,2001,2
img-9b369a160824daf5b29c,SEAT,Cordoba SX,Cordoba SX (1996),1996,1999,1997,7
img-cbf1686036b5e051d331,SEAT,Cordoba Vario,Cordoba Vario (1999),1999,2003,2001,7
img-4beb7c0e2576c0ef4e15,SEAT,Cordoba Vario,Cordoba Vario (1996),1996,1999,1997,7
img-17cbcf03b6d52e57988b,SEAT,Exeo,Exeo (2008),2008,2013,2010,11
img-13e7eed808f241216069,SEAT,Exeo ST,Exeo ST (2009),2009,2013,2011,9
img-4511aa6b80def6190edb,SEAT,Ibiza,Ibiza 5 Doors (2025),2025,,2025,5
img-1f96fa8840e830ac9981,SEAT,Ibiza,Ibiza 5 Doors (2021),2021,2025,2023,6
img-2fe0df19d6d1ac0a7d40,SEAT,Ibiza,Ibiza 5 Doors (2017),2017,2021,2019,10
img-1907b8cbe53f1f3e2c46,SEAT,Ibiza,Ibiza 5 Doors (2008),2008,2017,2012,9
img-3df82904fcad19492d69,SEAT,Ibiza,Ibiza 5 Doors (2006),2006,2008,2007,10
img-6f1123502502b141a89c,SEAT,Ibiza,Ibiza 5 Doors (2002),2002,2006,2004,13
img-8798911389d6ffa3b62c,SEAT,Ibiza,Ibiza 5 Doors (1999),1999,2002,2000,7
img-b675ec6c5080fee0efe9,SEAT,Ibiza,Ibiza 5 Doors (1996),1996,1999,1997,10
img-5e06afc5b3c47d1953ce,SEAT,Ibiza,Ibiza 5 Doors (1993),1993,1996,1994,7
img-9b3dd9c3dae439f8c702,SEAT,Ibiza,Ibiza (2017),2017,2021,2019,12
img-6f9c77f73684013275ee,SEAT,Ibiza,Ibiza 3 Doors (2008),2008,2017,2012,5
img-b4a32535897e53034343,SEAT,Ibiza,Ibiza 3 Doors (2006),2006,2008,2007,12
img-f618c06464f92a793567,SEAT,Ibiza,Ibiza 3 Doors (2002),2002,2006,2004,13
img-66bfd7f35e2348d78959,SEAT,Ibiza,Ibiza 3 Doors (1999),1999,2002,2000,8
img-a202137f43ff7228d50a,SEAT,Ibiza,Ibiza 3 Doors (1996),1996,1999,1997,10
img-b614362eb9c050146792,SEAT,Ibiza,Ibiza 3 Doors (1993),1993,1996,1994,9
img-d2012e4bc90192cf9338,SEAT,Ibiza Bocanegra,Ibiza Bocanegra (2009),2009,2017,2013,2
img-76cc8a3647c156992469,SEAT,Ibiza Cupra,Ibiza Cupra (2012),2012,2017,2014,1
img-fdb918e0388cb8196c2d,SEAT,Ibiza Cupra,Ibiza Cupra (2009),2009,2012,2010,1
img-b8b317df9ba60016455c,SEAT,Ibiza Cupra,Ibiza Cupra (2006),2006,2009,2007,2
img-ff7a0130c1eeda7abe52,SEAT,Ibiza Cupra,Ibiza Cupra (1999),1999,2001,2000,2
img-5f524158f9e227b68e75,SEAT,Ibiza Cupra,Ibiza Cupra (1996),1996,1999,1997,1
img-131da8fd59dfd81ad579,SEAT,Ibiza FR,Ibiza FR (2009),2009,2017,2013,19
img-767e7da63f234b5f9f41,SEAT,Ibiza ST,Ibiza ST (2010),2010,2017,2013,10
img-ef818ea22e0371ee0198,SEAT,Leon,Leon (2020),2020,,2023,11
img-19822c0fc90300992aa4,SEAT,Leon,Leon (2012),2012,2020,2016,14
img-f642d809d6b51e5771e3,SEAT,Leon,Leon (2009),2009,2012,2010,9
img-c1f1323b7f0c93858296,SEAT,Leon,Leon (2005),2005,2009,2007,8
img-b82e1b686ee11e2847cb,SEAT,Leon,Leon (2000),2000,2006,2003,11
img-6356f0e22e47c6ea109e,SEAT,Leon Cupra,Leon Cupra (2013),2013,2018,2015,5
img-e6d3550fc15f1d4a32d0,SEAT,Leon Cupra,Leon Cupra (2006),2006,2012,2009,1
img-d4e80878edba6d3d9afe,SEAT,Leon Cupra,Leon Cupra (2001),2001,2002,2001,2
img-d2baa97e4cbef7f1c369,SEAT,Leon Cupra R,Leon Cupra R (2017),2017,2018,2017,2
img-0e3a43f5399377a000d6,SEAT,Leon Cupra R,Leon Cupra R (2009),2009,2012,2010,2
img-22692594434d2b5d4be9,SEAT,Leon Cupra R,Leon Cupra R (2002),2002,2005,2003,2
img-3b56a6630c2c693c5e1e,SEAT,Leon FR / Topsport,Leon FR / Topsport (2006),2006,2012,2009,2
img-fb59978f115dcd3a8cee,SEAT,Leon FR / Topsport,Leon FR / Topsport (2002),2002,2005,2003,3
img-10689997344b9844259a,SEAT,Leon SC,Leon SC (2017),2017,2020,2018,8
img-a3b3a0afbeb4c5e10077,SEAT,Leon SC,Leon SC (2013),2013,2017,2015,19
img-5f0ce1bdf70902370584,SEAT,Leon ST,Leon ST Estate (2020),2020,,2023,11
img-d8ef6f79a24de7c459c7,SEAT,Leon ST,Leon ST Estate (2013),2013,2020,2016,20
img-46af45af0d2fb0f47604,SEAT,Leon ST Cupra,Leon ST Cupra (2015),2015,2020,2017,5
img-002618223d793472a5df,SEAT,Leon X-Perience,Leon X-Perience (2014),2014,2017,2015,5
img-9f47829a7aba5bce70c0,SEAT,Malaga,Malaga (1985),1985,1992,1988,5
img-14a2adfb4dbeb5153879,SEAT,Marbella,Marbella (1986),1986,1998,1992,1
img-328ab3fe1fa8464d2ab6,SEAT,Mii,Mii (2019),2019,2021,2020,1
img-854d38c5a1d57715a5d4,SEAT,Mii,Mii (2012),2012,2019,2015,4
img-240d31b8f2f98b346df1,SEAT,Mii,Mii (2011),2011,2019,2015,3
img-01035b3f76d057d83c59,SEAT,Tarraco,Tarraco (2018),2018,2024,2021,10
img-c2f748f2d55ad4e40e79,SEAT,Toledo,Toledo (2012),2012,2018,2015,12
img-d65b3f1f1c2505342d79,SEAT,Toledo,Toledo (2004),2004,2009,2006,8
img-43803e1d12f81bc05a96,SEAT,Toledo,Toledo (1999),1999,2004,2001,10
img-e21ea8325e4f56dc8f69,SEAT,Toledo,Toledo (1995),1995,1999,1997,9
img-709a960beeb12d24687d,SEAT,Toledo,Toledo (1991),1991,1995,1993,10
img-b3d208b7334d776a85cc,Škoda,SKODA 100 series,SKODA 100 series (1970),1970,1982,1976,1
img-7d48cb01d024172b85a3,Škoda,SKODA 100 series,SKODA 100 series (1969),1969,1977,1973,3
img-c41e6539be7439c8c526,Škoda,SKODA Citigo,SKODA Citigo (2019),2019,2020,2019,1
img-46fb5b6b5b2a31408ed7,Škoda,SKODA Citigo,SKODA Citigo (2017),2017,2019,2018,10
img-36d728f34ba7b1ce6b23,Škoda,SKODA Citigo,SKODA Citigo (2012),2012,2017,2014,6
img-9835e7810a299fb19b67,Škoda,SKODA Citigo,SKODA Citigo (2011),2011,2017,2014,6
img-5b273b55bb5eb07adce1,Škoda,SKODA Elroq,SKODA Elroq (2024),2024,,2025,3
img-8f980c3b7a7459172b38,Škoda,SKODA Elroq RS,SKODA Elroq RS (2025),2025,,2025,1
img-06afa43f6056eb2325f6,Škoda,SKODA Enyaq,SKODA Enyaq Coupe (2025),2025,,2025,3
img-70ff490b29a4e52bd0b1,Škoda,SKODA Enyaq,SKODA Enyaq Coupe (2022),2022,,2024,4
img-a52cdbeca7fa82f6c841,Škoda,SKODA Enyaq,SKODA Enyaq (2025),2025,,2025,3
img-655ba47a232341c62a9e,Škoda,SKODA Enyaq,SKODA Enyaq (2020),2020,,2023,5
img-e6df5df646ffa6594844,Škoda,SKODA Enyaq Coupe RS,SKODA Enyaq Coupe RS (2025),2025,,2025,1
img-3262edf16cf72aa3444f,Škoda,SKODA Enyaq RS,SKODA Enyaq RS (2025),2025,,2025,1
img-2358bc0cf4615fd817ee,Škoda,SKODA Epiq,SKODA Epiq (2026),2026,,2026,3
img-b341d8678a557dc43bb7,Škoda,SKODA Fabia,SKODA Fabia (2021),2021,,2023,6
img-c33d7010d6d72ca1e7ef,Škoda,SKODA Fabia,SKODA Fabia (2018),2018,2021,2019,5
img-b2a790c4c0ccee005e90,Škoda,SKODA Fabia,SKODA Fabia (2014),2014,2018,2016,8
img-9cf13da2e979ef1e8314,Škoda,SKODA Fabia,SKODA Fabia (2007),2007,2014,2010,13
img-a716051956baaaa8b415,Škoda,SKODA Fabia,SKODA Fabia (2000),2000,2007,2003,11
img-35a4824c05386c86ed88,Škoda,SKODA Fabia,SKODA Fabia Sedan (2001),2001,2006,2003,7
img-d0a3d7e9606da80c8c7c,Škoda,SKODA Fabia Combi,SKODA Fabia Combi (2018),2018,2021,2019,4
img-6ce5c5555ac950101b34,Škoda,SKODA Fabia Combi,SKODA Fabia Combi (2014),2014,2018,2016,8
img-50d56e6559c75c7b119f,Škoda,SKODA Fabia Combi,SKODA Fabia Combi (2008),2008,2014,2011,13
img-ef9518ee9213f43b1b41,Škoda,SKODA Fabia Combi,SKODA Fabia Combi (2000),2000,2007,2003,9
img-c2fd224e8c7334bcc81a,Škoda,SKODA Fabia Combi RS,SKODA Fabia Combi RS (2010),2010,2014,2012,1
img-56d121b42a350ea99f5e,Škoda,SKODA Fabia RS,SKODA Fabia RS (2010),2010,2014,2012,1
img-79793b6ecb15eab0d11f,Škoda,SKODA Fabia RS,SKODA Fabia RS (2003),2003,2007,2005,1
img-f17e0137fb205f0af852,Škoda,SKODA Favorit,SKODA Favorit (1989),1989,1995,1992,3
img-50881a8b74452cffb9f1,Škoda,SKODA Favorit,SKODA Favorit Estate (1991),1991,1994,1992,1
img-ec65b9554f881a06f681,Škoda,SKODA Felicia,SKODA Felicia (1995),1995,2001,1998,4
img-5b1ddff739d4103c30b6,Škoda,SKODA Felicia Combi,SKODA Felicia Combi (1995),1995,2001,1998,4
img-9e978628b64bd948d444,Škoda,SKODA Kamiq,SKODA Kamiq (2023),2023,,2024,4
img-1f88fff2a3b6b7e8b0c8,Škoda,SKODA Kamiq,SKODA Kamiq (2019),2019,2023,2021,6
img-4b468d0ed3e856034500,Škoda,SKODA Kamiq,SKODA Kamiq (2018),2018,2023,2020,1
img-635766ce339766611cb4,Škoda,SKODA Karoq,SKODA Karoq (2021),2021,,2023,8
img-719c703f9cd9c3f48add,Škoda,SKODA Karoq,SKODA Karoq (2017),2017,2021,2019,12
img-80d807491ad0fe4c5783,Škoda,SKODA Kodiaq,SKODA Kodiaq (2023),2023,,2024,9
img-c16ed3bcfbf93a9848aa,Škoda,SKODA Kodiaq,SKODA Kodiaq (2021),2021,2023,2022,5
img-f2462b9267f58f879fb4,Škoda,SKODA Kodiaq,SKODA Kodiaq (2018),2018,2024,2021,2
img-c0efb2e56df51a0ebc8b,Škoda,SKODA Kodiaq,SKODA Kodiaq (2016),2016,2021,2018,12
img-7b005b8e4519ba6d72e7,Škoda,SKODA Kodiaq RS,SKODA Kodiaq RS (2025),2025,,2025,1
img-462146581ef11b8001b6,Škoda,SKODA Kodiaq RS,SKODA Kodiaq RS (2018),2018,2021,2019,1
img-6bd530964616640f52b7,Škoda,SKODA Kushaq,SKODA Kushaq (2026),2026,,2026,3
img-8d902a7010c5cb0a8283,Škoda,SKODA Kushaq,SKODA Kushaq (2021),2021,2026,2023,3
img-3152cd8446098d02609d,Škoda,SKODA Kylaq,SKODA Kylaq (2024),2024,,2025,1
img-4e1bc82d0f03eb57b3ef,Škoda,SKODA Octavia,SKODA Octavia (2024),2024,,2025,6
img-99ca240247b7eb7b33fa,Škoda,SKODA Octavia,SKODA Octavia (2019),2019,2024,2021,14
img-1472f47aad44f6cdbb3d,Škoda,SKODA Octavia,SKODA Octavia (2017),2017,2019,2018,8
img-f3cd810060985565e2d9,Škoda,SKODA Octavia,SKODA Octavia (2013),2013,2017,2015,18
img-45f2ab99d3b41b10f237,Škoda,SKODA Octavia,SKODA Octavia (2008),2008,2012,2010,15
img-557cccb539f9adf9a6ab,Škoda,SKODA Octavia,SKODA Octavia (2004),2004,2008,2006,7
img-1448a9c5dc366a71900d,Škoda,SKODA Octavia,SKODA Octavia (1997),1997,2004,2000,7
img-adff11691565f94ab0a3,Škoda,SKODA Octavia Combi,SKODA Octavia Combi (2024),2024,,2025,6
img-b7a449bd1dad2ed69f4f,Škoda,SKODA Octavia Combi,SKODA Octavia Combi (2019),2019,2024,2021,14
img-b7845940e9147e192ef6,Škoda,SKODA Octavia Combi,SKODA Octavia Combi (2017),2017,2019,2018,7
img-30e24667d20abe952acf,Škoda,SKODA Octavia Combi,SKODA Octavia Combi (2013),2013,2017,2015,8
img-788a17d08cef849e2fd5,Škoda,SKODA Octavia Combi,SKODA Octavia Combi (2008),2008,2013,2010,12
img-a80c0c879b26bbee3722,Škoda,SKODA Octavia Combi,SKODA Octavia Combi (2004),2004,2008,2006,6
img-ff78c8c9f4676723eaaa,Škoda,SKODA Octavia Combi,SKODA Octavia Combi (1997),1997,2004,2000,8
img-169b5f5346f2cfb2b8df,Škoda,SKODA Octavia Combi 4x4,SKODA Octavia Combi 4x4 (2017),2017,2020,2018,1
img-f5f588d2e0057030aa18,Škoda,SKODA Octavia Combi 4x4,SKODA Octavia Combi 4x4 (2013),2013,2017,2015,9
img-6980a10db46f6ead49ed,Škoda,SKODA Octavia Combi 4x4,SKODA Octavia Combi 4x4 (2009),2009,2013,2011,3
img-bb7f2531f1635c6a138c,Škoda,SKODA Octavia Combi RS,SKODA Octavia Combi RS (2025),2025,,2025,1
img-c70014de3c27c094f1c5,Škoda,SKODA Octavia Combi RS,SKODA Octavia Combi RS (2019),2019,2025,2022,4
img-de3d6dde3944be032a78,Škoda,SKODA Octavia Combi RS,SKODA Octavia Combi RS (2017),2017,2019,2018,5
img-8364f73c0c626df53a4e,Škoda,SKODA Octavia Combi RS,SKODA Octavia Combi RS (2014),2014,2017,2015,6
img-402fc7e92e03547c3a2e,Škoda,SKODA Octavia Combi RS,SKODA Octavia Combi RS (2005),2005,2008,2006,4
img-56aee4843df9d7a63d11,Škoda,SKODA Octavia Combi RS,SKODA Octavia Combi RS (2002),2002,2004,2003,1
img-690d6eb66afe8c09a900,Škoda,SKODA Octavia RS,SKODA Octavia RS (2025),2025,,2025,1
img-2ba0a2ae1de8646f4aff,Škoda,SKODA Octavia RS,SKODA Octavia RS (2019),2019,2025,2022,4
img-14a122ddbec0f9f33074,Škoda,SKODA Octavia RS,SKODA Octavia RS (2016),2016,2019,2017,5
img-b772941a22ccdd3e3b12,Škoda,SKODA Octavia RS,SKODA Octavia RS (2014),2014,2016,2015,6
img-c679d6ded61ad7932db1,Škoda,SKODA Octavia RS,SKODA Octavia RS (2005),2005,2008,2006,4
img-65530763072b9910064b,Škoda,SKODA Octavia RS,SKODA Octavia RS (2001),2001,2004,2002,1
img-21075c1697f4fe9310e6,Škoda,SKODA Octavia Scout,SKODA Octavia Scout (2020),2020,,2023,6
img-5047a6a8d568d328e206,Škoda,SKODA Octavia Scout,SKODA Octavia Scout (2017),2017,2020,2018,4
img-1d309db676916d853a5c,Škoda,SKODA Octavia Scout,SKODA Octavia Scout (2014),2014,2017,2015,4
img-5af7c4d9b1b35cad1dad,Škoda,SKODA Octavia Scout,SKODA Octavia Scout (2009),2009,2013,2011,3
img-4306a7fadd1cf499bd88,Škoda,SKODA Octavia Scout,SKODA Octavia Scout (2006),2006,2008,2007,2
img-d53e9f2034e5fb71e40c,Škoda,SKODA Rapid,SKODA Rapid (2012),2012,2017,2014,11
img-e6853afa2a4ce6d95f4a,Škoda,SKODA Rapid,SKODA Rapid (2011),2011,2021,2016,3
img-e7f1d8a9d842320df107,Škoda,SKODA Rapid Spaceback,SKODA Rapid Spaceback (2013),2013,2019,2016,7
img-56531505c4f2f08e034b,Škoda,SKODA Roomster,SKODA Roomster (2010),2010,2015,2012,7
img-fe6bf180070463b84591,Škoda,SKODA Roomster,SKODA Roomster (2006),2006,2010,2008,12
img-c8bc7bdef60109d0b876,Škoda,SKODA Scala,SKODA Scala (2023),2023,,2024,4
img-95865c17102b7c616aad,Škoda,SKODA Scala,SKODA Scala (2018),2018,2023,2020,7
img-56e964fa2c2e83c9234c,Škoda,SKODA Slavia,SKODA Slavia (2021),2021,,2023,3
img-d924b23f07a46f9dc360,Škoda,SKODA Superb,SKODA Superb (2023),2023,,2024,6
img-e4d9555e96b15ea8fa99,Škoda,SKODA Superb,SKODA Superb (2019),2019,2023,2021,10
img-bb0f95baa6ce5c54a38e,Škoda,SKODA Superb,SKODA Superb (2015),2015,2019,2017,16
img-0c5a15769056e09b18f3,Škoda,SKODA Superb,SKODA Superb (2013),2013,2015,2014,14
img-0dcd7b75172a4edb5bf7,Škoda,SKODA Superb,SKODA Superb (2008),2008,2013,2010,14
img-fb0e9b8919a79a8cacd9,Škoda,SKODA Superb,SKODA Superb (2006),2006,2008,2007,9
img-89d5fdeaaad324bccdb2,Škoda,SKODA Superb,SKODA Superb (2002),2002,2006,2004,14
img-139a56b4fff5ed695c9d,Škoda,SKODA Superb Combi / Scout,SKODA Superb Combi / Scout (2023),2023,,2024,6
img-54d3f9003c2cf8342ec6,Škoda,SKODA Superb Combi / Scout,SKODA Superb Combi / Scout (2019),2019,2023,2021,3
img-189009c2f4fa07e5dcdc,Škoda,SKODA Superb Combi / Scout,SKODA Superb Combi / Scout (2015),2015,2019,2017,16
img-cab79cfb57e42677a07e,Škoda,SKODA Superb Combi / Scout,SKODA Superb Combi / Scout (2013),2013,2015,2014,14
img-cf9f8f17fec5a728afe7,Škoda,SKODA Superb Combi / Scout,SKODA Superb Combi / Scout (2009),2009,2013,2011,15
img-30727d4fcb404c49fa51,Škoda,SKODA Yeti,SKODA Yeti (2013),2013,2017,2015,23
img-6e0248bd5b7176806be5,Škoda,SKODA Yeti,SKODA Yeti (2009),2009,2013,2011,12
img-5ab3560ee0fa6b289914,Smart,1,1 (2022),2022,,2024,1
img-22a4d1941c9b8585b52c,Smart,3,3 (2023),2023,,2024,2
img-154d6031fbecbeac39bf,Smart,5,5 (2024),2024,,2025,3
img-d63188471f9f3a706eea,Smart,crossblade,crossblade (2002),2002,2003,2002,1
img-29822833b9f9b433d4ae,Smart,Electric Drive,Electric Drive (2016),2016,2020,2018,3
img-1b9219d55ac564c05be2,Smart,Electric Drive,Electric Drive (2012),2012,2017,2014,1
img-892a98450f61229ab0c9,Smart,forfour,forfour (2019),2019,2021,2020,1
img-eb14f997737fb1f8dd8c,Smart,forfour,forfour (2014),2014,2019,2016,5
img-9c91052c8b8966f421b6,Smart,forfour,forfour (2003),2003,2006,2004,6
img-3e69e4c1d016f97d93ce,Smart,forfour Brabus,forfour Brabus (2005),2005,2006,2005,1
img-7aacf38c69b106d1970b,Smart,fortwo,fortwo (2019),2019,2024,2021,1
img-1d8912885fc0dc21e5f4,Smart,fortwo,fortwo (2014),2014,2019,2016,5
img-1628fc4d14985df15fb7,Smart,fortwo,fortwo (2012),2012,2014,2013,4
img-022d2c8f4fdd71b5180b,Smart,fortwo,fortwo (2007),2007,2012,2009,4
img-dfda66299057a196a4e9,Smart,fortwo,fortwo (2003),2003,2007,2005,3
img-744e982400e7c881d50d,Smart,fortwo,fortwo (1998),1998,2002,2000,7
img-de99d4304cf262826087,Smart,fortwo Brabus,fortwo Brabus (2012),2012,2019,2015,1
img-b8e184769e6dac04ba5e,Smart,fortwo Brabus,fortwo Brabus (2007),2007,2012,2009,1
img-96123bc41b179699d0a6,Smart,fortwo Brabus,fortwo Brabus (2003),2003,2007,2005,1
img-ca60efcf20d7a173e8c7,Smart,fortwo Cabrio,fortwo Cabrio (2019),2019,2024,2021,1
img-bd25cf2e47b0f887bcfb,Smart,fortwo Cabrio,fortwo Cabrio (2016),2016,2019,2017,4
img-ae5284cad1f485b123c0,Smart,fortwo Cabrio,fortwo Cabrio (2012),2012,2016,2014,2
img-a6b80ecbe95e8e162927,Smart,fortwo Cabrio,fortwo Cabrio (2010),2010,2012,2011,3
img-bcac66e95934202afb13,Smart,fortwo Cabrio,fortwo Cabrio (2007),2007,2010,2008,4
img-d9138c80cf260a9988f7,Smart,fortwo Cabrio,fortwo Cabrio (2004),2004,2007,2005,2
img-c1f9f9c6b494fcd80ec6,Smart,fortwo Cabrio,fortwo Cabrio (2000),2000,2004,2002,5
img-8502bd05ee1620678554,Smart,fortwo Cabrio Brabus,fortwo Cabrio Brabus (2012),2012,2014,2013,1
img-723e99e3df74abbf6dc8,Smart,fortwo Cabrio Brabus,fortwo Cabrio Brabus (2007),2007,2012,2009,1
img-7970571bda71f117264d,Smart,fortwo Cabrio Brabus,fortwo Cabrio Brabus (2003),2003,2007,2005,1
img-ba4ff0353663a1e952d1,Smart,Roadster,Roadster (2002),2002,2005,2003,2
img-0a8100febad1187a30be,Smart,Roadster,Roadster Coupe (2003),2003,2006,2004,3
img-ac10045773cd53da114a,Spyker,C12 LaTurbie,C12 LaTurbie (2006),2006,2006,2006,1
img-4b74de8862614fb935e4,Spyker,C8,C8 Spyder (2000),2000,2009,2004,2
img-952cce2933ce721e60a0,Spyker,C8 Double 12 S,C8 Double 12 S (2002),2002,2007,2004,1
img-1b2f59b02f527a1f9f77,Spyker,C8 Laviolette,C8 Laviolette (2001),2001,2009,2005,1
img-1ec0b331e49956230288,Spyker,C8 Preliator,C8 Preliator (2016),2016,2016,2016,1
img-6705852d8fd0fd9af88c,SsangYong,Actyon,Actyon (2006),2006,2011,2008,8
img-44a5ff1e888e7338aa9f,SsangYong,Chairman,Chairman (2008),2008,2017,2012,4
img-2a905bd7eab5060d879a,SsangYong,Chairman,Chairman (2004),2004,2007,2005,3
img-5954fb87cc5e4308aa1d,SsangYong,Korando,Korando (2019),2019,2023,2021,2
img-51523fec016346894bc3,SsangYong,Korando,Korando (2017),2017,2019,2018,7
img-4b0197fc82f23eb6a27c,SsangYong,Korando,Korando (2013),2013,2017,2015,2
img-7a5a6295f9a7503a6e00,SsangYong,Korando,Korando (2010),2010,2013,2011,10
img-efb8b7643361b8bd9048,SsangYong,Korando,Korando (1997),1997,2007,2002,6
img-2e2544e87d2f86abbf7a,SsangYong,Kyron,Kyron (2004),2004,2014,2009,1
img-bff8ce105a10a439ce7a,SsangYong,Musso,Musso (2018),2018,2023,2020,2
img-97af95fa999c206c07e0,SsangYong,Musso,Musso (1998),1998,2005,2001,4
img-36901dbf0dd6ea4e6a94,SsangYong,Musso Sports,Musso Sports (1998),1998,2005,2001,1
img-a41badf792f22753033a,SsangYong,Rexton,Rexton (2021),2021,,2023,1
img-bfc9e387f60365459687,SsangYong,Rexton,Rexton (2018),2018,2021,2019,4
img-a1c003ac651aff0a8773,SsangYong,Rexton,Rexton (2006),2006,2018,2012,4
img-611d6bfdc3b5b238f728,SsangYong,Rexton,Rexton (2001),2001,2006,2003,4
img-0e1764052cb513bb2c4b,SsangYong,Rodius,Rodius (2004),2004,2013,2008,1
img-a9aa19d94516bb7f8324,SsangYong,Tivoli,Tivoli (2019),2019,2023,2021,4
img-22f5c8fa475c1a678f23,SsangYong,Tivoli,Tivoli (2015),2015,2019,2017,8
img-eafd1f4d6ef47a850c72,SsangYong,Tivoli XLV,Tivoli XLV (2016),2016,2023,2019,7
img-4da7fe10a79761c246a4,Subaru,360,360 (1958),1958,1971,1964,1
img-5f7f69bf757440da17ad,Subaru,Ascent,Ascent (2022),2022,,2024,1
img-1c30407b5ddf46614d68,Subaru,Ascent,Ascent (2019),2019,2022,2020,1
img-4654622dd3843649e8b8,Subaru,Baja,Baja (2003),2003,2006,2004,4
img-7586050e7fda0cf255a2,Subaru,BRZ,BRZ (2021),2021,,2023,2
img-844bba2185efd8a8b9cb,Subaru,BRZ,BRZ (2016),2016,2021,2018,2
img-c308494cac8af2953955,Subaru,BRZ,BRZ (2012),2012,2016,2014,2
img-c2366ab72bc0314ae16c,Subaru,Crosstrek,Crosstrek (2025),2025,,2025,1
img-fdbd926968152e2e4eb3,Subaru,Crosstrek,Crosstrek (2023),2023,,2024,3
img-34e45108b5cd3d55717e,Subaru,Crosstrek,Crosstrek (2020),2020,2023,2021,4
img-bdafb86ea0a652a8e777,Subaru,Crosstrek,Crosstrek (2017),2017,2020,2018,4
img-b4cb9c4c0d2d5bbb38ac,Subaru,Crosstrek,Crosstrek (2015),2015,2017,2016,2
img-8bf405b106b2d920a97c,Subaru,Exiga Liberty,Exiga Liberty (2008),2008,2018,2013,4
img-5b0f7531f9e596facbbd,Subaru,Forester,Forester (2025),2025,,2025,2
img-7f448855d615103ba977,Subaru,Forester,Forester (2024),2024,,2025,1
img-d3d0c711a154b8601c8c,Subaru,Forester,Forester (2018),2018,2023,2020,1
img-c594879873e1209b3625,Subaru,Forester,Forester (2013),2013,2018,2015,4
img-456d7d542fd8ec04e5fa,Subaru,Forester,Forester (2008),2008,2013,2010,7
img-66641323cb8be980891b,Subaru,Forester,Forester (2005),2005,2008,2006,2
img-1807c9e8d00115292ff4,Subaru,Forester,Forester (2002),2002,2005,2003,8
img-177cd66717390e5e4647,Subaru,Forester,Forester (2000),2000,2002,2001,3
img-d55ce4962b5effcdf1e2,Subaru,Forester,Forester (1997),1997,2000,1998,2
img-6b7ce359784a23e4dbeb,Subaru,Getaway,Getaway (2026),2026,,2026,2
img-86cb98be1fcb19d85872,Subaru,Impreza,Impreza (2022),2022,,2024,2
img-de43cef3b8fc38ce8f7b,Subaru,Impreza,Impreza (2020),2020,2022,2021,6
img-a92f042b2e799fab8f80,Subaru,Impreza,Impreza (2016),2016,2020,2018,4
img-3b976267aa8a86755dbb,Subaru,Impreza,Impreza (2012),2012,2016,2014,10
img-38f1db3c6706e936e8e3,Subaru,Impreza,Impreza (2007),2007,2011,2009,5
img-907ef90c9459b9d492a8,Subaru,Impreza,Impreza (2005),2005,2007,2006,6
img-60e9e08060e005a5fffe,Subaru,Impreza,Impreza (2003),2003,2005,2004,5
img-87e655103daa550fde10,Subaru,Impreza,Impreza (2000),2000,2003,2001,5
img-357b1a151d1df673b113,Subaru,Impreza,Impreza (1998),1998,2000,1999,3
img-f711629062f4dc94d873,Subaru,Impreza,Impreza (1993),1993,1998,1995,6
img-d39446d561f42088d5ac,Subaru,Impreza WRX STi,Impreza WRX STi (2008),2008,2014,2011,1
img-8069c59f82c86245d193,Subaru,Impreza WRX STi,Impreza WRX STi (2005),2005,2007,2006,1
img-54ede36f9b6578153b40,Subaru,Impreza WRX STi,Impreza WRX STi (2003),2003,2005,2004,1
img-a27ec751d3cf703f6f99,Subaru,Impreza WRX STi,Impreza WRX STi (2001),2001,2003,2002,1
img-0cbec68a6fe98bbe2a16,Subaru,Impreza WRX STi,Impreza WRX STi (1998),1998,2000,1999,1
img-20198a13424474886c0f,Subaru,Justy,Justy (2008),2008,2016,2012,1
img-d0b7be0765b625aaeb95,Subaru,Justy,Justy (2004),2004,2007,2005,3
img-4b1cde24af8ec7439ea5,Subaru,Justy,Justy (1997),1997,2003,2000,1
img-85764c5c04ceca4245df,Subaru,Justy,Justy (1996),1996,2003,1999,1
img-312fc370648f0125b1da,Subaru,Justy,Justy (1989),1989,1996,1992,6
img-cfabf9eb184a7c275dee,Subaru,Legacy,Legacy (2022),2022,,2024,2
img-8322f68ba61cc1cad70e,Subaru,Legacy,Legacy (2019),2019,2022,2020,2
img-9051823ac164308ca16d,Subaru,Legacy,Legacy (2014),2014,2019,2016,2
img-5e0fad7208189cce814e,Subaru,Legacy,Legacy (2009),2009,2014,2011,5
img-b27af44f93db0b4480b0,Subaru,Legacy,Legacy (2008),2008,2009,2008,8
img-965a6846bc5c8071947b,Subaru,Legacy,Legacy (2006),2006,2007,2006,9
img-41d06b8bbee365905191,Subaru,Legacy,Legacy (2003),2003,2006,2004,5
img-db6b546af742767d1b04,Subaru,Legacy,Legacy (2002),2002,2003,2002,2
img-b5f77341e0a370cf93d4,Subaru,Legacy,Legacy (1999),1999,2002,2000,2
img-a4488d854aa92a4fab2c,Subaru,Legacy,Legacy Wagon (2009),2009,2014,2011,5
img-3681923a710b4c826b41,Subaru,Legacy,Legacy Wagon (2006),2006,2008,2007,4
img-4d56513473ce0ddb1e6a,Subaru,Legacy,Legacy Wagon (2003),2003,2006,2004,7
img-28eea2be94ed7ad1f889,Subaru,Legacy,Legacy Wagon (2002),2002,2003,2002,4
img-2a320943d4c994e1c355,Subaru,Legacy,Legacy Wagon (1998),1998,2002,2000,4
img-254614884374cd1d535b,Subaru,Levorg,Levorg (2014),2014,2019,2016,2
img-326b8109ae47d4119350,Subaru,Liberty,Liberty (2008),2008,2015,2011,4
img-3db845e887efaf6f2d7a,Subaru,Mini Jumbo,Mini Jumbo (1988),1988,1991,1989,4
img-69f79f1404df5dd01c34,Subaru,Outback,Outback (2025),2025,,2025,2
img-b577befedc12fb879c48,Subaru,Outback,Outback (2022),2022,2025,2023,2
img-ebafbeddd0567138955d,Subaru,Outback,Outback (2019),2019,2022,2020,3
img-6d5f04c10b766b186102,Subaru,Outback,Outback (2014),2014,2019,2016,4
img-b317a3997d7a5db9673d,Subaru,Outback,Outback (2009),2009,2014,2011,6
img-bb085364a92ab85c4409,Subaru,Outback,Outback (2005),2005,2009,2007,7
img-6053c192066eef54af1e,Subaru,Outback,Outback (2003),2003,2006,2004,2
img-920337a093532da32df3,Subaru,Outback,Outback (2002),2002,2003,2002,3
img-2af7afc32a7aadf08a59,Subaru,Outback,Outback (1998),1998,2002,2000,3
img-715a95cfb00cd09f2b6e,Subaru,Outback Wilderness,Outback Wilderness (2025),2025,,2025,1
img-68207d077789a2c06507,Subaru,Outback Wilderness,Outback Wilderness (2023),2023,2025,2024,1
img-59b8c090ba336686c290,Subaru,R1,R1 (2005),2005,2010,2007,2
img-b595ca1057e06cfd4869,Subaru,R2,R2 (2003),2003,2010,2006,3
img-f0460fa07881d7f0739d,Subaru,R2,R2 (1969),1969,1972,1970,1
img-d58a047c749824dc951e,Subaru,Solterra,Solterra (2025),2025,,2025,1
img-820b96226b14345c7446,Subaru,Solterra,Solterra (2021),2021,2025,2023,2
img-5edb365f5dec3fab6951,Subaru,Stella,Stella (2006),2006,2011,2008,2
img-c79fa7af9af69bce904f,Subaru,SVX,SVX (1992),1992,1997,1994,3
img-348c3b56439c768749c1,Subaru,Trailseeker,Trailseeker (2026),2026,,2026,1
img-057185aea5f55cc05eb7,Subaru,Trezia,Trezia (2010),2010,2014,2012,3
img-ee1826f3021ac8f191ed,Subaru,Tribeca,Tribeca (2007),2007,2013,2010,1
img-9cbd62ffe2e620fe47d8,Subaru,Tribeca,Tribeca (2005),2005,2007,2006,1
img-77ada96862e1e326b196,Subaru,Uncharted,Uncharted (2025),2025,,2025,2
img-7b0fdb17432ad563c52c,Subaru,Vivio,Vivio (1992),1992,2000,1996,2
img-b9351d286ecc3e05d27d,Subaru,WRX,WRX (2021),2021,,2023,1
img-494757483ea7f1b8497b,Subaru,WRX,WRX (2018),2018,2019,2018,1
img-37d6b8a9411ba01a415b,Subaru,WRX,WRX (2014),2014,2021,2017,3
img-692ed547b4eb86db2734,Subaru,XV,XV (2012),2012,2015,2013,5
img-36fd7624a6bc77db7ff1,Suzuki,Across,Across (2026),2026,,2026,1
img-aed25ba5bec04218b3e3,Suzuki,Across,Across (2020),2020,2026,2023,1
img-b586abfc517c509e1502,Suzuki,Aerio / Liana,Aerio / Liana Hatchback (2001),2001,2007,2004,6
img-6d6458661598d91a9339,Suzuki,Aerio / Liana,Aerio / Liana Sedan (2001),2001,2007,2004,8
img-ffb793ad82fa4ee89d6b,Suzuki,Alto,Alto (2009),2009,2013,2011,2
img-faaee020aed80aabf8e7,Suzuki,Alto,Alto (2002),2002,2006,2004,1
img-3a15f07da92bb6e676b0,Suzuki,APV,APV (2004),2004,2009,2006,2
img-ea4c221973a531ab52fe,Suzuki,Baleno,Baleno (2016),2016,2019,2017,4
img-0394802f40afe9577389,Suzuki,Equator,Equator (2009),2009,2012,2010,7
img-0a0c8a50fb1b4c03ccf2,Suzuki,Ertiga,Ertiga (2012),2012,2015,2013,3
img-73eb7a9b8e4168df2866,Suzuki,Escudo / Grand Vitara,Escudo / Grand Vitara 3 Doors (2008),2008,2019,2013,4
img-e477733e82780bc24aaa,Suzuki,Escudo / Grand Vitara,Escudo / Grand Vitara 5 Doors (2008),2008,2014,2011,11
img-8b5f05de7400ed2e787a,Suzuki,Escudo / Grand Vitara,Escudo / Grand Vitara 5 Doors (2005),2005,2007,2006,5
img-3f2c7e4a4ea2e1b74bd4,Suzuki,Escudo / Grand Vitara,Escudo / Grand Vitara 5 Doors (1998),1998,2005,2001,5
img-9aff89d9fc46614c55dd,Suzuki,Escudo / Grand Vitara,Escudo / Grand Vitara 5 Doors (1991),1991,1994,1992,4
img-13595673978dcb45223e,Suzuki,Escudo / Vitara,Escudo / Vitara 3 Doors (2005),2005,2008,2006,2
img-6ea37c84dddc4cd87325,Suzuki,Escudo / Vitara,Escudo / Vitara 3 Doors (1989),1989,1998,1993,6
img-536359d62106858f00db,Suzuki,Forenza,Forenza Sedan (2004),2004,2008,2006,2
img-a464d3d233e895356878,Suzuki,Forenza,Forenza Wagon (2004),2004,2008,2006,2
img-25410b4170edb68f8a7a,Suzuki,Ignis,Ignis (2019),2019,2024,2021,5
img-360fd398bea0b2acb86f,Suzuki,Ignis,Ignis (2016),2016,2019,2017,3
img-8007b49cbc713ae3d631,Suzuki,Ignis,Ignis (2003),2003,2008,2005,6
img-b863f20b7e017ef4a196,Suzuki,Ignis,Ignis (2000),2000,2003,2001,8
img-f9dd65318c45d108361a,Suzuki,Jimny,Jimny (2023),2023,,2024,2
img-ddc2382d90a15cf21686,Suzuki,Jimny,Jimny (2018),2018,2022,2020,2
img-ccf59cb141348fd8650a,Suzuki,Jimny,Jimny (2012),2012,2018,2015,2
img-c72af8f82da56f908ea3,Suzuki,Jimny,Jimny (2005),2005,2012,2008,9
img-a78f5e2df173c3af40bb,Suzuki,Kizashi,Kizashi (2009),2009,2016,2012,5
img-65f4685c31beb89de0dd,Suzuki,Reno,Reno (2004),2004,2008,2006,2
img-f3c26b85676629ef7d82,Suzuki,S-Cross,S-Cross (2021),2021,,2023,6
img-ef5ed9d01bc8b59ead32,Suzuki,Splash,Splash (2011),2011,2014,2012,3
img-94eaf307cd331d1eb359,Suzuki,Splash,Splash (2007),2007,2011,2009,6
img-eaf8d50222d1c7ec0f99,Suzuki,Swace,Swace (2020),2020,,2023,1
img-bd842cdd63737bc3a04b,Suzuki,Swift,Swift 5 Doors (2023),2023,,2024,1
img-2474deb71c7aa0eb5358,Suzuki,Swift,Swift 5 Doors (2020),2020,2023,2021,1
img-6ec38fbb1205038c4cd4,Suzuki,Swift,Swift 5 Doors (2017),2017,2020,2018,9
img-a03b8f9ac608f16efe79,Suzuki,Swift,Swift 5 Doors (2014),2014,2017,2015,4
img-441af42c2b7dc2956c5e,Suzuki,Swift,Swift 5 Doors (2010),2010,2014,2012,3
img-6e2d45688c17d9c311c2,Suzuki,Swift,Swift 5 Doors (2005),2005,2009,2007,7
img-80ee0e4a3327012e0c51,Suzuki,Swift,Swift 5 Doors (1996),1996,2002,1999,4
img-222d7aaee68cdca9e095,Suzuki,Swift,Swift 5 Doors (1991),1991,1996,1993,2
img-b58b999d5119e12eadb2,Suzuki,Swift,Swift 3 Doors (2014),2014,2017,2015,3
img-7ff1ec3893a3d7ae9c4b,Suzuki,Swift,Swift 3 Doors (2010),2010,2014,2012,2
img-515f6f1fdc6cd1ba0818,Suzuki,Swift,Swift 3 Doors (2005),2005,2009,2007,4
img-16fb1b24d1e00a95d91f,Suzuki,Swift,Swift 3 Doors (1996),1996,2003,1999,2
img-01513143e017b70d22a0,Suzuki,Swift,Swift 3 Doors (1991),1991,1996,1993,3
img-300bbf2e8a78703f067c,Suzuki,Swift,Swift Cabriolet (1992),1992,1995,1993,1
img-9ac512e77b89254fd5ef,Suzuki,Swift,Swift Sedan (1991),1991,1996,1993,2
img-4879df16abc26aebd34a,Suzuki,SX4,SX4 Sedan (2006),2006,2014,2010,6
img-64643cfe85f7be27bee6,Suzuki,SX4 Crossover,SX4 Crossover (2016),2016,2021,2018,7
img-68e48d4c4ed46b185fd7,Suzuki,SX4 Crossover,SX4 Crossover (2013),2013,2016,2014,6
img-329f201986cdbd8b0ee2,Suzuki,SX4 Crossover,SX4 Crossover (2006),2006,2013,2009,13
img-4b8f17234dc60b667cc1,Suzuki,Verona,Verona (2004),2004,2006,2005,3
img-10873fa337adc9c69191,Suzuki,Vitara,Vitara (2018),2018,,2022,10
img-8eefa3d7bc3c9e9a381c,Suzuki,Vitara,Vitara (2014),2014,2018,2016,6
img-9a0cbf60ae682e0abd08,Suzuki,Wagon R,Wagon R (2003),2003,2007,2005,4
img-acf60cca3cc4925a48d8,Suzuki,Wagon R,Wagon R (2000),2000,2003,2001,2
img-50773dca7dc9aee68ffe,Suzuki,Wagon R,Wagon R (1997),1997,2000,1998,2
img-629ca164fb70d21c37ca,Suzuki,X90,X90 (1996),1996,1997,1996,2
img-89b838debaa22a858e04,Suzuki,XL7,XL7 (2007),2007,2009,2008,2
img-6777842989c6941108db,Suzuki,XL7,XL7 (2004),2004,2006,2005,4
img-3c2d89da6a1c7442d832,Tata,MOTORS Altroz,MOTORS Altroz (2019),2019,,2022,1
img-241965d56694e1adfdcd,Tata,MOTORS Aria,MOTORS Aria (2010),2010,2017,2013,2
img-908d98789e83a697e697,Tata,MOTORS Harrier,MOTORS Harrier (2018),2018,2023,2020,1
img-434fe7c578281211f5aa,Tata,MOTORS Indica,MOTORS Indica (2008),2008,2015,2011,6
img-2ef255709232ec187cd4,Tata,MOTORS Indica,MOTORS Indica (1998),1998,2007,2002,7
img-0ed87fc2387e543ad100,Tata,MOTORS Indigo,MOTORS Indigo (2009),2009,2016,2012,2
img-8c211761b0de9bcd3142,Tata,MOTORS Indigo,MOTORS Indigo (2008),2008,2016,2012,3
img-fa506e54bbdbd0893673,Tata,MOTORS Indigo,MOTORS Indigo (2002),2002,2009,2005,5
img-1c3f237098244d397942,Tata,MOTORS Indigo SW,MOTORS Indigo SW (2004),2004,2009,2006,2
img-00ae9cf291acc0886ee3,Tata,MOTORS Nano,MOTORS Nano (2008),2008,2018,2013,1
img-37493d1b97374df758f7,Tata,MOTORS Nexon,MOTORS Nexon (2017),2017,2023,2020,2
img-64ecc482dee2b569b374,Tata,MOTORS Safari,MOTORS Safari (2012),2012,2020,2016,2
img-c331b06bfe2728830f88,Tata,MOTORS Safari,MOTORS Safari (2005),2005,2010,2007,3
img-736292a80565c8339b69,Tata,MOTORS Sumo,MOTORS Sumo (2008),2008,2011,2009,2
img-73c1eca700686b4569c1,Tata,MOTORS Telcoline,MOTORS Telcoline Double Cab (1988),1988,2005,1996,1
img-93285ecd5d141ef24571,Tesla,Cybertruck,Cybertruck (2021),2021,,2023,3
img-572ec8fa19e8c195a5fc,Tesla,Model 3,Model 3 (2023),2023,,2024,2
img-2702e901a72ed2da09f8,Tesla,Model 3,Model 3 (2017),2017,2023,2020,6
img-3b1feb5caaddd2e2cee4,Tesla,Model S,Model S (2021),2021,,2023,1
img-a7a15403e8ade6eb41c6,Tesla,Model S,Model S (2019),2019,2021,2020,1
img-211bb1643e50275742ed,Tesla,Model S,Model S (2016),2016,2019,2017,6
img-a02e96512a9fa48715be,Tesla,Model S,Model S (2012),2012,2016,2014,8
img-bbae8e0009b9f715a115,Tesla,Model X,Model X (2023),2023,,2024,2
img-a4c72be826933556bad9,Tesla,Model X,Model X (2021),2021,2023,2022,2
img-3c3a086410b034d2e6ac,Tesla,Model X,Model X (2015),2015,2021,2018,5
img-f9b7bc34b5ff76aa1198,Tesla,Model Y,Model Y (2024),2024,,2025,3
img-b6d504820193e3dec20b,Tesla,Model Y,Model Y (2019),2019,2024,2021,1
img-380311777b056fb72686,Tesla,Roadster,Roadster (2018),2018,,2022,1
img-ad1f249be6af44564345,Tesla,Roadster,Roadster (2009),2009,2012,2010,2
img-ef72e3c9dda1a361c8e7,Tesla,Roadster,Roadster (2008),2008,2012,2010,1
img-ed76cf9613dfbe35644a,Togg,T10F,T10F (2024),2024,,2025,3
img-4799ac87064c1c51fdcf,Togg,T10X,T10X (2022),2022,,2024,3
img-4d3ded5a942a045d4ae8,Toyota,4Runner,4Runner (2024),2024,,2025,1
img-e9c6a80eb9f04350683e,Toyota,4Runner,4Runner (2013),2013,2024,2018,2
img-05b39eae4f25c1d43bae,Toyota,4Runner,4Runner (2009),2009,2013,2011,3
img-d13ae9ccac2a6bc3414a,Toyota,4Runner,4Runner (2003),2003,2009,2006,9
img-0162123d5c8d0cca7a86,Toyota,4Runner,4Runner (1990),1990,1995,1992,2
img-4362d623e33c9bc56bcd,Toyota,Agya,Agya (2012),2012,2017,2014,2
img-037ffef625d158550cde,Toyota,Alphard,Alphard (2002),2002,2007,2004,3
img-2a15deccdb1afaf962a1,Toyota,Aqua,Aqua (2021),2021,,2023,2
img-c2db67b8f18264d25e6a,Toyota,Aurion,Aurion (2012),2012,2017,2014,1
img-f8815e80b00a4631fed3,Toyota,Aurion,Aurion (2006),2006,2012,2009,2
img-1335e45cd269b0b84027,Toyota,Auris,Auris 3 Doors (2006),2006,2010,2008,12
img-6969c76e45179ced8d1e,Toyota,Auris,Auris 5 Doors (2018),2018,2023,2020,9
img-0590ebd45188817ff420,Toyota,Auris,Auris 5 Doors (2015),2015,2018,2016,6
img-7b2fce37e4ed0e9c2799,Toyota,Auris,Auris 5 Doors (2013),2013,2015,2014,6
img-84a3858d62e541505640,Toyota,Auris,Auris 5 Doors (2010),2010,2012,2011,6
img-17472d360921a6128f54,Toyota,Auris,Auris 5 Doors (2006),2006,2010,2008,10
img-8cc691cf3fd2f3dbfdd7,Toyota,Auris,Auris Touring (2013),2013,2015,2014,6
img-2aba3cee19d962728fcd,Toyota,Avalon,Avalon (2019),2019,2022,2020,2
img-17253a1cc39195aab79f,Toyota,Avalon,Avalon (2018),2018,2019,2018,2
img-465283b56b7100ffc020,Toyota,Avalon,Avalon (2015),2015,2018,2016,2
img-3714c49240b0b435ec5d,Toyota,Avalon,Avalon (2012),2012,2015,2013,2
img-eb8435973ed090b3abef,Toyota,Avalon,Avalon (2005),2005,2012,2008,1
img-d54cd08625916438d85a,Toyota,Avensis,Avensis (2015),2015,2018,2016,4
img-1bff4f19e33a8ed8a352,Toyota,Avensis,Avensis (2011),2011,2015,2013,10
img-6a73f2083e725b5acfe3,Toyota,Avensis,Avensis (2009),2009,2011,2010,9
img-abf72171ef6cdb3fcdce,Toyota,Avensis,Avensis (2006),2006,2008,2007,9
img-e1a8d2be0ea2540b79f9,Toyota,Avensis,Avensis (2003),2003,2006,2004,9
img-c4aa3c1cd57a4bbfeb7b,Toyota,Avensis,Avensis (2000),2000,2003,2001,4
img-06714847d12dd000a78d,Toyota,Avensis,Avensis (1997),1997,2000,1998,7
img-ce8b2827257ec00d2396,Toyota,Avensis,Avensis Liftback (2009),2009,2011,2010,5
img-5cc6a0ac8cbd80aa66bd,Toyota,Avensis,Avensis Liftback (2006),2006,2008,2007,6
img-abb3704c3fcd4e7537c2,Toyota,Avensis,Avensis Liftback (2003),2003,2006,2004,8
img-6a8bc19491756eb4ff16,Toyota,Avensis,Avensis Liftback (1997),1997,2003,2000,7
img-e5026b9d333fccbb4fb1,Toyota,Avensis,Avensis Wagon (2015),2015,2018,2016,4
img-83d1e549765b0d8ff470,Toyota,Avensis,Avensis Wagon (2009),2009,2015,2012,5
img-12bd35d08802a03a6ba6,Toyota,Avensis,Avensis Wagon (2006),2006,2008,2007,9
img-9f95a73a69d1b217a24e,Toyota,Avensis,Avensis Wagon (2003),2003,2006,2004,8
img-26725cff6d6bf48e9ec6,Toyota,Avensis,Avensis Wagon (2000),2000,2003,2001,6
img-e4955ef12974ebb9da45,Toyota,Avensis,Avensis Wagon (1997),1997,2000,1998,7
img-0f6fd593eef86ad61601,Toyota,Avensis Verso,Avensis Verso (2003),2003,2006,2004,3
img-3e6066f8561d3606df0c,Toyota,Avensis Verso,Avensis Verso (2001),2001,2003,2002,3
img-cb59466fd0f952bf8341,Toyota,Aygo,Aygo 3 Doors (2009),2009,2014,2011,3
img-e97d6c937e0dd13c0d33,Toyota,Aygo,Aygo 3 Doors (2005),2005,2008,2006,3
img-f7687398c4082819829a,Toyota,Aygo,Aygo 5 Doors (2018),2018,2022,2020,2
img-c2824a677bcee8236f18,Toyota,Aygo,Aygo 5 Doors (2014),2014,2018,2016,2
img-664e548ecb9a748e0b22,Toyota,Aygo,Aygo 5 Doors (2005),2005,2008,2006,3
img-e9abe67249319c66d7a6,Toyota,Aygo X,Aygo X (2025),2025,,2025,1
img-bb9b0d91d1a15eb515ec,Toyota,Aygo X,Aygo X (2021),2021,2025,2023,2
img-4a21709faa2cfd68f693,Toyota,bZ,bZ (US) (2026),2026,,2026,4
img-b5818a44130229869aad,Toyota,bZ4X,bZ4X (2025),2025,,2025,3
img-ac204006fc99dd86f3b3,Toyota,bZ4X,bZ4X (2022),2022,2025,2023,2
img-5f410f0f22bb55bd69fc,Toyota,bZ4X,bZ4X Touring (2025),2025,,2025,2
img-df9df21504c6c3077414,Toyota,C-HR,C-HR (2025),2025,,2025,3
img-c36ae5de689f3dd82a17,Toyota,C-HR,C-HR (2023),2023,,2024,4
img-0c7a80aa191733fb77a7,Toyota,C-HR,C-HR (2019),2019,2023,2021,6
img-9017615c536d49425d5b,Toyota,C-HR,C-HR (2016),2016,2019,2017,3
img-bd3ca85e94c1026ebfd3,Toyota,Camry,Camry (2023),2023,,2024,2
img-e972b7098596a69d88bd,Toyota,Camry,Camry (2021),2021,2023,2022,1
img-5b6d2ca6619d641132ac,Toyota,Camry,Camry (2020),2020,,2023,4
img-136edd675123c33853c0,Toyota,Camry,Camry (2019),2019,2020,2019,1
img-2c8d545f4e9f58008026,Toyota,Camry,Camry (2017),2017,2020,2018,4
img-fd27a0df33f2d8beba5e,Toyota,Camry,Camry (2014),2014,2017,2015,3
img-de5bc2baa2c471894fb5,Toyota,Camry,Camry (2011),2011,2014,2012,2
img-fbc3a3ab0b73cec9867a,Toyota,Camry,Camry (2009),2009,2014,2011,1
img-19e02fb2e9f882906b50,Toyota,Camry,Camry (2007),2007,2011,2009,2
img-b179bb5b0b87d7673390,Toyota,Camry,Camry (2004),2004,2009,2006,3
img-37ff53abafe7e096bb36,Toyota,Camry,Camry (2001),2001,2004,2002,3
img-da8bbb0749f7511d6c4d,Toyota,Camry,Camry (1997),1997,2001,1999,3
img-fcc2009afc27f1d2ede4,Toyota,Camry,Camry (1991),1991,1996,1993,3
img-1e90ed3ac72ba34aa92b,Toyota,Camry,Camry (1987),1987,1991,1989,5
img-d972ba07df33c3b5007a,Toyota,Camry,Camry (1983),1983,1987,1985,4
img-52891c48caadfccdfaeb,Toyota,Celica,Celica (2002),2002,2006,2004,2
img-a32b091a41a24db68033,Toyota,Celica,Celica (1999),1999,2002,2000,2
img-1090aca65b43a4af4f73,Toyota,Celica,Celica (1994),1994,1999,1996,3
img-7a9d0182c79e9ed93969,Toyota,Celica,Celica (1990),1990,1994,1992,3
img-0752751441fc27749612,Toyota,Celica,Celica Convertible (1995),1995,1999,1997,1
img-2b9c7ce21307a5281584,Toyota,Celica,Celica Convertible (1991),1991,1994,1992,1
img-843716526d534d7fa9f2,Toyota,Century,Century Sedan (2023),2023,,2024,1
img-6fb94923a8a6f0cc9a9b,Toyota,Century SUV,Century SUV (2023),2023,,2024,1
img-855f1d44e1b40d0936ed,Toyota,Corolla,Corolla Sedan (2022),2022,,2024,2
img-1d700a2c75058bc6e54a,Toyota,Corolla,Corolla Sedan (2020),2020,2022,2021,3
img-15a7994ea06c26c94c68,Toyota,Corolla,Corolla Sedan (2019),2019,2022,2020,4
img-0ad2743219ae046a0ac3,Toyota,Corolla,Corolla Sedan (2016),2016,2019,2017,5
img-821643346daf5a9019ad,Toyota,Corolla,Corolla Sedan (2013),2013,2016,2014,5
img-62dd9d6900c5f3bf356e,Toyota,Corolla,Corolla Sedan (2010),2010,2013,2011,5
img-2fa6aaba6dcd6211375f,Toyota,Corolla,Corolla Sedan (2007),2007,2009,2008,9
img-173681c6a8df8a07029f,Toyota,Corolla,Corolla Sedan (2004),2004,2007,2005,6
img-eeab7baa5c70470506a4,Toyota,Corolla,Corolla Sedan (2002),2002,2004,2003,8
img-0b71c2e6aad328a1ccc6,Toyota,Corolla,Corolla Sedan (2000),2000,2002,2001,4
img-0717017420f74f535b6b,Toyota,Corolla,Corolla Sedan (1997),1997,2000,1998,5
img-d592b37c64bdfb99a8bf,Toyota,Corolla,Corolla Sedan (1992),1992,1997,1994,7
img-2836bcd86de9baf0dac0,Toyota,Corolla,Corolla Touring (2022),2022,,2024,2
img-3336c19f52872ea1f16a,Toyota,Corolla,Corolla Touring (2018),2018,2022,2020,4
img-8be981bf21ad2a642d55,Toyota,Corolla,Corolla (2016),2016,2018,2017,2
img-73940c3efc8cfbcad3eb,Toyota,Corolla,Corolla (2014),2014,2020,2017,3
img-44d355da407476076fd4,Toyota,Corolla,Corolla (US) (2018),2018,2023,2020,6
img-e3e500cc9307da892d94,Toyota,Corolla,Corolla (US) (2013),2013,2016,2014,7
img-1a4c8ebdab3981b3703d,Toyota,Corolla,Corolla 3 Doors (2004),2004,2007,2005,9
img-f14c79aa126f1b196c6c,Toyota,Corolla,Corolla 3 Doors (2002),2002,2004,2003,7
img-57c888b94de0f92b9e8a,Toyota,Corolla,Corolla 3 Doors (2000),2000,2002,2001,5
img-888b5be41ec51e6bc937,Toyota,Corolla,Corolla 3 Doors (1997),1997,2000,1998,4
img-0b388759de55f01f500e,Toyota,Corolla,Corolla 3 Doors (1992),1992,1997,1994,7
img-616e1e57c758ac023fe7,Toyota,Corolla,Corolla 3 Doors (1987),1987,1992,1989,9
img-8dd9520483313528ee62,Toyota,Corolla,Corolla 5 Doors (2004),2004,2007,2005,7
img-e1425e7d0091ef35d88e,Toyota,Corolla,Corolla 5 Doors (2002),2002,2004,2003,6
img-59171c55378d277c5a19,Toyota,Corolla,Corolla 5 Doors (2000),2000,2002,2001,4
img-04fb09cd11449ed5a82e,Toyota,Corolla,Corolla 5 Doors (1997),1997,2000,1998,3
img-1f4626687de10c1a00c6,Toyota,Corolla,Corolla 5 Doors (1992),1992,1997,1994,4
img-fe1b7340ef46b80ae19c,Toyota,Corolla,Corolla 5 Doors (1987),1987,1992,1989,5
img-4d439e236434e6150469,Toyota,Corolla,Corolla Liftback (1992),1992,1997,1994,4
img-dd68ebcb49ef5c50c550,Toyota,Corolla,Corolla Liftback (1987),1987,1992,1989,8
img-45b4bfc21a2c382204c9,Toyota,Corolla,Corolla Wagon (2004),2004,2007,2005,6
img-ff7ae2e41d62a1c74db2,Toyota,Corolla,Corolla Wagon (2002),2002,2004,2003,4
img-b814fb63a4a796fb97f1,Toyota,Corolla,Corolla Wagon (2000),2000,2002,2001,4
img-ac19a7906659cc776806,Toyota,Corolla,Corolla Wagon (1997),1997,2000,1998,4
img-6bd7b900f94fc6e810ac,Toyota,Corolla Cross,Corolla Cross (2025),2025,,2025,7
img-1991f6bc99cc90ecfb82,Toyota,Corolla Cross,Corolla Cross (2022),2022,,2024,3
img-848f0ab9a21956f3d262,Toyota,Corolla Cross,Corolla Cross (2020),2020,2022,2021,2
img-50c0039c55c0aec3ccfc,Toyota,Corolla Cross,Corolla Cross (US) (2023),2023,,2024,1
img-b5ecf485c9ad9eabb87f,Toyota,Corolla Cross,Corolla Cross (US) (2021),2021,,2023,4
img-a447f840a51a1d209f0c,Toyota,Corolla Verso,Corolla Verso (2007),2007,2009,2008,6
img-774967c7a2e50d0d162e,Toyota,Corolla Verso,Corolla Verso (2004),2004,2007,2005,6
img-c7cd06439930e13bf073,Toyota,Corolla Verso,Corolla Verso (2002),2002,2004,2003,4
img-66eee04ae547ad322c6e,Toyota,Crown,Crown Estate (2025),2025,,2025,2
img-6fce3255632998a221de,Toyota,Crown,Crown (2024),2024,,2025,1
img-6f537d59ddbe4d698d43,Toyota,Crown,Crown (1979),1979,1983,1981,2
img-731ade189b09ededa592,Toyota,Crown SUV,Crown SUV (2025),2025,,2025,1
img-d6a62a68dc3de0f00e12,Toyota,Crown SUV,Crown SUV (2022),2022,,2024,2
img-d17068083a7f0cc176b3,Toyota,Etios,Etios (2010),2010,2022,2016,2
img-3ccbecbab186615542eb,Toyota,Etios Liva,Etios Liva (2011),2011,2020,2015,2
img-78e24c24b8eb492ce90a,Toyota,FJ Cruiser,FJ Cruiser (2011),2011,2016,2013,3
img-ff5dab147802bbe9fab8,Toyota,FJ Cruiser,FJ Cruiser (2006),2006,2010,2008,6
img-ebd0db7f444c81dfe1c6,Toyota,Fortuner,Fortuner (2020),2020,,2023,8
img-6705a7ae389ebd682888,Toyota,Fortuner,Fortuner (2015),2015,2020,2017,4
img-aa06e9cedb1db66e0c53,Toyota,Fortuner,Fortuner (2011),2011,2015,2013,5
img-b1ce40e6f227d4e58591,Toyota,GR 86,GR 86 (2021),2021,,2023,2
img-40423f252f243b18629b,Toyota,GR Corolla,GR Corolla (2025),2025,,2025,1
img-7fdab9e3b934cabde653,Toyota,GR Corolla,GR Corolla (2022),2022,2025,2023,1
img-8789c8dee190bf6b0e57,Toyota,GR Supra,GR Supra (2022),2022,,2024,3
img-bc27e2be402a41c094ff,Toyota,GR Yaris,GR Yaris (2024),2024,,2025,1
img-066676aa4023a4a1b335,Toyota,GR Yaris,GR Yaris (2020),2020,2024,2022,1
img-f9aba1fb6d55a6bc91b9,Toyota,Grand Highlander,Grand Highlander (2025),2025,,2025,1
img-040b6b188b7b78f78d64,Toyota,Grand Highlander,Grand Highlander (2023),2023,2025,2024,4
img-b2bec9b38c917ef4d154,Toyota,GT 86,GT 86 (2016),2016,2021,2018,2
img-d57990dc7773b38586d5,Toyota,GT 86,GT 86 (2012),2012,2016,2014,2
img-b230eb0762a6501f7e23,Toyota,Harrier,Harrier (2014),2014,2020,2017,3
img-f08b5ba77702242b1d67,Toyota,Highlander / Kluger,Highlander / Kluger (2026),2026,,2026,3
img-0d25e57d89dd03e7bdb5,Toyota,Highlander / Kluger,Highlander / Kluger (2019),2019,,2022,4
img-7ad6e0935ba8f63ef17e,Toyota,Highlander / Kluger,Highlander / Kluger (2016),2016,2018,2017,4
img-cdd9372ecfdbde6f9029,Toyota,Highlander / Kluger,Highlander / Kluger (2013),2013,2016,2014,4
img-df7765d2b48c55fdb7b8,Toyota,Highlander / Kluger,Highlander / Kluger (2007),2007,2013,2010,4
img-f5bb71ef37dbb351263f,Toyota,Highlander / Kluger,Highlander / Kluger (2001),2001,2006,2003,12
img-7ba72408666cfd4d51bc,Toyota,Hilux,Hilux Double Cab (2025),2025,,2025,1
img-90838812477e576da212,Toyota,Hilux,Hilux Double Cab (2020),2020,2025,2022,5
img-a6b1e5f69aef0654511e,Toyota,Hilux,Hilux Double Cab (2017),2017,2020,2018,5
img-b744b174eb532ebbdf47,Toyota,Hilux,Hilux Double Cab (2015),2015,2018,2016,8
img-618ad8eaf15aa6d0730e,Toyota,Hilux,Hilux Double Cab (2011),2011,2015,2013,3
img-6a01f15243d5c2059006,Toyota,Hilux,Hilux (2006),2006,2015,2010,1
img-aa6fc24138235d07c086,Toyota,Hilux,Hilux (2005),2005,2011,2008,5
img-f7f0cc8cb283112483d2,Toyota,Hilux,Hilux Single Cab (2015),2015,2018,2016,2
img-3a7c46e1109819fbdeff,Toyota,Hilux,Hilux Single Cab (2011),2011,2015,2013,2
img-f37f0c6a457885355e17,Toyota,Hilux Extra Cab,Hilux Extra Cab (2015),2015,2017,2016,4
img-0e8274687982bd467ade,Toyota,Hilux Extra Cab,Hilux Extra Cab (2011),2011,2015,2013,2
img-b1878863904fd6ad74c5,Toyota,Innova,Innova (2011),2011,2013,2012,2
img-0226130b3201ea792fbc,Toyota,iQ,iQ (2008),2008,2015,2011,5
img-e15381be3e68a0aa83a4,Toyota,Land Cruiser / Prado,Land Cruiser / Prado (2024),2024,,2025,1
img-68443195e7b9f1dfe662,Toyota,Land Cruiser / Prado,Land Cruiser / Prado (2023),2023,,2024,1
img-4760a2267357503dc795,Toyota,Land Cruiser / Prado,Land Cruiser / Prado (2017),2017,2020,2018,6
img-6b6954f5de4dc8637b94,Toyota,Land Cruiser / Prado,Land Cruiser / Prado (2013),2013,2017,2015,3
img-dd27543d52cfc05e271b,Toyota,Land Cruiser / Prado,Land Cruiser / Prado (2009),2009,2013,2011,8
img-4a67c2509d6ca2dcbc33,Toyota,Land Cruiser / Prado,Land Cruiser / Prado (2003),2003,2009,2006,6
img-0e33895f09a6c87e5306,Toyota,Land Cruiser / Prado,Land Cruiser / Prado (1996),1996,2001,1998,3
img-68fa77b51fa637f21f84,Toyota,Land Cruiser V8 and predecessors,Land Cruiser V8 and predecessors (2015),2015,2021,2018,3
img-0339cf65f11cb0d2a894,Toyota,Land Cruiser V8 and predecessors,Land Cruiser V8 and predecessors (2011),2011,2015,2013,2
img-d4c23e403d65cb145027,Toyota,Land Cruiser V8 and predecessors,Land Cruiser V8 and predecessors (2007),2007,2011,2009,2
img-aea8c8246892bfd02404,Toyota,Land Cruiser V8 and predecessors,Land Cruiser V8 and predecessors (2002),2002,2007,2004,2
img-8fa2e963dfb9aefa5372,Toyota,Land Cruiser V8 and predecessors,Land Cruiser V8 and predecessors (1998),1998,2002,2000,3
img-84129b92e67353728e88,Toyota,Land Cruiser V8 and predecessors,Land Cruiser V8 and predecessors (1989),1989,1992,1990,1
img-24527645a08dd25268ac,Toyota,Land Cruiser V8 and predecessors,Land Cruiser V8 and predecessors (1984),1984,1990,1987,4
img-3834a35cff70d1dbff5c,Toyota,Matrix,Matrix (2009),2009,2014,2011,5
img-801c569a47b04c4b280b,Toyota,Matrix,Matrix (2003),2003,2009,2006,5
img-456674f37b0915557a7f,Toyota,Mirai,Mirai (2021),2021,,2023,1
img-4936d6417495cf8d9c11,Toyota,Mirai,Mirai (2015),2015,2021,2018,1
img-3306af33102c2d5a7d27,Toyota,MR2,MR2 (1990),1990,1999,1994,5
img-4a8ad09b8c517a644893,Toyota,MR2,MR2 (1985),1985,1990,1987,2
img-8b45fbccd3d1b58a3c55,Toyota,MR2,MR2 Cabriolet (2002),2002,2005,2003,1
img-68ff1220cadb5c020e41,Toyota,MR2,MR2 Cabriolet (2000),2000,2002,2001,1
img-32cc6981394c66786c2f,Toyota,Paseo,Paseo (1996),1996,2000,1998,1
img-dea15583bddb82645895,Toyota,Picnic,Picnic (1996),1996,2001,1998,3
img-791ee6c39900f2a2bc62,Toyota,Previa / Estima,Previa / Estima (2007),2007,2016,2011,4
img-2e7b000b43310086eac1,Toyota,Previa / Estima,Previa / Estima (2003),2003,2005,2004,5
img-baca2bfe8647e0fa9b14,Toyota,Previa / Estima,Previa / Estima (2000),2000,2003,2001,2
img-2b87672c6f208d59a336,Toyota,Previa / Estima,Previa / Estima (1992),1992,1998,1995,2
img-d2189a91c6a436e59245,Toyota,Prius,Prius (2022),2022,,2024,5
img-e2d7889aad242c83e297,Toyota,Prius,Prius (2018),2018,2022,2020,2
img-982c798f5d5e635dfcc8,Toyota,Prius,Prius (2015),2015,2018,2016,1
img-897bc4ed6f459a63b414,Toyota,Prius,Prius (2011),2011,2016,2013,1
img-e32c128adf80bf96f6e4,Toyota,Prius,Prius (2009),2009,2011,2010,1
img-e85acb1aa36165e4f78a,Toyota,Prius,Prius (2006),2006,2009,2007,1
img-634ffeede18a3411baa5,Toyota,Prius,Prius (2003),2003,2006,2004,1
img-bce49b2505e86feec842,Toyota,Prius,Prius (1997),1997,2004,2000,1
img-531fdd11b0a970758df4,Toyota,Prius C,Prius C (Aqua) (2017),2017,2021,2019,1
img-b357e5c6b32613ebe38d,Toyota,Prius C,Prius C (Aqua) (2015),2015,2017,2016,1
img-a96c041be84f5ecc9c54,Toyota,Prius C,Prius C (Aqua) (2012),2012,2015,2013,1
img-881a275308e49ab26617,Toyota,Prius Prime,Prius Prime (2016),2016,2022,2019,1
img-46be99bdd93bef4caffb,Toyota,Prius v/Prius+,Prius v/Prius+ (2015),2015,2021,2018,1
img-571d64e0d88b51cbd49b,Toyota,Prius v/Prius+,Prius v/Prius+ (2011),2011,2015,2013,1
img-8921b9a5781b7493857e,Toyota,RAV4,RAV4 5 Doors (2025),2025,,2025,3
img-6070706fff2b940343fd,Toyota,RAV4,RAV4 5 Doors (2018),2018,2025,2021,6
img-a2819a98cf197d453134,Toyota,RAV4,RAV4 5 Doors (2015),2015,2018,2016,7
img-61bf81fef94ea1913075,Toyota,RAV4,RAV4 5 Doors (2013),2013,2015,2014,7
img-f84f49e4ce37be7a8466,Toyota,RAV4,RAV4 5 Doors (2010),2010,2015,2012,7
img-96f0fdef741b258a779b,Toyota,RAV4,RAV4 5 Doors (2008),2008,2010,2009,10
img-439374d59770f39f7c2b,Toyota,RAV4,RAV4 5 Doors (2006),2006,2008,2007,3
img-17e1198ee0639e09421c,Toyota,RAV4,RAV4 5 Doors (2003),2003,2006,2004,3
img-84a48cf07aef3f4a50f5,Toyota,RAV4,RAV4 5 Doors (2000),2000,2003,2001,3
img-7574bfa7f6101ad8b529,Toyota,RAV4,RAV4 3 Doors (2003),2003,2006,2004,3
img-0eb3d12d523798ba0745,Toyota,RAV4,RAV4 3 Doors (2000),2000,2003,2001,3
img-948282fa7d41c98cd9d5,Toyota,Rukus,Rukus (2007),2007,2015,2011,1
img-1b8236d907d7a1eb5358,Toyota,Sequoia,Sequoia (2022),2022,,2024,1
img-e671bf896a45d6da99fd,Toyota,Sequoia,Sequoia (2019),2019,2022,2020,2
img-a8fe2e639374caecc938,Toyota,Sequoia,Sequoia (2017),2017,2022,2019,2
img-a58bc22fa9bf556fb7ed,Toyota,Sequoia,Sequoia (2007),2007,2017,2012,6
img-827a3570fd9d83215bcc,Toyota,Sequoia,Sequoia (2000),2000,2007,2003,6
img-eb4b501219c881e8cf3e,Toyota,Sienna,Sienna (2025),2025,,2025,1
img-a1721630bc29d0b9da58,Toyota,Sienna,Sienna (2020),2020,2025,2022,2
img-bc4e9c803c6b8fb00253,Toyota,Sienna,Sienna (2017),2017,2020,2018,2
img-5be7f914a95ba7fafda4,Toyota,Sienna,Sienna (2014),2014,2017,2015,2
img-9f2a33c1dc66edce2877,Toyota,Sienna,Sienna (2010),2010,2014,2012,3
img-6b5b3234b665eb524258,Toyota,Sienna,Sienna (2004),2004,2009,2006,3
img-2f59089d7dd0593bfeee,Toyota,Sienna,Sienna (1998),1998,2003,2000,2
img-f5c60307df112c44470a,Toyota,Solara,Solara Convertible (2004),2004,2008,2006,2
img-744341bb97aa1b459adc,Toyota,Starlet,Starlet 3 Doors (1996),1996,1999,1997,1
img-3c38c58b79423784719e,Toyota,Starlet,Starlet 3 Doors (1989),1989,1996,1992,5
img-9ca70629139cad9ba089,Toyota,Starlet,Starlet 3 Doors (1984),1984,1989,1986,3
img-cd4c95bfd2e5057985c5,Toyota,Starlet,Starlet 5 Doors (1996),1996,1999,1997,1
img-5b7ca2983b9173a8c7e4,Toyota,Starlet,Starlet 5 Doors (1990),1990,1996,1993,4
img-457fb02015d7edb7cd34,Toyota,Supra,Supra (2019),2019,2026,2022,3
img-135c51ca7a9085939102,Toyota,Supra,Supra (1993),1993,2002,1997,6
img-bd59783e707ce7f967f0,Toyota,Tacoma,Tacoma (2023),2023,,2024,1
img-90cbb0141d620d17ca6f,Toyota,Tacoma,Tacoma (2019),2019,2023,2021,4
img-cdf7fa8aebf703adaaf1,Toyota,Tacoma,Tacoma (2015),2015,2019,2017,6
img-5f1da5b3f98403ece909,Toyota,Tacoma,Tacoma (2011),2011,2015,2013,9
img-3eb5a56a24ca4a787b7a,Toyota,Tacoma,Tacoma (2005),2005,2011,2008,2
img-acadafea44366e2203a9,Toyota,Tundra,Tundra (2021),2021,,2023,2
img-88f7c8c1f11a764b9e7c,Toyota,Tundra,Tundra (2017),2017,2021,2019,4
img-01ee1dfcaaaa59921c1f,Toyota,Tundra,Tundra (2013),2013,2017,2015,13
img-3184674f80f386642ebb,Toyota,Tundra,Tundra (2006),2006,2013,2009,7
img-7219398a18da040b2c30,Toyota,Tundra,Tundra (1999),1999,2003,2001,2
img-41e14b9c7706f9884a11,Toyota,Urban Cruiser,Urban Cruiser (2025),2025,,2025,3
img-09abd42373273bff5f9a,Toyota,Urban Cruiser,Urban Cruiser (2009),2009,2014,2011,3
img-a79a8ef388ec8655c53c,Toyota,Venza,Venza (2020),2020,,2023,1
img-4c257462a060a4cfa1d1,Toyota,Venza,Venza (2012),2012,2017,2014,4
img-b6a3a48ff0b4156f0e84,Toyota,Venza,Venza (2009),2009,2012,2010,4
img-0ccabfd413266e31adba,Toyota,Verso,Verso (2013),2013,2018,2015,5
img-1c6d1f4582b77643f144,Toyota,Verso,Verso (2009),2009,2013,2011,7
img-37aa620cea94cba4e7d3,Toyota,VERSO-S,VERSO-S (2010),2010,2017,2013,4
img-94341adc05076cb7d2e0,Toyota,Vios,Vios (2013),2013,2017,2015,2
img-5e020518c8c99113166b,Toyota,Yaris,Yaris 5 Doors (2024),2024,,2025,2
img-e842fd45fbf1a0bac416,Toyota,Yaris,Yaris 5 Doors (2019),2019,2024,2021,3
img-85ce522ea96308565987,Toyota,Yaris,Yaris 5 Doors (2017),2017,2019,2018,4
img-ad53d413f4907a52edc3,Toyota,Yaris,Yaris 5 Doors (2014),2014,2017,2015,7
img-c6b03e9f67277983ecf8,Toyota,Yaris,Yaris 5 Doors (2011),2011,2014,2012,4
img-467f8aa4e47f6011889a,Toyota,Yaris,Yaris 5 Doors (2008),2008,2011,2009,5
img-18049c532a79c64a6b2a,Toyota,Yaris,Yaris 5 Doors (2006),2006,2008,2007,3
img-2d3cc0b50d1c8363c915,Toyota,Yaris,Yaris 5 Doors (2003),2003,2005,2004,4
img-7fcc094171c527163ba5,Toyota,Yaris,Yaris 5 Doors (1999),1999,2003,2001,4
img-71c9966c74f534596e06,Toyota,Yaris,Yaris 3 Doors (2017),2017,2020,2018,1
img-098d0f61bd7cbf267f24,Toyota,Yaris,Yaris 3 Doors (2014),2014,2017,2015,3
img-eae16330fb9494662ca6,Toyota,Yaris,Yaris 3 Doors (2011),2011,2014,2012,4
img-3d49d095678fe9b09b08,Toyota,Yaris,Yaris 3 Doors (2008),2008,2011,2009,4
img-6177c3c77cb2c66d05fb,Toyota,Yaris,Yaris 3 Doors (2006),2006,2008,2007,5
img-68573ad2f38ada3f3b2d,Toyota,Yaris,Yaris 3 Doors (2003),2003,2005,2004,4
img-12ab3950f52358473c24,Toyota,Yaris,Yaris 3 Doors (1999),1999,2003,2001,4
img-e416eb4dd85bce4a91b8,Toyota,Yaris,Yaris Hatchback (2019),2019,2020,2019,1
img-544cc239ab1c63a1a602,Toyota,Yaris,Yaris Hatchback (2013),2013,2017,2015,1
img-ac48bacee9d95e921e12,Toyota,Yaris,Yaris Sedan (2018),2018,2020,2019,2
img-d84b65032275d7e4f7f1,Toyota,Yaris,Yaris Sedan (2016),2016,2018,2017,2
img-6e91bfa531466aef017b,Toyota,Yaris Cross,Yaris Cross (2023),2023,2026,2024,2
img-76ab4c55d88bc3f94925,Toyota,Yaris Cross,Yaris Cross (2020),2020,2023,2021,4
img-be0490ac1f053eccc542,Toyota,Yaris TS,Yaris TS 3 Doors (2007),2007,2010,2008,1
img-87907eeb053b5d620b22,Toyota,Yaris TS,Yaris TS 5 Doors (2007),2007,2010,2008,1
img-81b8fc94c9c6b5866af6,Toyota,Yaris Verso,Yaris Verso (2003),2003,2007,2005,4
img-4ebc6ab3d0b4dd41f738,Toyota,Yaris Verso,Yaris Verso (1999),1999,2003,2001,3
img-ee3d9e69ad9691807d09,TVR,"""Wedge Series""","""Wedge Series"" (1983)",1983,1987,1985,2
img-5bdb5aee0d0618db0957,TVR,Cerbera,Cerbera (2000),2000,2004,2002,4
img-e23b460d99ca7ebb8a0c,TVR,Cerbera,Cerbera (1996),1996,2000,1998,4
img-6e4aaad896c05157602b,TVR,Chimaera,Chimaera (1992),1992,2001,1996,5
img-6a86601db96b4018f089,TVR,Griffith,Griffith (2017),2017,2017,2017,1
img-fed2ccb130e3bc0c78a7,TVR,Griffith,Griffith (1992),1992,2002,1997,4
img-4abea00aaa936af0c9d1,TVR,Sagaris,Sagaris (2004),2004,2006,2005,1
img-9f737dad1fc8bf74d0c9,TVR,T350,T350 (2002),2002,2006,2004,4
img-ae82dc9cdc72fd861c3e,TVR,Tamora,Tamora (2002),2002,2006,2004,1
img-4ab902f1c9e5f36c0400,TVR,Tuscan,Tuscan (2001),2001,2005,2003,1
img-cd5e0006664c41efcfaa,TVR,Tuscan R/ T 440R/T 400R/ Typhon,Tuscan R/ T 440R/T 400R/ Typhon (2000),2000,2006,2003,2
img-b1d9813722548458fe7f,TVR,Tuscan S,Tuscan S (2005),2005,2006,2005,1
img-adfe8244a0f27c9e9255,TVR,Tuscan S,Tuscan S (2001),2001,2005,2003,1
img-e0c625e6cfc77880fde9,TVR,Tuscan S,Tuscan S Convertible (2005),2005,2006,2005,4
img-448988d200c4f3cd8dd2,Vauxhall,Agila,Agila (2008),2008,2015,2011,4
img-5e84a7d03e5151fc82f0,Vauxhall,Agila,Agila (2000),2000,2007,2003,2
img-a98c6c54a8f17359096d,Vauxhall,Antara,Antara (2010),2010,2015,2012,3
img-bfc4edcab7982328af56,Vauxhall,Antara,Antara (2007),2007,2010,2008,4
img-4e10bf64695f2275852a,Vauxhall,Astra,Astra Estate (2022),2022,,2024,1
img-5f93ab10e5db85e3f2c6,Vauxhall,Astra,Astra Estate (2021),2021,,2023,6
img-a07ffe456e34508d284d,Vauxhall,Astra,Astra Estate (2019),2019,2021,2020,6
img-2611f4c56682ff80553e,Vauxhall,Astra,Astra Estate (2015),2015,2019,2017,11
img-3c427a9da53ec6f5366f,Vauxhall,Astra,Astra Estate (2012),2012,2015,2013,10
img-b222e32a0b046273f3ed,Vauxhall,Astra,Astra Estate (2010),2010,2012,2011,10
img-7510a5a6b7116c06d886,Vauxhall,Astra,Astra Estate (2004),2004,2011,2007,16
img-efd9d35f1be24f1c4cd2,Vauxhall,Astra,Astra Hatchback (2022),2022,,2024,1
img-a9991e2fd108f4fe41d5,Vauxhall,Astra,Astra Hatchback (2019),2019,2021,2020,7
img-4ff02f5a3b021cf9977e,Vauxhall,Astra,Astra Hatchback (2015),2015,2019,2017,10
img-065a10938710d0e05972,Vauxhall,Astra,Astra Hatchback (2011),2011,2015,2013,8
img-e83cc53e0fdfc49dc478,Vauxhall,Astra,Astra Hatchback (2009),2009,2015,2012,12
img-b3bea874651155c7e804,Vauxhall,Astra,Astra Hatchback (2004),2004,2009,2006,18
img-82aef9e75ab7d044a9d5,Vauxhall,Astra Sport Hatch,Astra Sport Hatch (2004),2004,2010,2007,14
img-aaf26fa3d06e25ef0971,Vauxhall,Astra Twin Top,Astra Twin Top (2007),2007,2010,2008,5
img-c09d4687dc0766fb387e,Vauxhall,Astra VXR,Astra VXR (2012),2012,2015,2013,1
img-e9b43070c64795240c11,Vauxhall,Astra VXR,Astra VXR (2005),2005,2009,2007,1
img-4646e9d046a6f20f3459,Vauxhall,Corsa,Corsa 3 Doors (2014),2014,2019,2016,10
img-1de9cd0679a4a590e6e7,Vauxhall,Corsa,Corsa 3 Doors (2006),2006,2014,2010,9
img-bc2b59a7e2575c71380c,Vauxhall,Corsa,Corsa 3 Doors (2001),2001,2006,2003,7
img-23715a565b921d7eb9a2,Vauxhall,Corsa,Corsa 5 Doors (2019),2019,2023,2021,5
img-88b030d6368911e9b04f,Vauxhall,Corsa,Corsa 5 Doors (2014),2014,2019,2016,10
img-dcd09ee1daea95a1d6a8,Vauxhall,Corsa,Corsa 5 Doors (2006),2006,2014,2010,13
img-18ab384066c5eb6d1ec3,Vauxhall,Corsa,Corsa 5 Doors (2001),2001,2006,2003,6
img-5a75d7bdef35a0cbe3c8,Vauxhall,Corsa GSE,Corsa GSE (2026),2026,,2026,1
img-c5cdd4aae0b80f292f14,Vauxhall,Corsa VXR,Corsa VXR (2011),2011,2013,2012,1
img-deeea1abe2b7e4eeb80e,Vauxhall,Crossland X,Crossland X (2017),2017,2018,2017,6
img-ea0458ae2411b5f2e006,Vauxhall,Grandland,Grandland (2024),2024,,2025,3
img-dc0041f1015542c02249,Vauxhall,Grandland,Grandland (2023),2023,,2024,1
img-6b64b8a54a45a3df6ad2,Vauxhall,Grandland,Grandland (2021),2021,2024,2022,4
img-a6de67511df98ac2c55a,Vauxhall,Insignia,Insignia Hatchback (2013),2013,2017,2015,11
img-ce627e3d49a8aa4156bd,Vauxhall,Insignia,Insignia Hatchback (2008),2008,2013,2010,11
img-2cbcc153ba3063a1a39a,Vauxhall,Insignia,Insignia Sedan (2013),2013,2017,2015,3
img-498b3c4a17894ba6d73f,Vauxhall,Insignia,Insignia Sedan (2008),2008,2013,2010,11
img-8855d28b5fc105ed5291,Vauxhall,Insignia Country Tourer,Insignia Country Tourer (2013),2013,2017,2015,5
img-7f005bf362fe23407a86,Vauxhall,Insignia Sports Tourer,Insignia Sports Tourer (2013),2013,2017,2015,11
img-378a2afdd730b4d2a914,Vauxhall,Insignia Sports Tourer,Insignia Sports Tourer (2009),2009,2013,2011,9
img-96edbe65440e278e67a6,Vauxhall,Insignia VXR,Insignia VXR Sedan (2012),2012,2017,2014,2
img-3a1ef7919a772e03364b,Vauxhall,Insignia VXR Sports Tourer,Insignia VXR Sports Tourer (2010),2010,2019,2014,2
img-1f12ecddf9721170d46e,Vauxhall,Meriva,Meriva (2014),2014,2017,2015,8
img-898262a40754a48c766b,Vauxhall,Meriva,Meriva (2010),2010,2014,2012,7
img-80001b605eebae02f02c,Vauxhall,Meriva,Meriva (2003),2003,2010,2006,5
img-983b28e5431964869bd5,Vauxhall,Meriva VXR,Meriva VXR (2003),2003,2009,2006,1
img-23a670c17c374abbefbd,Vauxhall,Mokka,Mokka (2012),2012,2016,2014,5
img-3bebfa933692b0f51b76,Vauxhall,Mokka X,Mokka X (2016),2016,2019,2017,8
img-4f87587118e7990de2a0,Vauxhall,Monaro,Monaro (2001),2001,2007,2004,1
img-1e542f86c63558a8e0db,Vauxhall,Monaro VXR,Monaro VXR (2005),2005,2007,2006,2
img-8e044c652df88973019a,Vauxhall,Signum,Signum (2005),2005,2008,2006,7
img-d9599a35936fffc5c2f8,Vauxhall,Tigra Twin Top,Tigra Twin Top (2004),2004,2009,2006,3
img-35f56c55ab304420cace,Vauxhall,Vectra,Vectra Estate (2005),2005,2008,2006,7
img-05a4783fe47f3dea8f98,Vauxhall,Vectra,Vectra Hatchback (2005),2005,2008,2006,7
img-1e5b4a0636be9a7131de,Vauxhall,Vectra Estate VXR,Vectra Estate VXR (2005),2005,2008,2006,1
img-f49e5eba3961f0c6c85f,Vauxhall,Vectra Saloon,Vectra Saloon (2005),2005,2008,2006,4
img-d5b6bbab2e23f942f887,Vauxhall,Vectra VXR,Vectra VXR (2005),2005,2008,2006,1
img-0e624d4de7d2875fe112,Vauxhall,Viva,Viva (2015),2015,2019,2017,2
img-fb2d743d3ed1b9e01989,Vauxhall,VX 220,VX 220 (2000),2000,2005,2002,1
img-06f4a5b24e0e1c1430b0,Vauxhall,VXR8,VXR8 (2017),2017,2017,2017,2
img-0003b7c0d94fadbfa5cf,Vauxhall,VXR8,VXR8 (2013),2013,2017,2015,2
img-d35f0f9a9f20eaf36ab4,Vauxhall,VXR8,VXR8 (2008),2008,2013,2010,4
img-8c7ccd1ef69e7f4f4fa3,Vauxhall,Zafira,Zafira (2016),2016,2018,2017,5
img-eabac91c48ee8a83a233,Vauxhall,Zafira,Zafira (2011),2011,2016,2013,6
img-0d4aca8821252f9400d7,Vauxhall,Zafira,Zafira (2005),2005,2011,2008,9
img-051064af40e58aef3a34,Vauxhall,Zafira VXR,Zafira VXR (2005),2005,2010,2007,1
img-3147c5d4112d1a0c7098,VinFast,VF 8,VF 8 (2022),2022,,2024,4
img-45d764c2b03b1b9db71b,VinFast,VF 9,VF 9 (2022),2022,,2024,2
img-9034596e7cfec581b863,Volkswagen,Amarok,Amarok (2022),2022,,2024,8
img-2c1819647513dee907f2,Volkswagen,Amarok,Amarok (2016),2016,2020,2018,5
img-29018633d2528e7b1f72,Volkswagen,Amarok,Amarok (2011),2011,2016,2013,6
img-431a7efca9b3819d8d4b,Volkswagen,Amarok,Amarok (2009),2009,2016,2012,10
img-787e0c232b0eacb6410b,Volkswagen,Ameo,Ameo (2016),2016,2020,2018,4
img-cc57ba4de86bd4dc3dbe,Volkswagen,Arteon,Arteon (2022),2022,,2024,1
img-4b9b0846a1d9726f50c7,Volkswagen,Arteon,Arteon (2020),2020,,2023,2
img-666814e423b49fbc850d,Volkswagen,Arteon,Arteon (2017),2017,2020,2018,7
img-1afaef65fa6116233e91,Volkswagen,Arteon Shooting Brake,Arteon Shooting Brake (2020),2020,,2023,2
img-dc5e6946b6baa8a032ee,Volkswagen,Atlas,Atlas (2026),2026,,2026,2
img-b5e5a78ae49554151bc4,Volkswagen,Atlas,Atlas (2023),2023,2026,2024,2
img-7152f98af5b42757efd5,Volkswagen,Atlas,Atlas (2020),2020,2023,2021,3
img-a6eaceedee5c24beb696,Volkswagen,Atlas,Atlas (2017),2017,2019,2018,3
img-b6fcabe358384ab4c471,Volkswagen,Atlas Cross Sport,Atlas Cross Sport (2023),2023,,2024,1
img-6fd62b207adfff6751f1,Volkswagen,Atlas Cross Sport,Atlas Cross Sport (2019),2019,2024,2021,4
img-b780afcfa2f34d11b317,Volkswagen,Beetle,Beetle (2016),2016,2019,2017,10
img-2a5d92ead464650daa3e,Volkswagen,Beetle,Beetle (2013),2013,2014,2013,2
img-6b473174fdc178458242,Volkswagen,Beetle,Beetle (2011),2011,2016,2013,26
img-73ea8a8ee6d1341a2ae6,Volkswagen,Beetle,Beetle (2005),2005,2010,2007,7
img-adad9dfb323342fad901,Volkswagen,Beetle,Beetle (2001),2001,2003,2002,1
img-15f2fce6a065d8e8d8dd,Volkswagen,Beetle,Beetle (1998),1998,2005,2001,9
img-3d2cbfd332412b2bcaf7,Volkswagen,Beetle,Beetle (1945),1945,2003,1974,8
img-caf0c1006e7922594fe8,Volkswagen,Beetle Cabrio,Beetle Cabrio (2016),2016,2019,2017,10
img-e41630e6cb831fbcfd28,Volkswagen,Beetle Cabrio,Beetle Cabrio (2013),2013,2016,2014,17
img-8ae556637e8c9d0b23e9,Volkswagen,Beetle Cabrio,Beetle Cabrio (2005),2005,2010,2007,6
img-89871ffdb5bca4299e84,Volkswagen,Beetle Cabrio,Beetle Cabrio (2003),2003,2005,2004,8
img-adcfd7b035f025779c92,Volkswagen,Caddy,Caddy (2020),2020,2025,2022,3
img-5fbd0e7d4523af0278e0,Volkswagen,Caddy,Caddy (2010),2010,2016,2013,9
img-6e875336cba01e441855,Volkswagen,Caddy,Caddy (2005),2005,2010,2007,8
img-66dd7acecb38398100ad,Volkswagen,CC,CC (2012),2012,2017,2014,15
img-a8320311156350a9880a,Volkswagen,Corrado,Corrado (1989),1989,1995,1992,8
img-7052d792fc281f9a6e66,Volkswagen,Cross UP!,Cross UP! (2016),2016,2019,2017,3
img-749a18c5aea296060505,Volkswagen,Cross UP!,Cross UP! (2013),2013,2016,2014,2
img-00ec65c528d0750d6ddf,Volkswagen,Derby,Derby (1977),1977,1981,1979,2
img-10bfd2fbb91b89bbc4e5,Volkswagen,e-Golf,e-Golf (2016),2016,2021,2018,1
img-35f53c4df9deff00c215,Volkswagen,e-Golf,e-Golf (2014),2014,2016,2015,1
img-617f10e6af888521bb52,Volkswagen,e-UP!,e-UP! (2019),2019,2023,2021,1
img-0a9da74f108f0f00e983,Volkswagen,e-UP!,e-UP! (2013),2013,2019,2016,1
img-6c3681d37e65031f94db,Volkswagen,Eos,Eos (2011),2011,2016,2013,8
img-95bc087b1522c159cfc7,Volkswagen,Eos,Eos (2006),2006,2011,2008,5
img-7079506302dcef80e7b4,Volkswagen,Fox,Fox (2005),2005,2009,2007,3
img-752f37ae46afdcd72e87,Volkswagen,Gol,Gol (2012),2012,2016,2014,3
img-9d85d7e57b77579b9323,Volkswagen,Gol,Gol (2008),2008,2014,2011,2
img-6aa31e7fb26b4fa511fc,Volkswagen,Golf,Golf 5 Doors (2024),2024,,2025,7
img-1a18e0bbab7bc799f380,Volkswagen,Golf,Golf 5 Doors (2019),2019,2024,2021,11
img-ad41d3e98cbd19f84427,Volkswagen,Golf,Golf 5 Doors (2017),2017,2019,2018,12
img-ecc3c34d7b8c211f3447,Volkswagen,Golf,Golf 5 Doors (2012),2012,2017,2014,15
img-0b831230ddfbeeeb1b8a,Volkswagen,Golf,Golf 5 Doors (2010),2010,2014,2012,11
img-60efc19c7bf39bcb66ea,Volkswagen,Golf,Golf 5 Doors (2008),2008,2012,2010,16
img-f46c7be210fc6e1092b8,Volkswagen,Golf,Golf 5 Doors (2007),2007,2010,2008,7
img-1993a4bda1ed30a9a203,Volkswagen,Golf,Golf 5 Doors (2003),2003,2008,2005,13
img-f811a9b3f60f5c390e04,Volkswagen,Golf,Golf 5 Doors (1997),1997,2003,2000,16
img-876deb4326e1d000c4ae,Volkswagen,Golf,Golf 5 Doors (1992),1992,1997,1994,13
img-d423b81d209e9c2d2d62,Volkswagen,Golf,Golf 5 Doors (1983),1983,1992,1987,5
img-f377df9c0b62cbe1e052,Volkswagen,Golf,Golf 5 Doors (1974),1974,1983,1978,4
img-19fcf971717af8886598,Volkswagen,Golf,Golf 3 Doors (2017),2017,2019,2018,12
img-08bfc8e5ee8828aafba9,Volkswagen,Golf,Golf 3 Doors (2012),2012,2017,2014,16
img-639938e67e02de0ba895,Volkswagen,Golf,Golf 3 Doors (2008),2008,2012,2010,16
img-d037a2600aadbbacb514,Volkswagen,Golf,Golf 3 Doors (2003),2003,2008,2005,13
img-f24bfa4dd9ebc1087c65,Volkswagen,Golf,Golf 3 Doors (1997),1997,2003,2000,17
img-d5dc0ed1bfe228c124d7,Volkswagen,Golf,Golf 3 Doors (1991),1991,1997,1994,13
img-8125fb68d30e77907146,Volkswagen,Golf,Golf 3 Doors (1983),1983,1992,1987,8
img-32d9c5c5b72930b8aaf2,Volkswagen,Golf,Golf 3 Doors (1974),1974,1983,1978,4
img-106563581433505d4406,Volkswagen,Golf Alltrack,Golf Alltrack (2020),2020,,2023,1
img-105e1bb4f2aff2958c3a,Volkswagen,Golf Alltrack,Golf Alltrack (2017),2017,2020,2018,4
img-6768f0e586e5c54073de,Volkswagen,Golf Alltrack,Golf Alltrack (2014),2014,2017,2015,4
img-bd7bd5891c71fcb634b4,Volkswagen,Golf Cabrio,Golf Cabrio (2015),2015,2016,2015,8
img-7e8d77af7c1fa1ccb55d,Volkswagen,Golf Cabrio,Golf Cabrio (2011),2011,2015,2013,10
img-cf5825b6d3eeee03c51c,Volkswagen,Golf Cabrio,Golf Cabrio (1998),1998,2002,2000,7
img-c120cc6d182ce1881938,Volkswagen,Golf Cabrio,Golf Cabrio (1993),1993,1998,1995,5
img-40ffc30dbdac4eb4ff85,Volkswagen,Golf GTD Variant,Golf GTD Variant (2015),2015,2021,2018,2
img-1bc0e842991627416309,Volkswagen,Golf GTI / GTD / GTE,Golf GTI / GTD / GTE (2025),2025,,2025,1
img-3f33f2c5a985a069400a,Volkswagen,Golf GTI / GTD / GTE,Golf GTI / GTD / GTE (2024),2024,,2025,2
img-7775ef78cead864e627d,Volkswagen,Golf GTI / GTD / GTE,Golf GTI / GTD / GTE (2020),2020,2024,2022,4
img-e54242e8412403933aed,Volkswagen,Golf GTI / GTD / GTE,Golf GTI / GTD / GTE (2017),2017,2020,2018,6
img-e51b5b7d2dd620932343,Volkswagen,Golf GTI / GTD / GTE,Golf GTI / GTD / GTE (2014),2014,2017,2015,1
img-04cbf3c7912a224b09c5,Volkswagen,Golf GTI / GTD / GTE,Golf GTI / GTD / GTE (2013),2013,2017,2015,6
img-2bb3f209fb4580403248,Volkswagen,Golf GTI / GTD / GTE,Golf GTI / GTD / GTE (2009),2009,2013,2011,2
img-71388a1f423eefa6f54b,Volkswagen,Golf GTI / GTD / GTE,Golf GTI / GTD / GTE (2008),2008,2013,2010,12
img-495e26f4baa4ee2a2097,Volkswagen,Golf GTI / GTD / GTE,Golf GTI / GTD / GTE (2004),2004,2008,2006,3
img-c368c4bfc840f9411b19,Volkswagen,Golf GTI / GTD / GTE,Golf GTI / GTD / GTE (1992),1992,1997,1994,2
img-ed1162b6fe00b467a7a4,Volkswagen,Golf GTI / GTD / GTE,Golf GTI / GTD / GTE (1984),1984,1992,1988,4
img-22f69fbf33296e51a7c3,Volkswagen,Golf GTI / GTD / GTE,Golf GTI / GTD / GTE (1976),1976,1983,1979,4
img-bd1e756702d339bff1a2,Volkswagen,Golf GTI cabrio,Golf GTI cabrio (2012),2012,2015,2013,2
img-4e0766faf2372e389ed0,Volkswagen,Golf Plus,Golf Plus (2008),2008,2013,2010,22
img-facf101a5b1a6def1d38,Volkswagen,Golf Plus,Golf Plus (2005),2005,2008,2006,10
img-31d2c410e5e7e2b9e287,Volkswagen,Golf R,Golf R (2024),2024,,2025,1
img-09b5cc771ef5b5db1a05,Volkswagen,Golf R,Golf R (2021),2021,2024,2022,2
img-2ac9bbb6d39e68784384,Volkswagen,Golf R,Golf R (2017),2017,2021,2019,2
img-33e178f281717c89d8c7,Volkswagen,Golf R,Golf R (2013),2013,2017,2015,4
img-88c7c4716a4cfde514ec,Volkswagen,Golf R,Golf R (2009),2009,2013,2011,5
img-eb257de16c3fb75add9c,Volkswagen,Golf R,Golf R (2005),2005,2008,2006,2
img-71e6f70d6b6c8143519e,Volkswagen,Golf R,Golf R (2002),2002,2004,2003,1
img-ab921b2de7b5a26356f2,Volkswagen,Golf R Cabrio,Golf R Cabrio (2013),2013,2017,2015,1
img-3e2dcd451579f73334c1,Volkswagen,Golf R Variant,Golf R Variant (2024),2024,,2025,1
img-ba97e6bfe65c1201c11b,Volkswagen,Golf R Variant,Golf R Variant (2021),2021,2024,2022,1
img-b582a34f49674305b4c6,Volkswagen,Golf R Variant,Golf R Variant (2017),2017,2021,2019,2
img-c708136149580f98675c,Volkswagen,Golf R Variant,Golf R Variant (2015),2015,2017,2016,1
img-82434fac65cb212c54a3,Volkswagen,Golf Sportsvan,Golf Sportsvan (2017),2017,2020,2018,6
img-0c50e910eaccf3a6edfb,Volkswagen,Golf Sportsvan,Golf Sportsvan (2014),2014,2017,2015,11
img-ceda807edac65ca4fd08,Volkswagen,Golf Variant,Golf Variant (2024),2024,,2025,2
img-d6b31e125842b893bbcc,Volkswagen,Golf Variant,Golf Variant (2020),2020,2024,2022,8
img-9d6ce5beba1d191fd5f4,Volkswagen,Golf Variant,Golf Variant (2017),2017,2020,2018,13
img-2261a742b5a818e87e27,Volkswagen,Golf Variant,Golf Variant (2013),2013,2017,2015,15
img-7b84cec4b4422b95936a,Volkswagen,Golf Variant,Golf Variant (2009),2009,2013,2011,16
img-8e175a6877693f4bc19f,Volkswagen,Golf Variant,Golf Variant (2007),2007,2014,2010,10
img-808d17d3f78f2650e376,Volkswagen,Golf Variant,Golf Variant (1999),1999,2006,2002,11
img-87b87c460641d2d8bbd8,Volkswagen,Golf Variant,Golf Variant (1993),1993,1999,1996,11
img-97f420e6f698eda4ad35,Volkswagen,ID. Buzz,ID. Buzz (2023),2023,,2024,3
img-b054f9e425fcd4e18edb,Volkswagen,ID.3,ID.3 (2026),2026,,2026,2
img-7555ffb39c3ab25b1974,Volkswagen,ID.3,ID.3 (2023),2023,,2024,2
img-314a076b684585221cae,Volkswagen,ID.3,ID.3 (2020),2020,2023,2021,4
img-91fea83461b58e40959e,Volkswagen,ID.3 GTX,ID.3 GTX (2024),2024,,2025,2
img-8cc437edc092bc2793b2,Volkswagen,ID.4,ID.4 (2021),2021,,2023,1
img-d9df10700648a9a06b86,Volkswagen,ID.4,ID.4 (2020),2020,,2023,1
img-e8709bc0f3abb1b731a6,Volkswagen,ID.5,ID.5 (2021),2021,,2023,2
img-b9afe9fc4b02cfcfab57,Volkswagen,ID.5 GTX,ID.5 GTX (2021),2021,,2023,1
img-c742bfa5dd39b76b7869,Volkswagen,ID.7,ID.7 (2023),2023,,2024,3
img-296e2b5a5d65bd5c6c21,Volkswagen,ID.7 GTX,ID.7 GTX (2024),2024,,2025,1
img-436a46c049cd4524f4fe,Volkswagen,ID.7 GTX Tourer,ID.7 GTX Tourer (2024),2024,,2025,1
img-98ead34aeb2fbd12074f,Volkswagen,ID.7 Tourer,ID.7 Tourer (2024),2024,,2025,3
img-6353b75b3719d5a25184,Volkswagen,ID.Polo GTI,ID.Polo GTI (2026),2026,,2026,1
img-59287913d43697708c54,Volkswagen,Jetta / Vento / Bora,Jetta / Vento / Bora (2024),2024,,2025,1
img-17e0317baccfc3ce2c02,Volkswagen,Jetta / Vento / Bora,Jetta / Vento / Bora (2021),2021,2024,2022,2
img-b518a4756141854201f9,Volkswagen,Jetta / Vento / Bora,Jetta / Vento / Bora (2018),2018,2021,2019,3
img-cbf94a5de84840ce6090,Volkswagen,Jetta / Vento / Bora,Jetta / Vento / Bora (2014),2014,2018,2016,9
img-48e52186aa9b70933c3b,Volkswagen,Jetta / Vento / Bora,Jetta / Vento / Bora (2010),2010,2014,2012,17
img-fc75b8438e4055ca7ce2,Volkswagen,Jetta / Vento / Bora,Jetta / Vento / Bora (2008),2008,2013,2010,2
img-7fdd49127e1e17d713c8,Volkswagen,Jetta / Vento / Bora,Jetta / Vento / Bora (2005),2005,2011,2008,9
img-ddf5c13cb8694fd6a111,Volkswagen,Jetta / Vento / Bora,Jetta / Vento / Bora (1999),1999,2004,2001,14
img-d824adeb5067ceaf2274,Volkswagen,Jetta / Vento / Bora,Jetta / Vento / Bora (1998),1998,2005,2001,30
img-ae8be84e66e672be60e2,Volkswagen,Jetta / Vento / Bora,Jetta / Vento / Bora (1992),1992,1998,1995,11
img-16c3c47242daf88bd300,Volkswagen,Jetta GLI,Jetta GLI (2024),2024,,2025,1
img-611a2372d6da98714acf,Volkswagen,Jetta GLI,Jetta GLI (2021),2021,2024,2022,2
img-d3b6bef11dab381eeba0,Volkswagen,Lavida,Lavida (China) (2008),2008,2012,2010,2
img-de3f94320feccd97e1a8,Volkswagen,Lupo,Lupo (2002),2002,2005,2003,1
img-019ccf795b1fd68f0aed,Volkswagen,Lupo,Lupo (1999),1999,2005,2002,1
img-da9b379596df2f61924f,Volkswagen,Lupo,Lupo (1998),1998,2005,2001,7
img-3f7bc6ca7bea49e7fa92,Volkswagen,Multivan,Multivan (2021),2021,,2023,8
img-085de16791dc4bdccdcf,Volkswagen,Multivan,Multivan (2019),2019,2021,2020,12
img-c8db728d920fb48e21e4,Volkswagen,Multivan,Multivan (2015),2015,2019,2017,8
img-de8f021d831c5189fc0d,Volkswagen,Multivan,Multivan (2003),2003,2015,2009,5
img-2e87f8177df7794cd74b,Volkswagen,Nivus,Nivus (2020),2020,,2023,1
img-85fe982fabb5447bd8b1,Volkswagen,Passat,Passat (2019),2019,2022,2020,6
img-9dbccb7a560b94972b8c,Volkswagen,Passat,Passat (2014),2014,2019,2016,17
img-6eb0bae22a133fd56d3c,Volkswagen,Passat,Passat (2012),2012,2019,2015,7
img-7411593afe0169caa86b,Volkswagen,Passat,Passat (2010),2010,2014,2012,5
img-8301b8bbd17aa5d5dd2f,Volkswagen,Passat,Passat (2009),2009,2011,2010,11
img-19fa421a428f36b3c0c8,Volkswagen,Passat,Passat (2005),2005,2010,2007,24
img-518bb5b5d178e38166c4,Volkswagen,Passat,Passat (2000),2000,2005,2002,15
img-1cdc551cc97f4faf26ae,Volkswagen,Passat,Passat (1996),1996,2000,1998,11
img-74c82def12af86c196c7,Volkswagen,Passat,Passat (1993),1993,1996,1994,12
img-cc1d9fe633c4bbbcf44b,Volkswagen,Passat,Passat (1988),1988,1993,1990,12
img-6fc85e2a71f209f0bbb1,Volkswagen,Passat,Passat (1981),1981,1988,1984,9
img-6f0ffded9a3f66b2e141,Volkswagen,Passat,Passat 3 Doors (1973),1973,1981,1977,5
img-c8de463518f61271a6f2,Volkswagen,Passat,Passat Hatchback (1981),1981,1987,1984,10
img-4b9738048d510dfcefc6,Volkswagen,Passat Alltrack,Passat Alltrack (2019),2019,2023,2021,3
img-a4c4906a82b46d261c82,Volkswagen,Passat Alltrack,Passat Alltrack (2015),2015,2019,2017,4
img-7f7eccc35f62f4118da7,Volkswagen,Passat Alltrack,Passat Alltrack (2012),2012,2015,2013,5
img-7bb6fb3e4f02087e89aa,Volkswagen,Passat GTE,Passat GTE (2019),2019,2022,2020,1
img-cd9134c09ce5c82d49d1,Volkswagen,Passat GTE,Passat GTE (2015),2015,2019,2017,1
img-de92747e63fb5c89d92d,Volkswagen,Passat R,Passat R (2008),2008,2010,2009,2
img-5133703ca6f5c0ef6b01,Volkswagen,Passat Variant,Passat Variant (2023),2023,,2024,8
img-2c5b37092f41d9812a38,Volkswagen,Passat Variant,Passat Variant (2019),2019,2023,2021,7
img-cc401feb1f67ef1332b3,Volkswagen,Passat Variant,Passat Variant (2014),2014,2019,2016,17
img-3b9307c4315357f776b6,Volkswagen,Passat Variant,Passat Variant (2010),2010,2014,2012,9
img-a69667218941b3f0c1b4,Volkswagen,Passat Variant,Passat Variant (2005),2005,2010,2007,8
img-04fc2605c098290b1213,Volkswagen,Passat Variant,Passat Variant (2000),2000,2005,2002,16
img-28561fb862ba9379aaad,Volkswagen,Passat Variant,Passat Variant (1997),1997,2000,1998,8
img-ae15819e60c16323dcbf,Volkswagen,Passat Variant,Passat Variant (1993),1993,1997,1995,9
img-3b4f4c75aac16165d260,Volkswagen,Passat Variant,Passat Variant (1988),1988,1993,1990,11
img-c97dec6b72dac02e474f,Volkswagen,Passat Variant,Passat Variant (1981),1981,1988,1984,10
img-c5fcc0cdc22530e22d1d,Volkswagen,Passat Variant,Passat Variant (1974),1974,1981,1977,4
img-65b28a8b7ed3efce53c2,Volkswagen,Passat Variant GTE,Passat Variant GTE (2019),2019,2023,2021,1
img-c8514c52dbc154bc0f27,Volkswagen,Passat Variant GTE,Passat Variant GTE (2015),2015,2019,2017,1
img-8c92dc3e7b1f53f84b67,Volkswagen,Phaeton,Phaeton (2010),2010,2016,2013,4
img-062b45ccd305fe8329b7,Volkswagen,Phaeton,Phaeton (2004),2004,2009,2006,4
img-9dd65475d7f0d116028a,Volkswagen,Phaeton,Phaeton (2002),2002,2009,2005,7
img-8e2d283d1d543ca85b78,Volkswagen,Pointer,Pointer (1994),1994,1996,1995,1
img-ac7fbc2e0e4b93dde7f1,Volkswagen,Polo,Polo 5 Doors (2021),2021,,2023,4
img-9ef8648d61ac8574bda3,Volkswagen,Polo,Polo 5 Doors (2017),2017,2021,2019,8
img-0ea0f3902fb26d5af2e6,Volkswagen,Polo,Polo 5 Doors (2014),2014,2017,2015,11
img-082f97eefa0130d4095e,Volkswagen,Polo,Polo 5 Doors (2010),2010,2017,2013,11
img-5d4353b6189620b1d0d5,Volkswagen,Polo,Polo 5 Doors (2009),2009,2014,2011,18
img-37f22e50706dd9c19ca7,Volkswagen,Polo,Polo 5 Doors (2006),2006,2009,2007,11
img-3b113cbacc05de7059a4,Volkswagen,Polo,Polo 5 Doors (2005),2005,2008,2006,13
img-ce5e612fc77dbfcfacf7,Volkswagen,Polo,Polo 5 Doors (2004),2004,2005,2004,5
img-a97f038d57ffd48a45f4,Volkswagen,Polo,Polo 5 Doors (2001),2001,2005,2003,8
img-7fed92926adf2cb28d57,Volkswagen,Polo,Polo 5 Doors (1999),1999,2001,2000,7
img-37e02a092381587bc8cb,Volkswagen,Polo,Polo 5 Doors (1994),1994,1999,1996,7
img-03255cd2c5ff6fe4fedd,Volkswagen,Polo,Polo 3 Doors (2014),2014,2017,2015,13
img-6015cee95461da49418f,Volkswagen,Polo,Polo 3 Doors (2009),2009,2014,2011,18
img-9e2299c383dac22a6142,Volkswagen,Polo,Polo 3 Doors (2005),2005,2008,2006,12
img-1d2e6ff8f59c954a3689,Volkswagen,Polo,Polo 3 Doors (2001),2001,2005,2003,10
img-aacd6abb553365e3f6c1,Volkswagen,Polo,Polo 3 Doors (1999),1999,2001,2000,7
img-9920e59b962a69e7d981,Volkswagen,Polo,Polo 3 Doors (1994),1994,1999,1996,7
img-cb6ce97dc6c1b1c42960,Volkswagen,Polo,Polo 3 Doors (1990),1990,1994,1992,4
img-7acb3f6e0d5040cfc5c2,Volkswagen,Polo,Polo 3 Doors (1981),1981,1994,1987,5
img-04fb308fa3b43509f0a9,Volkswagen,Polo,Polo 3 Doors (1975),1975,1981,1978,4
img-25332707c6ed4ed87386,Volkswagen,Polo,Polo Coupe (1982),1982,1990,1986,4
img-d64b39f054c208fe8e77,Volkswagen,Polo,Polo Sedan (2010),2010,2022,2016,1
img-02e8fda11c522917ae3c,Volkswagen,Polo,Polo Sedan (1996),1996,1998,1997,5
img-a7d8de37a5d5d9412918,Volkswagen,Polo BlueGT,Polo BlueGT (2013),2013,2019,2016,2
img-cfd0d5811665d1c20ebc,Volkswagen,Polo GTI,Polo GTI (2021),2021,,2023,1
img-908711f0d432f38fdbfa,Volkswagen,Polo GTI,Polo GTI (2017),2017,2021,2019,1
img-bc313fe0ad4770bf90e5,Volkswagen,Polo GTI,Polo GTI (2014),2014,2017,2015,2
img-a946a51672b20ca06ac8,Volkswagen,Polo GTI,Polo GTI (2010),2010,2014,2012,1
img-e14196c6f684acd21576,Volkswagen,Polo GTI,Polo GTI (2005),2005,2008,2006,1
img-7bbd5548baed5e4ff9f0,Volkswagen,Polo Variant,Polo Variant (2000),2000,2001,2000,4
img-3838a9525332f75ffb06,Volkswagen,Polo Variant,Polo Variant (1997),1997,2000,1998,4
img-c2dc90b6f8bc367d7209,Volkswagen,Routan,Routan (2008),2008,2013,2010,3
img-eb97ac077f9263514e0f,Volkswagen,Santana,Santana (1982),1982,1985,1983,6
img-fe084651d3e768371d5b,Volkswagen,Scirocco,Scirocco (2014),2014,2018,2016,9
img-4a8645a2c6d25e016678,Volkswagen,Scirocco,Scirocco (2008),2008,2014,2011,15
img-c14a6e469b61a6aded72,Volkswagen,Scirocco,Scirocco (1981),1981,1991,1986,8
img-adfa7eefeef428b7e0b3,Volkswagen,Scirocco,Scirocco (1977),1977,1981,1979,3
img-90a35fe8d2a0aefc728e,Volkswagen,Scirocco R,Scirocco R (2014),2014,2018,2016,2
img-1c2a3501646c19695ff7,Volkswagen,Scirocco R,Scirocco R (2009),2009,2014,2011,2
img-f210771cb92049d1746d,Volkswagen,Sharan,Sharan (2010),2010,2022,2016,4
img-559a688edcd0daaae9e1,Volkswagen,Sharan,Sharan (2000),2000,2010,2005,7
img-6b4e54038e6ebfcd188d,Volkswagen,Sharan,Sharan (1996),1996,2000,1998,4
img-33f7de6d9587207839e4,Volkswagen,T-Cross,T-Cross (2023),2023,,2024,4
img-c11a069fe71a91fa56df,Volkswagen,T-Cross,T-Cross (2018),2018,2023,2020,6
img-8bf10fb9541fce4ccb54,Volkswagen,T-Roc,T-Roc (2025),2025,,2025,2
img-d0080fa40600c7b122da,Volkswagen,T-Roc,T-Roc (2021),2021,2025,2023,5
img-b5aae695b7bc1ce2cf50,Volkswagen,T-Roc,T-Roc (2017),2017,2021,2019,9
img-928395b864efa3be4c61,Volkswagen,T-Roc,T-Roc Cabriolet (2019),2019,2021,2020,3
img-9523890c2d5b4ffba87a,Volkswagen,T-Roc R,T-Roc R (2019),2019,2021,2020,1
img-37f37ba8a97fde47498f,Volkswagen,Taigo,Taigo (2021),2021,,2023,3
img-25ff9b4626da63d4b57d,Volkswagen,Taos,Taos (2024),2024,,2025,3
img-e30725c49a57c00f0270,Volkswagen,Tayron,Tayron (2025),2025,,2025,7
img-b62f382aa11dc1288c5a,Volkswagen,Tiguan,Tiguan (US) (2021),2021,2023,2022,2
img-722f5a04578b28f6552a,Volkswagen,Tiguan,Tiguan (2023),2023,,2024,8
img-77579d98996a36fb487b,Volkswagen,Tiguan,Tiguan (2020),2020,,2023,3
img-6fc416ff29a966253d04,Volkswagen,Tiguan,Tiguan (2016),2016,2020,2018,10
img-0260e9fcff50c8fc0cad,Volkswagen,Tiguan,Tiguan (2011),2011,2016,2013,21
img-7b8db8b0372f7c36096d,Volkswagen,Tiguan,Tiguan (2008),2008,2011,2009,11
img-1db69cf82b87f32c29c9,Volkswagen,Tiguan Allspace,Tiguan Allspace (2021),2021,,2023,8
img-5bc9dca68432085e0ad3,Volkswagen,Tiguan Allspace,Tiguan Allspace (2017),2017,2020,2018,9
img-435e48e0b4041c77dd96,Volkswagen,Touareg,Touareg (2023),2023,,2024,4
img-e6d52b2574de6af2920b,Volkswagen,Touareg,Touareg (2018),2018,2023,2020,7
img-8348431ac9ebbd409fdb,Volkswagen,Touareg,Touareg (2014),2014,2019,2016,6
img-3092ccf22b897e605877,Volkswagen,Touareg,Touareg (2010),2010,2014,2012,6
img-1c48e3d8a67bd9d2716f,Volkswagen,Touareg,Touareg (2007),2007,2010,2008,5
img-f8cad83a7a5fc32228ec,Volkswagen,Touareg,Touareg (2002),2002,2007,2004,6
img-7965f84185810a6bc62a,Volkswagen,Touareg R,Touareg R (2023),2023,,2024,1
img-c8daa9453d840cdf2c6f,Volkswagen,Touareg R,Touareg R (2020),2020,2023,2021,1
img-5d08431c29d9eb187f95,Volkswagen,Touran,Touran (2015),2015,,2020,9
img-180ee0a38368812c7e8b,Volkswagen,Touran,Touran (2011),2011,2015,2013,9
img-e5f2c14caa6aa539c300,Volkswagen,Touran,Touran (2010),2010,2015,2012,11
img-0593499073c027691399,Volkswagen,Touran,Touran (2007),2007,2010,2008,13
img-420efa17c32088e4f423,Volkswagen,Touran,Touran (2006),2006,2010,2008,8
img-98b4c3e627e363ab2ad5,Volkswagen,Touran,Touran (2003),2003,2006,2004,11
img-8564f48f783090d9000b,Volkswagen,Transporter Kombi,Transporter Kombi (2015),2015,2024,2019,9
img-3ec5b182f098be97ad60,Volkswagen,up!,up! (2016),2016,2023,2019,10
img-50e4fb0590613efdefd7,Volkswagen,up!,up! (2012),2012,2016,2014,15
img-a80cfd189e366a28eec9,Volkswagen,up! GTI,up! GTI (2018),2018,2023,2020,1
img-1e5f62e0b82f91874cb0,Volkswagen,Vento,Vento (2010),2010,2019,2014,3
img-75299bc7db4a3edd107d,Volkswagen,XL1,XL1 (2013),2013,2016,2014,1
img-d01e8d71d17259f47b5d,Volvo,142,142 (1967),1967,1974,1970,3
img-80b285ecac3dc0a3e605,Volvo,144,144 (1966),1966,1974,1970,4
img-54838df2671f9aac8d3c,Volvo,145,145 (1967),1967,1974,1970,4
img-afd8b670d157793709f2,Volvo,244,244 (1975),1975,1990,1982,8
img-67262b08d1f2a4b8fbd9,Volvo,245,245 (1975),1975,1990,1982,8
img-c99cf8b29dd8e80130a4,Volvo,262,262 (1977),1977,1981,1979,2
img-1cefba501ec4d2efe4a0,Volvo,264,264 (1980),1980,1982,1981,2
img-b58687a9b3b882a220f6,Volvo,265,265 (1980),1980,1982,1981,1
img-4d767fe9274aaedfb776,Volvo,343,343 (1976),1976,1982,1979,3
img-3c14074c9159670a4fe2,Volvo,345,345 (1979),1979,1982,1980,3
img-b1fa1c40d39a168b2636,Volvo,440,440 (1993),1993,1996,1994,5
img-b81120c3cc4fe9b42446,Volvo,440,440 (1988),1988,1993,1990,9
img-d0c95e56722c9be63b22,Volvo,460,460 (1993),1993,1996,1994,5
img-818e88f8339aa2a7bc23,Volvo,460,460 (1990),1990,1993,1991,5
img-02240f9142ba22c2de13,Volvo,480,480 (1986),1986,1995,1990,7
img-e411595475582424bb55,Volvo,66,66 (1975),1975,1981,1978,2
img-cb5f5e1b3356918729f6,Volvo,760,760 (1982),1982,1990,1986,10
img-d5e207119659f197b65f,Volvo,760,760 Estate (1985),1985,1990,1987,4
img-a6dea9b00a5be4c6351a,Volvo,780,780 (1986),1986,1990,1988,5
img-50090a9f3f1dc01214be,Volvo,850,850 (1994),1994,1996,1995,2
img-6956beeb9870048026f7,Volvo,850,850 (1992),1992,1997,1994,7
img-c6c0bea9bd9c6ac8298b,Volvo,850,850 Estate (1994),1994,1996,1995,2
img-b932a394b3fa6117799a,Volvo,850,850 Estate (1993),1993,1997,1995,9
img-79421f2f2ba4e7bb9e8f,Volvo,940,940 (1990),1990,1997,1993,17
img-cbd8de5d4cdffc6b6d5e,Volvo,940,940 Estate (1990),1990,1998,1994,17
img-f146d4dd82d08b9d0fad,Volvo,960,960 (1994),1994,1997,1995,3
img-6f899a5e31af89cdf417,Volvo,960,960 (1990),1990,1994,1992,2
img-bb46a9ec120ea5f84275,Volvo,960,960 Estate (1994),1994,1997,1995,3
img-b394430d5249627b0de8,Volvo,C30,C30 (2009),2009,2013,2011,16
img-6c7af5d0199f20143754,Volvo,C30,C30 (2006),2006,2009,2007,16
img-cc982bde17257f4f439e,Volvo,C40,C40 (2022),2022,,2024,1
img-e1ab3ca13075958f13c6,Volvo,C40,C40 (2021),2021,,2023,1
img-5b8d1da35dbc51b8bf74,Volvo,C70,C70 (2005),2005,2013,2009,13
img-30e68ffb45496509a692,Volvo,C70,C70 Convertible (1999),1999,2005,2002,6
img-ea1bf0252b3b2a16cb5d,Volvo,C70,C70 Coupe (1996),1996,2002,1999,5
img-634aacc726dc6fa0d9ae,Volvo,EM90,EM90 (2023),2023,,2024,1
img-b5bd2e902228bd3302ed,Volvo,ES90,ES90 (2025),2025,,2025,3
img-50539655100e0c036553,Volvo,EX30,EX30 (2023),2023,,2024,2
img-f78258147c8e04a20a1d,Volvo,EX30 Cross Country,EX30 Cross Country (2025),2025,,2025,1
img-c12ab1c64def5f4d5091,Volvo,EX60,EX60 (2026),2026,,2026,3
img-7c10fb2c3421bba530f6,Volvo,EX60 Cross Country,EX60 Cross Country (2026),2026,,2026,2
img-e626d3a66b43e1319f0d,Volvo,EX90,EX90 (2022),2022,,2024,3
img-8b2d3f4bdf15516fc773,Volvo,P1800,P1800 (1961),1961,1973,1967,1
img-6e1c7954be591ad3aad6,Volvo,S40,S40 (2007),2007,2012,2009,9
img-fc5f7ce1ce1de2d98a91,Volvo,S40,S40 (2004),2004,2007,2005,9
img-2f6c547e9d3ce1308647,Volvo,S40,S40 (2000),2000,2004,2002,9
img-cf94212eade3c2d2b794,Volvo,S40,S40 (1996),1996,2000,1998,7
img-301e6327e2a6060a77b2,Volvo,S60,S60 (2018),2018,2024,2021,6
img-6cc46c55e1d46010cb08,Volvo,S60,S60 (2013),2013,2018,2015,23
img-7a6b76c0e512073b63bc,Volvo,S60,S60 (2010),2010,2013,2011,22
img-589df1b84fdb8a871536,Volvo,S60,S60 (2008),2008,2010,2009,18
img-0b78c75674c95fffc9f7,Volvo,S60,S60 (2004),2004,2007,2005,8
img-7066c954671eea7389bf,Volvo,S60,S60 (2003),2003,2004,2003,1
img-4ee64f81bb9a874802c9,Volvo,S60,S60 (2000),2000,2004,2002,8
img-4d9826f6c75a7c7cffea,Volvo,S60 Cross Country,S60 Cross Country (2015),2015,2018,2016,6
img-93ddfca41e3770c20621,Volvo,S60 Polestar,S60 Polestar (2017),2017,2018,2017,1
img-51cb1b6e82d58b820a12,Volvo,S60 Polestar,S60 Polestar (2014),2014,2017,2015,1
img-983d0b7566369258f71f,Volvo,S70,S70 (1997),1997,2000,1998,16
img-80081d9d6c45a3f8cbc2,Volvo,S80,S80 (2009),2009,2016,2012,49
img-1bf0ad1be588f43cb9c5,Volvo,S80,S80 (2006),2006,2008,2007,8
img-41974f7635a3f4dda175,Volvo,S80,S80 (2003),2003,2006,2004,7
img-c61726d241caa49ea386,Volvo,S80,S80 (1998),1998,2003,2000,8
img-cff9951f22866c738e75,Volvo,S90,S90 (2019),2019,2025,2022,8
img-decc4ab0c7eb3553b14c,Volvo,S90,S90 (2016),2016,2019,2017,11
img-70769c6f115ba971fe50,Volvo,S90,S90 (1997),1997,1998,1997,2
img-60179c0d60c8185bbf01,Volvo,V40,V40 (2016),2016,2019,2017,11
img-e224e71a4ad61816d198,Volvo,V40,V40 (2012),2012,2016,2014,15
img-6cde20b933b0b8a8706e,Volvo,V40,V40 (2000),2000,2004,2002,9
img-8a313512bbaac802e0df,Volvo,V40,V40 (1996),1996,2000,1998,8
img-896f23245eac930b50d6,Volvo,V40 Cross Country,V40 Cross Country (2016),2016,2019,2017,9
img-27294b715949d3887977,Volvo,V40 Cross Country,V40 Cross Country (2012),2012,2016,2014,16
img-c9e3a8dea145f61397aa,Volvo,V50,V50 (2007),2007,2011,2009,10
img-a2b5664fbba80c09b3a6,Volvo,V50,V50 (2004),2004,2007,2005,11
img-9080ad92dc081e5f13a8,Volvo,V60,V60 (2018),2018,,2022,12
img-aab0a906311a050bc165,Volvo,V60,V60 (2014),2014,2018,2016,26
img-4e585df667cc70e88a67,Volvo,V60,V60 (2010),2010,2013,2011,27
img-514982de1de1dea27136,Volvo,V60 Cross Country,V60 Cross Country (2018),2018,,2022,3
img-bf4131224cbf20759c61,Volvo,V60 Cross Country,V60 Cross Country (2015),2015,2018,2016,7
img-04311405a003b53d5012,Volvo,V60 Polestar,V60 Polestar (2017),2017,2018,2017,1
img-a5f496fb590fa8a691a0,Volvo,V60 Polestar,V60 Polestar (2013),2013,2018,2015,2
img-a8eb1c6db66cc107e3a6,Volvo,V70,V70 (2007),2007,2016,2011,39
img-833f3095c023d2003d22,Volvo,V70,V70 (2004),2004,2007,2005,8
img-f630c68f49fa47ec7ffd,Volvo,V70,V70 (2003),2003,2004,2003,1
img-77939fc201db930cf192,Volvo,V70,V70 (2000),2000,2004,2002,7
img-88d7939cd45bb32015d7,Volvo,V70,V70 (1997),1997,1999,1998,9
img-2e3ed6afc376c9bfc7b0,Volvo,V90,V90 (2019),2019,2025,2022,11
img-9d6a202d68e8d2ddf8ec,Volvo,V90,V90 (2016),2016,2019,2017,10
img-179af9d163970d834fc3,Volvo,V90,V90 (1997),1997,1998,1997,2
img-8489fbb8cf33f2006937,Volvo,V90 Cross Country,V90 Cross Country (2019),2019,2025,2022,5
img-5580bdb041e078806160,Volvo,V90 Cross Country,V90 Cross Country (2016),2016,2019,2017,4
img-12744ea0afa9b7539d5b,Volvo,XC40,XC40 (2022),2022,,2024,2
img-8f92e1ea3ed6934e9215,Volvo,XC40,XC40 (2019),2019,2022,2020,1
img-def724d964f316a0950f,Volvo,XC40,XC40 (2017),2017,2023,2020,8
img-5bdb5402e5ee7a0bf856,Volvo,XC60,XC60 (2025),2025,,2025,3
img-f504a7f080e36ead300f,Volvo,XC60,XC60 (2021),2021,2025,2023,7
img-e35c2c4b01c6eeb4c1b2,Volvo,XC60,XC60 (2017),2017,2021,2019,6
img-30dd253d5535803a9e1a,Volvo,XC60,XC60 (2013),2013,2017,2015,15
img-50e0f222b08ea49e307a,Volvo,XC60,XC60 (2008),2008,2013,2010,22
img-d9ce2c95cf46e3524295,Volvo,XC60 Polestar,XC60 Polestar (2018),2018,2021,2019,1
img-2d1884b0237803127c41,Volvo,XC70,XC70 (2025),2025,,2025,1
img-4ca4e92f28b47043ce40,Volvo,XC70,XC70 (2007),2007,2016,2011,15
img-de315981db658b26ef87,Volvo,XC70,XC70 (2004),2004,2007,2005,6
img-dbca769871e92266566d,Volvo,XC70,XC70 (2000),2000,2004,2002,3
img-5e784995d072d5a20776,Volvo,XC90,XC90 (2024),2024,,2025,2
img-9c4af78009b9df73af4e,Volvo,XC90,XC90 (2019),2019,2024,2021,4
img-28797ef4956988934028,Volvo,XC90,XC90 (2014),2014,2019,2016,8
img-9f1431c81e9141c2f8a3,Volvo,XC90,XC90 (2007),2007,2014,2010,9
img-821dececb4828e4682be,Volvo,XC90,XC90 (2002),2002,2006,2004,7
img-5e6fd36df98f452dcad4,Wiesmann,GT MF4,GT MF4 (2010),2010,2013,2011,1
img-d2879653152ad86ef71f,Wiesmann,GT MF4,GT MF4 (2003),2003,2010,2006,1
img-ab87c5a4d1a39deb9882,Wiesmann,GT MF4-S,GT MF4-S (2010),2010,2014,2012,1
img-b4215d6da900608d6a65,Wiesmann,GT MF5,GT MF5 (2011),2011,,2018,1
img-a8d5cb570b71fb5357be,Wiesmann,GT MF5,GT MF5 (2008),2008,2011,2009,1
img-cfe473347ea4a531a50e,Wiesmann,MF4,MF4 Roadster (2010),2010,2013,2011,1
img-bb03c0cd0b23cacb7f11,Wiesmann,MF4,MF4 Roadster (2009),2009,2010,2009,1
img-028fa97303c5d36db76b,Wiesmann,MF4-S,MF4-S Roadster (2010),2010,2013,2011,2
img-7e3189e95744a31f3ddf,Wiesmann,MF5,MF5 Roadster (2012),2012,,2019,1
img-86411f266bf8ace237f3,Wiesmann,MF5,MF5 Roadster (2009),2009,2010,2009,1
img-ed6e296101749e39c34a,Xiaomi,SU7,SU7 (2024),2024,,2025,1
img-38f31a57800149e64fa1,XPeng,G3,G3 (2021),2021,,2023,2
img-73284c7c9445061cb55f,XPeng,G3,G3 (2018),2018,2021,2019,2
img-fb2a0c560fbb01f58695,XPeng,G6,G6 (2023),2023,,2024,2
img-a26ab93eb6e1616ff60f,XPeng,G9,G9 (2021),2021,,2023,3
img-e36416688062daed1e1d,XPeng,P5,P5 (2021),2021,,2023,4
img-e8e3728c5d7a9d0044cc,XPeng,P7,P7 (2020),2020,,2023,4
img-25c31c57536abe1305e1,Zeekr,001,001 (2025),2025,,2025,3
img-c6fdba25af42981b2262,Zeekr,7GT,7GT (2026),2026,,2026,3
img-5444bfe64c304c85de0a,Zeekr,7X,7X (2024),2024,,2025,3
img-12c24cd587957776ffec,Zeekr,X,X (2023),2023,,2024,3
img-8ffd1673f0addc3fad16,Zenvo,Aurora,Aurora (2023),2023,,2024,2
img-7d5b4d52c392b3b23233,Zenvo,ST1,ST1 (2009),2009,2017,2013,1
img-0171cb85a6c2c35f3e42,Zenvo,TS1,TS1 (2017),2017,2017,2017,1
img-1b2f6b004122e2fdee04,Zenvo,TSR-S,TSR-S (2018),2018,,2022,1
